signal_date,eligible,complete_feature_predictions,numeric_labels,evaluated_pairs,prediction_eligible_pct
2003-01-02 00:00:00,462,450,458,450,97.40259740259741
2003-01-03 00:00:00,461,450,456,449,97.61388286334056
2003-01-06 00:00:00,461,451,457,451,97.83080260303687
2003-01-07 00:00:00,465,452,461,452,97.20430107526882
2003-01-08 00:00:00,469,449,465,449,95.73560767590618
2003-01-09 00:00:00,479,466,474,465,97.28601252609603
2003-01-10 00:00:00,477,467,472,466,97.9035639412998
2003-01-13 00:00:00,485,471,481,471,97.11340206185567
2003-01-14 00:00:00,491,480,487,480,97.75967413441956
2003-01-15 00:00:00,488,470,484,470,96.31147540983606
2003-01-16 00:00:00,492,480,488,480,97.5609756097561
2003-01-17 00:00:00,489,477,485,477,97.54601226993866
2003-01-21 00:00:00,488,476,484,476,97.54098360655738
2003-01-22 00:00:00,483,467,479,467,96.68737060041408
2003-01-23 00:00:00,480,469,476,469,97.70833333333333
2003-01-24 00:00:00,485,473,481,473,97.52577319587628
2003-01-27 00:00:00,485,475,480,474,97.9381443298969
2003-01-28 00:00:00,497,486,493,486,97.78672032193158
2003-01-29 00:00:00,511,488,507,488,95.49902152641879
2003-01-30 00:00:00,508,488,504,488,96.06299212598425
2003-01-31 00:00:00,510,500,506,500,98.03921568627452
2003-02-03 00:00:00,506,493,501,492,97.43083003952569
2003-02-04 00:00:00,504,491,500,491,97.42063492063492
2003-02-05 00:00:00,501,477,497,477,95.20958083832335
2003-02-06 00:00:00,503,482,499,482,95.82504970178927
2003-02-07 00:00:00,497,485,493,485,97.58551307847083
2003-02-10 00:00:00,501,483,497,483,96.40718562874251
2003-02-11 00:00:00,494,483,489,482,97.77327935222672
2003-02-12 00:00:00,494,466,490,466,94.33198380566802
2003-02-13 00:00:00,492,477,488,477,96.95121951219512
2003-02-14 00:00:00,490,476,486,476,97.14285714285714
2003-02-18 00:00:00,492,478,488,478,97.15447154471545
2003-02-19 00:00:00,488,474,483,473,97.1311475409836
2003-02-20 00:00:00,489,479,484,478,97.95501022494888
2003-02-21 00:00:00,487,477,483,477,97.94661190965093
2003-02-24 00:00:00,483,475,479,475,98.34368530020704
2003-02-25 00:00:00,484,477,481,477,98.55371900826447
2003-02-26 00:00:00,478,458,475,458,95.81589958158996
2003-02-27 00:00:00,479,462,476,462,96.45093945720251
2003-02-28 00:00:00,479,472,476,472,98.53862212943632
2003-03-03 00:00:00,474,465,471,465,98.10126582278481
2003-03-04 00:00:00,477,469,474,469,98.32285115303984
2003-03-05 00:00:00,478,460,475,460,96.23430962343096
2003-03-06 00:00:00,475,461,472,461,97.05263157894737
2003-03-07 00:00:00,470,459,467,459,97.65957446808511
2003-03-10 00:00:00,467,456,464,456,97.64453961456103
2003-03-11 00:00:00,468,460,465,460,98.2905982905983
2003-03-12 00:00:00,470,447,467,447,95.1063829787234
2003-03-13 00:00:00,478,466,474,466,97.48953974895397
2003-03-14 00:00:00,479,469,475,469,97.91231732776617
2003-03-17 00:00:00,486,478,482,478,98.35390946502058
2003-03-18 00:00:00,490,479,486,479,97.75510204081633
2003-03-19 00:00:00,490,481,486,481,98.16326530612245
2003-03-20 00:00:00,494,486,490,486,98.38056680161944
2003-03-21 00:00:00,499,494,494,493,98.99799599198397
2003-03-24 00:00:00,497,492,492,491,98.99396378269617
2003-03-25 00:00:00,499,494,494,493,98.99799599198397
2003-03-26 00:00:00,500,491,495,491,98.2
2003-03-27 00:00:00,500,484,495,483,96.8
2003-03-28 00:00:00,502,491,496,489,97.80876494023904
2003-03-31 00:00:00,499,492,495,492,98.59719438877755
2003-04-01 00:00:00,504,497,500,497,98.61111111111111
2003-04-02 00:00:00,510,496,506,496,97.25490196078431
2003-04-03 00:00:00,512,504,508,504,98.4375
2003-04-04 00:00:00,513,506,509,506,98.63547758284601
2003-04-07 00:00:00,520,512,516,512,98.46153846153847
2003-04-08 00:00:00,515,500,510,499,97.0873786407767
2003-04-09 00:00:00,516,502,511,501,97.28682170542636
2003-04-10 00:00:00,517,511,512,510,98.8394584139265
2003-04-11 00:00:00,516,506,510,504,98.06201550387597
2003-04-14 00:00:00,505,497,499,495,98.41584158415841
2003-04-15 00:00:00,501,493,494,490,98.40319361277444
2003-04-16 00:00:00,505,499,500,498,98.81188118811882
2003-04-17 00:00:00,504,497,498,495,98.61111111111111
2003-04-21 00:00:00,495,490,490,489,98.98989898989899
2003-04-22 00:00:00,510,503,505,502,98.62745098039215
2003-04-23 00:00:00,512,503,506,501,98.2421875
2003-04-24 00:00:00,517,509,512,508,98.45261121856866
2003-04-25 00:00:00,518,511,508,505,98.64864864864865
2003-04-28 00:00:00,524,509,520,509,97.13740458015268
2003-04-29 00:00:00,525,512,520,511,97.52380952380952
2003-04-30 00:00:00,525,511,521,511,97.33333333333333
2003-05-01 00:00:00,524,511,520,511,97.51908396946565
2003-05-02 00:00:00,534,525,526,521,98.31460674157303
2003-05-05 00:00:00,538,522,534,522,97.02602230483271
2003-05-06 00:00:00,543,534,539,534,98.34254143646409
2003-05-07 00:00:00,546,531,542,531,97.25274725274726
2003-05-08 00:00:00,554,545,550,545,98.37545126353791
2003-05-09 00:00:00,556,546,552,546,98.20143884892086
2003-05-12 00:00:00,556,543,552,543,97.66187050359713
2003-05-13 00:00:00,557,541,553,541,97.12746858168761
2003-05-14 00:00:00,559,544,555,544,97.31663685152057
2003-05-15 00:00:00,565,553,561,553,97.87610619469027
2003-05-16 00:00:00,566,556,562,556,98.23321554770318
2003-05-19 00:00:00,563,552,559,552,98.0461811722913
2003-05-20 00:00:00,563,556,559,556,98.75666074600355
2003-05-21 00:00:00,558,543,554,543,97.31182795698925
2003-05-22 00:00:00,561,554,557,554,98.75222816399287
2003-05-23 00:00:00,564,556,560,556,98.58156028368795
2003-05-27 00:00:00,577,569,573,569,98.61351819757365
2003-05-28 00:00:00,576,555,572,555,96.35416666666667
2003-05-29 00:00:00,579,558,575,558,96.37305699481865
2003-05-30 00:00:00,587,579,583,579,98.63713798977854
2003-06-02 00:00:00,589,579,585,579,98.30220713073005
2003-06-03 00:00:00,588,581,584,581,98.80952380952381
2003-06-04 00:00:00,598,579,594,579,96.82274247491638
2003-06-05 00:00:00,609,596,605,596,97.86535303776684
2003-06-06 00:00:00,618,599,614,599,96.92556634304208
2003-06-09 00:00:00,612,601,608,601,98.20261437908496
2003-06-10 00:00:00,613,603,608,602,98.36867862969005
2003-06-11 00:00:00,619,591,615,591,95.47657512116317
2003-06-12 00:00:00,623,610,618,609,97.91332263242376
2003-06-13 00:00:00,617,609,612,608,98.7034035656402
2003-06-16 00:00:00,617,610,612,609,98.86547811993518
2003-06-17 00:00:00,622,615,616,613,98.87459807073955
2003-06-18 00:00:00,625,612,620,611,97.92
2003-06-19 00:00:00,622,612,615,609,98.39228295819936
2003-06-20 00:00:00,623,615,616,612,98.71589085072232
2003-06-23 00:00:00,617,608,611,606,98.54132901134521
2003-06-24 00:00:00,618,611,612,609,98.86731391585761
2003-06-25 00:00:00,614,605,608,604,98.53420195439739
2003-06-26 00:00:00,619,599,613,597,96.76898222940225
2003-06-27 00:00:00,615,604,609,602,98.21138211382114
2003-06-30 00:00:00,617,610,613,610,98.86547811993518
2003-07-01 00:00:00,617,604,613,604,97.89303079416531
2003-07-02 00:00:00,624,613,620,613,98.23717948717949
2003-07-03 00:00:00,612,604,608,604,98.69281045751634
2003-07-07 00:00:00,612,604,608,604,98.69281045751634
2003-07-08 00:00:00,618,601,614,601,97.24919093851133
2003-07-09 00:00:00,620,605,616,605,97.58064516129032
2003-07-10 00:00:00,622,614,618,614,98.71382636655949
2003-07-11 00:00:00,622,605,618,605,97.26688102893891
2003-07-14 00:00:00,628,618,624,618,98.40764331210191
2003-07-15 00:00:00,623,614,619,614,98.5553772070626
2003-07-16 00:00:00,618,608,614,608,98.38187702265373
2003-07-17 00:00:00,619,611,615,611,98.70759289176091
2003-07-18 00:00:00,621,615,617,615,99.03381642512078
2003-07-21 00:00:00,615,610,611,610,99.1869918699187
2003-07-22 00:00:00,617,611,613,611,99.02755267423015
2003-07-23 00:00:00,615,607,611,607,98.69918699186992
2003-07-24 00:00:00,616,609,612,609,98.86363636363636
2003-07-25 00:00:00,621,613,617,613,98.71175523349436
2003-07-28 00:00:00,620,613,616,613,98.87096774193549
2003-07-29 00:00:00,613,596,609,596,97.22675367047309
2003-07-30 00:00:00,605,584,601,584,96.52892561983471
2003-07-31 00:00:00,609,598,605,598,98.19376026272577
2003-08-01 00:00:00,618,607,613,606,98.2200647249191
2003-08-04 00:00:00,622,613,617,612,98.55305466237942
2003-08-05 00:00:00,617,607,612,606,98.37925445705024
2003-08-06 00:00:00,619,601,613,599,97.09208400646203
2003-08-07 00:00:00,616,603,611,602,97.8896103896104
2003-08-08 00:00:00,612,604,606,602,98.69281045751634
2003-08-11 00:00:00,608,594,603,593,97.69736842105263
2003-08-12 00:00:00,603,595,597,593,98.67330016583747
2003-08-13 00:00:00,600,578,594,576,96.33333333333333
2003-08-14 00:00:00,597,587,591,585,98.3249581239531
2003-08-15 00:00:00,586,576,580,574,98.29351535836177
2003-08-18 00:00:00,582,567,577,566,97.42268041237114
2003-08-19 00:00:00,579,570,575,570,98.44559585492227
2003-08-20 00:00:00,573,557,569,557,97.20767888307155
2003-08-21 00:00:00,575,561,571,561,97.56521739130434
2003-08-22 00:00:00,575,565,571,565,98.26086956521739
2003-08-25 00:00:00,573,564,569,564,98.42931937172774
2003-08-26 00:00:00,566,556,562,556,98.23321554770318
2003-08-27 00:00:00,564,540,560,540,95.74468085106383
2003-08-28 00:00:00,562,546,558,546,97.15302491103203
2003-08-29 00:00:00,557,544,552,543,97.66606822262119
2003-09-02 00:00:00,558,546,554,546,97.84946236559139
2003-09-03 00:00:00,556,537,552,537,96.58273381294964
2003-09-04 00:00:00,557,547,553,547,98.20466786355476
2003-09-05 00:00:00,563,553,559,553,98.22380106571936
2003-09-08 00:00:00,567,543,562,542,95.76719576719577
2003-09-09 00:00:00,576,566,572,566,98.26388888888889
2003-09-10 00:00:00,585,566,581,566,96.75213675213675
2003-09-11 00:00:00,582,562,578,562,96.56357388316151
2003-09-12 00:00:00,580,571,576,571,98.44827586206897
2003-09-15 00:00:00,586,576,581,575,98.29351535836177
2003-09-16 00:00:00,587,579,582,578,98.63713798977854
2003-09-17 00:00:00,591,579,587,579,97.96954314720813
2003-09-18 00:00:00,592,581,587,580,98.14189189189189
2003-09-19 00:00:00,593,581,589,581,97.97639123102867
2003-09-22 00:00:00,590,582,586,582,98.64406779661017
2003-09-23 00:00:00,598,589,594,589,98.49498327759197
2003-09-24 00:00:00,601,588,597,588,97.8369384359401
2003-09-25 00:00:00,608,599,604,599,98.51973684210526
2003-09-26 00:00:00,606,586,602,586,96.6996699669967
2003-09-29 00:00:00,614,599,610,599,97.55700325732899
2003-09-30 00:00:00,613,603,608,602,98.36867862969005
2003-10-01 00:00:00,615,601,610,600,97.72357723577235
2003-10-02 00:00:00,604,591,599,590,97.8476821192053
2003-10-03 00:00:00,609,601,604,600,98.68637110016421
2003-10-06 00:00:00,612,604,606,602,98.69281045751634
2003-10-07 00:00:00,614,605,608,603,98.53420195439739
2003-10-08 00:00:00,614,591,610,591,96.25407166123779
2003-10-09 00:00:00,617,608,613,608,98.54132901134521
2003-10-10 00:00:00,615,596,611,596,96.91056910569105
2003-10-13 00:00:00,614,606,609,605,98.6970684039088
2003-10-14 00:00:00,619,609,615,609,98.38449111470113
2003-10-15 00:00:00,622,608,618,608,97.7491961414791
2003-10-16 00:00:00,624,610,620,610,97.75641025641026
2003-10-17 00:00:00,617,606,613,606,98.21717990275526
2003-10-20 00:00:00,623,612,619,612,98.23434991974318
2003-10-21 00:00:00,623,613,619,613,98.3948635634029
2003-10-22 00:00:00,624,610,620,610,97.75641025641026
2003-10-23 00:00:00,618,607,614,607,98.2200647249191
2003-10-24 00:00:00,615,606,611,606,98.53658536585365
2003-10-27 00:00:00,620,611,616,611,98.54838709677419
2003-10-28 00:00:00,619,609,614,608,98.38449111470113
2003-10-29 00:00:00,622,595,617,594,95.65916398713826
2003-10-30 00:00:00,634,612,629,611,96.52996845425868
2003-10-31 00:00:00,629,618,624,617,98.25119236883943
2003-11-03 00:00:00,635,621,630,620,97.79527559055119
2003-11-04 00:00:00,637,625,633,625,98.11616954474097
2003-11-05 00:00:00,636,611,631,610,96.06918238993711
2003-11-06 00:00:00,634,614,629,613,96.84542586750788
2003-11-07 00:00:00,633,612,628,611,96.6824644549763
2003-11-10 00:00:00,646,633,641,632,97.9876160990712
2003-11-11 00:00:00,647,637,642,636,98.45440494590417
2003-11-12 00:00:00,647,619,642,618,95.67233384853168
2003-11-13 00:00:00,640,628,635,627,98.125
2003-11-14 00:00:00,639,625,635,625,97.80907668231612
2003-11-17 00:00:00,636,625,632,625,98.27044025157232
2003-11-18 00:00:00,633,619,629,619,97.78830963665087
2003-11-19 00:00:00,628,612,624,612,97.45222929936305
2003-11-20 00:00:00,626,614,621,613,98.08306709265176
2003-11-21 00:00:00,626,612,622,612,97.76357827476038
2003-11-24 00:00:00,631,620,627,620,98.25673534072901
2003-11-25 00:00:00,626,607,622,607,96.96485623003196
2003-11-26 00:00:00,622,593,618,593,95.33762057877813
2003-11-28 00:00:00,608,597,604,597,98.1907894736842
2003-12-01 00:00:00,609,598,605,598,98.19376026272577
2003-12-02 00:00:00,607,598,603,598,98.51729818780889
2003-12-03 00:00:00,610,588,606,588,96.39344262295081
2003-12-04 00:00:00,612,598,608,598,97.7124183006536
2003-12-05 00:00:00,615,604,611,604,98.21138211382114
2003-12-08 00:00:00,610,592,606,592,97.04918032786885
2003-12-09 00:00:00,610,602,606,602,98.68852459016394
2003-12-10 00:00:00,615,591,611,591,96.09756097560975
2003-12-11 00:00:00,618,598,613,597,96.76375404530744
2003-12-12 00:00:00,615,604,610,603,98.21138211382114
2003-12-15 00:00:00,612,604,606,602,98.69281045751634
2003-12-16 00:00:00,619,609,613,607,98.38449111470113
2003-12-17 00:00:00,619,606,613,604,97.89983844911147
2003-12-18 00:00:00,622,609,616,607,97.90996784565917
2003-12-19 00:00:00,627,616,622,615,98.24561403508773
2003-12-22 00:00:00,624,615,619,614,98.5576923076923
2003-12-23 00:00:00,617,606,613,606,98.21717990275526
2003-12-24 00:00:00,608,601,604,601,98.84868421052632
2003-12-26 00:00:00,598,591,594,591,98.82943143812709
2003-12-29 00:00:00,605,580,601,580,95.86776859504133
2003-12-30 00:00:00,599,579,595,579,96.661101836394
2003-12-31 00:00:00,591,583,587,583,98.64636209813875
2004-01-02 00:00:00,594,583,590,583,98.14814814814815
2004-01-05 00:00:00,600,588,596,588,98.0
2004-01-06 00:00:00,610,599,606,599,98.19672131147541
2004-01-07 00:00:00,611,594,607,594,97.2176759410802
2004-01-08 00:00:00,619,607,615,607,98.06138933764136
2004-01-09 00:00:00,622,614,618,614,98.71382636655949
2004-01-12 00:00:00,621,611,616,610,98.38969404186795
2004-01-13 00:00:00,627,612,620,609,97.60765550239235
2004-01-14 00:00:00,629,612,622,609,97.29729729729729
2004-01-15 00:00:00,630,621,624,619,98.57142857142857
2004-01-16 00:00:00,634,627,627,624,98.89589905362776
2004-01-20 00:00:00,646,637,643,634,98.60681114551083
2004-01-21 00:00:00,646,636,643,634,98.45201238390094
2004-01-22 00:00:00,649,640,647,639,98.61325115562404
2004-01-23 00:00:00,655,648,653,647,98.93129770992367
2004-01-26 00:00:00,678,672,675,670,99.11504424778761
2004-01-27 00:00:00,696,689,694,688,98.99425287356321
2004-01-28 00:00:00,697,675,693,672,96.84361549497848
2004-01-29 00:00:00,707,688,704,686,97.31258840169731
2004-01-30 00:00:00,720,712,719,712,98.88888888888889
2004-02-02 00:00:00,725,713,722,711,98.34482758620689
2004-02-03 00:00:00,727,719,724,717,98.89958734525447
2004-02-04 00:00:00,720,701,716,698,97.36111111111111
2004-02-05 00:00:00,725,714,723,713,98.48275862068965
2004-02-06 00:00:00,728,713,725,711,97.93956043956044
2004-02-09 00:00:00,722,703,718,700,97.36842105263158
2004-02-10 00:00:00,725,711,720,707,98.06896551724138
2004-02-11 00:00:00,728,698,725,696,95.87912087912088
2004-02-12 00:00:00,727,713,725,712,98.07427785419533
2004-02-13 00:00:00,720,706,717,704,98.05555555555556
2004-02-17 00:00:00,720,711,719,711,98.75
2004-02-18 00:00:00,722,701,720,700,97.09141274238227
2004-02-19 00:00:00,714,700,712,699,98.03921568627452
2004-02-20 00:00:00,707,698,705,697,98.72701555869872
2004-02-23 00:00:00,707,695,704,693,98.3026874115983
2004-02-24 00:00:00,707,698,705,697,98.72701555869872
2004-02-25 00:00:00,698,673,696,672,96.41833810888252
2004-02-26 00:00:00,696,668,695,667,95.97701149425288
2004-02-27 00:00:00,696,689,695,688,98.99425287356321
2004-03-01 00:00:00,691,681,691,681,98.55282199710564
2004-03-02 00:00:00,693,683,693,683,98.55699855699855
2004-03-03 00:00:00,691,671,691,671,97.10564399421129
2004-03-04 00:00:00,691,681,691,681,98.55282199710564
2004-03-05 00:00:00,688,680,688,680,98.83720930232558
2004-03-08 00:00:00,682,664,682,664,97.36070381231671
2004-03-09 00:00:00,687,676,687,676,98.39883551673945
2004-03-10 00:00:00,687,672,687,672,97.81659388646288
2004-03-11 00:00:00,683,658,683,658,96.33967789165446
2004-03-12 00:00:00,685,677,685,677,98.83211678832117
2004-03-15 00:00:00,679,672,679,672,98.96907216494846
2004-03-16 00:00:00,666,657,666,657,98.64864864864865
2004-03-17 00:00:00,669,658,668,657,98.35575485799701
2004-03-18 00:00:00,666,657,665,656,98.64864864864865
2004-03-19 00:00:00,669,662,668,661,98.95366218236174
2004-03-22 00:00:00,669,663,668,662,99.10313901345292
2004-03-23 00:00:00,666,661,665,660,99.24924924924925
2004-03-24 00:00:00,663,656,661,654,98.94419306184012
2004-03-25 00:00:00,664,659,661,656,99.24698795180723
2004-03-26 00:00:00,659,654,656,651,99.2412746585736
2004-03-29 00:00:00,659,637,656,634,96.66160849772382
2004-03-30 00:00:00,657,643,654,640,97.86910197869102
2004-03-31 00:00:00,656,646,653,643,98.47560975609755
2004-04-01 00:00:00,664,659,662,657,99.24698795180723
2004-04-02 00:00:00,671,666,671,666,99.2548435171386
2004-04-05 00:00:00,670,666,670,666,99.40298507462687
2004-04-06 00:00:00,678,660,678,660,97.34513274336283
2004-04-07 00:00:00,674,665,674,665,98.66468842729971
2004-04-08 00:00:00,671,668,670,667,99.55290611028316
2004-04-12 00:00:00,666,660,665,659,99.09909909909909
2004-04-13 00:00:00,664,655,663,654,98.644578313253
2004-04-14 00:00:00,662,652,661,651,98.48942598187311
2004-04-15 00:00:00,665,662,663,660,99.54887218045113
2004-04-16 00:00:00,666,662,664,660,99.3993993993994
2004-04-19 00:00:00,665,662,664,661,99.54887218045113
2004-04-20 00:00:00,668,665,667,664,99.55089820359281
2004-04-21 00:00:00,676,670,674,668,99.11242603550296
2004-04-22 00:00:00,682,674,680,672,98.82697947214076
2004-04-23 00:00:00,684,680,682,678,99.41520467836257
2004-04-26 00:00:00,689,685,687,683,99.41944847605225
2004-04-27 00:00:00,691,688,689,686,99.56584659913169
2004-04-28 00:00:00,695,680,693,678,97.84172661870504
2004-04-29 00:00:00,694,678,693,677,97.69452449567723
2004-04-30 00:00:00,691,687,691,687,99.42112879884226
2004-05-03 00:00:00,693,688,693,688,99.27849927849928
2004-05-04 00:00:00,695,690,695,690,99.28057553956835
2004-05-05 00:00:00,705,688,705,688,97.58865248226951
2004-05-06 00:00:00,706,688,706,688,97.45042492917847
2004-05-07 00:00:00,706,703,706,703,99.57507082152975
2004-05-10 00:00:00,714,702,714,702,98.31932773109244
2004-05-11 00:00:00,717,707,717,707,98.60529986052998
2004-05-12 00:00:00,716,695,716,695,97.06703910614524
2004-05-13 00:00:00,713,702,713,702,98.45722300140253
2004-05-14 00:00:00,707,701,707,701,99.15134370579915
2004-05-17 00:00:00,701,693,701,693,98.85877318116975
2004-05-18 00:00:00,703,694,703,694,98.71977240398293
2004-05-19 00:00:00,702,689,702,689,98.14814814814815
2004-05-20 00:00:00,693,688,693,688,99.27849927849928
2004-05-21 00:00:00,689,682,688,681,98.98403483309144
2004-05-24 00:00:00,690,684,690,684,99.1304347826087
2004-05-25 00:00:00,699,695,699,695,99.4277539341917
2004-05-26 00:00:00,690,670,690,670,97.10144927536231
2004-05-27 00:00:00,687,659,687,659,95.92430858806405
2004-05-28 00:00:00,685,678,684,677,98.97810218978103
2004-06-01 00:00:00,682,675,681,674,98.97360703812316
2004-06-02 00:00:00,678,658,677,657,97.05014749262537
2004-06-03 00:00:00,667,662,666,661,99.2503748125937
2004-06-04 00:00:00,667,661,666,660,99.10044977511244
2004-06-07 00:00:00,661,652,661,652,98.63842662632375
2004-06-08 00:00:00,657,638,657,638,97.10806697108067
2004-06-09 00:00:00,645,629,645,629,97.51937984496124
2004-06-10 00:00:00,644,635,644,635,98.6024844720497
2004-06-14 00:00:00,640,625,640,625,97.65625
2004-06-15 00:00:00,642,636,642,636,99.06542056074767
2004-06-16 00:00:00,640,633,640,633,98.90625
2004-06-17 00:00:00,645,639,645,639,99.06976744186046
2004-06-18 00:00:00,642,637,642,637,99.22118380062305
2004-06-21 00:00:00,642,636,642,636,99.06542056074767
2004-06-22 00:00:00,648,640,647,639,98.76543209876543
2004-06-23 00:00:00,654,646,652,644,98.77675840978593
2004-06-24 00:00:00,654,649,652,647,99.2354740061162
2004-06-25 00:00:00,673,666,670,663,98.95988112927192
2004-06-28 00:00:00,663,643,662,642,96.98340874811463
2004-06-29 00:00:00,673,659,672,658,97.91976225854383
2004-06-30 00:00:00,677,666,676,665,98.3751846381093
2004-07-01 00:00:00,685,674,685,674,98.39416058394161
2004-07-02 00:00:00,682,672,682,672,98.53372434017595
2004-07-06 00:00:00,679,673,679,673,99.11634756995582
2004-07-07 00:00:00,681,664,681,664,97.50367107195301
2004-07-08 00:00:00,679,669,678,668,98.52724594992637
2004-07-09 00:00:00,672,666,672,666,99.10714285714286
2004-07-12 00:00:00,670,661,670,661,98.65671641791045
2004-07-13 00:00:00,666,655,666,655,98.34834834834835
2004-07-14 00:00:00,668,655,668,655,98.05389221556887
2004-07-15 00:00:00,672,667,672,667,99.25595238095238
2004-07-16 00:00:00,675,668,675,668,98.96296296296296
2004-07-19 00:00:00,673,668,673,668,99.25705794947994
2004-07-20 00:00:00,677,670,677,670,98.96602658788774
2004-07-21 00:00:00,684,675,684,675,98.6842105263158
2004-07-22 00:00:00,687,678,686,677,98.68995633187772
2004-07-23 00:00:00,682,676,681,675,99.12023460410558
2004-07-26 00:00:00,666,661,664,659,99.24924924924925
2004-07-27 00:00:00,676,672,674,670,99.40828402366864
2004-07-28 00:00:00,674,653,672,651,96.88427299703264
2004-07-29 00:00:00,677,661,675,659,97.63663220088627
2004-07-30 00:00:00,672,666,671,665,99.10714285714286
2004-08-02 00:00:00,677,669,676,668,98.81831610044313
2004-08-03 00:00:00,679,673,679,673,99.11634756995582
2004-08-04 00:00:00,675,656,675,656,97.18518518518519
2004-08-05 00:00:00,674,662,674,662,98.21958456973294
2004-08-06 00:00:00,675,662,675,662,98.07407407407408
2004-08-09 00:00:00,674,661,674,661,98.07121661721068
2004-08-10 00:00:00,676,666,676,666,98.52071005917159
2004-08-11 00:00:00,671,642,671,642,95.67809239940388
2004-08-12 00:00:00,670,655,670,655,97.76119402985074
2004-08-13 00:00:00,663,653,663,653,98.49170437405732
2004-08-16 00:00:00,664,648,664,648,97.59036144578313
2004-08-17 00:00:00,665,656,665,656,98.64661654135338
2004-08-18 00:00:00,657,635,656,634,96.65144596651446
2004-08-19 00:00:00,649,639,649,639,98.45916795069337
2004-08-20 00:00:00,648,643,647,642,99.22839506172839
2004-08-23 00:00:00,642,629,641,628,97.97507788161994
2004-08-24 00:00:00,634,625,633,624,98.58044164037855
2004-08-25 00:00:00,625,608,624,607,97.28
2004-08-26 00:00:00,618,609,617,608,98.54368932038835
2004-08-27 00:00:00,607,589,606,588,97.0345963756178
2004-08-30 00:00:00,595,575,595,575,96.63865546218487
2004-08-31 00:00:00,587,576,586,575,98.12606473594549
2004-09-01 00:00:00,587,569,587,569,96.9335604770017
2004-09-02 00:00:00,582,577,582,577,99.14089347079037
2004-09-03 00:00:00,566,561,566,561,99.11660777385158
2004-09-07 00:00:00,565,556,565,556,98.40707964601769
2004-09-08 00:00:00,565,539,565,539,95.39823008849558
2004-09-09 00:00:00,574,569,574,569,99.12891986062718
2004-09-10 00:00:00,575,570,575,570,99.1304347826087
2004-09-13 00:00:00,577,560,577,560,97.05372616984403
2004-09-14 00:00:00,586,581,586,581,99.1467576791809
2004-09-15 00:00:00,585,581,585,581,99.31623931623932
2004-09-16 00:00:00,579,572,579,572,98.79101899827289
2004-09-17 00:00:00,580,575,580,575,99.13793103448276
2004-09-20 00:00:00,578,574,578,574,99.30795847750865
2004-09-21 00:00:00,583,578,583,578,99.14236706689537
2004-09-22 00:00:00,588,577,588,577,98.12925170068027
2004-09-23 00:00:00,593,585,591,583,98.65092748735245
2004-09-24 00:00:00,598,591,596,589,98.82943143812709
2004-09-27 00:00:00,604,597,602,595,98.84105960264901
2004-09-28 00:00:00,614,594,612,592,96.74267100977198
2004-09-29 00:00:00,620,605,618,603,97.58064516129032
2004-09-30 00:00:00,627,619,625,617,98.72408293460926
2004-10-01 00:00:00,636,631,636,631,99.21383647798743
2004-10-04 00:00:00,647,640,647,640,98.91808346213293
2004-10-05 00:00:00,653,646,653,646,98.92802450229709
2004-10-06 00:00:00,651,628,651,628,96.46697388632873
2004-10-07 00:00:00,648,640,648,640,98.76543209876543
2004-10-08 00:00:00,653,648,653,648,99.23430321592649
2004-10-11 00:00:00,653,650,653,650,99.5405819295559
2004-10-12 00:00:00,651,650,651,650,99.84639016897081
2004-10-13 00:00:00,649,635,649,635,97.84283513097073
2004-10-14 00:00:00,658,655,658,655,99.54407294832826
2004-10-15 00:00:00,655,653,655,653,99.69465648854961
2004-10-18 00:00:00,668,665,668,665,99.55089820359281
2004-10-19 00:00:00,671,669,670,668,99.70193740685544
2004-10-20 00:00:00,674,668,673,667,99.10979228486647
2004-10-21 00:00:00,689,681,688,680,98.8388969521045
2004-10-22 00:00:00,689,687,686,684,99.70972423802613
2004-10-25 00:00:00,689,686,687,684,99.56458635703919
2004-10-26 00:00:00,691,689,689,687,99.71056439942113
2004-10-27 00:00:00,699,687,698,686,98.28326180257511
2004-10-28 00:00:00,700,681,699,680,97.28571428571429
2004-10-29 00:00:00,696,691,695,690,99.2816091954023
2004-11-01 00:00:00,697,693,697,693,99.4261119081779
2004-11-02 00:00:00,698,696,698,696,99.7134670487106
2004-11-03 00:00:00,708,687,708,687,97.03389830508475
2004-11-04 00:00:00,718,712,718,712,99.16434540389972
2004-11-05 00:00:00,720,715,719,714,99.30555555555556
2004-11-08 00:00:00,728,705,727,704,96.84065934065934
2004-11-09 00:00:00,733,710,732,709,96.86221009549796
2004-11-10 00:00:00,732,712,731,711,97.26775956284153
2004-11-11 00:00:00,733,731,732,730,99.72714870395635
2004-11-12 00:00:00,741,733,741,733,98.92037786774628
2004-11-15 00:00:00,743,733,743,733,98.65410497981158
2004-11-16 00:00:00,738,729,738,729,98.78048780487805
2004-11-17 00:00:00,743,723,743,723,97.30820995962316
2004-11-18 00:00:00,745,736,745,736,98.79194630872483
2004-11-19 00:00:00,742,737,742,737,99.32614555256065
2004-11-22 00:00:00,742,730,740,728,98.38274932614556
2004-11-23 00:00:00,736,723,734,721,98.2336956521739
2004-11-24 00:00:00,730,721,727,718,98.76712328767124
2004-11-26 00:00:00,715,700,712,697,97.9020979020979
2004-11-29 00:00:00,716,685,713,682,95.67039106145252
2004-11-30 00:00:00,718,712,716,710,99.16434540389972
2004-12-01 00:00:00,718,694,717,693,96.65738161559888
2004-12-02 00:00:00,718,710,718,710,98.8857938718663
2004-12-03 00:00:00,718,707,718,707,98.46796657381616
2004-12-06 00:00:00,709,692,709,692,97.60225669957687
2004-12-07 00:00:00,713,702,713,702,98.45722300140253
2004-12-08 00:00:00,704,672,703,671,95.45454545454545
2004-12-09 00:00:00,713,697,713,697,97.75596072931276
2004-12-10 00:00:00,711,704,711,704,99.0154711673699
2004-12-13 00:00:00,703,682,703,682,97.01280227596017
2004-12-14 00:00:00,705,696,705,696,98.72340425531915
2004-12-15 00:00:00,708,695,708,695,98.1638418079096
2004-12-16 00:00:00,708,692,708,692,97.74011299435028
2004-12-17 00:00:00,715,706,715,706,98.74125874125875
2004-12-20 00:00:00,711,700,711,700,98.45288326300985
2004-12-21 00:00:00,711,699,711,699,98.31223628691983
2004-12-22 00:00:00,708,696,708,696,98.30508474576271
2004-12-23 00:00:00,703,693,703,693,98.57752489331436
2004-12-27 00:00:00,709,702,709,702,99.01269393511988
2004-12-28 00:00:00,708,699,708,699,98.72881355932203
2004-12-29 00:00:00,699,673,699,673,96.28040057224607
2004-12-30 00:00:00,682,667,682,667,97.80058651026393
2004-12-31 00:00:00,672,663,672,663,98.66071428571429
2005-01-03 00:00:00,676,665,676,665,98.37278106508876
2005-01-04 00:00:00,677,667,677,667,98.52289512555392
2005-01-05 00:00:00,681,664,681,664,97.50367107195301
2005-01-06 00:00:00,682,666,682,666,97.65395894428153
2005-01-07 00:00:00,683,671,682,670,98.24304538799414
2005-01-10 00:00:00,685,671,685,671,97.95620437956204
2005-01-11 00:00:00,687,674,687,674,98.10771470160117
2005-01-12 00:00:00,686,662,686,662,96.50145772594752
2005-01-13 00:00:00,689,680,689,680,98.69375907111757
2005-01-14 00:00:00,689,681,689,681,98.8388969521045
2005-01-18 00:00:00,684,674,684,674,98.53801169590643
2005-01-19 00:00:00,692,681,692,681,98.41040462427746
2005-01-20 00:00:00,686,676,686,676,98.54227405247813
2005-01-21 00:00:00,690,682,689,681,98.84057971014492
2005-01-24 00:00:00,697,688,695,686,98.70875179340028
2005-01-25 00:00:00,702,695,699,692,99.002849002849
2005-01-26 00:00:00,711,698,709,696,98.17158931082982
2005-01-27 00:00:00,729,711,727,709,97.53086419753086
2005-01-28 00:00:00,738,720,736,718,97.5609756097561
2005-01-31 00:00:00,750,742,750,742,98.93333333333334
2005-02-01 00:00:00,747,736,747,736,98.52744310575636
2005-02-02 00:00:00,750,730,750,730,97.33333333333333
2005-02-03 00:00:00,748,728,748,728,97.32620320855615
2005-02-04 00:00:00,753,739,753,739,98.14077025232403
2005-02-07 00:00:00,750,735,750,735,98.0
2005-02-08 00:00:00,752,729,752,729,96.94148936170212
2005-02-09 00:00:00,750,728,750,728,97.06666666666666
2005-02-10 00:00:00,752,735,752,735,97.73936170212765
2005-02-11 00:00:00,752,732,752,732,97.34042553191489
2005-02-14 00:00:00,753,739,753,739,98.14077025232403
2005-02-15 00:00:00,757,747,757,747,98.67899603698811
2005-02-16 00:00:00,763,735,763,735,96.3302752293578
2005-02-17 00:00:00,768,754,768,754,98.17708333333333
2005-02-18 00:00:00,762,755,762,755,99.08136482939632
2005-02-22 00:00:00,760,749,759,748,98.55263157894737
2005-02-23 00:00:00,759,739,758,738,97.36495388669302
2005-02-24 00:00:00,756,733,755,732,96.95767195767196
2005-02-25 00:00:00,756,725,755,724,95.8994708994709
2005-02-28 00:00:00,764,754,763,753,98.69109947643979
2005-03-01 00:00:00,764,752,763,751,98.42931937172774
2005-03-02 00:00:00,760,738,760,738,97.10526315789474
2005-03-03 00:00:00,754,747,754,747,99.07161803713528
2005-03-04 00:00:00,759,752,758,751,99.07773386034256
2005-03-07 00:00:00,753,740,752,739,98.27357237715803
2005-03-08 00:00:00,757,734,756,733,96.96169088507266
2005-03-09 00:00:00,761,739,760,738,97.10906701708278
2005-03-10 00:00:00,765,754,764,753,98.56209150326798
2005-03-11 00:00:00,762,737,761,736,96.71916010498688
2005-03-14 00:00:00,762,753,761,752,98.81889763779527
2005-03-15 00:00:00,759,755,758,754,99.47299077733861
2005-03-16 00:00:00,753,743,752,742,98.67197875166002
2005-03-17 00:00:00,751,742,749,740,98.80159786950732
2005-03-18 00:00:00,761,756,759,754,99.34296977660972
2005-03-21 00:00:00,767,762,765,760,99.34810951760105
2005-03-22 00:00:00,768,753,767,752,98.046875
2005-03-23 00:00:00,769,760,768,759,98.8296488946684
2005-03-24 00:00:00,764,757,763,756,99.08376963350786
2005-03-28 00:00:00,762,757,762,757,99.34383202099738
2005-03-29 00:00:00,762,732,762,732,96.06299212598425
2005-03-30 00:00:00,768,746,768,746,97.13541666666667
2005-03-31 00:00:00,763,754,762,753,98.82044560943643
2005-04-01 00:00:00,760,754,759,753,99.21052631578948
2005-04-04 00:00:00,758,749,757,748,98.81266490765171
2005-04-05 00:00:00,761,752,760,751,98.8173455978975
2005-04-06 00:00:00,764,750,763,749,98.16753926701571
2005-04-07 00:00:00,762,750,761,749,98.4251968503937
2005-04-08 00:00:00,759,752,758,751,99.07773386034256
2005-04-11 00:00:00,750,742,749,741,98.93333333333334
2005-04-12 00:00:00,751,742,750,741,98.80159786950732
2005-04-13 00:00:00,750,731,749,730,97.46666666666667
2005-04-14 00:00:00,757,751,756,750,99.20739762219287
2005-04-15 00:00:00,757,751,756,750,99.20739762219287
2005-04-18 00:00:00,746,739,746,739,99.06166219839142
2005-04-19 00:00:00,756,752,756,752,99.47089947089947
2005-04-20 00:00:00,753,747,753,747,99.20318725099601
2005-04-21 00:00:00,758,753,758,753,99.34036939313984
2005-04-22 00:00:00,759,753,759,753,99.2094861660079
2005-04-25 00:00:00,764,759,763,758,99.3455497382199
2005-04-26 00:00:00,755,751,755,751,99.47019867549669
2005-04-27 00:00:00,757,743,757,743,98.15059445178335
2005-04-28 00:00:00,752,730,752,730,97.07446808510639
2005-04-29 00:00:00,758,754,757,753,99.47229551451187
2005-05-02 00:00:00,758,755,758,755,99.6042216358839
2005-05-03 00:00:00,769,766,769,766,99.60988296488947
2005-05-04 00:00:00,771,756,771,756,98.05447470817121
2005-05-05 00:00:00,770,757,770,757,98.31168831168831
2005-05-06 00:00:00,773,764,773,764,98.83570504527813
2005-05-09 00:00:00,770,761,769,760,98.83116883116882
2005-05-10 00:00:00,767,760,766,759,99.08735332464146
2005-05-11 00:00:00,763,738,761,736,96.72346002621232
2005-05-12 00:00:00,762,749,760,747,98.29396325459318
2005-05-13 00:00:00,759,751,757,749,98.9459815546772
2005-05-16 00:00:00,763,755,761,753,98.95150720838794
2005-05-17 00:00:00,760,754,758,752,99.21052631578948
2005-05-18 00:00:00,765,746,764,745,97.51633986928104
2005-05-19 00:00:00,760,752,759,751,98.94736842105263
2005-05-20 00:00:00,758,754,757,753,99.47229551451187
2005-05-23 00:00:00,762,755,761,754,99.08136482939632
2005-05-24 00:00:00,759,752,758,751,99.07773386034256
2005-05-25 00:00:00,753,740,753,740,98.27357237715803
2005-05-26 00:00:00,749,737,749,737,98.39786381842457
2005-05-27 00:00:00,739,707,739,707,95.66982408660351
2005-05-31 00:00:00,735,731,735,731,99.45578231292517
2005-06-01 00:00:00,739,721,739,721,97.56427604871448
2005-06-02 00:00:00,733,725,733,725,98.90859481582538
2005-06-03 00:00:00,719,712,719,712,99.02642559109874
2005-06-06 00:00:00,715,703,714,702,98.32167832167832
2005-06-07 00:00:00,724,711,723,710,98.20441988950276
2005-06-08 00:00:00,716,686,714,684,95.81005586592178
2005-06-09 00:00:00,718,712,716,710,99.16434540389972
2005-06-10 00:00:00,715,711,713,709,99.44055944055944
2005-06-13 00:00:00,710,691,618,599,97.32394366197182
2005-06-14 00:00:00,714,707,713,706,99.01960784313725
2005-06-15 00:00:00,707,702,589,584,99.29278642149929
2005-06-16 00:00:00,704,697,704,697,99.00568181818181
2005-06-17 00:00:00,710,707,710,707,99.5774647887324
2005-06-20 00:00:00,715,713,619,617,99.72027972027972
2005-06-21 00:00:00,713,615,712,614,86.25525946704067
2005-06-22 00:00:00,713,706,591,586,99.01823281907433
2005-06-23 00:00:00,719,596,717,594,82.89290681502086
2005-06-24 00:00:00,739,736,735,732,99.59404600811908
2005-06-27 00:00:00,745,743,743,741,99.73154362416108
2005-06-28 00:00:00,744,723,742,721,97.1774193548387
2005-06-29 00:00:00,748,731,746,729,97.72727272727273
2005-06-30 00:00:00,750,743,749,742,99.06666666666666
2005-07-01 00:00:00,745,738,743,736,99.06040268456375
2005-07-05 00:00:00,748,742,748,742,99.19786096256685
2005-07-06 00:00:00,747,735,747,735,98.39357429718875
2005-07-07 00:00:00,745,736,745,736,98.79194630872483
2005-07-08 00:00:00,752,748,752,748,99.46808510638297
2005-07-11 00:00:00,762,756,762,756,99.21259842519684
2005-07-12 00:00:00,765,760,764,759,99.34640522875817
2005-07-13 00:00:00,768,748,766,746,97.39583333333333
2005-07-14 00:00:00,770,765,768,763,99.35064935064935
2005-07-15 00:00:00,770,765,768,763,99.35064935064935
2005-07-18 00:00:00,759,756,757,754,99.60474308300395
2005-07-19 00:00:00,760,756,758,754,99.47368421052632
2005-07-20 00:00:00,762,754,761,753,98.9501312335958
2005-07-21 00:00:00,770,762,769,761,98.96103896103897
2005-07-22 00:00:00,767,759,765,757,98.95697522816167
2005-07-25 00:00:00,750,745,748,743,99.33333333333333
2005-07-26 00:00:00,755,750,753,748,99.33774834437087
2005-07-27 00:00:00,762,743,758,739,97.50656167979002
2005-07-28 00:00:00,769,748,766,746,97.26918075422627
2005-07-29 00:00:00,774,765,772,763,98.83720930232558
2005-08-01 00:00:00,785,779,783,777,99.23566878980891
2005-08-02 00:00:00,788,781,786,779,99.11167512690355
2005-08-03 00:00:00,795,772,792,769,97.10691823899371
2005-08-04 00:00:00,791,774,788,771,97.85082174462705
2005-08-05 00:00:00,789,777,785,773,98.47908745247149
2005-08-08 00:00:00,785,767,783,765,97.70700636942675
2005-08-09 00:00:00,785,772,782,769,98.34394904458598
2005-08-10 00:00:00,786,756,783,753,96.18320610687023
2005-08-11 00:00:00,784,760,780,756,96.93877551020408
2005-08-12 00:00:00,786,776,783,773,98.72773536895674
2005-08-15 00:00:00,780,763,778,761,97.82051282051282
2005-08-16 00:00:00,781,771,780,770,98.71959026888604
2005-08-17 00:00:00,769,742,768,741,96.4889466840052
2005-08-18 00:00:00,760,746,759,745,98.15789473684211
2005-08-19 00:00:00,752,739,752,739,98.27127659574468
2005-08-22 00:00:00,751,743,750,742,98.93475366178428
2005-08-23 00:00:00,745,727,743,725,97.58389261744966
2005-08-24 00:00:00,743,727,741,725,97.84656796769852
2005-08-25 00:00:00,732,718,730,717,98.08743169398907
2005-08-26 00:00:00,726,714,724,712,98.34710743801652
2005-08-29 00:00:00,720,703,717,700,97.63888888888889
2005-08-30 00:00:00,715,678,713,676,94.82517482517483
2005-08-31 00:00:00,719,698,717,696,97.07927677329624
2005-09-01 00:00:00,724,714,723,713,98.61878453038673
2005-09-02 00:00:00,714,694,713,693,97.19887955182072
2005-09-06 00:00:00,718,706,718,706,98.32869080779945
2005-09-07 00:00:00,723,691,722,690,95.57399723374827
2005-09-08 00:00:00,728,709,728,709,97.39010989010988
2005-09-09 00:00:00,734,722,734,722,98.36512261580381
2005-09-12 00:00:00,732,717,732,717,97.95081967213115
2005-09-13 00:00:00,729,701,728,700,96.15912208504801
2005-09-14 00:00:00,729,711,728,710,97.53086419753086
2005-09-15 00:00:00,728,712,727,711,97.8021978021978
2005-09-16 00:00:00,746,732,745,731,98.12332439678285
2005-09-19 00:00:00,740,731,740,731,98.78378378378379
2005-09-20 00:00:00,752,743,752,743,98.80319148936171
2005-09-21 00:00:00,757,741,757,741,97.88639365918098
2005-09-22 00:00:00,761,748,761,748,98.29172141918528
2005-09-23 00:00:00,765,755,762,752,98.69281045751634
2005-09-26 00:00:00,770,760,767,757,98.7012987012987
2005-09-27 00:00:00,776,765,773,762,98.58247422680412
2005-09-28 00:00:00,777,745,774,742,95.88159588159589
2005-09-29 00:00:00,777,760,774,757,97.81209781209782
2005-09-30 00:00:00,778,768,776,766,98.7146529562982
2005-10-03 00:00:00,783,772,783,772,98.59514687100894
2005-10-04 00:00:00,781,770,781,770,98.59154929577464
2005-10-05 00:00:00,785,758,785,758,96.56050955414013
2005-10-06 00:00:00,787,776,786,775,98.60228716645489
2005-10-07 00:00:00,789,777,789,777,98.47908745247149
2005-10-10 00:00:00,788,778,786,777,98.73096446700508
2005-10-11 00:00:00,788,775,786,774,98.3502538071066
2005-10-12 00:00:00,787,762,785,761,96.82337992376112
2005-10-13 00:00:00,789,775,787,774,98.2256020278834
2005-10-14 00:00:00,776,768,773,765,98.96907216494846
2005-10-17 00:00:00,779,770,779,770,98.84467265725289
2005-10-18 00:00:00,772,761,772,761,98.57512953367876
2005-10-19 00:00:00,781,770,781,770,98.59154929577464
2005-10-20 00:00:00,770,757,770,757,98.31168831168831
2005-10-21 00:00:00,782,772,781,771,98.72122762148338
2005-10-24 00:00:00,783,770,783,770,98.33971902937421
2005-10-25 00:00:00,792,780,792,780,98.48484848484848
2005-10-26 00:00:00,797,782,797,782,98.11794228356337
2005-10-27 00:00:00,794,770,794,770,96.97732997481108
2005-10-28 00:00:00,803,776,803,776,96.63760896637609
2005-10-31 00:00:00,806,793,806,793,98.38709677419355
2005-11-01 00:00:00,809,796,809,796,98.39307787391841
2005-11-02 00:00:00,819,799,819,799,97.55799755799755
2005-11-03 00:00:00,822,800,822,800,97.32360097323601
2005-11-04 00:00:00,828,816,828,816,98.55072463768116
2005-11-07 00:00:00,823,804,823,804,97.6913730255164
2005-11-08 00:00:00,819,780,819,780,95.23809523809524
2005-11-09 00:00:00,818,801,817,800,97.92176039119805
2005-11-10 00:00:00,820,795,819,794,96.95121951219512
2005-11-11 00:00:00,814,806,812,804,99.01719901719902
2005-11-14 00:00:00,815,796,813,794,97.66871165644172
2005-11-15 00:00:00,807,790,805,788,97.89343246592317
2005-11-16 00:00:00,802,774,800,772,96.50872817955113
2005-11-17 00:00:00,796,783,795,782,98.36683417085428
2005-11-18 00:00:00,802,788,801,787,98.25436408977556
2005-11-21 00:00:00,795,782,795,782,98.36477987421384
2005-11-22 00:00:00,797,779,797,779,97.74153074027603
2005-11-23 00:00:00,793,777,793,777,97.98234552332913
2005-11-25 00:00:00,775,765,774,764,98.70967741935483
2005-11-28 00:00:00,765,748,764,747,97.77777777777777
2005-11-29 00:00:00,768,730,766,728,95.05208333333333
2005-11-30 00:00:00,768,748,767,747,97.39583333333333
2005-12-01 00:00:00,769,758,768,757,98.56957087126138
2005-12-02 00:00:00,764,757,763,756,99.08376963350786
2005-12-05 00:00:00,766,751,766,751,98.04177545691905
2005-12-06 00:00:00,764,755,764,755,98.82198952879581
2005-12-07 00:00:00,759,728,759,728,95.91567852437417
2005-12-08 00:00:00,757,742,757,742,98.01849405548217
2005-12-09 00:00:00,765,753,764,752,98.43137254901961
2005-12-12 00:00:00,765,752,765,752,98.30065359477125
2005-12-13 00:00:00,766,740,764,738,96.60574412532637
2005-12-14 00:00:00,766,746,764,744,97.38903394255874
2005-12-15 00:00:00,768,755,766,753,98.30729166666667
2005-12-16 00:00:00,777,764,775,762,98.32689832689833
2005-12-19 00:00:00,776,768,774,766,98.96907216494846
2005-12-20 00:00:00,772,759,769,756,98.3160621761658
2005-12-21 00:00:00,766,754,765,753,98.43342036553524
2005-12-22 00:00:00,766,754,762,750,98.43342036553524
2005-12-23 00:00:00,768,759,764,755,98.828125
2005-12-27 00:00:00,761,750,757,746,98.5545335085414
2005-12-28 00:00:00,757,721,753,717,95.2443857331572
2005-12-29 00:00:00,740,725,736,721,97.97297297297297
2005-12-30 00:00:00,728,721,725,718,99.03846153846153
2006-01-03 00:00:00,742,733,740,731,98.78706199460916
2006-01-04 00:00:00,749,732,748,731,97.73030707610147
2006-01-05 00:00:00,752,743,751,742,98.80319148936171
2006-01-06 00:00:00,752,738,751,737,98.13829787234043
2006-01-09 00:00:00,756,746,756,746,98.67724867724868
2006-01-10 00:00:00,765,752,765,752,98.30065359477125
2006-01-11 00:00:00,774,752,774,752,97.1576227390181
2006-01-12 00:00:00,775,763,775,763,98.45161290322581
2006-01-13 00:00:00,767,758,767,758,98.82659713168188
2006-01-17 00:00:00,764,755,764,755,98.82198952879581
2006-01-18 00:00:00,755,743,754,742,98.41059602649007
2006-01-19 00:00:00,765,754,764,753,98.56209150326798
2006-01-20 00:00:00,772,764,771,763,98.96373056994818
2006-01-23 00:00:00,778,772,776,770,99.22879177377892
2006-01-24 00:00:00,791,784,789,782,99.11504424778761
2006-01-25 00:00:00,811,797,809,795,98.27373612823675
2006-01-26 00:00:00,832,823,831,822,98.91826923076923
2006-01-27 00:00:00,846,833,845,832,98.46335697399527
2006-01-30 00:00:00,863,846,861,844,98.03012746234067
2006-01-31 00:00:00,875,866,872,863,98.97142857142858
2006-02-01 00:00:00,871,853,870,852,97.93340987370838
2006-02-02 00:00:00,868,853,868,853,98.27188940092167
2006-02-03 00:00:00,870,857,870,857,98.50574712643679
2006-02-06 00:00:00,877,863,877,863,98.4036488027366
2006-02-07 00:00:00,867,851,867,851,98.15455594002307
2006-02-08 00:00:00,868,844,868,844,97.23502304147465
2006-02-09 00:00:00,873,857,873,857,98.16723940435281
2006-02-10 00:00:00,872,859,872,859,98.5091743119266
2006-02-13 00:00:00,879,854,879,854,97.15585893060296
2006-02-14 00:00:00,879,867,878,866,98.63481228668942
2006-02-15 00:00:00,884,851,884,851,96.26696832579185
2006-02-16 00:00:00,880,872,880,872,99.0909090909091
2006-02-17 00:00:00,880,872,880,872,99.0909090909091
2006-02-21 00:00:00,878,872,878,872,99.31662870159454
2006-02-22 00:00:00,873,854,873,854,97.82359679266895
2006-02-23 00:00:00,876,862,874,860,98.40182648401826
2006-02-24 00:00:00,862,846,859,843,98.14385150812065
2006-02-27 00:00:00,860,824,857,821,95.81395348837209
2006-02-28 00:00:00,863,853,860,850,98.84125144843568
2006-03-01 00:00:00,866,844,865,843,97.459584295612
2006-03-02 00:00:00,862,848,862,848,98.37587006960557
2006-03-03 00:00:00,855,840,855,840,98.24561403508773
2006-03-06 00:00:00,850,836,849,835,98.3529411764706
2006-03-07 00:00:00,852,836,852,836,98.12206572769954
2006-03-08 00:00:00,851,813,851,813,95.53466509988249
2006-03-09 00:00:00,848,831,848,831,97.99528301886792
2006-03-10 00:00:00,842,831,842,831,98.6935866983373
2006-03-13 00:00:00,845,810,845,810,95.85798816568047
2006-03-14 00:00:00,851,841,851,841,98.82491186839013
2006-03-15 00:00:00,855,834,853,832,97.54385964912281
2006-03-16 00:00:00,857,842,856,841,98.24970828471412
2006-03-17 00:00:00,858,848,857,847,98.83449883449883
2006-03-20 00:00:00,860,850,859,849,98.83720930232558
2006-03-21 00:00:00,864,853,863,852,98.72685185185185
2006-03-22 00:00:00,857,842,855,840,98.24970828471412
2006-03-23 00:00:00,858,848,857,847,98.83449883449883
2006-03-24 00:00:00,853,843,849,839,98.82766705744432
2006-03-27 00:00:00,854,843,850,839,98.711943793911
2006-03-28 00:00:00,848,836,844,832,98.58490566037736
2006-03-29 00:00:00,859,822,854,817,95.69266589057042
2006-03-30 00:00:00,858,842,853,837,98.13519813519814
2006-03-31 00:00:00,861,852,856,847,98.95470383275261
2006-04-03 00:00:00,859,848,859,848,98.71944121071013
2006-04-04 00:00:00,856,846,855,845,98.83177570093459
2006-04-05 00:00:00,855,834,854,833,97.54385964912281
2006-04-06 00:00:00,853,838,852,837,98.24150058616647
2006-04-07 00:00:00,858,850,857,849,99.06759906759906
2006-04-10 00:00:00,856,845,855,844,98.71495327102804
2006-04-11 00:00:00,852,829,852,829,97.30046948356808
2006-04-12 00:00:00,849,840,849,840,98.93992932862191
2006-04-13 00:00:00,843,834,841,832,98.932384341637
2006-04-17 00:00:00,838,830,836,828,99.0453460620525
2006-04-18 00:00:00,848,839,846,837,98.93867924528301
2006-04-19 00:00:00,855,843,852,840,98.59649122807018
2006-04-20 00:00:00,850,837,848,835,98.47058823529412
2006-04-21 00:00:00,856,847,855,846,98.94859813084112
2006-04-24 00:00:00,856,845,856,845,98.71495327102804
2006-04-25 00:00:00,871,860,871,860,98.73708381171068
2006-04-26 00:00:00,881,860,881,860,97.61634506242906
2006-04-27 00:00:00,889,865,889,865,97.30033745781778
2006-04-28 00:00:00,895,879,894,878,98.2122905027933
2006-05-01 00:00:00,902,889,901,888,98.55875831485588
2006-05-02 00:00:00,899,883,897,881,98.2202447163515
2006-05-03 00:00:00,908,883,906,881,97.2466960352423
2006-05-04 00:00:00,911,891,909,889,97.8046103183315
2006-05-05 00:00:00,917,903,915,901,98.47328244274809
2006-05-08 00:00:00,919,895,918,894,97.38846572361263
2006-05-09 00:00:00,919,905,918,904,98.4766050054407
2006-05-10 00:00:00,923,893,922,892,96.74972914409534
2006-05-11 00:00:00,928,896,927,895,96.55172413793103
2006-05-12 00:00:00,929,916,927,914,98.60064585575888
2006-05-15 00:00:00,939,919,937,918,97.87007454739084
2006-05-16 00:00:00,935,917,932,914,98.07486631016043
2006-05-17 00:00:00,928,896,927,895,96.55172413793103
2006-05-18 00:00:00,927,914,925,912,98.59762675296656
2006-05-19 00:00:00,924,913,923,912,98.80952380952381
2006-05-22 00:00:00,936,925,936,925,98.82478632478633
2006-05-23 00:00:00,933,915,933,915,98.07073954983923
2006-05-24 00:00:00,927,907,926,906,97.84250269687163
2006-05-25 00:00:00,926,907,924,905,97.94816414686825
2006-05-26 00:00:00,912,890,911,889,97.58771929824562
2006-05-30 00:00:00,902,866,901,865,96.0088691796009
2006-05-31 00:00:00,917,894,915,892,97.4918211559433
2006-06-01 00:00:00,920,898,918,896,97.6086956521739
2006-06-02 00:00:00,912,898,912,898,98.46491228070175
2006-06-05 00:00:00,918,902,918,902,98.25708061002179
2006-06-06 00:00:00,920,906,920,906,98.47826086956522
2006-06-07 00:00:00,913,876,913,876,95.947426067908
2006-06-08 00:00:00,920,897,919,896,97.5
2006-06-09 00:00:00,915,903,914,902,98.68852459016394
2006-06-12 00:00:00,903,885,903,885,98.00664451827242
2006-06-13 00:00:00,902,864,902,864,95.78713968957871
2006-06-14 00:00:00,907,884,907,884,97.46416758544653
2006-06-15 00:00:00,906,888,906,888,98.01324503311258
2006-06-16 00:00:00,913,900,913,900,98.57612267250822
2006-06-19 00:00:00,905,893,905,893,98.67403314917127
2006-06-20 00:00:00,896,881,895,880,98.32589285714286
2006-06-21 00:00:00,893,876,892,875,98.0963045912654
2006-06-22 00:00:00,887,873,886,872,98.4216459977452
2006-06-23 00:00:00,884,872,882,870,98.64253393665159
2006-06-26 00:00:00,890,877,887,874,98.53932584269663
2006-06-27 00:00:00,890,878,888,876,98.65168539325843
2006-06-28 00:00:00,874,840,873,839,96.10983981693364
2006-06-29 00:00:00,884,868,883,867,98.19004524886878
2006-06-30 00:00:00,907,896,907,896,98.787210584344
2006-07-03 00:00:00,898,884,898,884,98.44097995545657
2006-07-05 00:00:00,896,872,895,871,97.32142857142857
2006-07-06 00:00:00,886,868,885,867,97.96839729119638
2006-07-07 00:00:00,873,863,872,862,98.85452462772051
2006-07-10 00:00:00,871,859,869,857,98.62227324913891
2006-07-11 00:00:00,878,868,877,867,98.86104783599089
2006-07-12 00:00:00,867,843,865,841,97.2318339100346
2006-07-13 00:00:00,857,846,856,845,98.71645274212369
2006-07-14 00:00:00,853,844,852,843,98.94490035169989
2006-07-17 00:00:00,842,832,842,832,98.812351543943
2006-07-18 00:00:00,852,841,852,841,98.70892018779342
2006-07-19 00:00:00,861,848,861,848,98.49012775842044
2006-07-20 00:00:00,857,844,857,844,98.4830805134189
2006-07-21 00:00:00,862,851,862,851,98.72389791183295
2006-07-24 00:00:00,866,854,865,853,98.61431870669746
2006-07-25 00:00:00,875,864,874,863,98.74285714285715
2006-07-26 00:00:00,889,876,888,875,98.5376827896513
2006-07-27 00:00:00,883,862,882,861,97.62174405436014
2006-07-28 00:00:00,889,869,888,868,97.75028121484814
2006-07-31 00:00:00,861,847,861,847,98.3739837398374
2006-08-01 00:00:00,869,860,869,860,98.96432681242808
2006-08-02 00:00:00,876,853,876,853,97.37442922374429
2006-08-03 00:00:00,889,872,889,872,98.08773903262092
2006-08-04 00:00:00,892,881,892,881,98.76681614349776
2006-08-07 00:00:00,891,877,891,877,98.4287317620651
2006-08-08 00:00:00,891,871,891,871,97.75533108866442
2006-08-09 00:00:00,891,869,891,869,97.53086419753086
2006-08-10 00:00:00,890,877,889,876,98.53932584269663
2006-08-11 00:00:00,883,856,883,856,96.94224235560588
2006-08-14 00:00:00,883,871,883,871,98.64099660249151
2006-08-15 00:00:00,884,872,884,872,98.64253393665159
2006-08-16 00:00:00,879,852,879,852,96.9283276450512
2006-08-17 00:00:00,873,860,873,860,98.51088201603666
2006-08-18 00:00:00,867,863,867,863,99.53863898500576
2006-08-21 00:00:00,860,853,860,853,99.18604651162791
2006-08-22 00:00:00,848,843,848,843,99.41037735849056
2006-08-23 00:00:00,833,816,832,815,97.95918367346938
2006-08-24 00:00:00,822,811,822,811,98.661800486618
2006-08-25 00:00:00,812,804,812,804,99.01477832512315
2006-08-28 00:00:00,809,804,807,802,99.38195302843016
2006-08-29 00:00:00,813,793,812,792,97.539975399754
2006-08-30 00:00:00,801,760,800,759,94.88139825218477
2006-08-31 00:00:00,795,784,794,783,98.61635220125787
2006-09-01 00:00:00,783,776,782,775,99.10600255427842
2006-09-05 00:00:00,788,776,788,776,98.4771573604061
2006-09-06 00:00:00,782,755,782,755,96.54731457800511
2006-09-07 00:00:00,775,759,775,759,97.93548387096774
2006-09-08 00:00:00,776,768,776,768,98.96907216494846
2006-09-11 00:00:00,781,767,781,767,98.20742637644047
2006-09-12 00:00:00,794,784,794,784,98.74055415617129
2006-09-13 00:00:00,804,767,804,767,95.39800995024876
2006-09-14 00:00:00,803,788,803,788,98.13200498132005
2006-09-15 00:00:00,812,804,811,803,99.01477832512315
2006-09-18 00:00:00,815,806,815,806,98.8957055214724
2006-09-19 00:00:00,822,813,822,813,98.9051094890511
2006-09-20 00:00:00,828,810,828,810,97.82608695652173
2006-09-21 00:00:00,833,824,833,824,98.91956782713085
2006-09-22 00:00:00,833,825,830,822,99.03961584633853
2006-09-25 00:00:00,848,839,845,836,98.93867924528301
2006-09-26 00:00:00,856,842,853,839,98.3644859813084
2006-09-27 00:00:00,861,830,858,827,96.39953542392567
2006-09-28 00:00:00,857,843,854,840,98.36639439906651
2006-09-29 00:00:00,861,851,860,850,98.83855981416957
2006-10-02 00:00:00,863,847,863,847,98.1460023174971
2006-10-03 00:00:00,865,853,865,853,98.61271676300578
2006-10-04 00:00:00,865,842,865,842,97.34104046242774
2006-10-05 00:00:00,876,856,874,854,97.71689497716895
2006-10-06 00:00:00,878,867,877,866,98.74715261958998
2006-10-09 00:00:00,880,871,879,870,98.97727272727273
2006-10-10 00:00:00,872,860,871,859,98.62385321100918
2006-10-11 00:00:00,870,852,869,851,97.93103448275862
2006-10-12 00:00:00,872,864,871,863,99.08256880733946
2006-10-13 00:00:00,861,852,861,852,98.95470383275261
2006-10-16 00:00:00,866,857,866,857,98.96073903002309
2006-10-17 00:00:00,867,858,866,857,98.96193771626298
2006-10-18 00:00:00,862,849,861,848,98.49187935034803
2006-10-19 00:00:00,866,853,865,852,98.49884526558891
2006-10-20 00:00:00,870,860,868,858,98.85057471264368
2006-10-23 00:00:00,867,856,866,855,98.73125720876585
2006-10-24 00:00:00,874,865,873,864,98.97025171624713
2006-10-25 00:00:00,879,866,878,865,98.52104664391354
2006-10-26 00:00:00,884,873,881,871,98.75565610859728
2006-10-27 00:00:00,885,867,883,865,97.96610169491525
2006-10-30 00:00:00,895,873,893,871,97.54189944134079
2006-10-31 00:00:00,894,883,892,881,98.76957494407159
2006-11-01 00:00:00,897,877,896,876,97.77034559643255
2006-11-02 00:00:00,902,883,899,881,97.89356984478935
2006-11-03 00:00:00,902,884,898,881,98.00443458980044
2006-11-06 00:00:00,913,889,911,888,97.37130339539978
2006-11-07 00:00:00,921,904,919,903,98.1541802388708
2006-11-08 00:00:00,917,886,915,885,96.61941112322792
2006-11-09 00:00:00,917,896,914,894,97.70992366412214
2006-11-10 00:00:00,912,900,910,898,98.6842105263158
2006-11-13 00:00:00,911,883,909,881,96.9264544456641
2006-11-14 00:00:00,918,900,916,898,98.03921568627452
2006-11-15 00:00:00,914,885,912,883,96.82713347921225
2006-11-16 00:00:00,917,901,916,900,98.25517993456924
2006-11-17 00:00:00,919,907,917,905,98.69423286180631
2006-11-20 00:00:00,917,901,917,901,98.25517993456924
2006-11-21 00:00:00,919,897,919,897,97.60609357997824
2006-11-22 00:00:00,909,887,908,886,97.57975797579758
2006-11-24 00:00:00,894,877,893,876,98.09843400447427
2006-11-27 00:00:00,883,873,882,872,98.86749716874291
2006-11-28 00:00:00,888,863,887,862,97.18468468468468
2006-11-29 00:00:00,882,832,881,831,94.33106575963718
2006-11-30 00:00:00,882,869,881,868,98.52607709750566
2006-12-01 00:00:00,876,860,874,858,98.17351598173516
2006-12-04 00:00:00,874,859,874,859,98.2837528604119
2006-12-05 00:00:00,879,862,879,862,98.06598407281001
2006-12-06 00:00:00,878,840,877,839,95.67198177676538
2006-12-07 00:00:00,880,863,879,862,98.06818181818181
2006-12-08 00:00:00,878,860,877,859,97.9498861047836
2006-12-11 00:00:00,886,868,885,867,97.96839729119638
2006-12-12 00:00:00,886,864,885,863,97.51693002257336
2006-12-13 00:00:00,885,835,884,834,94.35028248587571
2006-12-14 00:00:00,878,854,877,853,97.26651480637813
2006-12-15 00:00:00,880,860,880,860,97.72727272727273
2006-12-18 00:00:00,878,861,878,861,98.0637813211845
2006-12-19 00:00:00,879,858,879,858,97.61092150170649
2006-12-20 00:00:00,885,861,884,860,97.28813559322033
2006-12-21 00:00:00,891,876,889,874,98.31649831649831
2006-12-22 00:00:00,901,886,898,883,98.33518312985572
2006-12-26 00:00:00,891,874,888,871,98.09203142536475
2006-12-27 00:00:00,883,844,880,841,95.5832389580974
2006-12-28 00:00:00,869,849,866,846,97.69850402761796
2006-12-29 00:00:00,863,850,861,848,98.4936268829664
2007-01-03 00:00:00,869,845,868,844,97.23820483314154
2007-01-04 00:00:00,869,857,868,856,98.61910241657077
2007-01-05 00:00:00,867,853,866,852,98.38523644752019
2007-01-08 00:00:00,871,852,870,851,97.81859931113662
2007-01-09 00:00:00,872,857,870,855,98.27981651376147
2007-01-10 00:00:00,873,845,872,844,96.79266895761741
2007-01-11 00:00:00,883,867,882,866,98.18799546998868
2007-01-12 00:00:00,880,867,880,867,98.52272727272727
2007-01-16 00:00:00,881,870,881,870,98.75141884222475
2007-01-17 00:00:00,884,869,884,869,98.30316742081448
2007-01-18 00:00:00,873,856,872,855,98.05269186712486
2007-01-19 00:00:00,874,864,874,864,98.8558352402746
2007-01-22 00:00:00,871,860,871,860,98.73708381171068
2007-01-23 00:00:00,873,864,872,863,98.96907216494846
2007-01-24 00:00:00,882,863,881,862,97.84580498866214
2007-01-25 00:00:00,896,883,894,881,98.54910714285714
2007-01-26 00:00:00,921,910,919,908,98.8056460369164
2007-01-29 00:00:00,931,911,929,909,97.85177228786252
2007-01-30 00:00:00,940,919,939,918,97.76595744680851
2007-01-31 00:00:00,951,931,949,929,97.89695057833859
2007-02-01 00:00:00,941,923,940,922,98.08714133900106
2007-02-02 00:00:00,938,926,938,926,98.72068230277185
2007-02-05 00:00:00,934,914,934,914,97.85867237687366
2007-02-06 00:00:00,930,914,929,913,98.27956989247312
2007-02-07 00:00:00,937,914,936,913,97.5453575240128
2007-02-08 00:00:00,945,924,944,923,97.77777777777777
2007-02-09 00:00:00,942,929,941,928,98.61995753715499
2007-02-12 00:00:00,947,930,946,929,98.20485744456177
2007-02-13 00:00:00,944,916,943,915,97.03389830508475
2007-02-14 00:00:00,956,922,955,921,96.44351464435147
2007-02-15 00:00:00,955,937,955,937,98.1151832460733
2007-02-16 00:00:00,956,947,956,947,99.05857740585775
2007-02-20 00:00:00,960,954,960,954,99.375
2007-02-21 00:00:00,959,942,958,941,98.22732012513035
2007-02-22 00:00:00,959,939,959,939,97.91449426485923
2007-02-23 00:00:00,954,943,953,942,98.84696016771488
2007-02-26 00:00:00,947,933,946,932,98.52164730728617
2007-02-27 00:00:00,953,916,952,915,96.11752360965373
2007-02-28 00:00:00,957,936,956,935,97.80564263322884
2007-03-01 00:00:00,963,948,962,947,98.4423676012461
2007-03-02 00:00:00,963,949,962,948,98.54620976116303
2007-03-05 00:00:00,962,947,962,947,98.44074844074844
2007-03-06 00:00:00,973,961,973,961,98.7667009249743
2007-03-07 00:00:00,982,939,982,939,95.62118126272912
2007-03-08 00:00:00,988,968,988,968,97.97570850202429
2007-03-09 00:00:00,974,966,974,966,99.17864476386038
2007-03-12 00:00:00,967,952,966,951,98.4488107549121
2007-03-13 00:00:00,972,938,971,937,96.50205761316873
2007-03-14 00:00:00,975,957,973,955,98.15384615384616
2007-03-15 00:00:00,972,959,970,957,98.66255144032922
2007-03-16 00:00:00,967,958,965,956,99.06928645294725
2007-03-19 00:00:00,969,962,967,960,99.27760577915377
2007-03-20 00:00:00,969,960,968,959,99.07120743034056
2007-03-21 00:00:00,976,961,975,960,98.46311475409836
2007-03-22 00:00:00,974,969,974,969,99.48665297741273
2007-03-23 00:00:00,979,972,976,969,99.2849846782431
2007-03-26 00:00:00,976,968,973,965,99.18032786885246
2007-03-27 00:00:00,964,956,961,953,99.1701244813278
2007-03-28 00:00:00,956,919,952,915,96.1297071129707
2007-03-29 00:00:00,950,934,947,931,98.3157894736842
2007-03-30 00:00:00,951,944,949,942,99.2639327024185
2007-04-02 00:00:00,943,932,943,932,98.83351007423117
2007-04-03 00:00:00,937,913,937,913,97.43863393810032
2007-04-04 00:00:00,927,916,927,916,98.8133764832794
2007-04-05 00:00:00,919,904,919,904,98.36779107725789
2007-04-09 00:00:00,919,911,918,910,99.12948857453755
2007-04-10 00:00:00,917,905,917,905,98.69138495092693
2007-04-11 00:00:00,917,899,917,899,98.0370774263904
2007-04-12 00:00:00,913,904,913,904,99.01423877327491
2007-04-13 00:00:00,916,908,916,908,99.12663755458516
2007-04-16 00:00:00,916,908,916,908,99.12663755458516
2007-04-17 00:00:00,921,913,921,913,99.1313789359392
2007-04-18 00:00:00,923,913,923,913,98.91657638136512
2007-04-19 00:00:00,923,913,922,912,98.91657638136512
2007-04-20 00:00:00,918,908,918,908,98.91067538126362
2007-04-23 00:00:00,926,915,926,915,98.81209503239741
2007-04-24 00:00:00,934,926,934,926,99.14346895074947
2007-04-25 00:00:00,942,924,942,924,98.08917197452229
2007-04-26 00:00:00,947,927,947,927,97.88806758183738
2007-04-27 00:00:00,952,932,952,932,97.89915966386555
2007-04-30 00:00:00,956,947,956,947,99.05857740585775
2007-05-01 00:00:00,971,962,971,962,99.07312049433574
2007-05-02 00:00:00,985,965,985,965,97.96954314720813
2007-05-03 00:00:00,995,978,995,978,98.29145728643216
2007-05-04 00:00:00,1000,987,1000,987,98.7
2007-05-07 00:00:00,1006,986,1005,985,98.01192842942346
2007-05-08 00:00:00,1010,983,1010,983,97.32673267326733
2007-05-09 00:00:00,1010,986,1010,986,97.62376237623762
2007-05-10 00:00:00,1008,992,1007,991,98.41269841269842
2007-05-11 00:00:00,1013,991,1012,990,97.82823297137216
2007-05-14 00:00:00,1012,994,1012,994,98.22134387351778
2007-05-15 00:00:00,1021,1004,1020,1003,98.33496571988246
2007-05-16 00:00:00,1015,979,1015,979,96.45320197044335
2007-05-17 00:00:00,1017,1001,1017,1001,98.42674532940019
2007-05-18 00:00:00,1014,1003,1014,1003,98.91518737672584
2007-05-21 00:00:00,1025,1016,1025,1016,99.1219512195122
2007-05-22 00:00:00,1027,1020,1027,1020,99.31840311587148
2007-05-23 00:00:00,1024,1006,1024,1006,98.2421875
2007-05-24 00:00:00,1023,1008,1023,1008,98.53372434017595
2007-05-25 00:00:00,1015,1003,1014,1002,98.81773399014779
2007-05-29 00:00:00,1015,995,1014,994,98.0295566502463
2007-05-30 00:00:00,1017,963,1015,961,94.69026548672566
2007-05-31 00:00:00,1022,1007,1020,1005,98.53228962818004
2007-06-01 00:00:00,1021,1007,1020,1006,98.62879529872674
2007-06-04 00:00:00,1017,1004,1016,1003,98.72173058013766
2007-06-05 00:00:00,1015,999,1013,997,98.42364532019704
2007-06-06 00:00:00,1020,982,1018,980,96.27450980392157
2007-06-07 00:00:00,1018,996,1017,995,97.83889980353635
2007-06-08 00:00:00,1016,1004,1015,1003,98.81889763779527
2007-06-11 00:00:00,1016,1002,1014,1000,98.62204724409449
2007-06-12 00:00:00,1010,998,1010,998,98.81188118811882
2007-06-13 00:00:00,1019,976,1018,975,95.7801766437684
2007-06-14 00:00:00,1024,1005,1023,1004,98.14453125
2007-06-15 00:00:00,1031,1020,1031,1020,98.93307468477207
2007-06-18 00:00:00,1027,1014,1026,1013,98.73417721518987
2007-06-19 00:00:00,1030,1015,1030,1015,98.54368932038835
2007-06-20 00:00:00,1035,1019,1035,1019,98.45410628019323
2007-06-21 00:00:00,1030,1017,1029,1016,98.7378640776699
2007-06-22 00:00:00,1040,1029,1038,1027,98.9423076923077
2007-06-25 00:00:00,1046,1032,1043,1029,98.66156787762907
2007-06-26 00:00:00,1048,1032,1045,1029,98.47328244274809
2007-06-27 00:00:00,1052,1011,1049,1008,96.10266159695817
2007-06-28 00:00:00,1043,1027,1038,1022,98.46596356663471
2007-06-29 00:00:00,1038,1027,1035,1025,98.94026974951831
2007-07-02 00:00:00,1040,1029,1039,1028,98.9423076923077
2007-07-03 00:00:00,1031,1008,1030,1007,97.76915615906887
2007-07-05 00:00:00,1032,1017,1030,1015,98.54651162790698
2007-07-06 00:00:00,1022,1001,1019,998,97.94520547945206
2007-07-09 00:00:00,1025,1016,1023,1014,99.1219512195122
2007-07-10 00:00:00,1021,1013,1019,1011,99.21645445641528
2007-07-11 00:00:00,1019,999,1017,997,98.03729146221787
2007-07-12 00:00:00,1021,1012,1020,1011,99.11851126346718
2007-07-13 00:00:00,1013,1005,1013,1005,99.21026653504443
2007-07-16 00:00:00,1005,999,1005,999,99.40298507462687
2007-07-17 00:00:00,1009,1005,1009,1005,99.60356788899901
2007-07-18 00:00:00,1009,999,1009,999,99.00891972249752
2007-07-19 00:00:00,1013,1002,1013,1002,98.91411648568608
2007-07-20 00:00:00,1005,998,1005,998,99.30348258706468
2007-07-23 00:00:00,994,987,993,986,99.29577464788733
2007-07-24 00:00:00,996,990,991,985,99.39759036144578
2007-07-25 00:00:00,994,980,991,977,98.59154929577464
2007-07-26 00:00:00,1004,996,1000,993,99.20318725099601
2007-07-27 00:00:00,1021,1006,1018,1003,98.53085210577865
2007-07-30 00:00:00,1028,1012,1025,1009,98.44357976653697
2007-07-31 00:00:00,1034,1025,1033,1024,99.12959381044487
2007-08-01 00:00:00,1055,1039,1054,1038,98.48341232227489
2007-08-02 00:00:00,1068,1054,1067,1053,98.68913857677903
2007-08-03 00:00:00,1078,1065,1078,1065,98.79406307977736
2007-08-06 00:00:00,1092,1075,1092,1075,98.44322344322345
2007-08-07 00:00:00,1112,1096,1112,1096,98.56115107913669
2007-08-08 00:00:00,1149,1119,1149,1119,97.38903394255874
2007-08-09 00:00:00,1178,1160,1178,1160,98.47198641765705
2007-08-10 00:00:00,1194,1182,1193,1181,98.99497487437186
2007-08-13 00:00:00,1202,1168,1200,1166,97.17138103161398
2007-08-14 00:00:00,1190,1174,1188,1172,98.65546218487395
2007-08-15 00:00:00,1179,1141,1176,1138,96.77692960135708
2007-08-16 00:00:00,1190,1169,1188,1167,98.23529411764706
2007-08-17 00:00:00,1205,1198,1203,1196,99.41908713692946
2007-08-20 00:00:00,1207,1198,1205,1196,99.25434962717482
2007-08-21 00:00:00,1203,1191,1203,1191,99.00249376558604
2007-08-22 00:00:00,1203,1180,1203,1180,98.08811305070657
2007-08-23 00:00:00,1184,1168,1183,1167,98.64864864864865
2007-08-24 00:00:00,1177,1166,1175,1164,99.06542056074767
2007-08-27 00:00:00,1158,1147,1158,1147,99.05008635578584
2007-08-28 00:00:00,1139,1127,1139,1127,98.94644424934152
2007-08-29 00:00:00,1139,1083,1138,1082,95.08340649692713
2007-08-30 00:00:00,1130,1102,1128,1100,97.52212389380531
2007-08-31 00:00:00,1118,1107,1117,1106,99.01610017889088
2007-09-04 00:00:00,1105,1090,1104,1089,98.64253393665159
2007-09-05 00:00:00,1082,1044,1081,1043,96.48798521256931
2007-09-06 00:00:00,1040,1011,1039,1010,97.21153846153847
2007-09-07 00:00:00,1002,995,1002,995,99.30139720558883
2007-09-10 00:00:00,968,951,968,951,98.24380165289256
2007-09-11 00:00:00,950,938,950,938,98.73684210526316
2007-09-12 00:00:00,941,893,940,892,94.8990435706695
2007-09-13 00:00:00,925,912,925,912,98.5945945945946
2007-09-14 00:00:00,912,901,911,900,98.79385964912281
2007-09-17 00:00:00,906,897,906,897,99.00662251655629
2007-09-18 00:00:00,906,895,906,895,98.78587196467991
2007-09-19 00:00:00,913,896,913,896,98.13800657174151
2007-09-20 00:00:00,907,899,906,898,99.11797133406836
2007-09-21 00:00:00,916,906,913,903,98.90829694323143
2007-09-24 00:00:00,917,908,913,904,99.0185387131952
2007-09-25 00:00:00,924,910,920,906,98.48484848484848
2007-09-26 00:00:00,932,899,929,896,96.45922746781116
2007-09-27 00:00:00,934,917,931,914,98.17987152034262
2007-09-28 00:00:00,939,931,935,927,99.14802981895633
2007-10-01 00:00:00,944,935,941,932,99.04661016949153
2007-10-02 00:00:00,947,936,947,936,98.83843717001056
2007-10-03 00:00:00,947,921,947,921,97.2544878563886
2007-10-04 00:00:00,945,932,945,932,98.62433862433862
2007-10-05 00:00:00,945,929,945,929,98.3068783068783
2007-10-08 00:00:00,940,932,940,932,99.14893617021276
2007-10-09 00:00:00,941,932,940,931,99.04357066950053
2007-10-10 00:00:00,942,925,941,924,98.19532908704883
2007-10-11 00:00:00,950,931,950,931,98.0
2007-10-12 00:00:00,955,944,954,943,98.84816753926701
2007-10-15 00:00:00,951,940,950,939,98.84332281808622
2007-10-16 00:00:00,947,937,946,936,98.9440337909187
2007-10-17 00:00:00,949,935,948,934,98.52476290832455
2007-10-18 00:00:00,952,939,951,938,98.6344537815126
2007-10-19 00:00:00,941,932,940,931,99.04357066950053
2007-10-22 00:00:00,945,934,944,933,98.83597883597884
2007-10-23 00:00:00,946,939,946,939,99.26004228329809
2007-10-24 00:00:00,948,935,945,932,98.62869198312237
2007-10-25 00:00:00,946,939,942,935,99.26004228329809
2007-10-26 00:00:00,955,949,951,945,99.3717277486911
2007-10-29 00:00:00,957,943,954,940,98.53709508881923
2007-10-30 00:00:00,961,944,957,940,98.23100936524453
2007-10-31 00:00:00,973,960,971,958,98.6639260020555
2007-11-01 00:00:00,985,968,984,967,98.2741116751269
2007-11-02 00:00:00,997,984,995,982,98.69608826479438
2007-11-05 00:00:00,1002,983,1001,982,98.10379241516966
2007-11-06 00:00:00,1007,993,1005,991,98.60973187686197
2007-11-07 00:00:00,1010,974,1008,972,96.43564356435644
2007-11-08 00:00:00,1018,1008,1014,1004,99.01768172888016
2007-11-09 00:00:00,1025,1011,1023,1009,98.63414634146342
2007-11-12 00:00:00,1035,1027,1033,1025,99.22705314009661
2007-11-13 00:00:00,1039,1002,1036,999,96.43888354186718
2007-11-14 00:00:00,1042,1006,1040,1004,96.54510556621881
2007-11-15 00:00:00,1039,1021,1036,1019,98.26756496631376
2007-11-16 00:00:00,1036,1023,1034,1022,98.74517374517374
2007-11-19 00:00:00,1021,1008,1021,1008,98.72673849167482
2007-11-20 00:00:00,1018,1003,1018,1003,98.52652259332024
2007-11-21 00:00:00,1010,996,1009,995,98.61386138613861
2007-11-23 00:00:00,1001,990,1001,990,98.9010989010989
2007-11-26 00:00:00,991,984,991,984,99.29364278506559
2007-11-27 00:00:00,997,983,997,983,98.59578736208626
2007-11-28 00:00:00,1003,960,1003,960,95.71286141575274
2007-11-29 00:00:00,999,970,998,969,97.09709709709709
2007-11-30 00:00:00,996,987,996,987,99.09638554216868
2007-12-03 00:00:00,990,975,989,974,98.48484848484848
2007-12-04 00:00:00,985,974,985,974,98.88324873096447
2007-12-05 00:00:00,986,949,986,949,96.2474645030426
2007-12-06 00:00:00,985,966,985,966,98.07106598984771
2007-12-07 00:00:00,963,956,963,956,99.27310488058151
2007-12-10 00:00:00,962,944,962,944,98.12889812889813
2007-12-11 00:00:00,956,945,956,945,98.84937238493724
2007-12-12 00:00:00,959,918,959,918,95.72471324296141
2007-12-13 00:00:00,959,941,958,940,98.1230448383733
2007-12-14 00:00:00,953,940,953,940,98.63588667366211
2007-12-17 00:00:00,946,936,946,936,98.94291754756871
2007-12-18 00:00:00,944,935,944,935,99.04661016949153
2007-12-19 00:00:00,941,925,939,923,98.29968119022317
2007-12-20 00:00:00,941,933,936,928,99.14984059511158
2007-12-21 00:00:00,956,948,951,943,99.16317991631799
2007-12-24 00:00:00,950,941,946,937,99.05263157894737
2007-12-26 00:00:00,936,922,932,918,98.5042735042735
2007-12-27 00:00:00,917,890,913,886,97.05561613958561
2007-12-28 00:00:00,908,896,906,894,98.6784140969163
2007-12-31 00:00:00,899,892,899,892,99.22135706340379
2008-01-02 00:00:00,902,883,902,883,97.89356984478935
2008-01-03 00:00:00,898,891,898,891,99.22048997772829
2008-01-04 00:00:00,900,894,900,894,99.33333333333333
2008-01-07 00:00:00,898,888,898,888,98.88641425389756
2008-01-08 00:00:00,897,883,897,883,98.43924191750278
2008-01-09 00:00:00,907,892,907,892,98.34619625137817
2008-01-10 00:00:00,916,909,916,909,99.23580786026201
2008-01-11 00:00:00,917,901,917,901,98.25517993456924
2008-01-14 00:00:00,918,910,918,910,99.12854030501089
2008-01-15 00:00:00,914,905,914,905,99.01531728665208
2008-01-16 00:00:00,927,912,927,912,98.38187702265373
2008-01-17 00:00:00,926,913,926,913,98.59611231101512
2008-01-18 00:00:00,924,914,924,914,98.91774891774892
2008-01-22 00:00:00,937,928,937,928,99.03948772678763
2008-01-23 00:00:00,948,932,948,932,98.31223628691983
2008-01-24 00:00:00,968,953,968,953,98.4504132231405
2008-01-25 00:00:00,979,967,977,965,98.77425944841676
2008-01-28 00:00:00,984,974,983,973,98.98373983739837
2008-01-29 00:00:00,998,980,997,979,98.19639278557115
2008-01-30 00:00:00,1002,976,1002,976,97.40518962075848
2008-01-31 00:00:00,1014,1000,1014,1000,98.61932938856016
2008-02-01 00:00:00,1026,1017,1026,1017,99.12280701754386
2008-02-04 00:00:00,1022,1010,1022,1010,98.82583170254404
2008-02-05 00:00:00,1021,1003,1020,1002,98.23702252693438
2008-02-06 00:00:00,1016,997,1016,997,98.12992125984252
2008-02-07 00:00:00,1017,1002,1016,1001,98.52507374631269
2008-02-08 00:00:00,1012,1002,1012,1002,99.01185770750988
2008-02-11 00:00:00,1010,1001,1010,1001,99.10891089108911
2008-02-12 00:00:00,1003,991,1003,991,98.8035892323031
2008-02-13 00:00:00,1008,962,1008,962,95.43650793650794
2008-02-14 00:00:00,1009,994,1009,994,98.51337958374629
2008-02-15 00:00:00,1004,988,1004,988,98.40637450199203
2008-02-19 00:00:00,994,983,993,982,98.8933601609658
2008-02-20 00:00:00,981,965,981,965,98.36901121304791
2008-02-21 00:00:00,965,949,965,949,98.34196891191709
2008-02-22 00:00:00,957,950,957,950,99.26854754440961
2008-02-25 00:00:00,958,951,956,949,99.26931106471817
2008-02-26 00:00:00,955,947,954,946,99.16230366492147
2008-02-27 00:00:00,958,921,957,920,96.13778705636743
2008-02-28 00:00:00,953,926,951,924,97.16684155299056
2008-02-29 00:00:00,945,935,943,933,98.94179894179894
2008-03-03 00:00:00,944,930,943,929,98.51694915254237
2008-03-04 00:00:00,948,939,947,938,99.0506329113924
2008-03-05 00:00:00,949,917,948,916,96.62802950474183
2008-03-06 00:00:00,942,914,941,913,97.0276008492569
2008-03-07 00:00:00,937,924,935,922,98.61259338313768
2008-03-10 00:00:00,931,916,930,915,98.38882921589689
2008-03-11 00:00:00,944,929,943,928,98.41101694915254
2008-03-12 00:00:00,945,904,944,903,95.66137566137566
2008-03-13 00:00:00,948,933,947,932,98.41772151898734
2008-03-14 00:00:00,945,935,943,933,98.94179894179894
2008-03-17 00:00:00,938,925,938,925,98.61407249466951
2008-03-18 00:00:00,947,931,947,931,98.3104540654699
2008-03-19 00:00:00,948,939,948,939,99.0506329113924
2008-03-20 00:00:00,961,953,959,951,99.16753381893861
2008-03-24 00:00:00,976,968,973,965,99.18032786885246
2008-03-25 00:00:00,978,967,975,964,98.87525562372188
2008-03-26 00:00:00,973,951,970,948,97.73895169578623
2008-03-27 00:00:00,963,935,960,932,97.09241952232607
2008-03-28 00:00:00,957,939,955,937,98.11912225705329
2008-03-31 00:00:00,960,951,960,951,99.0625
2008-04-01 00:00:00,964,953,964,953,98.85892116182572
2008-04-02 00:00:00,963,946,963,946,98.23468328141226
2008-04-03 00:00:00,961,950,961,950,98.85535900104058
2008-04-04 00:00:00,949,940,949,940,99.05163329820864
2008-04-07 00:00:00,947,936,947,936,98.83843717001056
2008-04-08 00:00:00,939,926,939,926,98.61554845580405
2008-04-09 00:00:00,940,923,940,923,98.19148936170212
2008-04-10 00:00:00,938,927,938,927,98.8272921108742
2008-04-11 00:00:00,924,908,924,908,98.26839826839827
2008-04-14 00:00:00,920,912,919,911,99.1304347826087
2008-04-15 00:00:00,914,903,913,902,98.7964989059081
2008-04-16 00:00:00,915,904,913,902,98.79781420765028
2008-04-17 00:00:00,917,907,915,905,98.90948745910578
2008-04-18 00:00:00,903,894,901,892,99.00332225913621
2008-04-21 00:00:00,900,889,897,886,98.77777777777777
2008-04-22 00:00:00,901,891,900,890,98.89012208657047
2008-04-23 00:00:00,905,893,904,892,98.67403314917127
2008-04-24 00:00:00,915,905,915,905,98.90710382513662
2008-04-25 00:00:00,919,910,918,909,99.02067464635473
2008-04-28 00:00:00,914,901,913,900,98.57768052516411
2008-04-29 00:00:00,908,888,907,888,97.79735682819383
2008-04-30 00:00:00,912,895,912,895,98.1359649122807
2008-05-01 00:00:00,920,905,920,905,98.3695652173913
2008-05-02 00:00:00,925,914,925,914,98.8108108108108
2008-05-05 00:00:00,928,914,928,914,98.49137931034483
2008-05-06 00:00:00,936,922,936,922,98.5042735042735
2008-05-07 00:00:00,932,909,931,908,97.53218884120172
2008-05-08 00:00:00,940,925,940,925,98.40425531914893
2008-05-09 00:00:00,937,926,937,926,98.82604055496265
2008-05-12 00:00:00,942,929,942,929,98.61995753715499
2008-05-13 00:00:00,947,917,947,917,96.83210137275607
2008-05-14 00:00:00,939,908,938,907,96.6986155484558
2008-05-15 00:00:00,948,928,948,928,97.8902953586498
2008-05-16 00:00:00,949,937,949,937,98.73551106427819
2008-05-19 00:00:00,951,940,951,940,98.84332281808622
2008-05-20 00:00:00,949,939,949,939,98.94625922023182
2008-05-21 00:00:00,944,924,944,924,97.88135593220339
2008-05-22 00:00:00,944,930,943,929,98.51694915254237
2008-05-23 00:00:00,934,923,933,922,98.82226980728052
2008-05-27 00:00:00,939,928,937,926,98.82854100106496
2008-05-28 00:00:00,934,894,933,893,95.71734475374733
2008-05-29 00:00:00,935,908,933,906,97.11229946524064
2008-05-30 00:00:00,935,924,933,922,98.82352941176471
2008-06-02 00:00:00,926,916,924,914,98.92008639308855
2008-06-03 00:00:00,930,921,928,919,99.03225806451613
2008-06-04 00:00:00,928,900,925,897,96.98275862068965
2008-06-05 00:00:00,932,913,930,911,97.96137339055794
2008-06-06 00:00:00,929,908,928,907,97.7395048439182
2008-06-09 00:00:00,929,915,928,914,98.4930032292788
2008-06-10 00:00:00,933,919,933,919,98.49946409431939
2008-06-11 00:00:00,927,887,927,887,95.68500539374325
2008-06-12 00:00:00,931,905,931,905,97.20730397422126
2008-06-13 00:00:00,938,928,938,928,98.93390191897655
2008-06-16 00:00:00,936,930,936,930,99.35897435897436
2008-06-17 00:00:00,939,929,939,929,98.93503727369541
2008-06-18 00:00:00,936,927,936,927,99.03846153846153
2008-06-19 00:00:00,944,938,944,938,99.36440677966101
2008-06-20 00:00:00,948,940,948,940,99.15611814345992
2008-06-23 00:00:00,942,936,941,935,99.36305732484077
2008-06-24 00:00:00,949,942,948,941,99.26238145416228
2008-06-25 00:00:00,957,945,955,943,98.74608150470219
2008-06-26 00:00:00,949,926,947,924,97.57639620653319
2008-06-27 00:00:00,953,940,951,938,98.63588667366211
2008-06-30 00:00:00,952,948,950,946,99.5798319327731
2008-07-01 00:00:00,956,943,955,942,98.64016736401673
2008-07-02 00:00:00,946,936,945,935,98.94291754756871
2008-07-03 00:00:00,940,931,940,931,99.04255319148936
2008-07-07 00:00:00,941,934,941,934,99.25611052072263
2008-07-08 00:00:00,952,933,952,933,98.00420168067227
2008-07-09 00:00:00,947,929,946,928,98.09926082365364
2008-07-10 00:00:00,942,935,942,935,99.25690021231422
2008-07-11 00:00:00,948,934,948,934,98.52320675105486
2008-07-14 00:00:00,951,944,951,944,99.2639327024185
2008-07-15 00:00:00,955,947,955,947,99.16230366492147
2008-07-16 00:00:00,971,963,971,963,99.17610710607622
2008-07-17 00:00:00,982,974,982,974,99.18533604887983
2008-07-18 00:00:00,984,979,984,979,99.49186991869918
2008-07-21 00:00:00,978,973,977,972,99.48875255623722
2008-07-22 00:00:00,991,984,990,983,99.29364278506559
2008-07-23 00:00:00,998,989,997,988,99.09819639278557
2008-07-24 00:00:00,990,980,988,978,98.98989898989899
2008-07-25 00:00:00,992,985,990,983,99.29435483870968
2008-07-28 00:00:00,967,959,965,957,99.17269906928645
2008-07-29 00:00:00,975,960,973,959,98.46153846153847
2008-07-30 00:00:00,978,951,976,949,97.23926380368098
2008-07-31 00:00:00,972,955,972,955,98.25102880658436
2008-08-01 00:00:00,983,975,983,975,99.18616480162767
2008-08-04 00:00:00,973,958,973,958,98.45837615621788
2008-08-05 00:00:00,984,967,984,967,98.27235772357723
2008-08-06 00:00:00,984,959,984,959,97.45934959349593
2008-08-07 00:00:00,982,961,982,961,97.86150712830957
2008-08-08 00:00:00,988,979,988,979,99.08906882591093
2008-08-11 00:00:00,993,981,992,980,98.79154078549848
2008-08-12 00:00:00,989,976,988,975,98.685540950455
2008-08-13 00:00:00,985,939,983,937,95.32994923857868
2008-08-14 00:00:00,981,959,979,957,97.75739041794088
2008-08-15 00:00:00,980,971,978,969,99.08163265306122
2008-08-18 00:00:00,981,963,979,961,98.1651376146789
2008-08-19 00:00:00,968,956,967,955,98.7603305785124
2008-08-20 00:00:00,959,938,959,938,97.81021897810218
2008-08-21 00:00:00,950,934,949,933,98.3157894736842
2008-08-22 00:00:00,945,934,945,934,98.83597883597884
2008-08-25 00:00:00,936,926,935,925,98.93162393162393
2008-08-26 00:00:00,923,912,923,912,98.80823401950163
2008-08-27 00:00:00,918,882,918,882,96.07843137254902
2008-08-28 00:00:00,906,878,906,878,96.90949227373068
2008-08-29 00:00:00,896,887,896,887,98.99553571428571
2008-09-02 00:00:00,892,883,892,883,98.99103139013452
2008-09-03 00:00:00,889,861,889,861,96.85039370078741
2008-09-04 00:00:00,885,876,885,876,98.98305084745763
2008-09-05 00:00:00,884,872,884,872,98.64253393665159
2008-09-08 00:00:00,887,862,887,862,97.1815107102593
2008-09-09 00:00:00,882,875,882,875,99.2063492063492
2008-09-10 00:00:00,878,857,876,855,97.60820045558087
2008-09-11 00:00:00,880,848,879,847,96.36363636363636
2008-09-12 00:00:00,883,871,882,870,98.64099660249151
2008-09-15 00:00:00,880,873,879,872,99.20454545454545
2008-09-16 00:00:00,900,892,898,890,99.11111111111111
2008-09-17 00:00:00,904,894,904,894,98.89380530973452
2008-09-18 00:00:00,950,938,949,937,98.73684210526316
2008-09-19 00:00:00,987,980,987,980,99.29078014184397
2008-09-22 00:00:00,977,967,973,963,98.97645854657114
2008-09-23 00:00:00,978,966,976,964,98.77300613496932
2008-09-24 00:00:00,973,959,970,956,98.56115107913669
2008-09-25 00:00:00,978,971,975,968,99.2842535787321
2008-09-26 00:00:00,973,944,970,941,97.01952723535457
2008-09-29 00:00:00,963,948,960,945,98.4423676012461
2008-09-30 00:00:00,967,961,966,960,99.37952430196484
2008-10-01 00:00:00,965,949,964,948,98.34196891191709
2008-10-02 00:00:00,953,945,953,945,99.16054564533053
2008-10-03 00:00:00,945,939,945,939,99.36507936507937
2008-10-06 00:00:00,937,932,936,931,99.46638207043756
2008-10-07 00:00:00,911,908,911,908,99.67069154774973
2008-10-08 00:00:00,907,886,907,886,97.68467475192944
2008-10-09 00:00:00,871,865,870,864,99.31113662456946
2008-10-10 00:00:00,885,872,885,872,98.53107344632768
2008-10-13 00:00:00,924,919,924,919,99.45887445887446
2008-10-14 00:00:00,915,908,915,908,99.23497267759562
2008-10-15 00:00:00,862,849,862,849,98.49187935034803
2008-10-16 00:00:00,871,865,871,865,99.31113662456946
2008-10-17 00:00:00,847,843,847,843,99.52774498229044
2008-10-20 00:00:00,864,859,864,859,99.42129629629629
2008-10-21 00:00:00,848,842,847,841,99.29245283018868
2008-10-22 00:00:00,829,821,828,820,99.03498190591074
2008-10-23 00:00:00,821,813,820,812,99.02557856272838
2008-10-24 00:00:00,815,808,813,806,99.14110429447852
2008-10-27 00:00:00,805,800,803,798,99.37888198757764
2008-10-28 00:00:00,825,816,823,814,98.9090909090909
2008-10-29 00:00:00,825,806,823,804,97.6969696969697
2008-10-30 00:00:00,833,810,831,808,97.23889555822329
2008-10-31 00:00:00,841,834,840,833,99.16765755053508
2008-11-03 00:00:00,825,814,824,813,98.66666666666667
2008-11-04 00:00:00,835,824,835,824,98.68263473053892
2008-11-05 00:00:00,824,801,824,801,97.20873786407768
2008-11-06 00:00:00,798,774,797,773,96.99248120300751
2008-11-07 00:00:00,789,775,788,774,98.2256020278834
2008-11-10 00:00:00,772,762,771,761,98.70466321243524
2008-11-11 00:00:00,765,760,764,759,99.34640522875817
2008-11-12 00:00:00,741,704,740,703,95.00674763832659
2008-11-13 00:00:00,758,741,757,740,97.75725593667546
2008-11-14 00:00:00,741,736,740,735,99.32523616734143
2008-11-17 00:00:00,735,729,733,727,99.18367346938776
2008-11-18 00:00:00,734,724,733,723,98.6376021798365
2008-11-19 00:00:00,706,695,705,694,98.44192634560906
2008-11-20 00:00:00,679,671,677,669,98.8217967599411
2008-11-21 00:00:00,707,699,706,698,98.86845827439886
2008-11-24 00:00:00,723,715,722,714,98.89349930843707
2008-11-25 00:00:00,726,703,726,703,96.83195592286502
2008-11-26 00:00:00,741,706,741,706,95.27665317139001
2008-11-28 00:00:00,728,720,726,718,98.9010989010989
2008-12-01 00:00:00,707,697,705,696,98.58557284299859
2008-12-02 00:00:00,717,712,716,711,99.30264993026499
2008-12-03 00:00:00,722,694,721,693,96.1218836565097
2008-12-04 00:00:00,714,706,713,705,98.8795518207283
2008-12-05 00:00:00,726,718,725,717,98.89807162534436
2008-12-08 00:00:00,734,714,734,714,97.27520435967303
2008-12-09 00:00:00,739,733,739,733,99.18809201623816
2008-12-10 00:00:00,744,725,744,725,97.44623655913979
2008-12-11 00:00:00,739,711,739,711,96.21109607577807
2008-12-12 00:00:00,737,733,737,733,99.4572591587517
2008-12-15 00:00:00,732,722,731,721,98.63387978142076
2008-12-16 00:00:00,738,733,736,731,99.32249322493224
2008-12-17 00:00:00,737,725,735,723,98.37177747625509
2008-12-18 00:00:00,734,726,731,723,98.91008174386921
2008-12-19 00:00:00,742,738,740,736,99.46091644204851
2008-12-22 00:00:00,724,718,723,717,99.17127071823204
2008-12-23 00:00:00,710,698,708,696,98.30985915492958
2008-12-24 00:00:00,696,690,694,688,99.13793103448276
2008-12-26 00:00:00,692,690,690,688,99.71098265895954
2008-12-29 00:00:00,693,669,690,666,96.53679653679653
2008-12-30 00:00:00,689,676,687,674,98.11320754716981
2008-12-31 00:00:00,690,685,687,682,99.27536231884058
2009-01-02 00:00:00,685,682,685,682,99.56204379562044
2009-01-05 00:00:00,684,681,683,680,99.56140350877193
2009-01-06 00:00:00,689,687,689,687,99.70972423802613
2009-01-07 00:00:00,681,667,681,667,97.94419970631424
2009-01-08 00:00:00,685,683,685,683,99.7080291970803
2009-01-09 00:00:00,680,680,680,680,100.0
2009-01-12 00:00:00,673,673,673,673,100.0
2009-01-13 00:00:00,677,675,677,675,99.70457902511079
2009-01-14 00:00:00,672,665,672,665,98.95833333333333
2009-01-15 00:00:00,674,671,674,671,99.55489614243324
2009-01-16 00:00:00,675,674,675,674,99.85185185185185
2009-01-20 00:00:00,667,666,667,666,99.85007496251875
2009-01-21 00:00:00,671,667,671,667,99.40387481371089
2009-01-22 00:00:00,667,664,667,664,99.55022488755623
2009-01-23 00:00:00,673,673,672,672,100.0
2009-01-26 00:00:00,687,686,687,686,99.85443959243086
2009-01-27 00:00:00,706,705,706,705,99.85835694050992
2009-01-28 00:00:00,717,701,717,701,97.76847977684798
2009-01-29 00:00:00,711,704,711,704,99.0154711673699
2009-01-30 00:00:00,708,706,708,706,99.71751412429379
2009-02-02 00:00:00,705,701,705,701,99.43262411347517
2009-02-03 00:00:00,707,699,707,699,98.86845827439886
2009-02-04 00:00:00,705,691,705,691,98.01418439716312
2009-02-05 00:00:00,709,702,709,702,99.01269393511988
2009-02-06 00:00:00,722,713,721,712,98.75346260387812
2009-02-09 00:00:00,717,709,717,709,98.88423988842399
2009-02-10 00:00:00,714,711,714,711,99.5798319327731
2009-02-11 00:00:00,712,682,712,682,95.78651685393258
2009-02-12 00:00:00,717,705,717,705,98.32635983263599
2009-02-13 00:00:00,711,707,711,707,99.43741209563994
2009-02-17 00:00:00,701,696,701,696,99.2867332382311
2009-02-18 00:00:00,699,685,699,685,97.99713876967095
2009-02-19 00:00:00,689,684,689,684,99.27431059506532
2009-02-20 00:00:00,693,691,693,691,99.71139971139971
2009-02-23 00:00:00,683,680,683,680,99.56076134699853
2009-02-24 00:00:00,691,689,691,689,99.71056439942113
2009-02-25 00:00:00,694,666,694,666,95.96541786743516
2009-02-26 00:00:00,696,675,695,674,96.98275862068965
2009-02-27 00:00:00,693,687,693,687,99.13419913419914
2009-03-02 00:00:00,672,666,672,666,99.10714285714286
2009-03-03 00:00:00,671,667,671,667,99.40387481371089
2009-03-04 00:00:00,681,659,681,659,96.76945668135096
2009-03-05 00:00:00,667,656,667,656,98.35082458770614
2009-03-06 00:00:00,665,648,665,648,97.44360902255639
2009-03-09 00:00:00,653,640,653,640,98.00918836140889
2009-03-10 00:00:00,672,663,672,663,98.66071428571429
2009-03-11 00:00:00,674,650,674,650,96.43916913946587
2009-03-12 00:00:00,698,684,698,684,97.99426934097421
2009-03-13 00:00:00,695,686,695,686,98.70503597122303
2009-03-16 00:00:00,694,691,694,691,99.56772334293949
2009-03-17 00:00:00,696,691,696,691,99.2816091954023
2009-03-18 00:00:00,706,699,706,699,99.0084985835694
2009-03-19 00:00:00,706,704,705,703,99.71671388101983
2009-03-20 00:00:00,696,693,695,692,99.56896551724138
2009-03-23 00:00:00,716,711,715,710,99.30167597765363
2009-03-24 00:00:00,708,703,707,702,99.29378531073446
2009-03-25 00:00:00,713,705,712,704,98.87798036465638
2009-03-26 00:00:00,725,722,724,721,99.58620689655173
2009-03-27 00:00:00,714,693,714,693,97.05882352941177
2009-03-30 00:00:00,698,686,698,686,98.28080229226362
2009-03-31 00:00:00,700,697,700,697,99.57142857142857
2009-04-01 00:00:00,701,690,700,689,98.43081312410841
2009-04-02 00:00:00,718,712,718,712,99.16434540389972
2009-04-03 00:00:00,720,717,720,717,99.58333333333333
2009-04-06 00:00:00,719,713,719,713,99.16550764951322
2009-04-07 00:00:00,712,697,712,697,97.8932584269663
2009-04-08 00:00:00,716,711,716,711,99.30167597765363
2009-04-09 00:00:00,725,722,724,721,99.58620689655173
2009-04-13 00:00:00,731,726,730,725,99.31600547195623
2009-04-14 00:00:00,724,720,723,719,99.4475138121547
2009-04-15 00:00:00,730,727,729,726,99.58904109589041
2009-04-16 00:00:00,734,731,733,730,99.59128065395096
2009-04-17 00:00:00,730,729,729,728,99.86301369863014
2009-04-20 00:00:00,719,715,719,715,99.44367176634213
2009-04-21 00:00:00,728,726,728,726,99.72527472527473
2009-04-22 00:00:00,744,739,744,739,99.32795698924731
2009-04-23 00:00:00,743,737,743,737,99.19246298788694
2009-04-24 00:00:00,746,744,746,744,99.73190348525469
2009-04-27 00:00:00,740,738,740,738,99.72972972972973
2009-04-28 00:00:00,751,743,751,743,98.93475366178428
2009-04-29 00:00:00,766,748,766,748,97.65013054830287
2009-04-30 00:00:00,776,769,776,769,99.0979381443299
2009-05-01 00:00:00,776,772,775,771,99.48453608247422
2009-05-04 00:00:00,790,784,789,783,99.24050632911393
2009-05-05 00:00:00,789,779,788,778,98.73257287705957
2009-05-06 00:00:00,804,787,803,786,97.88557213930348
2009-05-07 00:00:00,805,795,804,794,98.75776397515529
2009-05-08 00:00:00,817,811,817,811,99.265605875153
2009-05-11 00:00:00,812,799,812,799,98.39901477832512
2009-05-12 00:00:00,806,799,806,799,99.13151364764268
2009-05-13 00:00:00,793,759,793,759,95.7124842370744
2009-05-14 00:00:00,799,784,799,784,98.12265331664581
2009-05-15 00:00:00,798,792,798,792,99.24812030075188
2009-05-18 00:00:00,813,804,813,804,98.8929889298893
2009-05-19 00:00:00,816,803,816,803,98.40686274509804
2009-05-20 00:00:00,808,799,808,799,98.88613861386139
2009-05-21 00:00:00,794,784,794,784,98.74055415617129
2009-05-22 00:00:00,784,778,784,778,99.23469387755102
2009-05-26 00:00:00,794,788,794,788,99.24433249370277
2009-05-27 00:00:00,791,766,791,766,96.83944374209861
2009-05-28 00:00:00,786,754,786,754,95.92875318066157
2009-05-29 00:00:00,786,782,786,782,99.4910941475827
2009-06-01 00:00:00,794,788,794,788,99.24433249370277
2009-06-02 00:00:00,791,787,791,787,99.49431099873578
2009-06-03 00:00:00,782,760,782,760,97.18670076726343
2009-06-04 00:00:00,783,769,783,769,98.21200510855684
2009-06-05 00:00:00,779,769,778,768,98.71630295250321
2009-06-08 00:00:00,771,748,770,747,97.01686121919585
2009-06-09 00:00:00,769,764,768,763,99.34980494148245
2009-06-10 00:00:00,768,752,767,751,97.91666666666667
2009-06-11 00:00:00,765,738,764,737,96.47058823529412
2009-06-12 00:00:00,766,750,766,750,97.911227154047
2009-06-15 00:00:00,761,756,761,756,99.34296977660972
2009-06-16 00:00:00,756,749,756,749,99.07407407407408
2009-06-17 00:00:00,753,744,753,744,98.80478087649402
2009-06-18 00:00:00,742,734,742,734,98.92183288409703
2009-06-19 00:00:00,739,735,739,735,99.45872801082544
2009-06-22 00:00:00,739,732,739,732,99.05277401894452
2009-06-23 00:00:00,734,728,733,727,99.1825613079019
2009-06-24 00:00:00,735,725,734,724,98.63945578231292
2009-06-25 00:00:00,737,734,736,733,99.59294436906377
2009-06-26 00:00:00,741,719,740,718,97.0310391363023
2009-06-29 00:00:00,742,731,741,730,98.51752021563343
2009-06-30 00:00:00,740,731,739,730,98.78378378378379
2009-07-01 00:00:00,745,733,745,733,98.38926174496645
2009-07-02 00:00:00,735,730,735,730,99.31972789115646
2009-07-06 00:00:00,733,727,733,727,99.18144611186904
2009-07-07 00:00:00,729,726,729,726,99.58847736625515
2009-07-08 00:00:00,728,711,728,711,97.66483516483517
2009-07-09 00:00:00,727,723,727,723,99.44979367262724
2009-07-10 00:00:00,721,717,721,717,99.44521497919555
2009-07-13 00:00:00,723,716,723,716,99.03181189488244
2009-07-14 00:00:00,726,723,726,723,99.58677685950413
2009-07-15 00:00:00,735,728,735,728,99.04761904761905
2009-07-16 00:00:00,735,731,735,731,99.45578231292517
2009-07-17 00:00:00,735,733,735,733,99.72789115646259
2009-07-20 00:00:00,731,727,731,727,99.45280437756497
2009-07-21 00:00:00,728,725,728,725,99.58791208791209
2009-07-22 00:00:00,729,725,729,725,99.45130315500685
2009-07-23 00:00:00,739,735,738,734,99.45872801082544
2009-07-24 00:00:00,737,735,736,734,99.72862957937585
2009-07-27 00:00:00,724,722,723,721,99.72375690607734
2009-07-28 00:00:00,726,723,725,722,99.58677685950413
2009-07-29 00:00:00,730,715,729,714,97.94520547945206
2009-07-30 00:00:00,735,722,734,721,98.2312925170068
2009-07-31 00:00:00,745,742,744,741,99.59731543624162
2009-08-03 00:00:00,753,748,753,748,99.33598937583001
2009-08-04 00:00:00,757,745,757,745,98.41479524438573
2009-08-05 00:00:00,758,742,758,742,97.8891820580475
2009-08-06 00:00:00,770,755,770,755,98.05194805194805
2009-08-07 00:00:00,778,773,778,773,99.3573264781491
2009-08-10 00:00:00,776,769,776,769,99.0979381443299
2009-08-11 00:00:00,777,771,776,770,99.22779922779922
2009-08-12 00:00:00,777,751,776,750,96.65379665379665
2009-08-13 00:00:00,780,764,779,763,97.94871794871794
2009-08-14 00:00:00,776,772,775,771,99.48453608247422
2009-08-17 00:00:00,763,757,761,755,99.21363040629096
2009-08-18 00:00:00,767,755,765,753,98.4354628422425
2009-08-19 00:00:00,762,752,761,751,98.68766404199475
2009-08-20 00:00:00,756,751,755,750,99.33862433862434
2009-08-21 00:00:00,754,748,753,747,99.20424403183024
2009-08-24 00:00:00,749,746,748,745,99.59946595460615
2009-08-25 00:00:00,745,740,744,739,99.32885906040268
2009-08-26 00:00:00,736,725,735,724,98.5054347826087
2009-08-27 00:00:00,732,718,731,717,98.08743169398907
2009-08-28 00:00:00,731,704,730,703,96.30642954856361
2009-08-31 00:00:00,730,724,730,724,99.17808219178082
2009-09-01 00:00:00,727,719,726,718,98.89958734525447
2009-09-02 00:00:00,717,698,717,698,97.35006973500697
2009-09-03 00:00:00,717,704,717,704,98.18688981868898
2009-09-04 00:00:00,711,697,711,697,98.0309423347398
2009-09-08 00:00:00,716,697,716,697,97.3463687150838
2009-09-09 00:00:00,720,707,720,707,98.19444444444444
2009-09-10 00:00:00,723,715,723,715,98.89349930843707
2009-09-11 00:00:00,729,708,729,708,97.11934156378601
2009-09-14 00:00:00,727,718,727,718,98.76203576341128
2009-09-15 00:00:00,736,732,735,731,99.45652173913044
2009-09-16 00:00:00,748,742,748,742,99.19786096256685
2009-09-17 00:00:00,751,743,751,743,98.93475366178428
2009-09-18 00:00:00,755,751,755,751,99.47019867549669
2009-09-21 00:00:00,757,753,757,753,99.47159841479524
2009-09-22 00:00:00,760,753,760,753,99.07894736842105
2009-09-23 00:00:00,758,745,758,745,98.28496042216359
2009-09-24 00:00:00,758,752,757,751,99.2084432717678
2009-09-25 00:00:00,760,755,759,754,99.34210526315789
2009-09-28 00:00:00,761,740,760,739,97.24047306176084
2009-09-29 00:00:00,765,753,764,752,98.43137254901961
2009-09-30 00:00:00,764,752,763,751,98.42931937172774
2009-10-01 00:00:00,763,756,762,755,99.08256880733946
2009-10-02 00:00:00,770,763,770,763,99.0909090909091
2009-10-05 00:00:00,781,775,781,775,99.23175416133162
2009-10-06 00:00:00,790,784,790,784,99.24050632911393
2009-10-07 00:00:00,782,760,782,760,97.18670076726343
2009-10-08 00:00:00,788,783,787,782,99.36548223350253
2009-10-09 00:00:00,784,778,783,777,99.23469387755102
2009-10-12 00:00:00,782,778,781,777,99.48849104859335
2009-10-13 00:00:00,778,771,777,770,99.10025706940874
2009-10-14 00:00:00,775,765,774,764,98.70967741935483
2009-10-15 00:00:00,774,769,773,768,99.35400516795866
2009-10-16 00:00:00,771,767,771,767,99.48119325551232
2009-10-19 00:00:00,771,767,771,767,99.48119325551232
2009-10-20 00:00:00,779,772,778,771,99.10141206675225
2009-10-21 00:00:00,781,771,781,771,98.71959026888604
2009-10-22 00:00:00,785,774,785,774,98.59872611464968
2009-10-23 00:00:00,784,777,783,776,99.10714285714286
2009-10-26 00:00:00,786,780,786,780,99.23664122137404
2009-10-27 00:00:00,793,786,792,785,99.11727616645649
2009-10-28 00:00:00,787,767,786,766,97.4587039390089
2009-10-29 00:00:00,803,787,802,786,98.00747198007473
2009-10-30 00:00:00,806,801,805,800,99.37965260545906
2009-11-02 00:00:00,815,806,814,805,98.8957055214724
2009-11-03 00:00:00,818,807,816,805,98.65525672371638
2009-11-04 00:00:00,820,799,820,799,97.4390243902439
2009-11-05 00:00:00,828,815,828,815,98.42995169082126
2009-11-06 00:00:00,830,810,830,810,97.59036144578313
2009-11-09 00:00:00,840,828,840,828,98.57142857142857
2009-11-10 00:00:00,835,805,835,805,96.40718562874251
2009-11-11 00:00:00,836,831,836,831,99.40191387559808
2009-11-12 00:00:00,837,811,836,810,96.8936678614098
2009-11-13 00:00:00,832,824,831,823,99.03846153846153
2009-11-16 00:00:00,839,826,838,825,98.45053635280095
2009-11-17 00:00:00,836,823,835,822,98.44497607655502
2009-11-18 00:00:00,834,814,833,813,97.60191846522781
2009-11-19 00:00:00,829,820,828,819,98.91435464414958
2009-11-20 00:00:00,821,811,821,811,98.78197320341047
2009-11-23 00:00:00,815,805,815,805,98.77300613496932
2009-11-24 00:00:00,809,794,809,794,98.14585908529048
2009-11-25 00:00:00,800,777,800,777,97.125
2009-11-27 00:00:00,779,749,779,749,96.14890885750962
2009-11-30 00:00:00,772,761,772,761,98.57512953367876
2009-12-01 00:00:00,773,766,773,766,99.09443725743856
2009-12-02 00:00:00,771,749,770,748,97.14656290531777
2009-12-03 00:00:00,762,754,761,753,98.9501312335958
2009-12-04 00:00:00,756,749,755,748,99.07407407407408
2009-12-07 00:00:00,756,748,755,747,98.94179894179894
2009-12-08 00:00:00,756,739,755,738,97.75132275132275
2009-12-09 00:00:00,753,737,753,737,97.87516600265604
2009-12-10 00:00:00,752,741,751,740,98.5372340425532
2009-12-11 00:00:00,749,722,749,722,96.39519359145527
2009-12-14 00:00:00,753,737,753,737,97.87516600265604
2009-12-15 00:00:00,751,743,750,742,98.93475366178428
2009-12-16 00:00:00,756,748,755,747,98.94179894179894
2009-12-17 00:00:00,751,737,749,735,98.1358189081225
2009-12-18 00:00:00,769,763,767,762,99.21976592977893
2009-12-21 00:00:00,776,769,775,768,99.0979381443299
2009-12-22 00:00:00,773,764,772,763,98.83570504527813
2009-12-23 00:00:00,773,765,772,764,98.96507115135834
2009-12-24 00:00:00,768,762,767,761,99.21875
2009-12-28 00:00:00,768,758,767,757,98.69791666666667
2009-12-29 00:00:00,754,727,753,726,96.41909814323607
2009-12-30 00:00:00,742,729,741,728,98.24797843665768
2009-12-31 00:00:00,731,724,730,723,99.04240766073872
2010-01-04 00:00:00,727,717,727,717,98.62448418156809
2010-01-05 00:00:00,731,725,731,725,99.17920656634747
2010-01-06 00:00:00,740,723,740,723,97.70270270270271
2010-01-07 00:00:00,745,735,745,735,98.65771812080537
2010-01-08 00:00:00,744,738,744,738,99.19354838709677
2010-01-11 00:00:00,749,743,749,743,99.19893190921228
2010-01-12 00:00:00,748,742,748,742,99.19786096256685
2010-01-13 00:00:00,755,740,755,740,98.01324503311258
2010-01-14 00:00:00,747,739,747,739,98.92904953145917
2010-01-15 00:00:00,747,739,747,739,98.92904953145917
2010-01-19 00:00:00,748,742,748,742,99.19786096256685
2010-01-20 00:00:00,737,727,737,727,98.64314789687924
2010-01-21 00:00:00,749,740,749,740,98.79839786381842
2010-01-22 00:00:00,750,744,750,744,99.2
2010-01-25 00:00:00,754,748,754,748,99.20424403183024
2010-01-26 00:00:00,773,767,772,766,99.22380336351875
2010-01-27 00:00:00,779,766,779,766,98.33119383825417
2010-01-28 00:00:00,784,770,784,770,98.21428571428571
2010-01-29 00:00:00,788,781,787,780,99.11167512690355
2010-02-01 00:00:00,804,797,803,796,99.12935323383084
2010-02-02 00:00:00,809,799,807,797,98.76390605686032
2010-02-03 00:00:00,802,787,800,785,98.12967581047381
2010-02-04 00:00:00,797,788,795,786,98.87076537013802
2010-02-05 00:00:00,806,795,803,792,98.63523573200993
2010-02-08 00:00:00,807,789,805,787,97.76951672862454
2010-02-09 00:00:00,815,809,814,808,99.2638036809816
2010-02-10 00:00:00,810,778,809,777,96.04938271604938
2010-02-11 00:00:00,817,796,816,795,97.4296205630355
2010-02-12 00:00:00,823,812,821,810,98.66342648845686
2010-02-16 00:00:00,818,805,818,805,98.41075794621027
2010-02-17 00:00:00,818,794,818,794,97.06601466992664
2010-02-18 00:00:00,814,802,814,802,98.52579852579852
2010-02-19 00:00:00,815,805,814,804,98.77300613496932
2010-02-22 00:00:00,807,801,805,799,99.25650557620818
2010-02-23 00:00:00,808,799,807,798,98.88613861386139
2010-02-24 00:00:00,806,778,805,777,96.52605459057072
2010-02-25 00:00:00,808,779,806,777,96.41089108910892
2010-02-26 00:00:00,803,793,801,791,98.7546699875467
2010-03-01 00:00:00,803,792,803,792,98.63013698630137
2010-03-02 00:00:00,810,802,809,801,99.01234567901234
2010-03-03 00:00:00,808,785,807,784,97.15346534653466
2010-03-04 00:00:00,811,798,809,796,98.39704069050555
2010-03-05 00:00:00,810,798,808,796,98.51851851851852
2010-03-08 00:00:00,801,779,798,776,97.25343320848938
2010-03-09 00:00:00,807,791,805,789,98.01734820322181
2010-03-10 00:00:00,807,791,806,790,98.01734820322181
2010-03-11 00:00:00,813,789,811,787,97.0479704797048
2010-03-12 00:00:00,818,807,816,806,98.65525672371638
2010-03-15 00:00:00,811,800,811,800,98.64364981504316
2010-03-16 00:00:00,816,808,816,808,99.01960784313725
2010-03-17 00:00:00,821,813,821,813,99.02557856272838
2010-03-18 00:00:00,820,811,820,811,98.90243902439025
2010-03-19 00:00:00,826,821,826,821,99.39467312348668
2010-03-22 00:00:00,833,823,833,823,98.79951980792318
2010-03-23 00:00:00,831,823,831,823,99.03730445246691
2010-03-24 00:00:00,833,825,833,825,99.03961584633853
2010-03-25 00:00:00,830,826,830,826,99.51807228915662
2010-03-26 00:00:00,827,823,827,823,99.51632406287787
2010-03-29 00:00:00,814,789,814,789,96.92874692874693
2010-03-30 00:00:00,812,792,812,792,97.53694581280789
2010-03-31 00:00:00,808,802,808,802,99.25742574257426
2010-04-01 00:00:00,808,801,808,801,99.13366336633663
2010-04-05 00:00:00,807,800,807,800,99.13258983890954
2010-04-06 00:00:00,807,804,807,804,99.62825278810409
2010-04-07 00:00:00,811,795,811,795,98.02712700369914
2010-04-08 00:00:00,810,804,809,803,99.25925925925925
2010-04-09 00:00:00,811,807,809,805,99.50678175092479
2010-04-12 00:00:00,817,813,816,812,99.51040391676867
2010-04-13 00:00:00,818,810,817,809,99.02200488997555
2010-04-14 00:00:00,827,819,826,818,99.03264812575574
2010-04-15 00:00:00,824,821,823,820,99.63592233009709
2010-04-16 00:00:00,831,828,831,828,99.63898916967509
2010-04-19 00:00:00,825,821,825,821,99.51515151515152
2010-04-20 00:00:00,831,826,831,826,99.39831528279181
2010-04-21 00:00:00,838,834,837,833,99.52267303102626
2010-04-22 00:00:00,846,838,845,837,99.05437352245863
2010-04-23 00:00:00,847,842,846,841,99.40968122786305
2010-04-26 00:00:00,852,847,851,846,99.4131455399061
2010-04-27 00:00:00,854,848,853,847,99.29742388758783
2010-04-28 00:00:00,867,850,866,849,98.03921568627452
2010-04-29 00:00:00,875,858,875,858,98.05714285714286
2010-04-30 00:00:00,880,875,880,875,99.43181818181819
2010-05-03 00:00:00,886,875,886,875,98.75846501128669
2010-05-04 00:00:00,895,885,895,885,98.88268156424581
2010-05-05 00:00:00,891,870,891,870,97.64309764309765
2010-05-06 00:00:00,904,887,903,886,98.11946902654867
2010-05-07 00:00:00,913,906,912,905,99.23329682365826
2010-05-10 00:00:00,926,917,925,916,99.0280777537797
2010-05-11 00:00:00,930,927,929,926,99.6774193548387
2010-05-12 00:00:00,939,906,938,905,96.48562300319489
2010-05-13 00:00:00,937,923,936,922,98.50586979722519
2010-05-14 00:00:00,930,925,929,924,99.46236559139786
2010-05-17 00:00:00,934,925,934,925,99.03640256959315
2010-05-18 00:00:00,931,918,931,918,98.60365198711064
2010-05-19 00:00:00,928,916,928,916,98.70689655172414
2010-05-20 00:00:00,923,919,922,918,99.56663055254604
2010-05-21 00:00:00,928,924,928,924,99.56896551724138
2010-05-24 00:00:00,931,928,929,926,99.67776584317937
2010-05-25 00:00:00,929,924,927,922,99.46178686759957
2010-05-26 00:00:00,930,903,928,901,97.09677419354838
2010-05-27 00:00:00,936,902,934,900,96.36752136752136
2010-05-28 00:00:00,936,929,933,926,99.25213675213675
2010-06-01 00:00:00,926,921,926,921,99.46004319654428
2010-06-02 00:00:00,932,911,932,911,97.74678111587983
2010-06-03 00:00:00,926,916,926,916,98.92008639308855
2010-06-04 00:00:00,907,901,907,901,99.33847850055126
2010-06-07 00:00:00,885,875,885,875,98.87005649717514
2010-06-08 00:00:00,878,861,877,860,98.0637813211845
2010-06-09 00:00:00,877,862,877,862,98.2896237172178
2010-06-10 00:00:00,885,879,885,879,99.32203389830508
2010-06-11 00:00:00,885,857,885,857,96.8361581920904
2010-06-14 00:00:00,885,873,885,873,98.64406779661017
2010-06-15 00:00:00,889,881,889,881,99.10011248593926
2010-06-16 00:00:00,889,881,889,881,99.10011248593926
2010-06-17 00:00:00,880,871,880,871,98.97727272727273
2010-06-18 00:00:00,875,872,874,871,99.65714285714286
2010-06-21 00:00:00,857,852,856,851,99.41656942823803
2010-06-22 00:00:00,859,852,858,851,99.18509895227008
2010-06-23 00:00:00,852,840,850,838,98.59154929577464
2010-06-24 00:00:00,838,833,835,830,99.40334128878281
2010-06-25 00:00:00,855,851,852,848,99.53216374269006
2010-06-28 00:00:00,847,823,845,821,97.16646989374262
2010-06-29 00:00:00,843,832,841,830,98.69513641755634
2010-06-30 00:00:00,847,837,846,836,98.8193624557261
2010-07-01 00:00:00,847,836,847,836,98.7012987012987
2010-07-02 00:00:00,838,830,838,830,99.0453460620525
2010-07-06 00:00:00,832,827,832,827,99.39903846153847
2010-07-07 00:00:00,838,822,838,822,98.09069212410502
2010-07-08 00:00:00,837,829,837,829,99.0442054958184
2010-07-09 00:00:00,834,829,833,828,99.40047961630695
2010-07-12 00:00:00,832,826,830,824,99.27884615384616
2010-07-13 00:00:00,827,817,826,816,98.79081015719468
2010-07-14 00:00:00,823,816,821,814,99.1494532199271
2010-07-15 00:00:00,822,816,821,815,99.27007299270073
2010-07-16 00:00:00,821,815,820,814,99.26918392204628
2010-07-19 00:00:00,804,798,804,798,99.25373134328358
2010-07-20 00:00:00,814,806,814,806,99.01719901719902
2010-07-21 00:00:00,808,800,807,799,99.00990099009901
2010-07-22 00:00:00,822,813,822,813,98.9051094890511
2010-07-23 00:00:00,831,824,831,824,99.15764139590854
2010-07-26 00:00:00,818,811,818,811,99.14425427872861
2010-07-27 00:00:00,822,815,821,814,99.14841849148418
2010-07-28 00:00:00,810,792,810,792,97.77777777777777
2010-07-29 00:00:00,809,792,807,790,97.89864029666255
2010-07-30 00:00:00,799,793,799,793,99.24906132665832
2010-08-02 00:00:00,809,800,809,800,98.8875154511743
2010-08-03 00:00:00,804,792,804,792,98.50746268656717
2010-08-04 00:00:00,810,786,810,786,97.03703703703704
2010-08-05 00:00:00,807,796,807,796,98.636926889715
2010-08-06 00:00:00,809,792,809,792,97.89864029666255
2010-08-09 00:00:00,809,798,809,798,98.64029666254635
2010-08-10 00:00:00,815,805,815,805,98.77300613496932
2010-08-11 00:00:00,807,778,807,778,96.40644361833952
2010-08-12 00:00:00,809,787,809,787,97.28059332509271
2010-08-13 00:00:00,800,790,800,790,98.75
2010-08-16 00:00:00,799,787,799,787,98.49812265331664
2010-08-17 00:00:00,803,791,803,791,98.50560398505604
2010-08-18 00:00:00,796,778,796,778,97.73869346733669
2010-08-19 00:00:00,789,780,789,780,98.85931558935361
2010-08-20 00:00:00,777,769,775,767,98.97039897039897
2010-08-23 00:00:00,769,759,767,757,98.6996098829649
2010-08-24 00:00:00,767,756,765,754,98.56584093872229
2010-08-25 00:00:00,764,745,763,744,97.5130890052356
2010-08-26 00:00:00,756,748,755,747,98.94179894179894
2010-08-27 00:00:00,757,734,756,733,96.96169088507266
2010-08-30 00:00:00,745,716,745,716,96.10738255033557
2010-08-31 00:00:00,740,730,740,730,98.64864864864865
2010-09-01 00:00:00,743,729,743,729,98.1157469717362
2010-09-02 00:00:00,740,725,740,725,97.97297297297297
2010-09-03 00:00:00,744,732,744,732,98.38709677419355
2010-09-07 00:00:00,745,734,745,734,98.52348993288591
2010-09-08 00:00:00,744,713,744,713,95.83333333333333
2010-09-09 00:00:00,738,731,738,731,99.05149051490515
2010-09-10 00:00:00,738,730,738,730,98.9159891598916
2010-09-13 00:00:00,745,720,745,720,96.64429530201342
2010-09-14 00:00:00,747,739,747,739,98.92904953145917
2010-09-15 00:00:00,747,739,747,739,98.92904953145917
2010-09-16 00:00:00,750,740,750,740,98.66666666666667
2010-09-17 00:00:00,751,746,751,746,99.33422103861518
2010-09-20 00:00:00,759,751,758,750,98.9459815546772
2010-09-21 00:00:00,765,759,764,758,99.2156862745098
2010-09-22 00:00:00,763,754,762,753,98.82044560943643
2010-09-23 00:00:00,763,758,761,756,99.34469200524246
2010-09-24 00:00:00,767,762,763,758,99.34810951760105
2010-09-27 00:00:00,766,762,763,759,99.47780678851174
2010-09-28 00:00:00,773,752,771,750,97.28331177231566
2010-09-29 00:00:00,776,761,774,759,98.06701030927834
2010-09-30 00:00:00,782,778,778,774,99.48849104859335
2010-10-01 00:00:00,776,773,775,772,99.61340206185567
2010-10-04 00:00:00,775,768,775,768,99.09677419354838
2010-10-05 00:00:00,779,776,779,776,99.61489088575097
2010-10-06 00:00:00,784,765,784,765,97.5765306122449
2010-10-07 00:00:00,789,786,789,786,99.61977186311788
2010-10-08 00:00:00,793,791,793,791,99.74779319041615
2010-10-11 00:00:00,788,787,788,787,99.8730964467005
2010-10-12 00:00:00,787,785,787,785,99.74587039390089
2010-10-13 00:00:00,794,779,794,779,98.11083123425692
2010-10-14 00:00:00,800,797,800,797,99.625
2010-10-15 00:00:00,794,793,794,793,99.87405541561712
2010-10-18 00:00:00,795,793,795,793,99.74842767295597
2010-10-19 00:00:00,791,789,790,788,99.74715549936789
2010-10-20 00:00:00,798,792,798,792,99.24812030075188
2010-10-21 00:00:00,800,793,799,792,99.125
2010-10-22 00:00:00,797,796,797,796,99.87452948557089
2010-10-25 00:00:00,797,794,797,794,99.62358845671267
2010-10-26 00:00:00,801,799,801,799,99.75031210986268
2010-10-27 00:00:00,801,789,801,789,98.50187265917603
2010-10-28 00:00:00,801,788,801,788,98.37702871410737
2010-10-29 00:00:00,808,806,808,806,99.75247524752476
2010-11-01 00:00:00,808,807,808,807,99.87623762376238
2010-11-02 00:00:00,812,806,812,806,99.26108374384236
2010-11-03 00:00:00,816,803,815,802,98.40686274509804
2010-11-04 00:00:00,823,814,822,813,98.90643985419199
2010-11-05 00:00:00,825,820,824,819,99.39393939393939
2010-11-08 00:00:00,828,810,826,808,97.82608695652173
2010-11-09 00:00:00,832,813,830,811,97.71634615384616
2010-11-10 00:00:00,837,813,835,811,97.1326164874552
2010-11-11 00:00:00,830,828,829,827,99.75903614457832
2010-11-12 00:00:00,833,824,832,823,98.91956782713085
2010-11-15 00:00:00,833,824,830,821,98.91956782713085
2010-11-16 00:00:00,832,820,829,817,98.5576923076923
2010-11-17 00:00:00,820,803,820,803,97.92682926829268
2010-11-18 00:00:00,818,810,818,810,99.02200488997555
2010-11-19 00:00:00,811,806,811,806,99.38347718865597
2010-11-22 00:00:00,814,804,813,803,98.77149877149877
2010-11-23 00:00:00,813,799,813,799,98.2779827798278
2010-11-24 00:00:00,805,798,805,798,99.1304347826087
2010-11-26 00:00:00,794,774,794,774,97.48110831234257
2010-11-29 00:00:00,788,759,788,759,96.31979695431473
2010-11-30 00:00:00,791,786,791,786,99.36788874841972
2010-12-01 00:00:00,795,775,795,775,97.48427672955975
2010-12-02 00:00:00,799,791,799,791,98.99874843554443
2010-12-03 00:00:00,798,788,798,788,98.7468671679198
2010-12-06 00:00:00,797,787,797,787,98.7452948557089
2010-12-07 00:00:00,802,796,802,796,99.25187032418953
2010-12-08 00:00:00,801,773,801,773,96.5043695380774
2010-12-09 00:00:00,804,791,804,791,98.38308457711443
2010-12-10 00:00:00,805,797,805,797,99.00621118012423
2010-12-13 00:00:00,805,778,805,778,96.64596273291926
2010-12-14 00:00:00,815,808,815,808,99.14110429447852
2010-12-15 00:00:00,818,806,818,806,98.53300733496333
2010-12-16 00:00:00,826,809,826,809,97.94188861985472
2010-12-17 00:00:00,838,831,838,831,99.16467780429595
2010-12-20 00:00:00,847,840,846,839,99.17355371900827
2010-12-21 00:00:00,846,833,846,833,98.46335697399527
2010-12-22 00:00:00,845,834,845,834,98.69822485207101
2010-12-23 00:00:00,835,828,835,828,99.16167664670658
2010-12-27 00:00:00,837,830,836,829,99.1636798088411
2010-12-28 00:00:00,836,830,835,829,99.2822966507177
2010-12-29 00:00:00,817,788,816,787,96.45042839657283
2010-12-30 00:00:00,807,794,806,793,98.38909541511772
2010-12-31 00:00:00,787,780,786,779,99.11054637865311
2011-01-03 00:00:00,790,780,790,780,98.73417721518987
2011-01-04 00:00:00,792,782,792,782,98.73737373737374
2011-01-05 00:00:00,795,780,795,780,98.11320754716981
2011-01-06 00:00:00,799,783,799,783,97.99749687108886
2011-01-07 00:00:00,804,797,804,797,99.12935323383084
2011-01-10 00:00:00,810,805,810,805,99.38271604938272
2011-01-11 00:00:00,810,805,809,804,99.38271604938272
2011-01-12 00:00:00,807,792,805,790,98.14126394052045
2011-01-13 00:00:00,803,796,801,794,99.1282689912827
2011-01-14 00:00:00,798,791,797,790,99.12280701754386
2011-01-18 00:00:00,790,784,789,783,99.24050632911393
2011-01-19 00:00:00,795,785,795,785,98.74213836477988
2011-01-20 00:00:00,799,793,799,793,99.24906132665832
2011-01-21 00:00:00,798,790,798,790,98.99749373433583
2011-01-24 00:00:00,809,803,809,803,99.25834363411619
2011-01-25 00:00:00,815,804,815,804,98.65030674846626
2011-01-26 00:00:00,829,816,829,816,98.43184559710494
2011-01-27 00:00:00,842,825,841,824,97.9809976247031
2011-01-28 00:00:00,857,839,857,839,97.89964994165695
2011-01-31 00:00:00,866,855,866,855,98.72979214780601
2011-02-01 00:00:00,873,857,873,857,98.16723940435281
2011-02-02 00:00:00,879,861,879,861,97.95221843003414
2011-02-03 00:00:00,879,860,879,860,97.83845278725825
2011-02-04 00:00:00,871,854,871,854,98.04822043628013
2011-02-07 00:00:00,870,855,870,855,98.27586206896552
2011-02-08 00:00:00,861,838,861,838,97.32868757259001
2011-02-09 00:00:00,865,843,865,843,97.45664739884393
2011-02-10 00:00:00,864,846,863,845,97.91666666666667
2011-02-11 00:00:00,873,846,872,845,96.90721649484536
2011-02-14 00:00:00,879,863,878,862,98.1797497155859
2011-02-15 00:00:00,880,869,879,868,98.75
2011-02-16 00:00:00,874,845,873,844,96.68192219679634
2011-02-17 00:00:00,879,862,877,860,98.06598407281001
2011-02-18 00:00:00,887,879,886,878,99.09808342728297
2011-02-22 00:00:00,892,880,891,879,98.65470852017937
2011-02-23 00:00:00,896,873,895,872,97.43303571428571
2011-02-24 00:00:00,900,872,899,871,96.88888888888889
2011-02-25 00:00:00,903,869,902,868,96.23477297895903
2011-02-28 00:00:00,895,880,894,879,98.32402234636872
2011-03-01 00:00:00,897,882,897,882,98.32775919732441
2011-03-02 00:00:00,894,867,894,867,96.97986577181209
2011-03-03 00:00:00,899,885,899,885,98.44271412680756
2011-03-04 00:00:00,893,885,892,884,99.10414333706606
2011-03-07 00:00:00,896,885,896,885,98.77232142857143
2011-03-08 00:00:00,905,882,904,881,97.45856353591161
2011-03-09 00:00:00,905,879,905,879,97.12707182320442
2011-03-10 00:00:00,902,891,902,891,98.78048780487805
2011-03-11 00:00:00,904,873,904,873,96.570796460177
2011-03-14 00:00:00,903,889,903,889,98.44961240310077
2011-03-15 00:00:00,906,896,906,896,98.8962472406181
2011-03-16 00:00:00,907,893,907,893,98.45644983461962
2011-03-17 00:00:00,912,901,912,901,98.79385964912281
2011-03-18 00:00:00,915,909,914,908,99.34426229508196
2011-03-21 00:00:00,914,907,914,907,99.23413566739606
2011-03-22 00:00:00,908,899,908,899,99.00881057268722
2011-03-23 00:00:00,899,888,898,887,98.77641824249166
2011-03-24 00:00:00,890,883,888,881,99.21348314606742
2011-03-25 00:00:00,887,882,885,880,99.43630214205186
2011-03-28 00:00:00,885,879,883,877,99.32203389830508
2011-03-29 00:00:00,879,849,877,847,96.58703071672355
2011-03-30 00:00:00,883,859,882,858,97.28199320498301
2011-03-31 00:00:00,877,871,876,870,99.31584948688712
2011-04-01 00:00:00,880,873,879,872,99.20454545454545
2011-04-04 00:00:00,876,864,875,863,98.63013698630137
2011-04-05 00:00:00,882,874,881,873,99.09297052154194
2011-04-06 00:00:00,880,863,879,862,98.06818181818181
2011-04-07 00:00:00,880,870,879,869,98.86363636363636
2011-04-08 00:00:00,876,870,875,869,99.31506849315069
2011-04-11 00:00:00,868,863,868,863,99.42396313364056
2011-04-12 00:00:00,863,857,863,857,99.30475086906141
2011-04-13 00:00:00,856,842,856,842,98.3644859813084
2011-04-14 00:00:00,857,850,856,849,99.18319719953325
2011-04-15 00:00:00,848,845,847,844,99.64622641509433
2011-04-18 00:00:00,849,845,849,845,99.52885747938751
2011-04-19 00:00:00,851,841,850,840,98.82491186839013
2011-04-20 00:00:00,858,850,858,850,99.06759906759906
2011-04-21 00:00:00,864,857,864,857,99.18981481481481
2011-04-25 00:00:00,861,852,860,851,98.95470383275261
2011-04-26 00:00:00,864,857,863,856,99.18981481481481
2011-04-27 00:00:00,885,864,882,861,97.62711864406779
2011-04-28 00:00:00,886,867,885,866,97.85553047404063
2011-04-29 00:00:00,889,880,888,879,98.98762654668167
2011-05-02 00:00:00,883,875,882,874,99.09399773499433
2011-05-03 00:00:00,890,882,890,882,99.10112359550561
2011-05-04 00:00:00,895,881,895,881,98.43575418994413
2011-05-05 00:00:00,896,885,896,885,98.77232142857143
2011-05-06 00:00:00,894,874,894,874,97.76286353467562
2011-05-09 00:00:00,898,887,898,887,98.7750556792873
2011-05-10 00:00:00,905,895,904,894,98.89502762430939
2011-05-11 00:00:00,905,878,905,878,97.01657458563535
2011-05-12 00:00:00,903,880,903,880,97.45293466223698
2011-05-13 00:00:00,903,890,903,890,98.56035437430786
2011-05-16 00:00:00,900,886,900,886,98.44444444444444
2011-05-17 00:00:00,901,888,901,888,98.55715871254162
2011-05-18 00:00:00,907,884,907,884,97.46416758544653
2011-05-19 00:00:00,907,896,907,896,98.787210584344
2011-05-20 00:00:00,914,908,913,907,99.34354485776805
2011-05-23 00:00:00,921,910,918,907,98.8056460369164
2011-05-24 00:00:00,907,900,902,895,99.22822491730982
2011-05-25 00:00:00,905,888,900,883,98.12154696132596
2011-05-26 00:00:00,903,885,899,881,98.00664451827242
2011-05-27 00:00:00,903,869,899,865,96.23477297895903
2011-05-31 00:00:00,910,903,907,900,99.23076923076923
2011-06-01 00:00:00,909,889,907,888,97.7997799779978
2011-06-02 00:00:00,907,895,907,895,98.67695700110254
2011-06-03 00:00:00,907,899,907,899,99.11797133406836
2011-06-06 00:00:00,900,893,900,893,99.22222222222223
2011-06-07 00:00:00,900,893,900,893,99.22222222222223
2011-06-08 00:00:00,898,867,898,867,96.5478841870824
2011-06-09 00:00:00,893,888,893,888,99.4400895856663
2011-06-10 00:00:00,894,885,894,885,98.99328859060402
2011-06-13 00:00:00,897,871,897,871,97.10144927536231
2011-06-14 00:00:00,896,887,895,886,98.99553571428571
2011-06-15 00:00:00,894,882,894,882,98.65771812080537
2011-06-16 00:00:00,894,882,894,882,98.65771812080537
2011-06-17 00:00:00,903,897,901,895,99.33554817275747
2011-06-20 00:00:00,901,896,901,896,99.44506104328524
2011-06-21 00:00:00,903,898,903,898,99.44629014396456
2011-06-22 00:00:00,907,893,907,893,98.45644983461962
2011-06-23 00:00:00,909,907,906,904,99.77997799779978
2011-06-24 00:00:00,925,922,922,919,99.67567567567568
2011-06-27 00:00:00,926,923,922,919,99.67602591792657
2011-06-28 00:00:00,916,890,912,886,97.16157205240175
2011-06-29 00:00:00,914,894,909,889,97.81181619256017
2011-06-30 00:00:00,914,910,912,908,99.56236323851203
2011-07-01 00:00:00,908,898,907,897,98.89867841409692
2011-07-05 00:00:00,907,898,905,896,99.0077177508269
2011-07-06 00:00:00,907,888,906,887,97.90518191841235
2011-07-07 00:00:00,908,894,907,893,98.45814977973568
2011-07-08 00:00:00,905,899,903,897,99.33701657458563
2011-07-11 00:00:00,902,896,901,895,99.33481152993348
2011-07-12 00:00:00,909,902,908,901,99.22992299229924
2011-07-13 00:00:00,910,896,908,894,98.46153846153847
2011-07-14 00:00:00,910,901,909,900,99.01098901098901
2011-07-15 00:00:00,910,903,910,903,99.23076923076923
2011-07-18 00:00:00,900,892,900,892,99.11111111111111
2011-07-19 00:00:00,904,898,904,898,99.33628318584071
2011-07-20 00:00:00,895,883,894,882,98.65921787709497
2011-07-21 00:00:00,891,880,891,880,98.76543209876543
2011-07-22 00:00:00,886,876,886,876,98.87133182844244
2011-07-25 00:00:00,865,854,865,854,98.72832369942196
2011-07-26 00:00:00,869,859,869,859,98.84925201380898
2011-07-27 00:00:00,868,848,868,848,97.6958525345622
2011-07-28 00:00:00,876,854,876,854,97.48858447488584
2011-07-29 00:00:00,880,872,880,872,99.0909090909091
2011-08-01 00:00:00,888,880,888,880,99.09909909909909
2011-08-02 00:00:00,889,881,889,881,99.10011248593926
2011-08-03 00:00:00,894,875,894,875,97.87472035794184
2011-08-04 00:00:00,905,893,905,893,98.67403314917127
2011-08-05 00:00:00,914,904,914,904,98.90590809628009
2011-08-08 00:00:00,917,895,917,895,97.60087241003272
2011-08-09 00:00:00,945,936,945,936,99.04761904761905
2011-08-10 00:00:00,947,926,947,926,97.78247096092925
2011-08-11 00:00:00,962,932,962,932,96.88149688149689
2011-08-12 00:00:00,967,956,967,956,98.86246122026887
2011-08-15 00:00:00,975,959,975,959,98.35897435897436
2011-08-16 00:00:00,973,956,973,956,98.25282631038027
2011-08-17 00:00:00,971,947,971,947,97.52832131822863
2011-08-18 00:00:00,966,952,965,951,98.55072463768116
2011-08-19 00:00:00,961,954,961,954,99.27159209157128
2011-08-22 00:00:00,958,951,958,951,99.26931106471817
2011-08-23 00:00:00,968,956,968,956,98.7603305785124
2011-08-24 00:00:00,966,945,965,944,97.82608695652173
2011-08-25 00:00:00,956,944,955,943,98.74476987447699
2011-08-26 00:00:00,957,948,957,948,99.05956112852665
2011-08-29 00:00:00,956,935,956,935,97.80334728033473
2011-08-30 00:00:00,947,910,947,910,96.09292502639916
2011-08-31 00:00:00,946,924,946,924,97.67441860465117
2011-09-01 00:00:00,932,915,932,915,98.17596566523605
2011-09-02 00:00:00,908,896,908,896,98.6784140969163
2011-09-06 00:00:00,895,886,895,886,98.99441340782123
2011-09-07 00:00:00,882,850,882,850,96.3718820861678
2011-09-08 00:00:00,866,855,866,855,98.72979214780601
2011-09-09 00:00:00,856,850,856,850,99.29906542056075
2011-09-12 00:00:00,850,839,850,839,98.70588235294117
2011-09-13 00:00:00,850,819,849,818,96.3529411764706
2011-09-14 00:00:00,853,840,853,840,98.4759671746776
2011-09-15 00:00:00,858,848,858,848,98.83449883449883
2011-09-16 00:00:00,860,851,857,848,98.95348837209302
2011-09-19 00:00:00,850,844,848,842,99.29411764705883
2011-09-20 00:00:00,849,841,847,839,99.05771495877502
2011-09-21 00:00:00,844,833,842,831,98.69668246445498
2011-09-22 00:00:00,847,840,845,838,99.17355371900827
2011-09-23 00:00:00,854,847,850,843,99.18032786885246
2011-09-26 00:00:00,855,850,853,848,99.41520467836257
2011-09-27 00:00:00,858,855,856,853,99.65034965034965
2011-09-28 00:00:00,849,815,847,813,95.99528857479388
2011-09-29 00:00:00,850,836,848,834,98.3529411764706
2011-09-30 00:00:00,851,848,849,846,99.64747356051704
2011-10-03 00:00:00,842,835,842,835,99.1686460807601
2011-10-04 00:00:00,857,847,856,846,98.83313885647608
2011-10-05 00:00:00,862,840,862,840,97.4477958236659
2011-10-06 00:00:00,866,855,866,855,98.72979214780601
2011-10-07 00:00:00,861,855,861,855,99.30313588850174
2011-10-10 00:00:00,866,863,866,863,99.65357967667437
2011-10-11 00:00:00,866,861,866,861,99.42263279445727
2011-10-12 00:00:00,869,858,869,858,98.73417721518987
2011-10-13 00:00:00,871,862,870,861,98.96670493685419
2011-10-14 00:00:00,860,854,860,854,99.30232558139535
2011-10-17 00:00:00,854,847,854,847,99.18032786885246
2011-10-18 00:00:00,856,852,856,852,99.53271028037383
2011-10-19 00:00:00,852,842,852,842,98.82629107981221
2011-10-20 00:00:00,847,839,846,838,99.05548996458087
2011-10-21 00:00:00,855,849,855,849,99.29824561403508
2011-10-24 00:00:00,862,855,861,854,99.18793503480279
2011-10-25 00:00:00,858,851,857,850,99.18414918414918
2011-10-26 00:00:00,869,860,868,859,98.96432681242808
2011-10-27 00:00:00,887,868,886,867,97.85794813979707
2011-10-28 00:00:00,888,874,887,873,98.42342342342343
2011-10-31 00:00:00,881,871,881,871,98.86492622020431
2011-11-01 00:00:00,870,862,870,862,99.08045977011494
2011-11-02 00:00:00,877,861,877,861,98.17559863169897
2011-11-03 00:00:00,878,861,878,861,98.0637813211845
2011-11-04 00:00:00,878,868,877,867,98.86104783599089
2011-11-07 00:00:00,877,868,877,868,98.97377423033068
2011-11-08 00:00:00,882,849,881,848,96.25850340136054
2011-11-09 00:00:00,876,859,875,858,98.05936073059361
2011-11-10 00:00:00,875,854,875,854,97.6
2011-11-11 00:00:00,879,873,879,873,99.31740614334471
2011-11-14 00:00:00,880,863,879,862,98.06818181818181
2011-11-15 00:00:00,877,864,875,862,98.51767388825542
2011-11-16 00:00:00,872,845,871,844,96.90366972477064
2011-11-17 00:00:00,874,859,873,858,98.2837528604119
2011-11-18 00:00:00,866,857,864,856,98.96073903002309
2011-11-21 00:00:00,861,845,860,845,98.14169570267131
2011-11-22 00:00:00,861,841,860,841,97.67711962833914
2011-11-23 00:00:00,852,836,850,835,98.12206572769954
2011-11-25 00:00:00,831,814,828,812,97.95427196149218
2011-11-28 00:00:00,834,808,832,807,96.88249400479616
2011-11-29 00:00:00,831,792,830,791,95.30685920577618
2011-11-30 00:00:00,839,814,838,813,97.0202622169249
2011-12-01 00:00:00,836,818,835,817,97.8468899521531
2011-12-02 00:00:00,832,820,832,820,98.5576923076923
2011-12-05 00:00:00,838,823,837,822,98.21002386634845
2011-12-06 00:00:00,838,825,837,824,98.44868735083533
2011-12-07 00:00:00,838,805,837,804,96.06205250596659
2011-12-08 00:00:00,828,811,826,809,97.94685990338164
2011-12-09 00:00:00,828,817,826,815,98.67149758454106
2011-12-12 00:00:00,830,814,829,813,98.07228915662651
2011-12-13 00:00:00,824,797,823,796,96.72330097087378
2011-12-14 00:00:00,824,809,823,808,98.17961165048544
2011-12-15 00:00:00,826,808,825,807,97.82082324455206
2011-12-16 00:00:00,838,819,837,818,97.73269689737471
2011-12-19 00:00:00,833,821,832,820,98.5594237695078
2011-12-20 00:00:00,843,829,843,829,98.33926453143535
2011-12-21 00:00:00,843,829,843,829,98.33926453143535
2011-12-22 00:00:00,843,829,842,828,98.33926453143535
2011-12-23 00:00:00,845,834,844,833,98.69822485207101
2011-12-27 00:00:00,841,829,840,828,98.5731272294887
2011-12-28 00:00:00,835,798,834,797,95.5688622754491
2011-12-29 00:00:00,814,798,813,797,98.03439803439804
2011-12-30 00:00:00,810,797,810,797,98.39506172839506
2012-01-03 00:00:00,810,800,810,800,98.76543209876543
2012-01-04 00:00:00,805,784,805,784,97.3913043478261
2012-01-05 00:00:00,807,796,807,796,98.636926889715
2012-01-06 00:00:00,804,787,804,787,97.88557213930348
2012-01-09 00:00:00,807,797,806,796,98.76084262701363
2012-01-10 00:00:00,805,796,804,795,98.88198757763975
2012-01-11 00:00:00,808,793,807,792,98.14356435643565
2012-01-12 00:00:00,810,795,809,794,98.14814814814815
2012-01-13 00:00:00,801,789,800,788,98.50187265917603
2012-01-17 00:00:00,798,787,797,786,98.62155388471177
2012-01-18 00:00:00,782,766,782,766,97.9539641943734
2012-01-19 00:00:00,783,769,783,769,98.21200510855684
2012-01-20 00:00:00,787,775,787,775,98.47522236340534
2012-01-23 00:00:00,784,770,784,770,98.21428571428571
2012-01-24 00:00:00,791,777,791,777,98.23008849557522
2012-01-25 00:00:00,803,787,802,786,98.00747198007473
2012-01-26 00:00:00,812,796,812,796,98.0295566502463
2012-01-27 00:00:00,827,806,826,805,97.46070133010883
2012-01-30 00:00:00,832,813,830,811,97.71634615384616
2012-01-31 00:00:00,841,828,839,826,98.45422116527944
2012-02-01 00:00:00,854,838,852,836,98.1264637002342
2012-02-02 00:00:00,856,839,854,837,98.01401869158879
2012-02-03 00:00:00,861,843,860,842,97.90940766550523
2012-02-06 00:00:00,856,840,855,839,98.13084112149532
2012-02-07 00:00:00,860,847,859,846,98.48837209302326
2012-02-08 00:00:00,857,827,857,827,96.49941656942823
2012-02-09 00:00:00,854,840,854,840,98.36065573770492
2012-02-10 00:00:00,855,840,854,839,98.24561403508773
2012-02-13 00:00:00,859,826,857,824,96.15832363213039
2012-02-14 00:00:00,859,841,859,841,97.90454016298021
2012-02-15 00:00:00,857,828,857,828,96.61610268378062
2012-02-16 00:00:00,862,837,861,836,97.09976798143852
2012-02-17 00:00:00,863,853,863,853,98.84125144843568
2012-02-21 00:00:00,863,851,863,851,98.60950173812283
2012-02-22 00:00:00,860,841,859,840,97.79069767441861
2012-02-23 00:00:00,865,847,865,847,97.91907514450867
2012-02-24 00:00:00,867,854,867,854,98.50057670126874
2012-02-27 00:00:00,868,847,868,847,97.58064516129032
2012-02-28 00:00:00,874,835,874,835,95.53775743707094
2012-02-29 00:00:00,873,847,872,846,97.0217640320733
2012-03-01 00:00:00,875,848,874,847,96.91428571428571
2012-03-02 00:00:00,871,857,870,856,98.3926521239954
2012-03-05 00:00:00,867,847,865,845,97.69319492502883
2012-03-06 00:00:00,869,855,868,854,98.38895281933257
2012-03-07 00:00:00,875,835,873,833,95.42857142857143
2012-03-08 00:00:00,879,857,878,857,97.4971558589306
2012-03-09 00:00:00,879,869,878,868,98.86234357224119
2012-03-12 00:00:00,877,859,876,858,97.94754846066135
2012-03-13 00:00:00,872,833,872,833,95.52752293577981
2012-03-14 00:00:00,868,848,868,848,97.6958525345622
2012-03-15 00:00:00,865,854,865,854,98.72832369942196
2012-03-16 00:00:00,870,858,870,858,98.62068965517241
2012-03-19 00:00:00,874,863,873,862,98.74141876430205
2012-03-20 00:00:00,864,856,863,855,99.07407407407408
2012-03-21 00:00:00,862,850,861,849,98.60788863109049
2012-03-22 00:00:00,852,842,851,841,98.82629107981221
2012-03-23 00:00:00,855,850,853,848,99.41520467836257
2012-03-26 00:00:00,856,850,854,848,99.29906542056075
2012-03-27 00:00:00,852,844,851,843,99.06103286384976
2012-03-28 00:00:00,850,814,849,813,95.76470588235294
2012-03-29 00:00:00,849,839,848,838,98.82214369846879
2012-03-30 00:00:00,845,839,844,838,99.28994082840237
2012-04-02 00:00:00,847,840,847,840,99.17355371900827
2012-04-03 00:00:00,843,827,843,827,98.10201660735468
2012-04-04 00:00:00,848,835,848,835,98.46698113207547
2012-04-05 00:00:00,852,837,851,836,98.2394366197183
2012-04-09 00:00:00,854,846,853,845,99.06323185011709
2012-04-10 00:00:00,856,851,856,851,99.41588785046729
2012-04-11 00:00:00,852,839,852,839,98.47417840375587
2012-04-12 00:00:00,859,848,859,848,98.71944121071013
2012-04-13 00:00:00,855,848,855,848,99.18128654970761
2012-04-16 00:00:00,844,839,844,839,99.40758293838863
2012-04-17 00:00:00,849,843,849,843,99.29328621908127
2012-04-18 00:00:00,847,840,847,840,99.17355371900827
2012-04-19 00:00:00,855,844,855,844,98.71345029239767
2012-04-20 00:00:00,854,849,854,849,99.41451990632318
2012-04-23 00:00:00,853,846,850,843,99.17936694021103
2012-04-24 00:00:00,852,847,849,844,99.4131455399061
2012-04-25 00:00:00,857,846,854,843,98.71645274212369
2012-04-26 00:00:00,859,842,855,838,98.0209545983702
2012-04-27 00:00:00,863,853,860,850,98.84125144843568
2012-04-30 00:00:00,866,860,865,859,99.30715935334872
2012-05-01 00:00:00,868,862,868,862,99.30875576036867
2012-05-02 00:00:00,870,858,870,858,98.62068965517241
2012-05-03 00:00:00,881,863,881,863,97.95686719636777
2012-05-04 00:00:00,879,867,879,867,98.63481228668942
2012-05-07 00:00:00,880,869,880,869,98.75
2012-05-08 00:00:00,886,868,886,868,97.96839729119638
2012-05-09 00:00:00,892,869,892,869,97.42152466367713
2012-05-10 00:00:00,890,873,890,873,98.08988764044943
2012-05-11 00:00:00,895,872,895,872,97.43016759776536
2012-05-14 00:00:00,892,874,892,874,97.98206278026906
2012-05-15 00:00:00,890,872,889,871,97.97752808988764
2012-05-16 00:00:00,888,865,887,864,97.40990990990991
2012-05-17 00:00:00,882,867,881,866,98.29931972789116
2012-05-18 00:00:00,883,877,882,876,99.32049830124575
2012-05-21 00:00:00,892,883,890,881,98.99103139013452
2012-05-22 00:00:00,893,883,892,882,98.88017917133259
2012-05-23 00:00:00,893,880,892,879,98.54423292273236
2012-05-24 00:00:00,885,871,884,870,98.4180790960452
2012-05-25 00:00:00,877,869,876,868,99.08779931584948
2012-05-29 00:00:00,878,858,877,857,97.72209567198178
2012-05-30 00:00:00,865,819,864,818,94.6820809248555
2012-05-31 00:00:00,867,853,866,852,98.38523644752019
2012-06-01 00:00:00,858,847,857,846,98.71794871794872
2012-06-04 00:00:00,853,838,852,837,98.24150058616647
2012-06-05 00:00:00,857,848,857,848,98.94982497082847
2012-06-06 00:00:00,851,820,851,820,96.3572267920094
2012-06-07 00:00:00,854,838,854,838,98.1264637002342
2012-06-08 00:00:00,854,840,854,840,98.36065573770492
2012-06-11 00:00:00,850,838,850,838,98.58823529411765
2012-06-12 00:00:00,847,838,847,838,98.93742621015349
2012-06-13 00:00:00,852,813,852,813,95.4225352112676
2012-06-14 00:00:00,851,842,851,842,98.94242068155111
2012-06-15 00:00:00,852,845,852,845,99.17840375586854
2012-06-18 00:00:00,849,839,849,839,98.82214369846879
2012-06-19 00:00:00,851,840,851,840,98.70740305522914
2012-06-20 00:00:00,850,840,850,840,98.82352941176471
2012-06-21 00:00:00,852,845,851,844,99.17840375586854
2012-06-22 00:00:00,872,865,871,864,99.19724770642202
2012-06-25 00:00:00,867,858,863,854,98.96193771626298
2012-06-26 00:00:00,866,859,862,855,99.19168591224019
2012-06-27 00:00:00,868,833,864,829,95.96774193548387
2012-06-28 00:00:00,863,850,860,847,98.4936268829664
2012-06-29 00:00:00,863,852,858,847,98.72537659327926
2012-07-02 00:00:00,857,845,854,842,98.5997666277713
2012-07-03 00:00:00,850,831,850,831,97.76470588235294
2012-07-05 00:00:00,852,842,852,842,98.82629107981221
2012-07-06 00:00:00,842,827,842,827,98.21852731591449
2012-07-09 00:00:00,840,827,840,827,98.45238095238095
2012-07-10 00:00:00,840,831,839,830,98.92857142857143
2012-07-11 00:00:00,836,821,835,820,98.20574162679426
2012-07-12 00:00:00,831,818,830,817,98.43561973525873
2012-07-13 00:00:00,834,824,833,823,98.8009592326139
2012-07-16 00:00:00,829,819,828,818,98.79372738238843
2012-07-17 00:00:00,827,819,827,819,99.03264812575574
2012-07-18 00:00:00,829,818,829,818,98.67310012062727
2012-07-19 00:00:00,829,817,829,817,98.55247285886611
2012-07-20 00:00:00,841,830,841,830,98.69203329369797
2012-07-23 00:00:00,819,807,819,807,98.53479853479854
2012-07-24 00:00:00,822,812,822,812,98.78345498783455
2012-07-25 00:00:00,822,807,822,807,98.17518248175182
2012-07-26 00:00:00,825,817,824,816,99.03030303030303
2012-07-27 00:00:00,831,815,831,815,98.07460890493381
2012-07-30 00:00:00,824,810,824,810,98.30097087378641
2012-07-31 00:00:00,827,820,826,819,99.15356711003628
2012-08-01 00:00:00,833,820,833,820,98.43937575030012
2012-08-02 00:00:00,838,822,836,820,98.09069212410502
2012-08-03 00:00:00,844,834,843,833,98.81516587677726
2012-08-06 00:00:00,845,830,844,829,98.22485207100591
2012-08-07 00:00:00,851,845,850,844,99.29494712103408
2012-08-08 00:00:00,849,824,847,822,97.05535924617196
2012-08-09 00:00:00,847,832,847,832,98.22904368358914
2012-08-10 00:00:00,850,838,850,838,98.58823529411765
2012-08-13 00:00:00,843,815,842,814,96.6785290628707
2012-08-14 00:00:00,844,830,844,830,98.34123222748815
2012-08-15 00:00:00,839,811,839,811,96.6626936829559
2012-08-16 00:00:00,835,822,835,822,98.44311377245509
2012-08-17 00:00:00,828,821,828,821,99.15458937198068
2012-08-20 00:00:00,829,820,829,820,98.91435464414958
2012-08-21 00:00:00,830,819,830,819,98.67469879518072
2012-08-22 00:00:00,826,817,826,817,98.91041162227603
2012-08-23 00:00:00,810,799,810,799,98.64197530864197
2012-08-24 00:00:00,799,787,799,787,98.49812265331664
2012-08-27 00:00:00,795,790,795,790,99.37106918238993
2012-08-28 00:00:00,792,784,792,784,98.98989898989899
2012-08-29 00:00:00,783,744,783,744,95.01915708812261
2012-08-30 00:00:00,775,751,775,751,96.90322580645162
2012-08-31 00:00:00,769,760,769,760,98.8296488946684
2012-09-04 00:00:00,771,761,771,761,98.70298313878081
2012-09-05 00:00:00,768,743,767,742,96.74479166666667
2012-09-06 00:00:00,773,752,772,751,97.28331177231566
2012-09-07 00:00:00,771,762,770,761,98.83268482490273
2012-09-10 00:00:00,774,762,773,761,98.44961240310077
2012-09-11 00:00:00,776,769,775,768,99.0979381443299
2012-09-12 00:00:00,777,740,777,740,95.23809523809524
2012-09-13 00:00:00,787,769,787,769,97.71283354510801
2012-09-14 00:00:00,792,783,792,783,98.86363636363636
2012-09-17 00:00:00,792,781,792,781,98.61111111111111
2012-09-18 00:00:00,792,779,792,779,98.35858585858585
2012-09-19 00:00:00,793,782,793,782,98.61286254728877
2012-09-20 00:00:00,793,782,793,782,98.61286254728877
2012-09-21 00:00:00,807,798,806,797,98.88475836431226
2012-09-24 00:00:00,811,802,809,800,98.89025893958076
2012-09-25 00:00:00,819,810,817,808,98.9010989010989
2012-09-26 00:00:00,820,784,818,782,95.60975609756098
2012-09-27 00:00:00,822,806,818,802,98.05352798053528
2012-09-28 00:00:00,826,818,821,813,99.0314769975787
2012-10-01 00:00:00,831,822,830,821,98.91696750902527
2012-10-02 00:00:00,829,818,828,817,98.67310012062727
2012-10-03 00:00:00,830,811,829,810,97.71084337349397
2012-10-04 00:00:00,833,825,832,824,99.03961584633853
2012-10-05 00:00:00,830,814,830,814,98.07228915662651
2012-10-08 00:00:00,826,820,826,820,99.27360774818402
2012-10-09 00:00:00,824,815,824,815,98.90776699029126
2012-10-10 00:00:00,819,808,819,808,98.65689865689866
2012-10-11 00:00:00,813,796,813,796,97.9089790897909
2012-10-12 00:00:00,804,798,804,798,99.25373134328358
2012-10-15 00:00:00,801,796,801,796,99.37578027465668
2012-10-16 00:00:00,800,796,800,796,99.5
2012-10-17 00:00:00,805,801,805,801,99.5031055900621
2012-10-18 00:00:00,803,794,803,794,98.87920298879203
2012-10-19 00:00:00,793,788,792,788,99.36948297604036
2012-10-22 00:00:00,792,785,791,785,99.11616161616162
2012-10-23 00:00:00,799,791,798,791,98.99874843554443
2012-10-24 00:00:00,795,784,794,784,98.61635220125787
2012-10-25 00:00:00,809,797,808,797,98.51668726823239
2012-10-26 00:00:00,807,799,807,799,99.00867410161091
2012-10-31 00:00:00,808,776,808,776,96.03960396039604
2012-11-01 00:00:00,824,807,824,807,97.9368932038835
2012-11-02 00:00:00,828,819,828,819,98.91304347826087
2012-11-05 00:00:00,832,812,832,812,97.59615384615384
2012-11-06 00:00:00,831,817,831,817,98.31528279181708
2012-11-07 00:00:00,828,793,828,793,95.77294685990339
2012-11-08 00:00:00,832,822,832,822,98.79807692307692
2012-11-09 00:00:00,832,820,832,820,98.5576923076923
2012-11-12 00:00:00,832,825,832,825,99.15865384615384
2012-11-13 00:00:00,835,808,835,808,96.76646706586827
2012-11-14 00:00:00,833,803,833,803,96.39855942376951
2012-11-15 00:00:00,836,817,836,817,97.72727272727273
2012-11-16 00:00:00,838,824,837,823,98.32935560859188
2012-11-19 00:00:00,839,818,839,818,97.49702026221692
2012-11-20 00:00:00,838,819,838,819,97.73269689737471
2012-11-21 00:00:00,836,822,836,822,98.32535885167464
2012-11-23 00:00:00,823,812,823,812,98.66342648845686
2012-11-26 00:00:00,825,813,825,813,98.54545454545455
2012-11-27 00:00:00,825,810,825,810,98.18181818181819
2012-11-28 00:00:00,823,779,823,779,94.65370595382745
2012-11-29 00:00:00,824,798,824,798,96.84466019417475
2012-11-30 00:00:00,825,812,825,812,98.42424242424242
2012-12-03 00:00:00,816,803,815,802,98.40686274509804
2012-12-04 00:00:00,817,805,817,805,98.531211750306
2012-12-05 00:00:00,815,778,815,778,95.4601226993865
2012-12-06 00:00:00,802,776,802,776,96.75810473815461
2012-12-07 00:00:00,797,782,797,782,98.11794228356337
2012-12-10 00:00:00,794,777,793,776,97.85894206549118
2012-12-11 00:00:00,802,794,802,794,99.00249376558604
2012-12-12 00:00:00,805,760,805,760,94.40993788819875
2012-12-13 00:00:00,802,758,802,758,94.51371571072319
2012-12-14 00:00:00,801,788,801,788,98.37702871410737
2012-12-17 00:00:00,798,786,798,786,98.49624060150376
2012-12-18 00:00:00,805,792,805,792,98.38509316770187
2012-12-19 00:00:00,805,782,805,782,97.14285714285714
2012-12-20 00:00:00,813,800,813,800,98.4009840098401
2012-12-21 00:00:00,850,840,847,837,98.82352941176471
2012-12-24 00:00:00,836,825,835,824,98.6842105263158
2012-12-26 00:00:00,831,818,830,817,98.43561973525873
2012-12-27 00:00:00,823,798,822,797,96.96233292831106
2012-12-28 00:00:00,822,804,820,802,97.81021897810218
2012-12-31 00:00:00,812,806,812,806,99.26108374384236
2013-01-02 00:00:00,810,796,810,796,98.27160493827161
2013-01-03 00:00:00,821,815,821,815,99.26918392204628
2013-01-04 00:00:00,828,823,827,822,99.39613526570048
2013-01-07 00:00:00,827,821,825,819,99.27448609431681
2013-01-08 00:00:00,833,820,832,819,98.43937575030012
2013-01-09 00:00:00,835,827,834,826,99.04191616766467
2013-01-10 00:00:00,832,828,831,827,99.51923076923077
2013-01-11 00:00:00,825,816,825,816,98.9090909090909
2013-01-14 00:00:00,822,817,822,817,99.39172749391727
2013-01-15 00:00:00,832,828,832,828,99.51923076923077
2013-01-16 00:00:00,828,818,828,818,98.79227053140097
2013-01-17 00:00:00,830,824,830,824,99.27710843373494
2013-01-18 00:00:00,823,818,822,817,99.3924665856622
2013-01-22 00:00:00,826,821,825,820,99.39467312348668
2013-01-23 00:00:00,805,797,804,796,99.00621118012423
2013-01-24 00:00:00,825,818,824,817,99.15151515151516
2013-01-25 00:00:00,838,834,837,833,99.52267303102626
2013-01-28 00:00:00,844,835,844,835,98.93364928909952
2013-01-29 00:00:00,855,843,854,842,98.59649122807018
2013-01-30 00:00:00,859,844,859,844,98.25378346915018
2013-01-31 00:00:00,864,855,864,855,98.95833333333333
2013-02-01 00:00:00,863,855,863,855,99.07300115874855
2013-02-04 00:00:00,866,857,866,857,98.96073903002309
2013-02-05 00:00:00,872,856,871,855,98.1651376146789
2013-02-06 00:00:00,873,856,871,854,98.05269186712486
2013-02-07 00:00:00,878,858,876,856,97.72209567198178
2013-02-08 00:00:00,878,870,876,868,99.08883826879271
2013-02-11 00:00:00,877,867,875,865,98.85974914481186
2013-02-12 00:00:00,883,873,881,871,98.86749716874291
2013-02-13 00:00:00,880,839,879,838,95.3409090909091
2013-02-14 00:00:00,884,863,884,863,97.62443438914028
2013-02-15 00:00:00,888,870,887,869,97.97297297297297
2013-02-19 00:00:00,895,883,894,882,98.65921787709497
2013-02-20 00:00:00,901,883,899,881,98.00221975582686
2013-02-21 00:00:00,901,884,898,881,98.11320754716981
2013-02-22 00:00:00,899,886,897,884,98.5539488320356
2013-02-25 00:00:00,901,891,900,890,98.89012208657047
2013-02-26 00:00:00,904,877,903,876,97.01327433628319
2013-02-27 00:00:00,899,855,898,854,95.10567296996663
2013-02-28 00:00:00,899,877,898,876,97.55283648498332
2013-03-01 00:00:00,899,882,899,882,98.10901001112347
2013-03-04 00:00:00,898,886,898,886,98.66369710467706
2013-03-05 00:00:00,907,891,907,891,98.23594266813672
2013-03-06 00:00:00,909,872,909,872,95.92959295929593
2013-03-07 00:00:00,905,882,905,882,97.45856353591161
2013-03-08 00:00:00,900,889,900,889,98.77777777777777
2013-03-11 00:00:00,899,880,899,880,97.8865406006674
2013-03-12 00:00:00,902,885,902,885,98.11529933481152
2013-03-13 00:00:00,901,853,901,853,94.67258601553829
2013-03-14 00:00:00,895,883,895,883,98.65921787709497
2013-03-15 00:00:00,912,904,912,904,99.12280701754386
2013-03-18 00:00:00,912,901,912,901,98.79385964912281
2013-03-19 00:00:00,907,893,907,893,98.45644983461962
2013-03-20 00:00:00,904,895,904,895,99.00442477876106
2013-03-21 00:00:00,895,882,895,882,98.54748603351955
2013-03-22 00:00:00,893,884,893,884,98.99216125419933
2013-03-25 00:00:00,886,879,886,879,99.20993227990971
2013-03-26 00:00:00,883,842,883,842,95.35673839184598
2013-03-27 00:00:00,881,864,881,864,98.07037457434733
2013-03-28 00:00:00,874,865,873,864,98.97025171624713
2013-04-01 00:00:00,864,855,864,855,98.95833333333333
2013-04-02 00:00:00,865,860,865,860,99.42196531791907
2013-04-03 00:00:00,865,851,865,851,98.38150289017341
2013-04-04 00:00:00,862,855,862,855,99.18793503480279
2013-04-05 00:00:00,863,855,863,855,99.07300115874855
2013-04-08 00:00:00,861,847,861,847,98.3739837398374
2013-04-09 00:00:00,864,858,864,858,99.30555555555556
2013-04-10 00:00:00,871,861,871,861,98.85189437428244
2013-04-11 00:00:00,876,865,876,865,98.74429223744292
2013-04-12 00:00:00,873,866,873,866,99.19816723940436
2013-04-15 00:00:00,857,853,857,853,99.53325554259044
2013-04-16 00:00:00,863,860,862,859,99.65237543453071
2013-04-17 00:00:00,863,858,863,858,99.42062572421784
2013-04-18 00:00:00,871,861,871,861,98.85189437428244
2013-04-19 00:00:00,871,863,871,863,99.08151549942595
2013-04-22 00:00:00,875,865,875,865,98.85714285714286
2013-04-23 00:00:00,875,869,875,869,99.31428571428572
2013-04-24 00:00:00,884,874,883,873,98.86877828054298
2013-04-25 00:00:00,885,875,884,874,98.87005649717514
2013-04-26 00:00:00,879,868,878,867,98.7485779294653
2013-04-29 00:00:00,886,872,884,870,98.41986455981942
2013-04-30 00:00:00,886,879,884,877,99.20993227990971
2013-05-01 00:00:00,887,877,886,876,98.87260428410372
2013-05-02 00:00:00,898,887,897,886,98.7750556792873
2013-05-03 00:00:00,910,898,909,897,98.68131868131869
2013-05-06 00:00:00,916,905,915,904,98.79912663755458
2013-05-07 00:00:00,915,904,915,904,98.79781420765028
2013-05-08 00:00:00,914,890,914,890,97.3741794310722
2013-05-09 00:00:00,916,898,916,898,98.0349344978166
2013-05-10 00:00:00,913,902,913,902,98.79518072289157
2013-05-13 00:00:00,913,895,913,895,98.02847754654984
2013-05-14 00:00:00,915,900,915,900,98.36065573770492
2013-05-15 00:00:00,917,891,917,891,97.16466739367503
2013-05-16 00:00:00,916,899,915,898,98.14410480349345
2013-05-17 00:00:00,914,906,913,905,99.12472647702407
2013-05-20 00:00:00,915,906,914,905,99.01639344262296
2013-05-21 00:00:00,920,910,919,909,98.91304347826087
2013-05-22 00:00:00,922,904,920,902,98.0477223427332
2013-05-23 00:00:00,920,904,919,903,98.26086956521739
2013-05-24 00:00:00,915,904,913,902,98.79781420765028
2013-05-28 00:00:00,919,906,917,904,98.5854189336235
2013-05-29 00:00:00,916,874,914,872,95.41484716157206
2013-05-30 00:00:00,910,874,907,871,96.04395604395604
2013-05-31 00:00:00,907,892,905,890,98.34619625137817
2013-06-03 00:00:00,911,898,909,896,98.57299670691548
2013-06-04 00:00:00,914,906,913,905,99.12472647702407
2013-06-05 00:00:00,905,871,903,869,96.24309392265194
2013-06-06 00:00:00,903,882,902,881,97.67441860465117
2013-06-07 00:00:00,898,885,896,883,98.55233853006682
2013-06-10 00:00:00,898,882,898,882,98.21826280623608
2013-06-11 00:00:00,894,885,894,885,98.99328859060402
2013-06-12 00:00:00,893,844,893,844,94.51287793952967
2013-06-13 00:00:00,893,871,893,871,97.5363941769317
2013-06-14 00:00:00,887,875,887,875,98.64712514092446
2013-06-17 00:00:00,883,871,883,871,98.64099660249151
2013-06-18 00:00:00,876,862,876,862,98.40182648401826
2013-06-19 00:00:00,880,870,880,870,98.86363636363636
2013-06-20 00:00:00,875,862,875,862,98.51428571428572
2013-06-21 00:00:00,878,869,876,867,98.9749430523918
2013-06-24 00:00:00,887,879,885,877,99.09808342728297
2013-06-25 00:00:00,884,874,882,872,98.86877828054298
2013-06-26 00:00:00,885,851,883,849,96.15819209039547
2013-06-27 00:00:00,886,866,884,864,97.74266365688487
2013-06-28 00:00:00,909,898,909,898,98.78987898789879
2013-07-01 00:00:00,905,890,904,889,98.34254143646409
2013-07-02 00:00:00,902,880,901,879,97.5609756097561
2013-07-03 00:00:00,895,882,894,881,98.54748603351955
2013-07-05 00:00:00,892,877,891,876,98.31838565022422
2013-07-08 00:00:00,889,870,888,869,97.86276715410574
2013-07-09 00:00:00,894,878,893,877,98.2102908277405
2013-07-10 00:00:00,901,889,900,888,98.66814650388457
2013-07-11 00:00:00,904,886,903,885,98.00884955752213
2013-07-12 00:00:00,902,893,902,893,99.00221729490022
2013-07-15 00:00:00,901,892,901,892,99.00110987791344
2013-07-16 00:00:00,909,900,909,900,99.00990099009901
2013-07-17 00:00:00,911,900,911,900,98.79253567508233
2013-07-18 00:00:00,907,891,907,891,98.23594266813672
2013-07-19 00:00:00,908,899,908,899,99.00881057268722
2013-07-22 00:00:00,899,886,899,886,98.5539488320356
2013-07-23 00:00:00,900,889,900,889,98.77777777777777
2013-07-24 00:00:00,904,892,904,892,98.67256637168141
2013-07-25 00:00:00,913,901,913,901,98.6856516976999
2013-07-26 00:00:00,909,899,909,899,98.8998899889989
2013-07-29 00:00:00,878,860,878,860,97.9498861047836
2013-07-30 00:00:00,883,863,882,862,97.73499433748584
2013-07-31 00:00:00,887,873,887,873,98.4216459977452
2013-08-01 00:00:00,906,887,906,887,97.90286975717439
2013-08-02 00:00:00,908,894,908,894,98.45814977973568
2013-08-05 00:00:00,911,894,911,894,98.13391877058177
2013-08-06 00:00:00,912,898,912,898,98.46491228070175
2013-08-07 00:00:00,909,881,909,881,96.91969196919692
2013-08-08 00:00:00,915,894,915,894,97.70491803278688
2013-08-09 00:00:00,920,910,920,910,98.91304347826087
2013-08-12 00:00:00,922,908,922,908,98.48156182212581
2013-08-13 00:00:00,919,890,919,890,96.84439608269858
2013-08-14 00:00:00,918,888,918,888,96.73202614379085
2013-08-15 00:00:00,914,895,914,895,97.92122538293216
2013-08-16 00:00:00,911,897,911,897,98.46322722283205
2013-08-19 00:00:00,905,890,905,890,98.34254143646409
2013-08-20 00:00:00,905,889,905,889,98.23204419889503
2013-08-21 00:00:00,899,885,899,885,98.44271412680756
2013-08-22 00:00:00,892,876,892,876,98.20627802690584
2013-08-23 00:00:00,888,873,887,872,98.3108108108108
2013-08-26 00:00:00,887,875,886,874,98.64712514092446
2013-08-27 00:00:00,887,876,886,875,98.75986471251409
2013-08-28 00:00:00,887,840,886,839,94.70124013528749
2013-08-29 00:00:00,869,832,868,831,95.74223245109322
2013-08-30 00:00:00,859,842,859,842,98.0209545983702
2013-09-03 00:00:00,869,853,869,853,98.15880322209436
2013-09-04 00:00:00,865,827,865,827,95.60693641618496
2013-09-05 00:00:00,856,843,856,843,98.48130841121495
2013-09-06 00:00:00,853,827,853,827,96.95193434935521
2013-09-09 00:00:00,856,840,856,840,98.13084112149532
2013-09-10 00:00:00,858,849,857,848,98.95104895104895
2013-09-11 00:00:00,855,821,855,821,96.0233918128655
2013-09-12 00:00:00,859,832,859,832,96.85681024447031
2013-09-13 00:00:00,851,839,851,839,98.58989424206815
2013-09-16 00:00:00,853,843,853,843,98.82766705744432
2013-09-17 00:00:00,856,843,856,843,98.48130841121495
2013-09-18 00:00:00,865,852,865,852,98.4971098265896
2013-09-19 00:00:00,866,855,866,855,98.72979214780601
2013-09-20 00:00:00,896,884,895,883,98.66071428571429
2013-09-23 00:00:00,905,894,904,893,98.78453038674033
2013-09-24 00:00:00,917,906,916,905,98.80043620501635
2013-09-25 00:00:00,919,904,918,903,98.36779107725789
2013-09-26 00:00:00,921,890,919,888,96.63409337676438
2013-09-27 00:00:00,922,906,921,905,98.2646420824295
2013-09-30 00:00:00,932,923,931,922,99.0343347639485
2013-10-01 00:00:00,936,928,936,928,99.14529914529915
2013-10-02 00:00:00,940,925,940,925,98.40425531914893
2013-10-03 00:00:00,945,936,945,936,99.04761904761905
2013-10-04 00:00:00,942,933,942,933,99.04458598726114
2013-10-07 00:00:00,943,936,942,935,99.2576882290562
2013-10-08 00:00:00,941,927,941,927,98.51222104144527
2013-10-09 00:00:00,947,932,947,932,98.41605068637804
2013-10-10 00:00:00,957,938,957,938,98.0146290491118
2013-10-11 00:00:00,958,948,958,948,98.95615866388309
2013-10-14 00:00:00,956,947,956,947,99.05857740585775
2013-10-15 00:00:00,958,948,958,948,98.95615866388309
2013-10-16 00:00:00,957,940,957,940,98.22361546499478
2013-10-17 00:00:00,961,946,961,946,98.43912591050989
2013-10-18 00:00:00,944,931,944,931,98.62288135593221
2013-10-21 00:00:00,940,930,940,930,98.93617021276596
2013-10-22 00:00:00,946,938,946,938,99.15433403805497
2013-10-23 00:00:00,943,931,943,931,98.72746553552491
2013-10-24 00:00:00,949,940,949,940,99.05163329820864
2013-10-25 00:00:00,950,945,948,943,99.47368421052632
2013-10-28 00:00:00,944,934,943,933,98.94067796610169
2013-10-29 00:00:00,939,924,936,921,98.40255591054313
2013-10-30 00:00:00,938,918,936,917,97.86780383795309
2013-10-31 00:00:00,942,929,940,927,98.61995753715499
2013-11-01 00:00:00,954,945,952,943,99.05660377358491
2013-11-04 00:00:00,962,949,960,947,98.64864864864865
2013-11-05 00:00:00,972,953,970,951,98.04526748971193
2013-11-06 00:00:00,967,932,966,931,96.38055842812823
2013-11-07 00:00:00,972,960,971,959,98.76543209876543
2013-11-08 00:00:00,982,972,981,971,98.98167006109979
2013-11-11 00:00:00,983,975,981,973,99.18616480162767
2013-11-12 00:00:00,984,969,983,968,98.47560975609755
2013-11-13 00:00:00,984,933,984,933,94.8170731707317
2013-11-14 00:00:00,975,950,975,950,97.43589743589743
2013-11-15 00:00:00,972,960,972,960,98.76543209876543
2013-11-18 00:00:00,970,952,969,951,98.14432989690722
2013-11-19 00:00:00,965,946,965,946,98.03108808290155
2013-11-20 00:00:00,961,944,961,944,98.23100936524453
2013-11-21 00:00:00,966,945,966,945,97.82608695652173
2013-11-22 00:00:00,966,952,966,952,98.55072463768116
2013-11-25 00:00:00,958,946,958,946,98.74739039665971
2013-11-26 00:00:00,957,918,957,918,95.92476489028213
2013-11-27 00:00:00,949,910,949,910,95.89041095890411
2013-11-29 00:00:00,935,919,934,918,98.28877005347593
2013-12-02 00:00:00,930,915,929,914,98.38709677419355
2013-12-03 00:00:00,932,918,931,917,98.49785407725322
2013-12-04 00:00:00,923,885,922,884,95.88299024918743
2013-12-05 00:00:00,915,903,914,902,98.68852459016394
2013-12-06 00:00:00,910,893,907,890,98.13186813186813
2013-12-09 00:00:00,908,893,907,892,98.34801762114537
2013-12-10 00:00:00,908,897,907,896,98.7885462555066
2013-12-11 00:00:00,913,882,912,882,96.60460021905806
2013-12-12 00:00:00,917,889,916,888,96.94656488549619
2013-12-13 00:00:00,915,900,914,899,98.36065573770492
2013-12-16 00:00:00,916,906,913,903,98.90829694323143
2013-12-17 00:00:00,911,896,911,896,98.35345773874863
2013-12-18 00:00:00,921,902,921,902,97.9370249728556
2013-12-19 00:00:00,926,916,925,915,98.92008639308855
2013-12-20 00:00:00,945,936,944,935,99.04761904761905
2013-12-23 00:00:00,951,938,951,938,98.63301787592009
2013-12-24 00:00:00,945,924,944,923,97.77777777777777
2013-12-26 00:00:00,938,929,937,928,99.0405117270789
2013-12-27 00:00:00,939,901,938,900,95.9531416400426
2013-12-30 00:00:00,950,932,949,931,98.10526315789474
2013-12-31 00:00:00,946,933,944,931,98.62579281183932
2014-01-02 00:00:00,948,939,947,938,99.0506329113924
2014-01-03 00:00:00,940,929,940,929,98.82978723404256
2014-01-06 00:00:00,942,930,942,930,98.72611464968153
2014-01-07 00:00:00,944,933,944,933,98.83474576271186
2014-01-08 00:00:00,955,934,955,934,97.80104712041884
2014-01-09 00:00:00,959,948,959,948,98.85297184567257
2014-01-10 00:00:00,966,957,966,957,99.06832298136646
2014-01-13 00:00:00,965,948,965,948,98.23834196891191
2014-01-14 00:00:00,969,963,969,963,99.38080495356037
2014-01-15 00:00:00,975,962,975,962,98.66666666666667
2014-01-16 00:00:00,980,970,979,969,98.9795918367347
2014-01-17 00:00:00,984,973,983,972,98.8821138211382
2014-01-21 00:00:00,985,977,984,976,99.18781725888324
2014-01-22 00:00:00,951,938,950,937,98.63301787592009
2014-01-23 00:00:00,956,948,954,946,99.16317991631799
2014-01-24 00:00:00,975,968,973,966,99.28205128205128
2014-01-27 00:00:00,987,975,986,974,98.78419452887537
2014-01-28 00:00:00,997,987,995,985,98.99699097291875
2014-01-29 00:00:00,1004,981,1003,980,97.70916334661355
2014-01-30 00:00:00,1012,993,1011,992,98.12252964426878
2014-01-31 00:00:00,1015,1008,1015,1008,99.3103448275862
2014-02-03 00:00:00,1026,1017,1025,1016,99.12280701754386
2014-02-04 00:00:00,1040,1023,1038,1021,98.36538461538461
2014-02-05 00:00:00,1040,1020,1040,1020,98.07692307692308
2014-02-06 00:00:00,1041,1019,1040,1018,97.8866474543708
2014-02-07 00:00:00,1047,1036,1047,1036,98.94937917860554
2014-02-10 00:00:00,1044,1029,1044,1029,98.5632183908046
2014-02-11 00:00:00,1042,1028,1041,1027,98.65642994241843
2014-02-12 00:00:00,1038,983,1038,983,94.70134874759152
2014-02-13 00:00:00,1042,1017,1042,1017,97.60076775431862
2014-02-14 00:00:00,1040,1019,1040,1019,97.98076923076923
2014-02-18 00:00:00,1045,1027,1045,1027,98.27751196172248
2014-02-19 00:00:00,1051,1036,1051,1036,98.57278782112274
2014-02-20 00:00:00,1056,1036,1056,1036,98.10606060606061
2014-02-21 00:00:00,1058,1039,1057,1038,98.20415879017013
2014-02-24 00:00:00,1058,1045,1057,1044,98.77126654064273
2014-02-25 00:00:00,1059,1049,1058,1048,99.05571293673276
2014-02-26 00:00:00,1054,1005,1053,1004,95.35104364326375
2014-02-27 00:00:00,1063,1027,1062,1026,96.61335841956726
2014-02-28 00:00:00,1061,1041,1061,1041,98.11498586239397
2014-03-03 00:00:00,1065,1049,1065,1049,98.49765258215963
2014-03-04 00:00:00,1066,1054,1066,1054,98.87429643527204
2014-03-05 00:00:00,1060,1030,1060,1030,97.16981132075472
2014-03-06 00:00:00,1062,1028,1062,1028,96.7984934086629
2014-03-07 00:00:00,1062,1047,1061,1046,98.58757062146893
2014-03-10 00:00:00,1060,1041,1060,1041,98.20754716981132
2014-03-11 00:00:00,1059,1049,1059,1049,99.05571293673276
2014-03-12 00:00:00,1065,1012,1065,1012,95.02347417840376
2014-03-13 00:00:00,1062,1041,1062,1041,98.0225988700565
2014-03-14 00:00:00,1063,1054,1063,1054,99.15333960489181
2014-03-17 00:00:00,1061,1051,1061,1051,99.05749293119699
2014-03-18 00:00:00,1060,1046,1059,1045,98.67924528301887
2014-03-19 00:00:00,1053,1041,1052,1040,98.86039886039886
2014-03-20 00:00:00,1049,1039,1049,1039,99.0467111534795
2014-03-21 00:00:00,1067,1059,1067,1059,99.2502343017807
2014-03-24 00:00:00,1056,1048,1055,1047,99.24242424242425
2014-03-25 00:00:00,1051,1038,1051,1038,98.76308277830637
2014-03-26 00:00:00,1045,1028,1044,1027,98.37320574162679
2014-03-27 00:00:00,1052,1018,1051,1017,96.7680608365019
2014-03-28 00:00:00,1045,1027,1043,1025,98.27751196172248
2014-03-31 00:00:00,1047,1033,1044,1030,98.66284622731614
2014-04-01 00:00:00,1047,1035,1044,1032,98.8538681948424
2014-04-02 00:00:00,1043,1023,1041,1021,98.08245445829338
2014-04-03 00:00:00,1033,1023,1031,1021,99.03194578896418
2014-04-04 00:00:00,1034,1023,1033,1022,98.93617021276596
2014-04-07 00:00:00,1033,1020,1031,1018,98.74152952565343
2014-04-08 00:00:00,1045,1026,1044,1025,98.18181818181819
2014-04-09 00:00:00,1041,1022,1040,1021,98.17483189241115
2014-04-10 00:00:00,1030,1019,1029,1018,98.93203883495146
2014-04-11 00:00:00,1027,1008,1026,1007,98.14995131450827
2014-04-14 00:00:00,1029,1018,1029,1018,98.9310009718173
2014-04-15 00:00:00,1033,1016,1033,1016,98.3543078412391
2014-04-16 00:00:00,1034,1019,1034,1019,98.54932301740813
2014-04-17 00:00:00,1044,1029,1044,1029,98.5632183908046
2014-04-21 00:00:00,1020,1005,1020,1005,98.52941176470588
2014-04-22 00:00:00,1020,1010,1020,1010,99.01960784313725
2014-04-23 00:00:00,1029,1014,1028,1013,98.54227405247813
2014-04-24 00:00:00,1031,1016,1030,1015,98.545101842871
2014-04-25 00:00:00,1027,1015,1026,1014,98.83154819863681
2014-04-28 00:00:00,1032,1009,1031,1008,97.77131782945736
2014-04-29 00:00:00,1029,1007,1028,1006,97.8620019436346
2014-04-30 00:00:00,1032,1013,1031,1012,98.15891472868218
2014-05-01 00:00:00,1045,1022,1045,1022,97.79904306220095
2014-05-02 00:00:00,1050,1032,1050,1032,98.28571428571429
2014-05-05 00:00:00,1044,1023,1044,1023,97.98850574712644
2014-05-06 00:00:00,1039,1020,1038,1019,98.17131857555341
2014-05-07 00:00:00,1035,998,1035,998,96.42512077294685
2014-05-08 00:00:00,1040,1005,1040,1005,96.63461538461539
2014-05-09 00:00:00,1042,1023,1042,1023,98.17658349328215
2014-05-12 00:00:00,1046,1028,1046,1028,98.27915869980879
2014-05-13 00:00:00,1038,1003,1038,1003,96.6281310211946
2014-05-14 00:00:00,1034,998,1034,998,96.5183752417795
2014-05-15 00:00:00,1035,1011,1035,1011,97.68115942028986
2014-05-16 00:00:00,1031,1014,1031,1014,98.35111542192047
2014-05-19 00:00:00,1031,1009,1031,1009,97.86614936954413
2014-05-20 00:00:00,1035,1017,1035,1017,98.26086956521739
2014-05-21 00:00:00,1032,999,1032,999,96.80232558139535
2014-05-22 00:00:00,1029,1001,1027,999,97.27891156462584
2014-05-23 00:00:00,1030,1015,1027,1012,98.54368932038835
2014-05-27 00:00:00,1029,1013,1026,1010,98.44509232264335
2014-05-28 00:00:00,1028,973,1025,970,94.64980544747081
2014-05-29 00:00:00,1015,979,1011,975,96.45320197044335
2014-05-30 00:00:00,1009,997,1007,995,98.81070366699703
2014-06-02 00:00:00,999,978,998,977,97.89789789789789
2014-06-03 00:00:00,999,980,998,979,98.09809809809809
2014-06-04 00:00:00,992,956,991,955,96.37096774193549
2014-06-05 00:00:00,987,963,986,962,97.56838905775076
2014-06-06 00:00:00,989,959,989,959,96.96663296258848
2014-06-09 00:00:00,992,970,992,970,97.78225806451613
2014-06-10 00:00:00,988,970,988,970,98.17813765182186
2014-06-11 00:00:00,979,937,979,937,95.70990806945863
2014-06-12 00:00:00,980,941,980,941,96.0204081632653
2014-06-13 00:00:00,972,954,972,954,98.14814814814815
2014-06-16 00:00:00,975,958,975,958,98.25641025641026
2014-06-17 00:00:00,978,958,978,958,97.95501022494888
2014-06-18 00:00:00,977,956,976,955,97.85056294779939
2014-06-19 00:00:00,971,954,971,954,98.24922760041194
2014-06-20 00:00:00,997,978,997,978,98.09428284854563
2014-06-23 00:00:00,1000,980,996,976,98.0
2014-06-24 00:00:00,999,979,993,973,97.997997997998
2014-06-25 00:00:00,1006,978,1000,972,97.21669980119285
2014-06-26 00:00:00,1005,961,1000,956,95.62189054726367
2014-06-27 00:00:00,1028,998,1023,993,97.08171206225681
2014-06-30 00:00:00,1039,1018,1036,1015,97.97882579403273
2014-07-01 00:00:00,1041,1013,1039,1011,97.31027857829011
2014-07-02 00:00:00,1039,1019,1039,1019,98.07507218479307
2014-07-03 00:00:00,1039,1018,1039,1018,97.97882579403273
2014-07-07 00:00:00,1032,1008,1032,1008,97.67441860465117
2014-07-08 00:00:00,1033,1006,1033,1006,97.38625363020329
2014-07-09 00:00:00,1038,1009,1038,1009,97.20616570327553
2014-07-10 00:00:00,1042,1023,1042,1023,98.17658349328215
2014-07-11 00:00:00,1042,1014,1042,1014,97.31285988483685
2014-07-14 00:00:00,1035,1017,1035,1017,98.26086956521739
2014-07-15 00:00:00,1034,1017,1034,1017,98.35589941972921
2014-07-16 00:00:00,1035,1013,1034,1012,97.8743961352657
2014-07-17 00:00:00,1037,1014,1036,1013,97.78206364513018
2014-07-18 00:00:00,1038,1019,1037,1018,98.16955684007708
2014-07-21 00:00:00,1018,996,1017,995,97.83889980353635
2014-07-22 00:00:00,1014,991,1011,988,97.73175542406311
2014-07-23 00:00:00,1008,984,1007,983,97.61904761904762
2014-07-24 00:00:00,1011,984,1011,984,97.3293768545994
2014-07-25 00:00:00,1013,990,1013,990,97.72951628825271
2014-07-28 00:00:00,979,958,979,958,97.85495403472932
2014-07-29 00:00:00,977,949,977,949,97.13408393039919
2014-07-30 00:00:00,978,940,977,939,96.11451942740287
2014-07-31 00:00:00,981,954,980,953,97.24770642201835
2014-08-01 00:00:00,998,975,997,974,97.69539078156312
2014-08-04 00:00:00,1002,979,1001,978,97.70459081836327
2014-08-05 00:00:00,996,972,994,970,97.59036144578313
2014-08-06 00:00:00,999,965,999,965,96.5965965965966
2014-08-07 00:00:00,999,964,998,963,96.49649649649649
2014-08-08 00:00:00,1005,983,1004,982,97.81094527363184
2014-08-11 00:00:00,1012,989,1011,988,97.72727272727273
2014-08-12 00:00:00,1013,987,1012,986,97.43336623889438
2014-08-13 00:00:00,1008,951,1007,950,94.3452380952381
2014-08-14 00:00:00,1011,974,1010,973,96.3402571711177
2014-08-15 00:00:00,1008,983,1007,982,97.51984126984127
2014-08-18 00:00:00,1007,976,1007,976,96.92154915590864
2014-08-19 00:00:00,1001,968,1001,968,96.7032967032967
2014-08-20 00:00:00,997,969,996,968,97.19157472417251
2014-08-21 00:00:00,993,964,991,962,97.07955689828802
2014-08-22 00:00:00,993,969,991,967,97.58308157099698
2014-08-25 00:00:00,995,969,993,967,97.38693467336684
2014-08-26 00:00:00,989,969,987,967,97.97775530839232
2014-08-27 00:00:00,982,930,981,929,94.70468431771894
2014-08-28 00:00:00,964,919,962,917,95.33195020746888
2014-08-29 00:00:00,948,922,948,922,97.25738396624473
2014-09-02 00:00:00,946,928,946,928,98.09725158562368
2014-09-03 00:00:00,942,900,942,900,95.54140127388536
2014-09-04 00:00:00,940,919,939,918,97.76595744680851
2014-09-05 00:00:00,939,918,939,918,97.76357827476038
2014-09-08 00:00:00,929,889,928,888,95.69429494079655
2014-09-09 00:00:00,928,912,928,912,98.27586206896552
2014-09-10 00:00:00,928,898,928,898,96.76724137931035
2014-09-11 00:00:00,925,882,924,881,95.35135135135135
2014-09-12 00:00:00,930,910,930,910,97.84946236559139
2014-09-15 00:00:00,931,915,931,915,98.28141783029001
2014-09-16 00:00:00,945,925,945,925,97.88359788359789
2014-09-17 00:00:00,946,927,946,927,97.99154334038055
2014-09-18 00:00:00,951,928,951,928,97.58149316508938
2014-09-19 00:00:00,975,955,974,954,97.94871794871794
2014-09-22 00:00:00,978,960,977,959,98.15950920245399
2014-09-23 00:00:00,981,959,979,957,97.75739041794088
2014-09-24 00:00:00,981,956,979,954,97.45158002038735
2014-09-25 00:00:00,987,975,985,973,98.78419452887537
2014-09-26 00:00:00,989,952,987,950,96.25884732052579
2014-09-29 00:00:00,991,969,990,968,97.78002018163471
2014-09-30 00:00:00,1002,989,1002,989,98.70259481037924
2014-10-01 00:00:00,1007,987,1007,987,98.01390268123139
2014-10-02 00:00:00,1010,998,1010,998,98.81188118811882
2014-10-03 00:00:00,1023,1009,1023,1009,98.63147605083088
2014-10-06 00:00:00,1019,1005,1019,1005,98.6261040235525
2014-10-07 00:00:00,1014,1000,1013,999,98.61932938856016
2014-10-08 00:00:00,1031,1002,1029,1000,97.18719689621726
2014-10-09 00:00:00,1023,1011,1019,1007,98.82697947214076
2014-10-10 00:00:00,1030,1009,1026,1005,97.96116504854369
2014-10-13 00:00:00,1037,1027,1033,1023,99.03567984570877
2014-10-14 00:00:00,1042,1028,1039,1025,98.65642994241843
2014-10-15 00:00:00,1052,1028,1050,1026,97.71863117870723
2014-10-16 00:00:00,1065,1045,1064,1044,98.12206572769954
2014-10-17 00:00:00,1055,1043,1055,1043,98.86255924170617
2014-10-20 00:00:00,1054,1040,1054,1040,98.67172675521822
2014-10-21 00:00:00,1057,1043,1057,1043,98.67549668874172
2014-10-22 00:00:00,1061,1045,1061,1045,98.49198868991517
2014-10-23 00:00:00,1066,1050,1066,1050,98.49906191369605
2014-10-24 00:00:00,1067,1052,1063,1049,98.5941893158388
2014-10-27 00:00:00,1066,1048,1062,1045,98.31144465290807
2014-10-28 00:00:00,1072,1057,1066,1052,98.60074626865672
2014-10-29 00:00:00,1072,1044,1066,1039,97.38805970149254
2014-10-30 00:00:00,1072,1044,1066,1039,97.38805970149254
2014-10-31 00:00:00,1088,1075,1085,1072,98.80514705882354
2014-11-03 00:00:00,1094,1072,1092,1070,97.98903107861061
2014-11-04 00:00:00,1088,1071,1088,1071,98.4375
2014-11-05 00:00:00,1085,1051,1085,1051,96.86635944700461
2014-11-06 00:00:00,1086,1041,1086,1041,95.85635359116021
2014-11-07 00:00:00,1088,1066,1088,1066,97.9779411764706
2014-11-10 00:00:00,1081,1062,1081,1062,98.24236817761332
2014-11-11 00:00:00,1076,1064,1076,1064,98.88475836431226
2014-11-12 00:00:00,1061,1005,1060,1004,94.7219604147031
2014-11-13 00:00:00,1060,1032,1060,1032,97.35849056603773
2014-11-14 00:00:00,1052,1030,1052,1030,97.90874524714829
2014-11-17 00:00:00,1051,1030,1051,1030,98.00190294957184
2014-11-18 00:00:00,1056,1025,1056,1025,97.06439393939394
2014-11-19 00:00:00,1054,1030,1053,1029,97.72296015180265
2014-11-20 00:00:00,1045,1022,1043,1020,97.79904306220095
2014-11-21 00:00:00,1043,1017,1040,1014,97.5071907957814
2014-11-24 00:00:00,1044,1023,1042,1021,97.98850574712644
2014-11-25 00:00:00,1035,985,1033,983,95.16908212560386
2014-11-26 00:00:00,1029,980,1027,978,95.23809523809524
2014-11-28 00:00:00,1008,982,1008,982,97.42063492063492
2014-12-01 00:00:00,997,975,997,975,97.79338014042126
2014-12-02 00:00:00,994,969,994,969,97.48490945674044
2014-12-03 00:00:00,998,951,996,951,95.29058116232466
2014-12-04 00:00:00,996,973,992,971,97.69076305220884
2014-12-05 00:00:00,989,969,985,967,97.97775530839232
2014-12-08 00:00:00,983,948,979,946,96.43947100712106
2014-12-09 00:00:00,987,964,982,961,97.66970618034448
2014-12-10 00:00:00,988,959,986,957,97.06477732793522
2014-12-11 00:00:00,987,942,985,940,95.44072948328268
2014-12-12 00:00:00,993,967,991,965,97.38167170191339
2014-12-15 00:00:00,994,972,992,971,97.78672032193158
2014-12-16 00:00:00,1006,986,1006,986,98.01192842942346
2014-12-17 00:00:00,1018,992,1018,992,97.44597249508841
2014-12-18 00:00:00,1033,1013,1033,1013,98.06389157792836
2014-12-19 00:00:00,1065,1046,1064,1045,98.21596244131456
2014-12-22 00:00:00,1057,1037,1057,1037,98.10785241248817
2014-12-23 00:00:00,1058,1027,1057,1026,97.06994328922495
2014-12-24 00:00:00,1045,1025,1044,1024,98.08612440191388
2014-12-26 00:00:00,1034,1018,1033,1017,98.45261121856866
2014-12-29 00:00:00,1036,993,1035,992,95.84942084942085
2014-12-30 00:00:00,1028,997,1027,996,96.98443579766537
2014-12-31 00:00:00,1023,1006,1022,1005,98.33822091886609
2015-01-02 00:00:00,1013,992,1013,992,97.92694965449161
2015-01-05 00:00:00,1011,988,1010,987,97.72502472799209
2015-01-06 00:00:00,1022,1006,1021,1005,98.43444227005871
2015-01-07 00:00:00,1025,996,1024,995,97.17073170731707
2015-01-08 00:00:00,1030,1006,1029,1005,97.66990291262135
2015-01-09 00:00:00,1023,1002,1022,1001,97.94721407624634
2015-01-12 00:00:00,1023,1006,1021,1004,98.33822091886609
2015-01-13 00:00:00,1033,1006,1032,1005,97.38625363020329
2015-01-14 00:00:00,1027,1004,1027,1004,97.76046738072054
2015-01-15 00:00:00,1022,1003,1022,1003,98.14090019569471
2015-01-16 00:00:00,1020,1000,1020,1000,98.03921568627452
2015-01-20 00:00:00,1016,998,1016,998,98.22834645669292
2015-01-21 00:00:00,975,958,974,957,98.25641025641026
2015-01-22 00:00:00,992,975,990,973,98.28629032258064
2015-01-23 00:00:00,994,980,992,978,98.59154929577464
2015-01-26 00:00:00,1017,1001,1015,999,98.42674532940019
2015-01-27 00:00:00,1029,1013,1027,1011,98.44509232264335
2015-01-28 00:00:00,1029,1002,1027,1000,97.37609329446065
2015-01-29 00:00:00,1037,1011,1035,1009,97.49276759884282
2015-01-30 00:00:00,1049,1034,1048,1033,98.57006673021925
2015-02-02 00:00:00,1050,1035,1049,1034,98.57142857142857
2015-02-03 00:00:00,1059,1045,1057,1043,98.67799811142588
2015-02-04 00:00:00,1056,1035,1054,1033,98.01136363636364
2015-02-05 00:00:00,1059,1033,1056,1030,97.54485363550519
2015-02-06 00:00:00,1053,1031,1051,1029,97.91073124406458
2015-02-09 00:00:00,1060,1048,1058,1046,98.86792452830188
2015-02-10 00:00:00,1060,1045,1058,1043,98.58490566037736
2015-02-11 00:00:00,1054,1003,1052,1001,95.16129032258064
2015-02-12 00:00:00,1058,1030,1056,1028,97.35349716446125
2015-02-13 00:00:00,1063,1043,1061,1041,98.11853245531515
2015-02-17 00:00:00,1059,1043,1057,1041,98.48914069877243
2015-02-18 00:00:00,1062,1043,1061,1042,98.21092278719398
2015-02-19 00:00:00,1056,1034,1056,1034,97.91666666666667
2015-02-20 00:00:00,1061,1043,1060,1042,98.30348727615457
2015-02-23 00:00:00,1059,1044,1059,1044,98.58356940509915
2015-02-24 00:00:00,1069,1056,1068,1055,98.78391019644528
2015-02-25 00:00:00,1074,1023,1074,1023,95.25139664804469
2015-02-26 00:00:00,1079,1035,1079,1035,95.9221501390176
2015-02-27 00:00:00,1080,1063,1080,1063,98.42592592592592
2015-03-02 00:00:00,1074,1055,1074,1055,98.23091247672254
2015-03-03 00:00:00,1076,1062,1076,1062,98.69888475836431
2015-03-04 00:00:00,1078,1044,1078,1044,96.84601113172542
2015-03-05 00:00:00,1074,1055,1073,1054,98.23091247672254
2015-03-06 00:00:00,1070,1042,1069,1041,97.38317757009345
2015-03-09 00:00:00,1067,1044,1064,1041,97.8444236176195
2015-03-10 00:00:00,1070,1053,1067,1050,98.41121495327103
2015-03-11 00:00:00,1069,1032,1064,1027,96.53882132834424
2015-03-12 00:00:00,1071,1042,1068,1039,97.2922502334267
2015-03-13 00:00:00,1069,1056,1067,1054,98.78391019644528
2015-03-16 00:00:00,1063,1054,1061,1052,99.15333960489181
2015-03-17 00:00:00,1058,1050,1058,1050,99.24385633270322
2015-03-18 00:00:00,1058,1050,1057,1049,99.24385633270322
2015-03-19 00:00:00,1057,1052,1057,1052,99.52696310312204
2015-03-20 00:00:00,1082,1078,1082,1078,99.63031423290204
2015-03-23 00:00:00,1082,1076,1082,1076,99.44547134935306
2015-03-24 00:00:00,1075,1070,1075,1070,99.53488372093024
2015-03-25 00:00:00,1076,1064,1076,1064,98.88475836431226
2015-03-26 00:00:00,1079,1073,1079,1073,99.44392956441149
2015-03-27 00:00:00,1073,1040,1072,1039,96.92451071761417
2015-03-30 00:00:00,1068,1049,1067,1048,98.22097378277154
2015-03-31 00:00:00,1067,1054,1065,1052,98.78163074039362
2015-04-01 00:00:00,1075,1068,1074,1067,99.34883720930233
2015-04-02 00:00:00,1072,1067,1071,1066,99.53358208955224
2015-04-06 00:00:00,1073,1065,1072,1064,99.25442684063374
2015-04-07 00:00:00,1075,1068,1074,1067,99.34883720930233
2015-04-08 00:00:00,1076,1056,1076,1056,98.14126394052045
2015-04-09 00:00:00,1068,1063,1068,1063,99.53183520599251
2015-04-10 00:00:00,1065,1062,1065,1062,99.71830985915493
2015-04-13 00:00:00,1057,1044,1057,1044,98.77010406811732
2015-04-14 00:00:00,1053,1050,1052,1049,99.71509971509971
2015-04-15 00:00:00,1060,1052,1060,1052,99.24528301886792
2015-04-16 00:00:00,1053,1046,1053,1046,99.33523266856601
2015-04-17 00:00:00,1057,1053,1056,1052,99.62157048249763
2015-04-20 00:00:00,1027,1019,1026,1018,99.22103213242454
2015-04-21 00:00:00,1018,1014,1017,1013,99.60707269155206
2015-04-22 00:00:00,1012,1004,1011,1003,99.2094861660079
2015-04-23 00:00:00,1012,1005,1011,1004,99.30830039525692
2015-04-24 00:00:00,1010,1005,1009,1004,99.5049504950495
2015-04-27 00:00:00,1017,1009,1017,1009,99.2133726647001
2015-04-28 00:00:00,1025,1009,1025,1009,98.4390243902439
2015-04-29 00:00:00,1017,1004,1017,1004,98.72173058013766
2015-04-30 00:00:00,1031,1016,1031,1016,98.545101842871
2015-05-01 00:00:00,1041,1033,1041,1033,99.23150816522575
2015-05-04 00:00:00,1034,1029,1032,1027,99.5164410058027
2015-05-05 00:00:00,1042,1027,1042,1027,98.56046065259117
2015-05-06 00:00:00,1047,1027,1047,1027,98.08978032473735
2015-05-07 00:00:00,1054,1026,1053,1025,97.34345351043643
2015-05-08 00:00:00,1059,1054,1058,1053,99.52785646836638
2015-05-11 00:00:00,1065,1051,1063,1049,98.68544600938966
2015-05-12 00:00:00,1067,1053,1066,1052,98.6879100281162
2015-05-13 00:00:00,1064,1019,1063,1018,95.77067669172932
2015-05-14 00:00:00,1071,1049,1070,1048,97.94584500466853
2015-05-15 00:00:00,1068,1059,1067,1058,99.15730337078652
2015-05-18 00:00:00,1065,1048,1063,1046,98.40375586854461
2015-05-19 00:00:00,1067,1048,1066,1047,98.21930646672915
2015-05-20 00:00:00,1074,1058,1072,1057,98.51024208566108
2015-05-21 00:00:00,1073,1053,1071,1051,98.13606710158435
2015-05-22 00:00:00,1067,1060,1064,1057,99.34395501405811
2015-05-26 00:00:00,1059,1051,1057,1049,99.24457034938621
2015-05-27 00:00:00,1063,1020,1061,1018,95.95484477892757
2015-05-28 00:00:00,1053,1021,1051,1019,96.9610636277303
2015-05-29 00:00:00,1041,1030,1040,1029,98.9433237271854
2015-06-01 00:00:00,1046,1032,1044,1030,98.66156787762907
2015-06-02 00:00:00,1037,1029,1035,1027,99.22854387656702
2015-06-03 00:00:00,1037,1006,1035,1004,97.01060752169721
2015-06-04 00:00:00,1029,1018,1026,1015,98.9310009718173
2015-06-05 00:00:00,1026,1013,1023,1010,98.73294346978558
2015-06-08 00:00:00,1018,989,1015,986,97.15127701375246
2015-06-09 00:00:00,1016,1006,1015,1005,99.01574803149606
2015-06-10 00:00:00,1026,1003,1024,1001,97.75828460038986
2015-06-11 00:00:00,1022,982,1021,981,96.08610567514677
2015-06-12 00:00:00,1016,992,1016,992,97.63779527559055
2015-06-15 00:00:00,1020,1006,1019,1005,98.62745098039215
2015-06-16 00:00:00,1017,1003,1016,1002,98.62340216322517
2015-06-17 00:00:00,1017,1006,1016,1005,98.91838741396263
2015-06-18 00:00:00,1021,1006,1020,1005,98.53085210577865
2015-06-19 00:00:00,1035,1027,1033,1025,99.22705314009661
2015-06-22 00:00:00,1045,1035,1041,1031,99.04306220095694
2015-06-23 00:00:00,1045,1034,1037,1026,98.94736842105263
2015-06-24 00:00:00,1045,1028,1035,1018,98.37320574162679
2015-06-25 00:00:00,1047,1039,1036,1028,99.23591212989494
2015-06-26 00:00:00,1086,1048,1075,1037,96.50092081031308
2015-06-29 00:00:00,1086,1062,1075,1051,97.79005524861878
2015-06-30 00:00:00,1093,1071,1088,1066,97.9871912168344
2015-07-01 00:00:00,1103,1081,1099,1077,98.00543970988214
2015-07-02 00:00:00,1096,1076,1094,1074,98.17518248175182
2015-07-06 00:00:00,1098,1075,1097,1074,97.90528233151184
2015-07-07 00:00:00,1099,1079,1098,1078,98.18016378525932
2015-07-08 00:00:00,1104,1076,1104,1076,97.46376811594203
2015-07-09 00:00:00,1106,1081,1106,1081,97.73960216998192
2015-07-10 00:00:00,1107,1086,1106,1085,98.1029810298103
2015-07-13 00:00:00,1112,1083,1110,1081,97.39208633093526
2015-07-14 00:00:00,1111,1089,1109,1087,98.01980198019803
2015-07-15 00:00:00,1105,1077,1103,1075,97.46606334841628
2015-07-16 00:00:00,1111,1086,1109,1084,97.74977497749775
2015-07-17 00:00:00,1108,1089,1106,1087,98.28519855595668
2015-07-20 00:00:00,1092,1067,1090,1065,97.71062271062272
2015-07-21 00:00:00,1088,1066,1087,1065,97.9779411764706
2015-07-22 00:00:00,1089,1060,1088,1059,97.33700642791553
2015-07-23 00:00:00,1092,1063,1091,1062,97.34432234432235
2015-07-24 00:00:00,1095,1066,1092,1063,97.35159817351598
2015-07-27 00:00:00,1064,1037,1061,1034,97.4624060150376
2015-07-28 00:00:00,1070,1041,1067,1038,97.28971962616822
2015-07-29 00:00:00,1068,1030,1065,1027,96.44194756554307
2015-07-30 00:00:00,1069,1026,1066,1023,95.977549111319
2015-07-31 00:00:00,1068,1040,1066,1038,97.37827715355806
2015-08-03 00:00:00,1064,1031,1064,1031,96.8984962406015
2015-08-04 00:00:00,1066,1032,1066,1032,96.81050656660413
2015-08-05 00:00:00,1073,1026,1073,1026,95.61975768872321
2015-08-06 00:00:00,1077,1027,1076,1026,95.35747446610957
2015-08-07 00:00:00,1083,1049,1082,1048,96.86057248384118
2015-08-10 00:00:00,1082,1048,1081,1047,96.85767097966728
2015-08-11 00:00:00,1085,1048,1084,1047,96.58986175115207
2015-08-12 00:00:00,1090,1023,1089,1022,93.85321100917432
2015-08-13 00:00:00,1088,1035,1087,1034,95.12867647058823
2015-08-14 00:00:00,1090,1053,1089,1052,96.60550458715596
2015-08-17 00:00:00,1083,1044,1081,1042,96.39889196675901
2015-08-18 00:00:00,1082,1040,1081,1039,96.11829944547135
2015-08-19 00:00:00,1075,1038,1074,1037,96.55813953488372
2015-08-20 00:00:00,1077,1043,1076,1042,96.8430826369545
2015-08-21 00:00:00,1078,1039,1077,1038,96.38218923933209
2015-08-24 00:00:00,1083,1050,1083,1050,96.95290858725762
2015-08-25 00:00:00,1082,1055,1081,1054,97.50462107208872
2015-08-26 00:00:00,1084,1041,1084,1041,96.03321033210332
2015-08-27 00:00:00,1087,1042,1086,1041,95.86016559337627
2015-08-28 00:00:00,1078,1021,1077,1020,94.71243042671614
2015-08-31 00:00:00,1074,1040,1074,1040,96.8342644320298
2015-09-01 00:00:00,1069,1040,1069,1040,97.28718428437793
2015-09-02 00:00:00,1063,1017,1062,1016,95.67262464722484
2015-09-03 00:00:00,1060,1030,1060,1030,97.16981132075472
2015-09-04 00:00:00,1050,1016,1050,1016,96.76190476190476
2015-09-08 00:00:00,1052,1014,1052,1014,96.38783269961978
2015-09-09 00:00:00,1048,1010,1048,1010,96.37404580152672
2015-09-10 00:00:00,1047,1017,1047,1017,97.13467048710602
2015-09-11 00:00:00,1048,1001,1048,1001,95.51526717557252
2015-09-14 00:00:00,1045,1013,1045,1013,96.9377990430622
2015-09-15 00:00:00,1049,1026,1049,1026,97.80743565300286
2015-09-16 00:00:00,1048,1025,1047,1024,97.80534351145039
2015-09-17 00:00:00,1052,1027,1052,1027,97.6235741444867
2015-09-18 00:00:00,1059,1036,1058,1035,97.82813975448536
2015-09-21 00:00:00,1053,1032,1052,1031,98.00569800569801
2015-09-22 00:00:00,1038,1016,1037,1015,97.88053949903662
2015-09-23 00:00:00,1024,998,1019,993,97.4609375
2015-09-24 00:00:00,1021,1001,1016,996,98.0411361410382
2015-09-25 00:00:00,1009,997,1005,993,98.81070366699703
2015-09-28 00:00:00,1011,977,1007,973,96.63699307616221
2015-09-29 00:00:00,1006,987,1002,983,98.11133200795229
2015-09-30 00:00:00,1006,993,1002,989,98.70775347912524
2015-10-01 00:00:00,1007,998,1007,998,99.10625620655412
2015-10-02 00:00:00,1010,1002,1010,1002,99.20792079207921
2015-10-05 00:00:00,1023,1011,1023,1011,98.82697947214076
2015-10-06 00:00:00,1024,1017,1024,1017,99.31640625
2015-10-07 00:00:00,1033,1009,1033,1009,97.67666989351403
2015-10-08 00:00:00,1038,1029,1037,1028,99.13294797687861
2015-10-09 00:00:00,1036,1028,1035,1027,99.22779922779922
2015-10-12 00:00:00,1034,1028,1033,1027,99.41972920696325
2015-10-13 00:00:00,1032,1020,1031,1019,98.83720930232558
2015-10-14 00:00:00,1034,1020,1033,1019,98.64603481624758
2015-10-15 00:00:00,1032,1023,1031,1022,99.12790697674419
2015-10-16 00:00:00,1018,1013,1017,1012,99.50884086444007
2015-10-19 00:00:00,1014,1009,1014,1009,99.5069033530572
2015-10-20 00:00:00,1011,1004,1011,1004,99.30761622156281
2015-10-21 00:00:00,1006,998,1006,998,99.20477137176938
2015-10-22 00:00:00,1006,999,1006,999,99.3041749502982
2015-10-23 00:00:00,1010,1001,1007,998,99.10891089108911
2015-10-26 00:00:00,1009,1001,1006,998,99.20713577799802
2015-10-27 00:00:00,1012,1007,1007,1002,99.50592885375494
2015-10-28 00:00:00,1016,998,1013,995,98.22834645669292
2015-10-29 00:00:00,1018,997,1014,993,97.93713163064832
2015-10-30 00:00:00,1029,1025,1027,1023,99.61127308066084
2015-11-02 00:00:00,1038,1027,1037,1026,98.94026974951831
2015-11-03 00:00:00,1043,1029,1042,1028,98.65771812080537
2015-11-04 00:00:00,1037,1013,1036,1012,97.68563162970106
2015-11-05 00:00:00,1032,1016,1031,1015,98.44961240310077
2015-11-06 00:00:00,1041,1009,1040,1008,96.92603266090298
2015-11-09 00:00:00,1046,1033,1046,1033,98.75717017208413
2015-11-10 00:00:00,1051,1003,1051,1003,95.43292102759277
2015-11-11 00:00:00,1044,1039,1044,1039,99.52107279693486
2015-11-12 00:00:00,1045,1016,1045,1016,97.22488038277513
2015-11-13 00:00:00,1039,1030,1039,1030,99.13378248315688
2015-11-16 00:00:00,1036,1019,1035,1018,98.35907335907336
2015-11-17 00:00:00,1037,1019,1036,1018,98.2642237222758
2015-11-18 00:00:00,1042,1019,1042,1019,97.79270633397313
2015-11-19 00:00:00,1041,1023,1040,1022,98.27089337175792
2015-11-20 00:00:00,1036,1022,1034,1020,98.64864864864865
2015-11-23 00:00:00,1039,1025,1037,1023,98.65255052935515
2015-11-24 00:00:00,1038,1021,1037,1020,98.36223506743738
2015-11-25 00:00:00,1030,997,1029,996,96.79611650485437
2015-11-27 00:00:00,1011,972,1011,972,96.14243323442136
2015-11-30 00:00:00,998,984,998,984,98.59719438877755
2015-12-01 00:00:00,1000,985,1000,985,98.5
2015-12-02 00:00:00,995,960,995,960,96.48241206030151
2015-12-03 00:00:00,987,974,987,974,98.68287740628166
2015-12-04 00:00:00,984,974,983,973,98.98373983739837
2015-12-07 00:00:00,977,959,975,957,98.15762538382805
2015-12-08 00:00:00,975,955,972,952,97.94871794871794
2015-12-09 00:00:00,974,954,972,952,97.94661190965093
2015-12-10 00:00:00,978,958,976,956,97.95501022494888
2015-12-11 00:00:00,985,952,983,950,96.6497461928934
2015-12-14 00:00:00,984,970,983,969,98.57723577235772
2015-12-15 00:00:00,986,972,986,972,98.58012170385396
2015-12-16 00:00:00,989,972,988,971,98.28109201213347
2015-12-17 00:00:00,985,969,985,969,98.3756345177665
2015-12-18 00:00:00,1016,1002,1016,1002,98.62204724409449
2015-12-21 00:00:00,1020,1007,1020,1007,98.72549019607843
2015-12-22 00:00:00,1019,1005,1019,1005,98.6261040235525
2015-12-23 00:00:00,1020,1005,1020,1005,98.52941176470588
2015-12-24 00:00:00,1013,1003,1011,1001,99.01283316880553
2015-12-28 00:00:00,1014,1004,1013,1003,99.0138067061144
2015-12-29 00:00:00,1006,969,1005,968,96.3220675944334
2015-12-30 00:00:00,992,974,991,974,98.18548387096774
2015-12-31 00:00:00,992,984,991,983,99.19354838709677
2016-01-04 00:00:00,996,982,995,981,98.59437751004016
2016-01-05 00:00:00,994,986,994,986,99.19517102615694
2016-01-06 00:00:00,990,971,990,971,98.08080808080808
2016-01-07 00:00:00,991,979,989,977,98.7891019172553
2016-01-08 00:00:00,996,986,994,984,98.99598393574297
2016-01-11 00:00:00,993,985,991,983,99.19436052366567
2016-01-12 00:00:00,999,991,997,989,99.1991991991992
2016-01-13 00:00:00,989,964,986,961,97.4721941354904
2016-01-14 00:00:00,997,985,994,982,98.79638916750251
2016-01-15 00:00:00,996,985,995,984,98.89558232931726
2016-01-19 00:00:00,998,990,997,989,99.19839679358718
2016-01-20 00:00:00,976,965,975,964,98.87295081967213
2016-01-21 00:00:00,978,967,977,966,98.87525562372188
2016-01-22 00:00:00,988,980,987,979,99.19028340080972
2016-01-25 00:00:00,987,976,986,975,98.8855116514691
2016-01-26 00:00:00,1003,994,1002,993,99.10269192422732
2016-01-27 00:00:00,1001,987,997,983,98.6013986013986
2016-01-28 00:00:00,1012,993,1009,990,98.12252964426878
2016-01-29 00:00:00,1025,1016,1021,1012,99.1219512195122
2016-02-01 00:00:00,1025,1018,1024,1017,99.3170731707317
2016-02-02 00:00:00,1019,1012,1018,1011,99.31305201177625
2016-02-03 00:00:00,1022,1003,1021,1002,98.14090019569471
2016-02-04 00:00:00,1027,1011,1026,1010,98.44206426484908
2016-02-05 00:00:00,1024,1013,1023,1013,98.92578125
2016-02-08 00:00:00,1020,1005,1020,1005,98.52941176470588
2016-02-09 00:00:00,1023,1010,1022,1009,98.72922776148583
2016-02-10 00:00:00,1026,986,1026,986,96.10136452241716
2016-02-11 00:00:00,1022,988,1022,988,96.67318982387475
2016-02-12 00:00:00,1023,1008,1023,1008,98.53372434017595
2016-02-16 00:00:00,1021,1007,1021,1007,98.62879529872674
2016-02-17 00:00:00,1030,1011,1029,1010,98.15533980582525
2016-02-18 00:00:00,1022,1007,1021,1006,98.53228962818004
2016-02-19 00:00:00,1022,1009,1020,1007,98.7279843444227
2016-02-22 00:00:00,1025,1018,1023,1016,99.3170731707317
2016-02-23 00:00:00,1025,1008,1023,1006,98.34146341463415
2016-02-24 00:00:00,1024,1006,1023,1005,98.2421875
2016-02-25 00:00:00,1030,1000,1028,998,97.0873786407767
2016-02-26 00:00:00,1028,995,1026,993,96.78988326848248
2016-02-29 00:00:00,1026,1008,1025,1007,98.24561403508773
2016-03-01 00:00:00,1030,1021,1029,1020,99.12621359223301
2016-03-02 00:00:00,1034,1001,1032,999,96.80851063829788
2016-03-03 00:00:00,1032,1011,1031,1010,97.96511627906976
2016-03-04 00:00:00,1027,1020,1027,1020,99.31840311587148
2016-03-07 00:00:00,1032,1016,1031,1015,98.44961240310077
2016-03-08 00:00:00,1016,990,1016,990,97.44094488188976
2016-03-09 00:00:00,1013,985,1013,985,97.23593287265548
2016-03-10 00:00:00,1013,997,1013,997,98.42053307008885
2016-03-11 00:00:00,1014,982,1014,982,96.84418145956607
2016-03-14 00:00:00,1008,997,1008,997,98.90873015873017
2016-03-15 00:00:00,1001,989,1001,989,98.80119880119881
2016-03-16 00:00:00,993,981,992,980,98.79154078549848
2016-03-17 00:00:00,998,992,997,991,99.39879759519039
2016-03-18 00:00:00,1006,1003,1004,1001,99.70178926441352
2016-03-21 00:00:00,1008,1004,1007,1003,99.60317460317461
2016-03-22 00:00:00,1010,999,1009,998,98.91089108910892
2016-03-23 00:00:00,1003,999,1001,997,99.6011964107677
2016-03-24 00:00:00,992,985,990,983,99.29435483870968
2016-03-28 00:00:00,983,979,979,975,99.59308240081384
2016-03-29 00:00:00,989,959,986,956,96.96663296258848
2016-03-30 00:00:00,986,968,982,964,98.17444219066937
2016-03-31 00:00:00,990,985,984,979,99.4949494949495
2016-04-01 00:00:00,987,980,983,976,99.29078014184397
2016-04-04 00:00:00,982,970,980,968,98.77800407331975
2016-04-05 00:00:00,974,967,973,966,99.28131416837782
2016-04-06 00:00:00,978,961,976,959,98.26175869120654
2016-04-07 00:00:00,984,974,984,974,98.98373983739837
2016-04-08 00:00:00,974,967,971,964,99.28131416837782
2016-04-11 00:00:00,970,964,967,961,99.38144329896907
2016-04-12 00:00:00,970,961,967,958,99.0721649484536
2016-04-13 00:00:00,975,953,971,949,97.74358974358974
2016-04-14 00:00:00,970,956,967,953,98.55670103092784
2016-04-15 00:00:00,962,956,960,954,99.37629937629937
2016-04-18 00:00:00,939,929,938,928,98.93503727369541
2016-04-19 00:00:00,943,936,942,935,99.2576882290562
2016-04-20 00:00:00,945,934,944,933,98.83597883597884
2016-04-21 00:00:00,945,938,943,936,99.25925925925925
2016-04-22 00:00:00,956,948,953,945,99.16317991631799
2016-04-25 00:00:00,959,950,957,948,99.06152241918666
2016-04-26 00:00:00,951,943,949,941,99.15878023133544
2016-04-27 00:00:00,958,939,955,936,98.01670146137788
2016-04-28 00:00:00,962,942,960,940,97.92099792099792
2016-04-29 00:00:00,968,956,967,955,98.7603305785124
2016-05-02 00:00:00,967,956,967,956,98.86246122026887
2016-05-03 00:00:00,974,962,974,962,98.76796714579055
2016-05-04 00:00:00,975,956,974,955,98.05128205128206
2016-05-05 00:00:00,975,955,973,953,97.94871794871794
2016-05-06 00:00:00,981,959,978,956,97.75739041794088
2016-05-09 00:00:00,985,970,982,967,98.4771573604061
2016-05-10 00:00:00,987,972,983,968,98.48024316109422
2016-05-11 00:00:00,981,934,977,930,95.20897043832824
2016-05-12 00:00:00,986,956,984,954,96.95740365111561
2016-05-13 00:00:00,987,970,986,969,98.27760891590678
2016-05-16 00:00:00,990,964,989,963,97.37373737373737
2016-05-17 00:00:00,993,971,992,970,97.78449144008056
2016-05-18 00:00:00,997,970,997,970,97.29187562688064
2016-05-19 00:00:00,993,973,992,972,97.98590130916415
2016-05-20 00:00:00,994,979,991,976,98.49094567404427
2016-05-23 00:00:00,993,976,990,973,98.28801611278952
2016-05-24 00:00:00,992,975,989,972,98.28629032258064
2016-05-25 00:00:00,991,965,987,961,97.37638748738648
2016-05-26 00:00:00,979,945,975,941,96.5270684371808
2016-05-27 00:00:00,962,921,959,918,95.73804573804574
2016-05-31 00:00:00,961,949,959,947,98.75130072840791
2016-06-01 00:00:00,966,932,965,931,96.48033126293996
2016-06-02 00:00:00,959,941,958,940,98.1230448383733
2016-06-03 00:00:00,952,936,952,936,98.31932773109244
2016-06-06 00:00:00,950,929,950,929,97.78947368421052
2016-06-07 00:00:00,954,936,954,936,98.11320754716981
2016-06-08 00:00:00,950,908,950,908,95.57894736842105
2016-06-09 00:00:00,947,929,947,929,98.09926082365364
2016-06-10 00:00:00,943,926,943,926,98.19724284199364
2016-06-13 00:00:00,938,900,937,899,95.94882729211088
2016-06-14 00:00:00,939,915,939,915,97.44408945686901
2016-06-15 00:00:00,935,919,935,919,98.28877005347593
2016-06-16 00:00:00,937,913,936,912,97.43863393810032
2016-06-17 00:00:00,950,934,949,933,98.3157894736842
2016-06-20 00:00:00,954,937,952,935,98.21802935010483
2016-06-21 00:00:00,956,940,954,939,98.32635983263599
2016-06-22 00:00:00,953,934,952,933,98.00629590766002
2016-06-23 00:00:00,955,943,953,941,98.7434554973822
2016-06-24 00:00:00,981,969,979,967,98.77675840978593
2016-06-27 00:00:00,992,980,990,978,98.79032258064517
2016-06-28 00:00:00,1002,963,1000,961,96.10778443113773
2016-06-29 00:00:00,1000,972,998,970,97.2
2016-06-30 00:00:00,1005,994,1000,989,98.90547263681592
2016-07-01 00:00:00,1004,987,1004,987,98.30677290836654
2016-07-05 00:00:00,1001,989,1000,988,98.80119880119881
2016-07-06 00:00:00,1006,988,1005,987,98.2107355864811
2016-07-07 00:00:00,1007,990,1006,989,98.31181727904668
2016-07-08 00:00:00,1015,1004,1013,1002,98.91625615763547
2016-07-11 00:00:00,1017,1007,1014,1005,99.01671583087513
2016-07-12 00:00:00,1017,1006,1015,1004,98.91838741396263
2016-07-13 00:00:00,1014,992,1013,991,97.83037475345168
2016-07-14 00:00:00,1015,999,1015,999,98.42364532019704
2016-07-15 00:00:00,1011,1004,1010,1003,99.30761622156281
2016-07-18 00:00:00,1002,991,1001,990,98.90219560878243
2016-07-19 00:00:00,996,987,995,986,99.09638554216868
2016-07-20 00:00:00,994,981,992,979,98.69215291750503
2016-07-21 00:00:00,1000,990,999,989,99.0
2016-07-22 00:00:00,999,990,997,988,99.09909909909909
2016-07-25 00:00:00,970,959,968,957,98.8659793814433
2016-07-26 00:00:00,969,958,968,957,98.86480908152735
2016-07-27 00:00:00,972,955,970,954,98.25102880658436
2016-07-28 00:00:00,970,947,969,946,97.62886597938144
2016-07-29 00:00:00,975,963,974,962,98.76923076923077
2016-08-01 00:00:00,978,968,977,967,98.97750511247443
2016-08-02 00:00:00,980,967,980,967,98.6734693877551
2016-08-03 00:00:00,977,958,977,958,98.05527123848516
2016-08-04 00:00:00,982,953,982,953,97.04684317718942
2016-08-05 00:00:00,983,967,983,967,98.37232960325534
2016-08-08 00:00:00,990,962,989,961,97.17171717171718
2016-08-09 00:00:00,985,967,984,966,98.1725888324873
2016-08-10 00:00:00,984,954,983,953,96.95121951219512
2016-08-11 00:00:00,990,955,989,954,96.46464646464646
2016-08-12 00:00:00,989,978,987,976,98.88776541961577
2016-08-15 00:00:00,995,979,994,978,98.39195979899498
2016-08-16 00:00:00,994,976,992,975,98.18913480885311
2016-08-17 00:00:00,993,969,993,969,97.58308157099698
2016-08-18 00:00:00,986,968,986,968,98.17444219066937
2016-08-19 00:00:00,987,973,986,972,98.58156028368795
2016-08-22 00:00:00,987,976,985,975,98.8855116514691
2016-08-23 00:00:00,984,972,984,972,98.78048780487805
2016-08-24 00:00:00,975,958,975,958,98.25641025641026
2016-08-25 00:00:00,970,958,969,957,98.76288659793815
2016-08-26 00:00:00,957,948,956,947,99.05956112852665
2016-08-29 00:00:00,951,924,949,922,97.1608832807571
2016-08-30 00:00:00,941,910,938,907,96.70563230605738
2016-08-31 00:00:00,935,908,931,904,97.11229946524064
2016-09-01 00:00:00,925,918,922,915,99.24324324324324
2016-09-02 00:00:00,919,904,916,902,98.36779107725789
2016-09-06 00:00:00,920,909,918,907,98.80434782608695
2016-09-07 00:00:00,923,888,922,887,96.20801733477789
2016-09-08 00:00:00,927,915,927,915,98.70550161812298
2016-09-09 00:00:00,927,918,927,918,99.02912621359224
2016-09-12 00:00:00,930,916,930,916,98.49462365591398
2016-09-13 00:00:00,936,904,936,904,96.58119658119658
2016-09-14 00:00:00,934,911,934,911,97.53747323340471
2016-09-15 00:00:00,937,923,936,922,98.50586979722519
2016-09-16 00:00:00,948,937,945,934,98.83966244725738
2016-09-19 00:00:00,943,934,941,932,99.04559915164369
2016-09-20 00:00:00,952,944,951,943,99.15966386554622
2016-09-21 00:00:00,954,945,953,944,99.05660377358491
2016-09-22 00:00:00,961,953,960,952,99.16753381893861
2016-09-23 00:00:00,964,959,960,955,99.48132780082987
2016-09-26 00:00:00,969,963,965,959,99.38080495356037
2016-09-27 00:00:00,966,958,961,953,99.17184265010351
2016-09-28 00:00:00,969,936,965,932,96.59442724458205
2016-09-29 00:00:00,965,953,961,950,98.75647668393782
2016-09-30 00:00:00,969,963,968,962,99.38080495356037
2016-10-03 00:00:00,972,961,971,960,98.86831275720165
2016-10-04 00:00:00,971,962,971,962,99.07312049433574
2016-10-05 00:00:00,978,953,978,953,97.4437627811861
2016-10-06 00:00:00,972,961,971,960,98.86831275720165
2016-10-07 00:00:00,972,961,971,960,98.86831275720165
2016-10-10 00:00:00,967,960,966,959,99.27611168562565
2016-10-11 00:00:00,959,950,958,949,99.06152241918666
2016-10-12 00:00:00,957,939,956,938,98.11912225705329
2016-10-13 00:00:00,963,945,962,944,98.13084112149532
2016-10-14 00:00:00,944,934,944,934,98.94067796610169
2016-10-17 00:00:00,942,931,942,931,98.83227176220807
2016-10-18 00:00:00,941,933,941,933,99.14984059511158
2016-10-19 00:00:00,943,933,943,933,98.93955461293743
2016-10-20 00:00:00,940,926,940,926,98.51063829787235
2016-10-21 00:00:00,937,929,937,929,99.1462113127001
2016-10-24 00:00:00,932,924,931,923,99.14163090128756
2016-10-25 00:00:00,937,926,936,925,98.82604055496265
2016-10-26 00:00:00,945,934,944,933,98.83597883597884
2016-10-27 00:00:00,947,928,945,926,97.9936642027455
2016-10-28 00:00:00,941,919,938,916,97.66206163655686
2016-10-31 00:00:00,947,934,947,934,98.6272439281943
2016-11-01 00:00:00,955,939,955,939,98.32460732984293
2016-11-02 00:00:00,951,933,949,931,98.10725552050474
2016-11-03 00:00:00,955,927,954,926,97.06806282722513
2016-11-04 00:00:00,961,942,957,938,98.02289281997919
2016-11-07 00:00:00,969,948,966,947,97.83281733746131
2016-11-08 00:00:00,973,930,972,929,95.58067831449127
2016-11-09 00:00:00,994,969,994,969,97.48490945674044
2016-11-10 00:00:00,1015,985,1015,985,97.04433497536945
2016-11-11 00:00:00,1024,1013,1023,1012,98.92578125
2016-11-14 00:00:00,1043,1017,1042,1016,97.5071907957814
2016-11-15 00:00:00,1055,1027,1054,1026,97.34597156398104
2016-11-16 00:00:00,1058,1028,1057,1027,97.16446124763705
2016-11-17 00:00:00,1064,1036,1063,1035,97.36842105263158
2016-11-18 00:00:00,1068,1052,1067,1051,98.50187265917603
2016-11-21 00:00:00,1072,1049,1072,1049,97.8544776119403
2016-11-22 00:00:00,1075,1052,1075,1052,97.86046511627907
2016-11-23 00:00:00,1066,1041,1065,1040,97.6547842401501
2016-11-25 00:00:00,1057,1043,1056,1042,98.67549668874172
2016-11-28 00:00:00,1065,1029,1062,1026,96.61971830985915
2016-11-29 00:00:00,1060,1012,1059,1011,95.47169811320755
2016-11-30 00:00:00,1062,1023,1061,1022,96.32768361581921
2016-12-01 00:00:00,1069,1044,1066,1041,97.66136576239477
2016-12-02 00:00:00,1072,1055,1071,1054,98.41417910447761
2016-12-05 00:00:00,1068,1045,1065,1042,97.84644194756554
2016-12-06 00:00:00,1064,1043,1063,1042,98.02631578947368
2016-12-07 00:00:00,1069,1028,1067,1026,96.1646398503274
2016-12-08 00:00:00,1061,1039,1060,1038,97.92648444863336
2016-12-09 00:00:00,1050,1034,1050,1034,98.47619047619048
2016-12-12 00:00:00,1035,1013,1035,1013,97.8743961352657
2016-12-13 00:00:00,1033,991,1032,990,95.93417231364957
2016-12-14 00:00:00,1029,1000,1029,1000,97.18172983479106
2016-12-15 00:00:00,1030,1012,1030,1012,98.25242718446601
2016-12-16 00:00:00,1064,1043,1064,1043,98.02631578947368
2016-12-19 00:00:00,1061,1043,1061,1043,98.30348727615457
2016-12-20 00:00:00,1065,1051,1065,1051,98.68544600938966
2016-12-21 00:00:00,1056,1039,1056,1039,98.39015151515152
2016-12-22 00:00:00,1056,1040,1055,1039,98.48484848484848
2016-12-23 00:00:00,1062,1047,1059,1044,98.58757062146893
2016-12-27 00:00:00,1056,1043,1052,1039,98.76893939393939
2016-12-28 00:00:00,1040,997,1036,993,95.86538461538461
2016-12-29 00:00:00,1030,1010,1026,1006,98.05825242718447
2016-12-30 00:00:00,1020,1009,1017,1006,98.92156862745098
2017-01-03 00:00:00,1021,1011,1019,1009,99.0205680705191
2017-01-04 00:00:00,1025,1006,1024,1005,98.14634146341463
2017-01-05 00:00:00,1018,1008,1018,1008,99.01768172888016
2017-01-06 00:00:00,1017,999,1016,998,98.23008849557522
2017-01-09 00:00:00,1011,1001,1010,1000,99.0108803165183
2017-01-10 00:00:00,1013,1004,1011,1002,99.11154985192498
2017-01-11 00:00:00,1007,984,1005,982,97.7159880834161
2017-01-12 00:00:00,1008,994,1006,992,98.61111111111111
2017-01-13 00:00:00,1001,992,998,989,99.1008991008991
2017-01-17 00:00:00,1000,993,998,991,99.3
2017-01-18 00:00:00,954,939,954,939,98.42767295597484
2017-01-19 00:00:00,951,939,951,939,98.73817034700315
2017-01-20 00:00:00,949,940,948,939,99.05163329820864
2017-01-23 00:00:00,943,932,942,931,98.83351007423117
2017-01-24 00:00:00,950,937,948,935,98.63157894736842
2017-01-25 00:00:00,966,954,963,951,98.75776397515529
2017-01-26 00:00:00,974,960,971,957,98.56262833675565
2017-01-27 00:00:00,983,965,981,963,98.16887080366226
2017-01-30 00:00:00,991,967,989,965,97.57820383451059
2017-01-31 00:00:00,1013,1002,1012,1001,98.91411648568608
2017-02-01 00:00:00,1013,994,1013,994,98.1243830207305
2017-02-02 00:00:00,1011,992,1011,992,98.12067260138477
2017-02-03 00:00:00,1012,996,1011,995,98.41897233201581
2017-02-06 00:00:00,1010,994,1010,994,98.41584158415841
2017-02-07 00:00:00,1007,985,1006,984,97.81529294935451
2017-02-08 00:00:00,1005,976,1004,975,97.11442786069652
2017-02-09 00:00:00,1009,990,1009,990,98.1169474727453
2017-02-10 00:00:00,1012,991,1012,991,97.92490118577075
2017-02-13 00:00:00,1014,979,1014,979,96.5483234714004
2017-02-14 00:00:00,1022,1004,1022,1004,98.23874755381604
2017-02-15 00:00:00,1029,998,1028,997,96.98736637512148
2017-02-16 00:00:00,1031,1000,1030,999,96.99321047526674
2017-02-17 00:00:00,1038,1018,1037,1017,98.07321772639692
2017-02-21 00:00:00,1044,1025,1043,1024,98.1800766283525
2017-02-22 00:00:00,1042,1004,1041,1003,96.3531669865643
2017-02-23 00:00:00,1046,1016,1044,1014,97.131931166348
2017-02-24 00:00:00,1042,1000,1041,999,95.96928982725528
2017-02-27 00:00:00,1050,1008,1049,1007,96.0
2017-02-28 00:00:00,1055,1032,1055,1032,97.81990521327015
2017-03-01 00:00:00,1066,1028,1066,1028,96.43527204502814
2017-03-02 00:00:00,1067,1039,1067,1039,97.37582005623243
2017-03-03 00:00:00,1060,1042,1059,1041,98.30188679245283
2017-03-06 00:00:00,1056,1033,1055,1032,97.8219696969697
2017-03-07 00:00:00,1064,1041,1063,1040,97.83834586466165
2017-03-08 00:00:00,1060,1004,1059,1003,94.71698113207547
2017-03-09 00:00:00,1056,1035,1055,1034,98.01136363636364
2017-03-10 00:00:00,1056,1035,1054,1033,98.01136363636364
2017-03-13 00:00:00,1051,997,1051,997,94.86203615604187
2017-03-14 00:00:00,1046,1028,1046,1028,98.27915869980879
2017-03-15 00:00:00,1047,1019,1047,1019,97.32569245463229
2017-03-16 00:00:00,1046,1026,1045,1025,98.08795411089866
2017-03-17 00:00:00,1061,1047,1060,1046,98.68049010367578
2017-03-20 00:00:00,1058,1041,1057,1040,98.39319470699432
2017-03-21 00:00:00,1057,1041,1055,1039,98.48628192999054
2017-03-22 00:00:00,1055,1036,1054,1035,98.19905213270142
2017-03-23 00:00:00,1054,1039,1053,1038,98.57685009487666
2017-03-24 00:00:00,1050,1037,1049,1036,98.76190476190476
2017-03-27 00:00:00,1043,1027,1041,1025,98.46596356663471
2017-03-28 00:00:00,1031,1015,1029,1013,98.44810863239573
2017-03-29 00:00:00,1025,981,1023,979,95.70731707317073
2017-03-30 00:00:00,1027,1009,1024,1006,98.24732229795521
2017-03-31 00:00:00,1025,1015,1024,1014,99.02439024390245
2017-04-03 00:00:00,1029,1014,1028,1013,98.54227405247813
2017-04-04 00:00:00,1023,1011,1022,1010,98.82697947214076
2017-04-05 00:00:00,1036,1014,1034,1012,97.87644787644787
2017-04-06 00:00:00,1039,1018,1037,1016,97.97882579403273
2017-04-07 00:00:00,1037,1025,1036,1024,98.84281581485052
2017-04-10 00:00:00,1038,1023,1037,1022,98.55491329479769
2017-04-11 00:00:00,1038,1006,1036,1004,96.91714836223507
2017-04-12 00:00:00,1031,1013,1030,1012,98.25412221144519
2017-04-13 00:00:00,1022,1007,1021,1006,98.53228962818004
2017-04-17 00:00:00,1001,989,1000,989,98.80119880119881
2017-04-18 00:00:00,995,986,995,986,99.09547738693468
2017-04-19 00:00:00,992,979,992,979,98.68951612903226
2017-04-20 00:00:00,995,986,994,985,99.09547738693468
2017-04-21 00:00:00,1001,993,1001,993,99.2007992007992
2017-04-24 00:00:00,1003,992,1002,991,98.90329012961116
2017-04-25 00:00:00,1008,999,1008,999,99.10714285714286
2017-04-26 00:00:00,1015,1000,1015,1000,98.52216748768473
2017-04-27 00:00:00,1027,1002,1026,1001,97.56572541382668
2017-04-28 00:00:00,1033,1020,1033,1020,98.74152952565343
2017-05-01 00:00:00,1036,1028,1036,1028,99.22779922779922
2017-05-02 00:00:00,1039,1032,1039,1032,99.32627526467758
2017-05-03 00:00:00,1038,1020,1037,1019,98.26589595375722
2017-05-04 00:00:00,1027,1005,1027,1005,97.85783836416748
2017-05-05 00:00:00,1033,1025,1032,1024,99.22555663117134
2017-05-08 00:00:00,1029,1009,1028,1008,98.05636540330418
2017-05-09 00:00:00,1037,1022,1036,1021,98.55351976856316
2017-05-10 00:00:00,1045,1020,1044,1019,97.60765550239235
2017-05-11 00:00:00,1053,1021,1052,1020,96.9610636277303
2017-05-12 00:00:00,1051,1036,1051,1036,98.57278782112274
2017-05-15 00:00:00,1054,1033,1054,1033,98.00759013282732
2017-05-16 00:00:00,1055,1040,1055,1040,98.5781990521327
2017-05-17 00:00:00,1064,1032,1063,1031,96.99248120300751
2017-05-18 00:00:00,1072,1050,1072,1050,97.94776119402985
2017-05-19 00:00:00,1073,1057,1072,1056,98.50885368126747
2017-05-22 00:00:00,1073,1061,1072,1060,98.8816402609506
2017-05-23 00:00:00,1068,1047,1066,1045,98.03370786516854
2017-05-24 00:00:00,1061,1036,1059,1034,97.64373232799247
2017-05-25 00:00:00,1059,1043,1057,1041,98.48914069877243
2017-05-26 00:00:00,1044,1018,1042,1016,97.5095785440613
2017-05-30 00:00:00,1033,1000,1032,999,96.8054211035818
2017-05-31 00:00:00,1031,1010,1030,1009,97.9631425800194
2017-06-01 00:00:00,1032,1011,1031,1010,97.96511627906976
2017-06-02 00:00:00,1030,1019,1030,1019,98.93203883495146
2017-06-05 00:00:00,1020,1002,1020,1002,98.23529411764706
2017-06-06 00:00:00,1020,1009,1020,1009,98.92156862745098
2017-06-07 00:00:00,1016,978,1015,977,96.25984251968504
2017-06-08 00:00:00,1007,992,1007,992,98.51042701092354
2017-06-09 00:00:00,1014,1005,1013,1004,99.11242603550296
2017-06-12 00:00:00,1023,1007,1022,1006,98.43597262952102
2017-06-13 00:00:00,1030,987,1029,986,95.8252427184466
2017-06-14 00:00:00,1029,1007,1027,1005,97.8620019436346
2017-06-15 00:00:00,1024,1007,1022,1005,98.33984375
2017-06-16 00:00:00,1038,1025,1036,1023,98.74759152215799
2017-06-19 00:00:00,1029,1017,1028,1016,98.83381924198251
2017-06-20 00:00:00,1035,1022,1034,1021,98.74396135265701
2017-06-21 00:00:00,1036,1018,1035,1017,98.26254826254826
2017-06-22 00:00:00,1041,1029,1040,1028,98.84726224783861
2017-06-23 00:00:00,1061,1049,1061,1049,98.86899151743638
2017-06-26 00:00:00,1067,1055,1067,1055,98.87535145267104
2017-06-27 00:00:00,1070,1057,1069,1056,98.78504672897196
2017-06-28 00:00:00,1068,1023,1068,1023,95.78651685393258
2017-06-29 00:00:00,1071,1053,1071,1053,98.31932773109244
2017-06-30 00:00:00,1068,1055,1068,1055,98.78277153558052
2017-07-03 00:00:00,1059,1047,1059,1047,98.86685552407933
2017-07-05 00:00:00,1056,1034,1056,1034,97.91666666666667
2017-07-06 00:00:00,1058,1037,1058,1037,98.01512287334593
2017-07-07 00:00:00,1048,1036,1048,1036,98.85496183206106
2017-07-10 00:00:00,1047,1035,1047,1035,98.8538681948424
2017-07-11 00:00:00,1048,1038,1047,1037,99.04580152671755
2017-07-12 00:00:00,1041,1019,1041,1019,97.8866474543708
2017-07-13 00:00:00,1048,1032,1048,1032,98.47328244274809
2017-07-14 00:00:00,1048,1036,1048,1036,98.85496183206106
2017-07-17 00:00:00,1024,1013,1022,1011,98.92578125
2017-07-18 00:00:00,1024,1015,1023,1014,99.12109375
2017-07-19 00:00:00,1026,1012,1025,1011,98.63547758284601
2017-07-20 00:00:00,1024,1012,1023,1011,98.828125
2017-07-21 00:00:00,1023,1015,1022,1014,99.21798631476051
2017-07-24 00:00:00,994,985,993,984,99.09456740442656
2017-07-25 00:00:00,1002,995,1002,995,99.30139720558883
2017-07-26 00:00:00,1005,999,1005,999,99.40298507462687
2017-07-27 00:00:00,1007,991,1007,991,98.4111221449851
2017-07-28 00:00:00,1009,991,1008,990,98.21605550049554
2017-07-31 00:00:00,1018,1012,1017,1011,99.4106090373281
2017-08-01 00:00:00,1031,1022,1030,1021,99.1270611057226
2017-08-02 00:00:00,1024,1010,1023,1009,98.6328125
2017-08-03 00:00:00,1026,1002,1025,1002,97.6608187134503
2017-08-04 00:00:00,1025,1016,1025,1016,99.1219512195122
2017-08-07 00:00:00,1031,1011,1031,1011,98.06013579049467
2017-08-08 00:00:00,1035,1010,1035,1010,97.58454106280193
2017-08-09 00:00:00,1035,1016,1034,1015,98.16425120772946
2017-08-10 00:00:00,1031,1009,1031,1009,97.86614936954413
2017-08-11 00:00:00,1046,1024,1046,1024,97.89674952198853
2017-08-14 00:00:00,1046,1033,1046,1033,98.75717017208413
2017-08-15 00:00:00,1040,1027,1040,1027,98.75
2017-08-16 00:00:00,1041,1014,1041,1014,97.40634005763688
2017-08-17 00:00:00,1041,1021,1041,1021,98.07877041306436
2017-08-18 00:00:00,1047,1032,1047,1032,98.567335243553
2017-08-21 00:00:00,1046,1032,1046,1032,98.66156787762907
2017-08-22 00:00:00,1032,1017,1032,1017,98.54651162790698
2017-08-23 00:00:00,1028,1003,1028,1003,97.56809338521401
2017-08-24 00:00:00,1022,1009,1019,1006,98.7279843444227
2017-08-25 00:00:00,1009,998,1005,994,98.90981169474728
2017-08-28 00:00:00,1003,996,1000,993,99.30209371884347
2017-08-29 00:00:00,992,962,989,959,96.9758064516129
2017-08-30 00:00:00,983,940,980,937,95.62563580874873
2017-08-31 00:00:00,986,972,983,969,98.58012170385396
2017-09-01 00:00:00,979,965,978,964,98.56996935648621
2017-09-05 00:00:00,986,979,985,978,99.29006085192698
2017-09-06 00:00:00,990,977,989,976,98.68686868686869
2017-09-07 00:00:00,983,945,982,944,96.13428280773144
2017-09-08 00:00:00,975,959,974,958,98.35897435897436
2017-09-11 00:00:00,979,969,978,968,98.97854954034729
2017-09-12 00:00:00,974,957,973,956,98.25462012320328
2017-09-13 00:00:00,979,968,979,968,98.87640449438203
2017-09-14 00:00:00,979,925,979,925,94.48416751787538
2017-09-15 00:00:00,996,980,995,979,98.39357429718875
2017-09-18 00:00:00,996,986,995,985,98.99598393574297
2017-09-19 00:00:00,1003,994,1003,994,99.10269192422732
2017-09-20 00:00:00,1006,996,1006,996,99.00596421471172
2017-09-21 00:00:00,1006,995,1006,995,98.9065606361829
2017-09-22 00:00:00,1011,1003,1010,1002,99.20870425321463
2017-09-25 00:00:00,1016,1010,1013,1007,99.40944881889764
2017-09-26 00:00:00,1022,1015,1020,1013,99.31506849315069
2017-09-27 00:00:00,1030,1023,1028,1021,99.32038834951456
2017-09-28 00:00:00,1033,998,1031,996,96.61181026137464
2017-09-29 00:00:00,1041,1026,1038,1023,98.55907780979827
2017-10-02 00:00:00,1054,1044,1052,1042,99.05123339658444
2017-10-03 00:00:00,1057,1048,1057,1048,99.14853358561967
2017-10-04 00:00:00,1057,1048,1055,1046,99.14853358561967
2017-10-05 00:00:00,1057,1035,1057,1035,97.918637653737
2017-10-06 00:00:00,1053,1031,1053,1031,97.91073124406458
2017-10-09 00:00:00,1052,1045,1052,1045,99.33460076045627
2017-10-10 00:00:00,1050,1041,1050,1041,99.14285714285714
2017-10-11 00:00:00,1049,1040,1048,1039,99.14204003813155
2017-10-12 00:00:00,1046,1026,1046,1026,98.08795411089866
2017-10-13 00:00:00,1023,1009,1023,1009,98.63147605083088
2017-10-16 00:00:00,1017,1008,1017,1008,99.11504424778761
2017-10-17 00:00:00,1014,1005,1014,1005,99.11242603550296
2017-10-18 00:00:00,1007,998,1007,998,99.10625620655412
2017-10-19 00:00:00,1011,1000,1011,1000,98.91196834817013
2017-10-20 00:00:00,1014,1000,1014,1000,98.61932938856016
2017-10-23 00:00:00,1009,997,1009,997,98.81070366699703
2017-10-24 00:00:00,1012,1001,1011,1000,98.91304347826087
2017-10-25 00:00:00,1011,1001,1010,1000,99.0108803165183
2017-10-26 00:00:00,1016,1006,1015,1005,99.01574803149606
2017-10-27 00:00:00,1027,1017,1026,1016,99.02629016553067
2017-10-30 00:00:00,1021,1003,1020,1002,98.23702252693438
2017-10-31 00:00:00,1027,1006,1026,1005,97.95520934761441
2017-11-01 00:00:00,1027,1018,1026,1017,99.1236611489776
2017-11-02 00:00:00,1042,1025,1041,1024,98.36852207293666
2017-11-03 00:00:00,1045,1028,1043,1026,98.37320574162679
2017-11-06 00:00:00,1053,1036,1051,1034,98.38556505223171
2017-11-07 00:00:00,1058,1045,1056,1043,98.77126654064273
2017-11-08 00:00:00,1070,1054,1069,1053,98.50467289719626
2017-11-09 00:00:00,1077,1046,1076,1045,97.12163416898792
2017-11-10 00:00:00,1083,1057,1082,1056,97.59926131117267
2017-11-13 00:00:00,1087,1072,1087,1072,98.62005519779208
2017-11-14 00:00:00,1087,1054,1087,1054,96.96412143514259
2017-11-15 00:00:00,1090,1071,1090,1071,98.25688073394495
2017-11-16 00:00:00,1101,1060,1100,1059,96.27611262488647
2017-11-17 00:00:00,1099,1079,1098,1078,98.18016378525932
2017-11-20 00:00:00,1100,1083,1099,1082,98.45454545454545
2017-11-21 00:00:00,1110,1093,1108,1091,98.46846846846847
2017-11-22 00:00:00,1106,1083,1105,1082,97.92043399638337
2017-11-24 00:00:00,1091,1071,1090,1070,98.16681943171402
2017-11-27 00:00:00,1081,1069,1080,1068,98.88991674375578
2017-11-28 00:00:00,1084,1073,1084,1073,98.98523985239852
2017-11-29 00:00:00,1076,1042,1075,1041,96.84014869888476
2017-11-30 00:00:00,1079,1022,1078,1021,94.71733086190918
2017-12-01 00:00:00,1072,1055,1072,1055,98.41417910447761
2017-12-04 00:00:00,1076,1063,1076,1063,98.7918215613383
2017-12-05 00:00:00,1075,1063,1075,1063,98.88372093023256
2017-12-06 00:00:00,1075,1062,1075,1062,98.79069767441861
2017-12-07 00:00:00,1070,1038,1070,1038,97.00934579439253
2017-12-08 00:00:00,1074,1062,1074,1062,98.88268156424581
2017-12-11 00:00:00,1071,1062,1071,1062,99.15966386554622
2017-12-12 00:00:00,1065,1050,1065,1050,98.59154929577464
2017-12-13 00:00:00,1070,1058,1070,1058,98.8785046728972
2017-12-14 00:00:00,1069,1025,1069,1025,95.88400374181478
2017-12-15 00:00:00,1106,1089,1106,1089,98.4629294755877
2017-12-18 00:00:00,1113,1103,1113,1103,99.1015274034142
2017-12-19 00:00:00,1113,1101,1113,1101,98.92183288409703
2017-12-20 00:00:00,1112,1099,1111,1098,98.83093525179856
2017-12-21 00:00:00,1114,1104,1113,1103,99.10233393177738
2017-12-22 00:00:00,1120,1109,1119,1108,99.01785714285714
2017-12-26 00:00:00,1114,1105,1112,1103,99.19210053859965
2017-12-27 00:00:00,1111,1103,1110,1102,99.27992799279927
2017-12-28 00:00:00,1101,1064,1100,1063,96.6394187102634
2017-12-29 00:00:00,1090,1075,1089,1074,98.62385321100918
2018-01-02 00:00:00,1086,1077,1086,1077,99.17127071823204
2018-01-03 00:00:00,1074,1068,1074,1068,99.44134078212291
2018-01-04 00:00:00,1078,1063,1078,1063,98.60853432282003
2018-01-05 00:00:00,1081,1077,1081,1077,99.62997224791859
2018-01-08 00:00:00,1073,1065,1073,1065,99.25442684063374
2018-01-09 00:00:00,1077,1059,1077,1059,98.32869080779945
2018-01-10 00:00:00,1080,1076,1080,1076,99.62962962962963
2018-01-11 00:00:00,1085,1069,1084,1068,98.52534562211981
2018-01-12 00:00:00,1084,1077,1084,1077,99.35424354243543
2018-01-16 00:00:00,1088,1082,1088,1082,99.44852941176471
2018-01-17 00:00:00,1054,1049,1054,1049,99.52561669829223
2018-01-18 00:00:00,1048,1037,1048,1037,98.95038167938931
2018-01-19 00:00:00,1050,1043,1050,1043,99.33333333333333
2018-01-22 00:00:00,1055,1050,1055,1050,99.5260663507109
2018-01-23 00:00:00,1068,1061,1068,1061,99.34456928838951
2018-01-24 00:00:00,1083,1078,1083,1078,99.53831948291783
2018-01-25 00:00:00,1089,1086,1089,1086,99.72451790633609
2018-01-26 00:00:00,1097,1093,1097,1093,99.63536918869644
2018-01-29 00:00:00,1103,1097,1103,1097,99.45602901178604
2018-01-30 00:00:00,1110,1098,1110,1098,98.91891891891892
2018-01-31 00:00:00,1111,1097,1111,1097,98.73987398739874
2018-02-01 00:00:00,1122,1112,1121,1111,99.10873440285205
2018-02-02 00:00:00,1127,1116,1126,1115,99.02395740905058
2018-02-05 00:00:00,1130,1121,1129,1120,99.20353982300885
2018-02-06 00:00:00,1141,1130,1140,1129,99.03593339176162
2018-02-07 00:00:00,1140,1128,1137,1125,98.94736842105263
2018-02-08 00:00:00,1135,1113,1134,1112,98.06167400881057
2018-02-09 00:00:00,1146,1126,1144,1124,98.25479930191972
2018-02-12 00:00:00,1147,1138,1146,1137,99.2153443766347
2018-02-13 00:00:00,1148,1131,1148,1131,98.5191637630662
2018-02-14 00:00:00,1146,1118,1145,1117,97.5567190226876
2018-02-15 00:00:00,1148,1123,1148,1123,97.82229965156795
2018-02-16 00:00:00,1150,1123,1150,1123,97.65217391304348
2018-02-20 00:00:00,1154,1142,1152,1140,98.96013864818025
2018-02-21 00:00:00,1154,1141,1153,1140,98.87348353552859
2018-02-22 00:00:00,1154,1131,1153,1130,98.00693240901214
2018-02-23 00:00:00,1156,1139,1155,1138,98.52941176470588
2018-02-26 00:00:00,1154,1142,1153,1141,98.96013864818025
2018-02-27 00:00:00,1155,1127,1153,1126,97.57575757575758
2018-02-28 00:00:00,1159,1121,1157,1119,96.72131147540983
2018-03-01 00:00:00,1155,1133,1154,1132,98.0952380952381
2018-03-02 00:00:00,1161,1135,1159,1133,97.76055124892335
2018-03-05 00:00:00,1157,1151,1154,1148,99.48141745894554
2018-03-06 00:00:00,1156,1146,1154,1144,99.13494809688581
2018-03-07 00:00:00,1147,1136,1146,1135,99.0409764603313
2018-03-08 00:00:00,1150,1104,1145,1099,96.0
2018-03-09 00:00:00,1140,1123,1139,1122,98.50877192982456
2018-03-12 00:00:00,1134,1130,1134,1130,99.64726631393297
2018-03-13 00:00:00,1134,1120,1134,1120,98.76543209876543
2018-03-14 00:00:00,1133,1090,1133,1090,96.20476610767872
2018-03-15 00:00:00,1139,1115,1139,1115,97.89288849868305
2018-03-16 00:00:00,1152,1139,1152,1139,98.87152777777777
2018-03-19 00:00:00,1153,1145,1153,1145,99.30615784908933
2018-03-20 00:00:00,1152,1145,1152,1145,99.39236111111111
2018-03-21 00:00:00,1145,1136,1145,1136,99.21397379912663
2018-03-22 00:00:00,1137,1127,1137,1127,99.12049252418646
2018-03-23 00:00:00,1139,1133,1138,1132,99.47322212467077
2018-03-26 00:00:00,1140,1136,1140,1136,99.64912280701755
2018-03-27 00:00:00,1134,1129,1133,1128,99.55908289241623
2018-03-28 00:00:00,1129,1091,1129,1091,96.63418954827281
2018-03-29 00:00:00,1127,1108,1126,1107,98.31410825199644
2018-04-02 00:00:00,1120,1114,1119,1113,99.46428571428571
2018-04-03 00:00:00,1121,1111,1119,1109,99.10793933987512
2018-04-04 00:00:00,1122,1116,1120,1114,99.46524064171123
2018-04-05 00:00:00,1113,1100,1111,1099,98.83198562443846
2018-04-06 00:00:00,1109,1101,1107,1099,99.27862939585212
2018-04-09 00:00:00,1098,1082,1098,1082,98.54280510018215
2018-04-10 00:00:00,1100,1091,1100,1091,99.18181818181819
2018-04-11 00:00:00,1098,1090,1098,1090,99.27140255009107
2018-04-12 00:00:00,1092,1071,1092,1071,98.07692307692308
2018-04-13 00:00:00,1091,1078,1091,1078,98.80843263061412
2018-04-16 00:00:00,1080,1071,1079,1070,99.16666666666667
2018-04-17 00:00:00,1077,1073,1077,1073,99.62859795728876
2018-04-18 00:00:00,1082,1079,1082,1079,99.72273567467653
2018-04-19 00:00:00,1085,1077,1085,1077,99.26267281105991
2018-04-20 00:00:00,1076,1070,1076,1070,99.44237918215613
2018-04-23 00:00:00,1070,1067,1070,1067,99.7196261682243
2018-04-24 00:00:00,1071,1063,1069,1061,99.2530345471522
2018-04-25 00:00:00,1061,1057,1060,1056,99.62299717247879
2018-04-26 00:00:00,1064,1060,1063,1059,99.62406015037594
2018-04-27 00:00:00,1060,1047,1059,1046,98.77358490566037
2018-04-30 00:00:00,1060,1044,1059,1043,98.49056603773585
2018-05-01 00:00:00,1062,1057,1060,1055,99.5291902071563
2018-05-02 00:00:00,1065,1061,1063,1059,99.6244131455399
2018-05-03 00:00:00,1069,1055,1068,1054,98.69036482694106
2018-05-04 00:00:00,1074,1058,1073,1057,98.51024208566108
2018-05-07 00:00:00,1083,1074,1082,1073,99.16897506925208
2018-05-08 00:00:00,1087,1078,1087,1078,99.17203311867526
2018-05-09 00:00:00,1101,1078,1100,1077,97.91099000908265
2018-05-10 00:00:00,1115,1086,1115,1086,97.39910313901345
2018-05-11 00:00:00,1118,1096,1118,1096,98.03220035778175
2018-05-14 00:00:00,1119,1088,1118,1087,97.22966934763181
2018-05-15 00:00:00,1117,1100,1117,1100,98.47806624888094
2018-05-16 00:00:00,1120,1098,1120,1098,98.03571428571429
2018-05-17 00:00:00,1120,1083,1120,1083,96.69642857142857
2018-05-18 00:00:00,1126,1098,1126,1098,97.51332149200711
2018-05-21 00:00:00,1132,1116,1132,1116,98.58657243816255
2018-05-22 00:00:00,1132,1120,1131,1119,98.93992932862191
2018-05-23 00:00:00,1126,1111,1123,1108,98.66785079928952
2018-05-24 00:00:00,1127,1100,1124,1097,97.60425909494232
2018-05-25 00:00:00,1127,1108,1122,1103,98.31410825199644
2018-05-29 00:00:00,1123,1110,1119,1107,98.84238646482636
2018-05-30 00:00:00,1116,1086,1112,1082,97.31182795698925
2018-05-31 00:00:00,1110,1061,1109,1060,95.58558558558559
2018-06-01 00:00:00,1111,1092,1110,1091,98.28982898289829
2018-06-04 00:00:00,1112,1099,1111,1098,98.83093525179856
2018-06-05 00:00:00,1115,1099,1114,1098,98.56502242152466
2018-06-06 00:00:00,1117,1102,1115,1100,98.65711727842435
2018-06-07 00:00:00,1109,1067,1108,1066,96.21280432822363
2018-06-08 00:00:00,1107,1089,1106,1088,98.3739837398374
2018-06-11 00:00:00,1109,1094,1108,1093,98.64743011722273
2018-06-12 00:00:00,1110,1092,1109,1091,98.37837837837837
2018-06-13 00:00:00,1115,1099,1114,1098,98.56502242152466
2018-06-14 00:00:00,1109,1052,1107,1050,94.86023444544635
2018-06-15 00:00:00,1130,1108,1130,1108,98.05309734513274
2018-06-18 00:00:00,1125,1108,1125,1108,98.4888888888889
2018-06-19 00:00:00,1133,1112,1133,1112,98.14651368049427
2018-06-20 00:00:00,1138,1119,1138,1119,98.33040421792619
2018-06-21 00:00:00,1148,1126,1148,1126,98.08362369337979
2018-06-22 00:00:00,1179,1160,1178,1159,98.38846480067853
2018-06-25 00:00:00,1184,1168,1183,1167,98.64864864864865
2018-06-26 00:00:00,1192,1176,1191,1175,98.65771812080537
2018-06-27 00:00:00,1186,1170,1184,1168,98.65092748735245
2018-06-28 00:00:00,1187,1141,1185,1139,96.12468407750632
2018-06-29 00:00:00,1191,1162,1189,1160,97.56507136859781
2018-07-02 00:00:00,1190,1170,1188,1168,98.31932773109244
2018-07-03 00:00:00,1179,1161,1177,1159,98.47328244274809
2018-07-05 00:00:00,1178,1154,1176,1152,97.96264855687606
2018-07-06 00:00:00,1171,1151,1168,1148,98.29205807002562
2018-07-09 00:00:00,1170,1144,1168,1142,97.77777777777777
2018-07-10 00:00:00,1163,1143,1162,1142,98.28030954428203
2018-07-11 00:00:00,1160,1145,1158,1143,98.70689655172414
2018-07-12 00:00:00,1154,1125,1152,1123,97.48700173310225
2018-07-13 00:00:00,1148,1131,1146,1129,98.5191637630662
2018-07-16 00:00:00,1121,1099,1120,1098,98.03746654772524
2018-07-17 00:00:00,1113,1099,1112,1098,98.74213836477988
2018-07-18 00:00:00,1111,1099,1110,1098,98.91989198919892
2018-07-19 00:00:00,1120,1101,1120,1101,98.30357142857143
2018-07-20 00:00:00,1109,1092,1109,1092,98.46708746618576
2018-07-23 00:00:00,1078,1064,1078,1064,98.7012987012987
2018-07-24 00:00:00,1075,1058,1075,1058,98.4186046511628
2018-07-25 00:00:00,1077,1062,1077,1062,98.60724233983287
2018-07-26 00:00:00,1078,1063,1078,1063,98.60853432282003
2018-07-27 00:00:00,1076,1063,1076,1063,98.7918215613383
2018-07-30 00:00:00,1077,1055,1076,1054,97.95728876508821
2018-07-31 00:00:00,1086,1059,1086,1059,97.51381215469613
2018-08-01 00:00:00,1108,1094,1108,1094,98.73646209386281
2018-08-02 00:00:00,1113,1090,1113,1090,97.93351302785265
2018-08-03 00:00:00,1122,1096,1122,1096,97.68270944741533
2018-08-06 00:00:00,1122,1105,1121,1104,98.48484848484848
2018-08-07 00:00:00,1121,1107,1121,1107,98.75111507582515
2018-08-08 00:00:00,1129,1107,1129,1107,98.05137289636846
2018-08-09 00:00:00,1137,1102,1137,1102,96.9217238346526
2018-08-10 00:00:00,1138,1115,1138,1115,97.97891036906854
2018-08-13 00:00:00,1136,1119,1136,1119,98.50352112676056
2018-08-14 00:00:00,1132,1102,1132,1102,97.34982332155477
2018-08-15 00:00:00,1137,1109,1137,1109,97.53737906772207
2018-08-16 00:00:00,1137,1102,1137,1102,96.9217238346526
2018-08-17 00:00:00,1141,1107,1140,1106,97.02015775635408
2018-08-20 00:00:00,1138,1118,1138,1118,98.24253075571177
2018-08-21 00:00:00,1138,1120,1138,1120,98.41827768014059
2018-08-22 00:00:00,1126,1107,1126,1107,98.3126110124334
2018-08-23 00:00:00,1118,1099,1118,1099,98.30053667262969
2018-08-24 00:00:00,1111,1091,1110,1090,98.1998199819982
2018-08-27 00:00:00,1099,1087,1098,1086,98.9080982711556
2018-08-28 00:00:00,1097,1086,1096,1085,98.99726526891523
2018-08-29 00:00:00,1085,1070,1084,1069,98.61751152073732
2018-08-30 00:00:00,1075,1029,1073,1027,95.72093023255815
2018-08-31 00:00:00,1078,1044,1076,1042,96.84601113172542
2018-09-04 00:00:00,1076,1064,1075,1063,98.88475836431226
2018-09-05 00:00:00,1078,1067,1077,1066,98.9795918367347
2018-09-06 00:00:00,1069,1037,1069,1037,97.00654817586529
2018-09-07 00:00:00,1058,1038,1057,1037,98.10964083175803
2018-09-10 00:00:00,1060,1054,1059,1053,99.43396226415095
2018-09-11 00:00:00,1060,1043,1059,1042,98.39622641509433
2018-09-12 00:00:00,1067,1058,1066,1057,99.15651358950328
2018-09-13 00:00:00,1060,1013,1059,1012,95.56603773584905
2018-09-14 00:00:00,1068,1047,1068,1047,98.03370786516854
2018-09-17 00:00:00,1070,1055,1070,1055,98.59813084112149
2018-09-18 00:00:00,1077,1066,1077,1066,98.9786443825441
2018-09-19 00:00:00,1077,1064,1077,1064,98.79294336118849
2018-09-20 00:00:00,1080,1064,1080,1064,98.51851851851852
2018-09-21 00:00:00,1123,1112,1120,1109,99.02048085485308
2018-09-24 00:00:00,1131,1120,1128,1117,99.02740937223696
2018-09-25 00:00:00,1138,1129,1135,1126,99.2091388400703
2018-09-26 00:00:00,1143,1137,1140,1134,99.4750656167979
2018-09-27 00:00:00,1139,1103,1135,1099,96.83933274802459
2018-09-28 00:00:00,1150,1136,1148,1134,98.78260869565217
2018-10-01 00:00:00,1153,1140,1152,1139,98.87250650477017
2018-10-02 00:00:00,1147,1135,1146,1134,98.9537925021796
2018-10-03 00:00:00,1147,1137,1146,1136,99.128160418483
2018-10-04 00:00:00,1143,1121,1142,1120,98.07524059492563
2018-10-05 00:00:00,1145,1132,1145,1132,98.8646288209607
2018-10-08 00:00:00,1139,1132,1138,1132,99.3854258121159
2018-10-09 00:00:00,1139,1124,1138,1123,98.68305531167691
2018-10-10 00:00:00,1139,1131,1138,1130,99.29762949956101
2018-10-11 00:00:00,1146,1132,1146,1132,98.77835951134381
2018-10-12 00:00:00,1154,1138,1154,1138,98.61351819757365
2018-10-15 00:00:00,1153,1142,1153,1142,99.04596704249784
2018-10-16 00:00:00,1164,1155,1164,1155,99.22680412371135
2018-10-17 00:00:00,1158,1150,1158,1150,99.3091537132988
2018-10-18 00:00:00,1154,1142,1153,1141,98.96013864818025
2018-10-19 00:00:00,1113,1102,1110,1100,99.01168014375561
2018-10-22 00:00:00,1114,1106,1112,1105,99.2818671454219
2018-10-23 00:00:00,1123,1110,1120,1108,98.84238646482636
2018-10-24 00:00:00,1125,1115,1121,1112,99.11111111111111
2018-10-25 00:00:00,1136,1125,1131,1121,99.03169014084507
2018-10-26 00:00:00,1132,1122,1130,1120,99.11660777385158
2018-10-29 00:00:00,1128,1119,1126,1117,99.20212765957447
2018-10-30 00:00:00,1130,1110,1128,1108,98.23008849557522
2018-10-31 00:00:00,1142,1121,1142,1121,98.16112084063047
2018-11-01 00:00:00,1153,1136,1152,1135,98.52558542931483
2018-11-02 00:00:00,1155,1134,1153,1132,98.18181818181819
2018-11-05 00:00:00,1161,1143,1160,1142,98.44961240310077
2018-11-06 00:00:00,1161,1142,1160,1141,98.36347975882859
2018-11-07 00:00:00,1165,1148,1164,1147,98.54077253218884
2018-11-08 00:00:00,1157,1102,1155,1100,95.24632670700086
2018-11-09 00:00:00,1153,1136,1152,1135,98.52558542931483
2018-11-12 00:00:00,1159,1150,1159,1150,99.2234685073339
2018-11-13 00:00:00,1156,1136,1156,1136,98.26989619377163
2018-11-14 00:00:00,1162,1126,1162,1126,96.90189328743546
2018-11-15 00:00:00,1166,1130,1165,1129,96.91252144082333
2018-11-16 00:00:00,1171,1144,1170,1143,97.69427839453459
2018-11-19 00:00:00,1174,1149,1173,1148,97.87052810902897
2018-11-20 00:00:00,1169,1142,1167,1140,97.69033361847733
2018-11-21 00:00:00,1164,1143,1161,1140,98.19587628865979
2018-11-23 00:00:00,1137,1110,1133,1106,97.62532981530343
2018-11-26 00:00:00,1138,1121,1134,1117,98.50615114235501
2018-11-27 00:00:00,1126,1109,1123,1106,98.49023090586145
2018-11-28 00:00:00,1125,1110,1121,1106,98.66666666666667
2018-11-29 00:00:00,1110,1056,1108,1054,95.13513513513513
2018-11-30 00:00:00,1110,1066,1110,1066,96.03603603603604
2018-12-03 00:00:00,1109,1092,1109,1092,98.46708746618576
2018-12-04 00:00:00,1109,1084,1109,1084,97.74571686203787
2018-12-06 00:00:00,1110,1062,1109,1061,95.67567567567568
2018-12-07 00:00:00,1101,1078,1101,1078,97.91099000908265
2018-12-10 00:00:00,1096,1077,1096,1077,98.26642335766424
2018-12-11 00:00:00,1089,1071,1089,1071,98.34710743801652
2018-12-12 00:00:00,1090,1075,1089,1074,98.62385321100918
2018-12-13 00:00:00,1089,1036,1087,1034,95.13314967860423
2018-12-14 00:00:00,1087,1059,1084,1056,97.42410303587856
2018-12-17 00:00:00,1089,1072,1086,1069,98.43893480257117
2018-12-18 00:00:00,1095,1081,1092,1078,98.72146118721462
2018-12-19 00:00:00,1094,1073,1091,1070,98.08043875685557
2018-12-20 00:00:00,1096,1076,1093,1073,98.17518248175182
2018-12-21 00:00:00,1117,1106,1114,1103,99.0152193375112
2018-12-24 00:00:00,1117,1102,1114,1100,98.65711727842435
2018-12-26 00:00:00,1119,1103,1116,1101,98.57015192135836
2018-12-27 00:00:00,1123,1101,1120,1099,98.04096170970614
2018-12-28 00:00:00,1115,1078,1113,1076,96.68161434977578
2018-12-31 00:00:00,1112,1087,1110,1085,97.75179856115108
2019-01-02 00:00:00,1108,1094,1108,1094,98.73646209386281
2019-01-03 00:00:00,1097,1077,1097,1077,98.17684594348222
2019-01-04 00:00:00,1091,1083,1091,1083,99.26672777268561
2019-01-07 00:00:00,1091,1080,1091,1080,98.99175068744272
2019-01-08 00:00:00,1092,1077,1092,1077,98.62637362637362
2019-01-09 00:00:00,1097,1081,1095,1079,98.54147675478578
2019-01-10 00:00:00,1093,1081,1093,1081,98.9021043000915
2019-01-11 00:00:00,1087,1077,1087,1077,99.08003679852806
2019-01-14 00:00:00,1078,1062,1078,1062,98.51576994434137
2019-01-15 00:00:00,1078,1067,1078,1067,98.9795918367347
2019-01-16 00:00:00,1069,1059,1069,1059,99.0645463049579
2019-01-17 00:00:00,1063,1048,1063,1048,98.58889934148635
2019-01-18 00:00:00,1066,1054,1065,1053,98.87429643527204
2019-01-22 00:00:00,1052,1042,1052,1042,99.04942965779468
2019-01-23 00:00:00,1025,1017,1025,1017,99.21951219512195
2019-01-24 00:00:00,1034,1024,1031,1021,99.03288201160541
2019-01-25 00:00:00,1039,1029,1036,1026,99.03753609239654
2019-01-28 00:00:00,1038,1031,1035,1028,99.32562620423892
2019-01-29 00:00:00,1040,1030,1037,1027,99.03846153846153
2019-01-30 00:00:00,1048,1031,1045,1028,98.37786259541984
2019-01-31 00:00:00,1049,1029,1044,1024,98.09342230695901
2019-02-01 00:00:00,1047,1036,1045,1034,98.94937917860554
2019-02-04 00:00:00,1043,1036,1042,1035,99.32885906040268
2019-02-05 00:00:00,1039,1033,1038,1032,99.42252165543792
2019-02-06 00:00:00,1037,1025,1035,1023,98.84281581485052
2019-02-07 00:00:00,1038,1020,1036,1018,98.26589595375722
2019-02-08 00:00:00,1043,1018,1042,1017,97.60306807286673
2019-02-11 00:00:00,1043,1031,1041,1029,98.84947267497603
2019-02-12 00:00:00,1048,1040,1047,1039,99.23664122137404
2019-02-13 00:00:00,1049,1036,1048,1035,98.76072449952335
2019-02-14 00:00:00,1060,1022,1058,1020,96.41509433962264
2019-02-15 00:00:00,1065,1047,1064,1046,98.30985915492958
2019-02-19 00:00:00,1067,1052,1066,1051,98.5941893158388
2019-02-20 00:00:00,1070,1056,1069,1055,98.69158878504673
2019-02-21 00:00:00,1074,1054,1072,1052,98.13780260707635
2019-02-22 00:00:00,1077,1058,1075,1056,98.23584029712164
2019-02-25 00:00:00,1082,1071,1081,1070,98.98336414048059
2019-02-26 00:00:00,1093,1081,1092,1080,98.9021043000915
2019-02-27 00:00:00,1104,1075,1103,1074,97.3731884057971
2019-02-28 00:00:00,1115,1065,1113,1063,95.51569506726457
2019-03-01 00:00:00,1115,1093,1114,1092,98.02690582959642
2019-03-04 00:00:00,1127,1108,1126,1107,98.31410825199644
2019-03-05 00:00:00,1127,1115,1126,1114,98.93522626441882
2019-03-06 00:00:00,1125,1109,1124,1108,98.57777777777778
2019-03-07 00:00:00,1125,1087,1124,1086,96.62222222222222
2019-03-08 00:00:00,1120,1097,1120,1097,97.94642857142857
2019-03-11 00:00:00,1122,1110,1122,1110,98.93048128342247
2019-03-12 00:00:00,1119,1106,1117,1104,98.83824843610367
2019-03-13 00:00:00,1123,1109,1120,1106,98.753339269813
2019-03-14 00:00:00,1117,1055,1114,1052,94.44941808415399
2019-03-15 00:00:00,1129,1114,1126,1111,98.67139061116032
2019-03-18 00:00:00,1127,1118,1124,1115,99.20141969831411
2019-03-19 00:00:00,1126,1112,1123,1109,98.75666074600355
2019-03-20 00:00:00,1119,1109,1118,1108,99.10634495084898
2019-03-21 00:00:00,1118,1108,1117,1107,99.10554561717352
2019-03-22 00:00:00,1121,1113,1121,1113,99.28635147190009
2019-03-25 00:00:00,1114,1106,1113,1105,99.2818671454219
2019-03-26 00:00:00,1114,1107,1113,1106,99.37163375224416
2019-03-27 00:00:00,1107,1100,1106,1099,99.3676603432701
2019-03-28 00:00:00,1103,1071,1102,1070,97.0988213961922
2019-03-29 00:00:00,1099,1083,1097,1081,98.54413102820746
2019-04-01 00:00:00,1092,1084,1092,1084,99.26739926739927
2019-04-02 00:00:00,1088,1080,1088,1080,99.26470588235294
2019-04-03 00:00:00,1083,1075,1083,1075,99.26131117266851
2019-04-04 00:00:00,1081,1063,1081,1063,98.33487511563368
2019-04-05 00:00:00,1081,1072,1081,1072,99.16743755781684
2019-04-08 00:00:00,1082,1072,1082,1072,99.07578558225508
2019-04-09 00:00:00,1085,1066,1085,1066,98.24884792626727
2019-04-10 00:00:00,1079,1070,1079,1070,99.16589434661724
2019-04-11 00:00:00,1073,1058,1073,1058,98.60205032618826
2019-04-12 00:00:00,1039,1022,1039,1022,98.36381135707411
2019-04-15 00:00:00,1045,1035,1045,1035,99.04306220095694
2019-04-16 00:00:00,1038,1028,1037,1027,99.03660886319845
2019-04-17 00:00:00,1042,1027,1042,1027,98.56046065259117
2019-04-18 00:00:00,1041,1031,1041,1031,99.03938520653217
2019-04-22 00:00:00,1038,1029,1038,1029,99.13294797687861
2019-04-23 00:00:00,1049,1034,1048,1033,98.57006673021925
2019-04-24 00:00:00,1055,1045,1055,1045,99.0521327014218
2019-04-25 00:00:00,1057,1043,1057,1043,98.67549668874172
2019-04-26 00:00:00,1054,1038,1054,1038,98.4819734345351
2019-04-29 00:00:00,1045,1027,1045,1027,98.27751196172248
2019-04-30 00:00:00,1054,1030,1054,1030,97.72296015180265
2019-05-01 00:00:00,1071,1058,1071,1058,98.78618113912232
2019-05-02 00:00:00,1075,1055,1074,1054,98.13953488372093
2019-05-03 00:00:00,1081,1060,1081,1060,98.05735430157262
2019-05-06 00:00:00,1084,1068,1084,1068,98.5239852398524
2019-05-07 00:00:00,1089,1075,1089,1075,98.71441689623508
2019-05-08 00:00:00,1087,1071,1087,1071,98.5280588776449
2019-05-09 00:00:00,1090,1053,1090,1053,96.60550458715596
2019-05-10 00:00:00,1094,1064,1094,1064,97.25776965265082
2019-05-13 00:00:00,1090,1068,1090,1068,97.98165137614679
2019-05-14 00:00:00,1096,1058,1096,1058,96.53284671532846
2019-05-15 00:00:00,1096,1070,1095,1069,97.62773722627738
2019-05-16 00:00:00,1099,1062,1098,1061,96.63330300272976
2019-05-17 00:00:00,1098,1067,1097,1066,97.17668488160291
2019-05-20 00:00:00,1098,1076,1097,1075,97.99635701275045
2019-05-21 00:00:00,1099,1080,1098,1079,98.27115559599636
2019-05-22 00:00:00,1096,1075,1096,1075,98.08394160583941
2019-05-23 00:00:00,1090,1059,1090,1059,97.1559633027523
2019-05-24 00:00:00,1085,1056,1085,1056,97.32718894009217
2019-05-28 00:00:00,1079,1060,1079,1060,98.23911028730306
2019-05-29 00:00:00,1078,1058,1078,1058,98.14471243042672
2019-05-30 00:00:00,1066,1025,1066,1025,96.15384615384616
2019-05-31 00:00:00,1063,1013,1063,1013,95.29633113828787
2019-06-03 00:00:00,1056,1042,1055,1041,98.67424242424242
2019-06-04 00:00:00,1058,1038,1057,1037,98.10964083175803
2019-06-05 00:00:00,1058,1037,1057,1036,98.01512287334593
2019-06-06 00:00:00,1053,1013,1052,1012,96.20132953466286
2019-06-07 00:00:00,1045,1017,1044,1016,97.32057416267942
2019-06-10 00:00:00,1041,1027,1040,1026,98.65513928914505
2019-06-11 00:00:00,1041,1020,1041,1020,97.98270893371757
2019-06-12 00:00:00,1037,1020,1037,1020,98.36065573770492
2019-06-13 00:00:00,1035,974,1034,973,94.10628019323671
2019-06-14 00:00:00,1032,1010,1031,1009,97.86821705426357
2019-06-17 00:00:00,1036,1020,1035,1019,98.45559845559846
2019-06-18 00:00:00,1038,1022,1037,1021,98.45857418111753
2019-06-19 00:00:00,1040,1024,1039,1023,98.46153846153847
2019-06-20 00:00:00,1043,1025,1042,1024,98.27420901246404
2019-06-21 00:00:00,1065,1047,1063,1045,98.30985915492958
2019-06-24 00:00:00,1067,1048,1064,1045,98.21930646672915
2019-06-25 00:00:00,1068,1053,1065,1050,98.59550561797752
2019-06-26 00:00:00,1061,1046,1058,1043,98.58623939679548
2019-06-27 00:00:00,1070,1030,1068,1028,96.26168224299066
2019-06-28 00:00:00,1108,1081,1106,1079,97.56317689530685
2019-07-01 00:00:00,1107,1090,1106,1089,98.4643179765131
2019-07-02 00:00:00,1103,1089,1103,1089,98.73073436083409
2019-07-03 00:00:00,1096,1069,1096,1069,97.53649635036497
2019-07-05 00:00:00,1087,1068,1087,1068,98.25206991720331
2019-07-08 00:00:00,1089,1072,1088,1071,98.43893480257117
2019-07-09 00:00:00,1087,1062,1087,1062,97.70009199632015
2019-07-10 00:00:00,1086,1071,1086,1071,98.61878453038673
2019-07-11 00:00:00,1084,1060,1084,1060,97.7859778597786
2019-07-12 00:00:00,1085,1063,1085,1063,97.97235023041475
2019-07-15 00:00:00,1080,1061,1080,1061,98.24074074074075
2019-07-16 00:00:00,1079,1062,1079,1062,98.4244670991659
2019-07-17 00:00:00,1073,1058,1073,1058,98.60205032618826
2019-07-18 00:00:00,1072,1048,1072,1048,97.76119402985074
2019-07-19 00:00:00,1066,1045,1065,1044,98.03001876172608
2019-07-22 00:00:00,1049,1029,1048,1028,98.09342230695901
2019-07-23 00:00:00,1050,1032,1048,1030,98.28571428571429
2019-07-24 00:00:00,1046,1027,1042,1023,98.18355640535373
2019-07-25 00:00:00,1046,1027,1042,1023,98.18355640535373
2019-07-26 00:00:00,1045,1026,1040,1021,98.18181818181819
2019-07-29 00:00:00,1008,992,1004,988,98.41269841269842
2019-07-30 00:00:00,1013,986,1010,983,97.33464955577493
2019-07-31 00:00:00,1021,997,1019,995,97.64936336924583
2019-08-01 00:00:00,1039,1019,1038,1018,98.07507218479307
2019-08-02 00:00:00,1043,1020,1042,1019,97.79482262703739
2019-08-05 00:00:00,1049,1034,1048,1033,98.57006673021925
2019-08-06 00:00:00,1055,1038,1054,1037,98.38862559241706
2019-08-07 00:00:00,1067,1047,1066,1046,98.12558575445173
2019-08-08 00:00:00,1083,1050,1082,1049,96.95290858725762
2019-08-09 00:00:00,1086,1058,1086,1058,97.42173112338858
2019-08-12 00:00:00,1085,1062,1085,1062,97.88018433179724
2019-08-13 00:00:00,1090,1071,1090,1071,98.25688073394495
2019-08-14 00:00:00,1095,1055,1095,1055,96.34703196347031
2019-08-15 00:00:00,1098,1062,1098,1062,96.72131147540983
2019-08-16 00:00:00,1102,1069,1102,1069,97.005444646098
2019-08-19 00:00:00,1100,1075,1100,1075,97.72727272727273
2019-08-20 00:00:00,1093,1067,1093,1067,97.62122598353156
2019-08-21 00:00:00,1094,1070,1094,1070,97.80621572212065
2019-08-22 00:00:00,1087,1067,1087,1067,98.16007359705611
2019-08-23 00:00:00,1084,1061,1084,1061,97.87822878228782
2019-08-26 00:00:00,1083,1059,1083,1059,97.78393351800554
2019-08-27 00:00:00,1073,1058,1073,1058,98.60205032618826
2019-08-28 00:00:00,1059,1041,1059,1041,98.30028328611898
2019-08-29 00:00:00,1053,1002,1052,1001,95.15669515669515
2019-08-30 00:00:00,1040,1004,1040,1004,96.53846153846153
2019-09-03 00:00:00,1030,1005,1029,1004,97.57281553398059
2019-09-04 00:00:00,1027,1008,1026,1007,98.14995131450827
2019-09-05 00:00:00,1027,993,1027,993,96.68938656280429
2019-09-06 00:00:00,1012,992,1012,992,98.02371541501977
2019-09-09 00:00:00,1028,1006,1028,1006,97.85992217898833
2019-09-10 00:00:00,1030,1011,1029,1010,98.15533980582525
2019-09-11 00:00:00,1035,1019,1034,1018,98.45410628019323
2019-09-12 00:00:00,1031,986,1029,985,95.635305528613
2019-09-13 00:00:00,1037,1007,1036,1006,97.10703953712633
2019-09-16 00:00:00,1040,1024,1038,1022,98.46153846153847
2019-09-17 00:00:00,1041,1031,1039,1029,99.03938520653217
2019-09-18 00:00:00,1046,1033,1044,1031,98.75717017208413
2019-09-19 00:00:00,1050,1030,1048,1028,98.0952380952381
2019-09-20 00:00:00,1089,1076,1087,1074,98.80624426078971
2019-09-23 00:00:00,1084,1076,1082,1074,99.2619926199262
2019-09-24 00:00:00,1088,1080,1085,1077,99.26470588235294
2019-09-25 00:00:00,1095,1089,1093,1087,99.45205479452055
2019-09-26 00:00:00,1096,1081,1095,1080,98.63138686131387
2019-09-27 00:00:00,1095,1068,1094,1067,97.53424657534246
2019-09-30 00:00:00,1099,1080,1098,1079,98.27115559599636
2019-10-01 00:00:00,1098,1087,1098,1087,98.99817850637523
2019-10-02 00:00:00,1097,1088,1096,1087,99.179580674567
2019-10-03 00:00:00,1095,1070,1095,1070,97.71689497716895
2019-10-04 00:00:00,1097,1083,1096,1082,98.72379216043755
2019-10-07 00:00:00,1091,1079,1090,1078,98.90009165902842
2019-10-08 00:00:00,1081,1065,1081,1065,98.51988899167438
2019-10-09 00:00:00,1071,1049,1071,1049,97.94584500466853
2019-10-10 00:00:00,1065,1045,1065,1045,98.12206572769954
2019-10-11 00:00:00,1064,1045,1064,1045,98.21428571428571
2019-10-14 00:00:00,1059,1049,1058,1048,99.05571293673276
2019-10-15 00:00:00,1050,1039,1049,1038,98.95238095238095
2019-10-16 00:00:00,1047,1033,1046,1032,98.66284622731614
2019-10-17 00:00:00,1046,1031,1045,1030,98.56596558317399
2019-10-18 00:00:00,1008,1000,1007,999,99.2063492063492
2019-10-21 00:00:00,1005,997,1004,996,99.20398009950249
2019-10-22 00:00:00,993,984,993,984,99.09365558912387
2019-10-23 00:00:00,990,982,990,982,99.1919191919192
2019-10-24 00:00:00,997,988,997,988,99.09729187562688
2019-10-25 00:00:00,995,986,995,986,99.09547738693468
2019-10-28 00:00:00,992,986,991,985,99.39516129032258
2019-10-29 00:00:00,995,985,995,985,98.99497487437186
2019-10-30 00:00:00,996,979,996,979,98.29317269076306
2019-10-31 00:00:00,1009,985,1007,983,97.62140733399406
2019-11-01 00:00:00,1024,1008,1023,1007,98.4375
2019-11-04 00:00:00,1029,1020,1028,1019,99.12536443148689
2019-11-05 00:00:00,1034,1025,1033,1024,99.12959381044487
2019-11-06 00:00:00,1040,1026,1039,1025,98.65384615384616
2019-11-07 00:00:00,1055,1011,1054,1010,95.82938388625593
2019-11-08 00:00:00,1058,1037,1058,1037,98.01512287334593
2019-11-11 00:00:00,1062,1057,1062,1057,99.5291902071563
2019-11-12 00:00:00,1056,1046,1056,1046,99.0530303030303
2019-11-13 00:00:00,1060,1042,1059,1041,98.30188679245283
2019-11-14 00:00:00,1062,1019,1061,1018,95.95103578154426
2019-11-15 00:00:00,1062,1039,1060,1037,97.83427495291902
2019-11-18 00:00:00,1062,1049,1060,1047,98.77589453860641
2019-11-19 00:00:00,1060,1042,1057,1039,98.30188679245283
2019-11-20 00:00:00,1072,1055,1070,1053,98.41417910447761
2019-11-21 00:00:00,1073,1059,1072,1058,98.69524697110904
2019-11-22 00:00:00,1068,1053,1068,1053,98.59550561797752
2019-11-25 00:00:00,1080,1063,1080,1063,98.42592592592592
2019-11-26 00:00:00,1085,1069,1083,1067,98.52534562211981
2019-11-27 00:00:00,1073,1034,1071,1032,96.36533084808947
2019-11-29 00:00:00,1055,1014,1052,1011,96.11374407582939
2019-12-02 00:00:00,1055,1042,1052,1039,98.76777251184834
2019-12-03 00:00:00,1050,1037,1047,1034,98.76190476190476
2019-12-04 00:00:00,1044,1027,1041,1024,98.37164750957854
2019-12-05 00:00:00,1036,1003,1035,1002,96.81467181467181
2019-12-06 00:00:00,1034,1023,1033,1022,98.93617021276596
2019-12-09 00:00:00,1044,1025,1044,1025,98.1800766283525
2019-12-10 00:00:00,1042,1026,1042,1026,98.46449136276391
2019-12-11 00:00:00,1039,1030,1039,1030,99.13378248315688
2019-12-12 00:00:00,1044,1009,1044,1009,96.64750957854406
2019-12-13 00:00:00,1044,1019,1044,1019,97.60536398467433
2019-12-16 00:00:00,1051,1038,1050,1037,98.76308277830637
2019-12-17 00:00:00,1055,1048,1055,1048,99.33649289099526
2019-12-18 00:00:00,1055,1045,1055,1045,99.0521327014218
2019-12-19 00:00:00,1055,1038,1055,1038,98.38862559241706
2019-12-20 00:00:00,1092,1085,1092,1085,99.35897435897436
2019-12-23 00:00:00,1095,1091,1095,1091,99.63470319634703
2019-12-24 00:00:00,1082,1072,1082,1072,99.07578558225508
2019-12-26 00:00:00,1075,1060,1074,1059,98.6046511627907
2019-12-27 00:00:00,1078,1072,1075,1070,99.44341372912801
2019-12-30 00:00:00,1079,1051,1078,1050,97.4050046339203
2019-12-31 00:00:00,1079,1066,1078,1065,98.79518072289157
