model,quarter,n_dates,mean,lag,se,t_stat,ci_lower,ci_upper,inference_status,median,std,positive_frequency
ridge,2003Q1,61,0.01830036087329417,4,0.021037925985138105,0.8698747626653958,-0.022933216366995853,0.05953393811358419,observed,0.02142415366301349,0.12906356051324622,0.5573770491803278
ridge,2003Q2,63,0.008030652670707477,4,0.018504424247558285,0.4339855465520439,-0.028237352409156452,0.0442986577505714,observed,0.015478838426302164,0.10465363473734667,0.5238095238095238
ridge,2003Q3,64,0.0023260821307535887,4,0.03193719393880164,0.072833015173808,-0.06026966775656855,0.06492183201807572,observed,0.020479140527118266,0.15660122871443055,0.5625
ridge,2003Q4,64,0.00818381049834874,4,0.02536244872494413,0.32267430432692845,-0.04152567556228556,0.05789329655898305,observed,0.03365563562317923,0.13736414904920094,0.59375
ridge,2004Q1,62,-0.002257810362224696,4,0.02109760390306696,-0.1070173832345235,-0.04360835417232761,0.039092733447878225,observed,0.028590674367324074,0.12336585571155992,0.532258064516129
ridge,2004Q2,62,0.037628143309990654,4,0.022591968563778802,1.6655539867525762,-0.006651301414876888,0.0819075880348582,observed,0.023174300306316894,0.12597509148869612,0.5645161290322581
ridge,2004Q3,64,0.03512055396809493,4,0.01993042243565878,1.7621580315958845,-0.003942356202465344,0.0741834641386552,observed,0.035258488607064424,0.11253111355594621,0.625
ridge,2004Q4,64,0.05470739679096055,4,0.0176952856265207,3.091636831731508,0.020025274266830692,0.08938951931509041,observed,0.054331665240457294,0.10215407010640502,0.703125
ridge,2005Q1,61,0.036873895481842944,4,0.019081817632819992,1.9324100141498712,-0.0005257798380455883,0.07427357080173147,observed,0.04716472216871578,0.09517371515380285,0.6885245901639344
ridge,2005Q2,64,0.017105566972954584,4,0.023545943398224384,0.7264761782381812,-0.02904363406958386,0.06325476801549303,observed,0.00217996770093611,0.12130891686729853,0.53125
ridge,2005Q3,64,0.013514724640811025,4,0.01318568520939059,1.0249542914300804,-0.012328743481077015,0.039358192762699064,observed,0.010582748103781254,0.09401057498421625,0.5625
ridge,2005Q4,63,0.024661332501586582,4,0.01759742354037202,1.4014172270735281,-0.009828983858239906,0.05915164886141307,observed,0.0217413749605979,0.10571418633546817,0.5873015873015873
ridge,2006Q1,62,0.011491863343906903,4,0.017974553560838605,0.6393406826495194,-0.02373761427352295,0.04672134096133675,observed,0.01114351788128134,0.10440782396737769,0.5483870967741935
ridge,2006Q2,63,0.01832602193493603,4,0.02565358721798793,0.7143648870317085,-0.03195408508657739,0.06860612895644945,observed,0.024379908772453322,0.1528390756278457,0.5873015873015873
ridge,2006Q3,63,0.03673687042065148,4,0.026326276512451296,1.395444980731566,-0.014861683390795806,0.08833542423209875,observed,0.026982983541119627,0.14264232782139274,0.6031746031746031
ridge,2006Q4,63,-0.003492583596353527,4,0.015286496863332185,-0.22847508016903526,-0.033453566898269116,0.026468399705562064,observed,-0.00936712277239618,0.10196188060788704,0.4126984126984127
ridge,2007Q1,61,-0.0035540073651058692,4,0.016928764200041108,-0.20993897269224407,-0.036733775499957454,0.029625760769745716,observed,0.0019927939349766188,0.0998359225849541,0.5081967213114754
ridge,2007Q2,63,0.02387746265838826,4,0.007428298876932372,3.214391754286658,0.009318264393201478,0.03843666092357504,observed,0.015838197890756443,0.06132928427922512,0.5714285714285714
ridge,2007Q3,63,0.039269527376107685,4,0.031922368522150205,1.230157071486079,-0.02329716522852182,0.10183621998073719,observed,0.01641967782893942,0.14451244257718446,0.5555555555555556
ridge,2007Q4,64,0.06116300813948734,4,0.014290292410345667,4.28003895114193,0.03315454968666376,0.08917146659231093,observed,0.04577211665229411,0.09058172015561727,0.6875
ridge,2008Q1,61,-0.008925115821587143,4,0.02742351763799442,-0.32545481361667755,-0.06267422272145513,0.04482399107828085,observed,-0.013918836404762247,0.15380270877315097,0.4426229508196721
ridge,2008Q2,64,0.005017618266699383,4,0.01904397162127259,0.26347541187756124,-0.03230788023359775,0.04234311676699652,observed,0.0005608450971458929,0.12975778156995227,0.5
ridge,2008Q3,64,0.0173965263690367,4,0.033988399426016766,0.5118371757076725,-0.049219512398118004,0.0840125651361914,observed,0.01747317630215494,0.20972954896468457,0.546875
ridge,2008Q4,64,0.06878320978066305,4,0.03251874327288508,2.1151865926508964,0.005047644143304136,0.13251877541802196,observed,0.08093915904149415,0.17979832547131575,0.6875
ridge,2009Q1,61,0.007687506275133129,4,0.03198560054756991,0.2403427212098159,-0.05500311882198853,0.07037813137225479,observed,-0.01723286001546213,0.1889647310386736,0.4426229508196721
ridge,2009Q2,63,-0.0035356211137492436,4,0.030849512369904946,-0.11460865479346757,-0.06399955429938584,0.056928312071887345,observed,-0.020692858856384073,0.17260913300890118,0.42857142857142855
ridge,2009Q3,64,-0.005217128039736498,4,0.03232011592284325,-0.1614204618631683,-0.0685633912246688,0.058129135145195805,observed,0.006789244553900732,0.16111144322185186,0.515625
ridge,2009Q4,64,-0.028264815772035237,4,0.019723780552207373,-1.433032358944594,-0.06692271529333323,0.010393083749262757,observed,-0.02774564763529465,0.11488233848428006,0.390625
ridge,2010Q1,61,0.017368689280167625,4,0.014969509687220672,1.1602710872350823,-0.01197101057300834,0.04670838913334359,observed,0.020336343281578084,0.10499245785510952,0.5901639344262295
ridge,2010Q2,63,0.057169780439706164,4,0.022926221191552385,2.493641667418418,0.012235212602664525,0.1021043482767478,observed,0.048230000814292844,0.14123818913554168,0.6984126984126984
ridge,2010Q3,64,0.022365759312185207,4,0.017406705875779766,1.284893274568718,-0.011750757293824875,0.05648227591819529,observed,0.01312931629253064,0.11234719401213077,0.5625
ridge,2010Q4,64,-0.012441135074743388,4,0.016794108716149087,-0.7408035332521152,-0.0453569833108458,0.020474713161359025,observed,-0.0206131207937372,0.09492095715494811,0.453125
ridge,2011Q1,62,0.03950829093309693,4,0.017804099655319608,2.21905581848911,0.004612896831508506,0.07440368503468535,observed,0.04762865147338324,0.10669946012706887,0.6774193548387096
ridge,2011Q2,63,-0.014417886206789608,4,0.024368273567274473,-0.5916662978600257,-0.062178824764066956,0.03334305235048775,observed,-0.009197312298468596,0.12911944847629445,0.4444444444444444
ridge,2011Q3,64,0.03543902718758529,4,0.03293903123762181,1.0758976768906328,-0.029120287723793256,0.09999834209896384,observed,0.01373573609527552,0.1709816560840806,0.53125
ridge,2011Q4,63,0.0362657149118312,4,0.024941865469801285,1.4540097233601241,-0.012619443116222519,0.08515087293988491,observed,0.025135819412033612,0.1518961831537182,0.5873015873015873
ridge,2012Q1,62,-0.016075222276252348,4,0.022479055815619434,-0.7151199947233806,-0.06013336208133209,0.027982917528827395,observed,-0.00822662938447304,0.11035483012555629,0.46774193548387094
ridge,2012Q2,63,0.023337433970969376,4,0.02530325776951402,0.922309458471663,-0.026256039948811403,0.07293090789075016,observed,0.02942601472668675,0.12986799547726058,0.6031746031746031
ridge,2012Q3,63,-0.028236550593173964,4,0.020521777547980426,-1.3759310336132533,-0.0684584954859583,0.011985394299610371,observed,-0.040867732546054934,0.1318055494578644,0.36507936507936506
ridge,2012Q4,62,-0.005779129871380235,4,0.012009511972931063,-0.4812127157544913,-0.029317340810227688,0.017759081067467215,observed,-0.01212553797580118,0.0718724147768412,0.45161290322580644
ridge,2013Q1,60,0.0032888993130913437,4,0.014947503643740947,0.22003000577748802,-0.02600766948742214,0.032585468113604826,observed,-0.00031854281291165856,0.08088200843745005,0.5
ridge,2013Q2,64,0.03846687944151149,4,0.016352589551663337,2.352341769478263,0.006416392866285356,0.07051736601673762,observed,0.030369475265535364,0.09216627276421277,0.671875
ridge,2013Q3,64,0.025789852805052742,4,0.013394039221108923,1.9254723970352494,-0.0004619816758376638,0.05204168728594315,observed,0.018947537907426863,0.07913384844227998,0.59375
ridge,2013Q4,64,0.00930632910148438,4,0.011113087208255105,0.8374206849174535,-0.012474921583748402,0.03108757978671716,observed,0.009495213225536148,0.07185884815512285,0.515625
ridge,2014Q1,61,-0.018633822801542528,4,0.018978345222540206,-0.9818465510581769,-0.05583069592388913,0.018563050320804075,observed,-0.011405304169241787,0.10023120718516842,0.4918032786885246
ridge,2014Q2,63,0.0315774443351661,4,0.01812153999105022,1.7425364704523687,-0.003940121391694626,0.06709501006202682,observed,0.02071561176928865,0.09983930578896492,0.6507936507936508
ridge,2014Q3,64,-0.019382656072017133,4,0.0130615012192825,-1.4839531648477593,-0.044982728045836834,0.0062174159018025706,observed,-0.02064755150470806,0.08002711147399026,0.375
ridge,2014Q4,64,0.055702540750361594,4,0.035094686629649756,1.587207241317872,-0.013081781092471302,0.1244868625931945,observed,0.06363245305616357,0.16397353656415148,0.71875
ridge,2015Q1,61,0.004773874488274242,4,0.0213356361676824,0.22375121373251314,-0.037043203987633444,0.046590952964181934,observed,0.004128616565608605,0.11782533402618163,0.5245901639344263
ridge,2015Q2,63,0.012666518886994226,4,0.014951348509772932,0.8471823714573151,-0.016637585712467328,0.04197062348645578,observed,0.006570950656113848,0.088239536810781,0.5396825396825397
ridge,2015Q3,64,0.003603514538225463,4,0.0194164103062618,0.1855911819633997,-0.03445195037109998,0.04165897944755091,observed,0.0004598620449835744,0.12260170678276672,0.5
ridge,2015Q4,64,0.03840678672432141,4,0.017994651039101462,2.134344625014701,0.0031379187733162825,0.07367565467532652,observed,0.04319203112749747,0.1077391964165995,0.640625
ridge,2016Q1,61,-0.013441725864504643,4,0.02911784801686561,-0.4616318436966544,-0.07051165928487227,0.04362820755586299,observed,-0.032064260188240795,0.14268179134214834,0.4426229508196721
ridge,2016Q2,64,-0.04064510084859726,4,0.024477512674416137,-1.660507805234617,-0.0886201441215756,0.007329942424381071,observed,-0.05643145351478478,0.1401315173724304,0.34375
ridge,2016Q3,64,-0.03619580537224527,4,0.015442330834110733,-2.343934070645084,-0.06646221764445467,-0.00592939310003586,observed,-0.028238398580123197,0.09315981197490493,0.34375
ridge,2016Q4,63,0.018820033980103734,4,0.01794990123393218,1.0484756286305728,-0.016361125964454416,0.054001193924661885,observed,0.025987691789782132,0.10738274536054174,0.5396825396825397
ridge,2017Q1,62,0.02767554235548066,4,0.011324435127939205,2.443878395947595,0.00548005735945958,0.04987102735150174,observed,0.009847212831654899,0.09477071707932622,0.5645161290322581
ridge,2017Q2,63,0.04520213709049215,4,0.01739174164376433,2.5990575306584676,0.01111494984028863,0.07928932434069567,observed,0.03259565530806006,0.11482441700044162,0.6984126984126984
ridge,2017Q3,63,-0.017482496060727253,4,0.020802469170023062,-0.8404048537622648,-0.05825458642347729,0.023289594302022782,observed,-0.025641443461572353,0.11261416222951448,0.36507936507936506
ridge,2017Q4,63,0.012479082795862531,4,0.012591306836456321,0.9910871808580773,-0.012199425121884822,0.037157590713609884,observed,-0.003918537941057811,0.09981496340736924,0.49206349206349204
ridge,2018Q1,61,0.009153688590487088,4,0.008468818030902776,1.0808696747391684,-0.007444889741705771,0.02575226692267995,observed,0.0018871058420645897,0.05966764459103147,0.5737704918032787
ridge,2018Q2,64,0.02247228086580131,4,0.016151031390522975,1.3913836412321932,-0.009183158972799588,0.05412772070440221,observed,0.017713396949663097,0.11054516150586602,0.5625
ridge,2018Q3,63,0.044935767708244596,4,0.01620289246903988,2.773317652641764,0.013178682023551158,0.07669285339293803,observed,0.04716324059216027,0.11333235124772627,0.6349206349206349
ridge,2018Q4,63,0.004285338510978327,4,0.024233662874300153,0.17683412256770054,-0.043211767936135376,0.05178244495809203,observed,-0.010143610986514862,0.14534551880372917,0.49206349206349204
ridge,2019Q1,61,0.02401240144590287,4,0.021244037116715818,1.1303125349469838,-0.017625146189092267,0.06564994908089801,observed,0.016617374829089836,0.11403545589048493,0.5573770491803278
ridge,2019Q2,63,-0.010721771953459781,4,0.023202533409491122,-0.4620948826680272,-0.05619790178614973,0.03475435787923017,observed,-0.01711449867557673,0.13114678584277778,0.38095238095238093
ridge,2019Q3,64,0.007581424597389403,4,0.039250628476342676,0.1931542217714785,-0.0693483935868045,0.08451124278158331,observed,0.023430330577785763,0.1898701488862195,0.5625
ridge,2019Q4,64,-0.021148142629313728,4,0.021123116735059445,-1.0011847633362148,-0.06254869067126553,0.020252405412638078,observed,-0.011974933566581946,0.1153683038388799,0.4375
equal_weight,2003Q1,61,0.013369126541288965,4,0.0325365637197431,0.41089546691055806,-0.05040136653010009,0.07713961961267803,observed,0.02023786835735811,0.15349036855108528,0.6065573770491803
equal_weight,2003Q2,63,0.040153058716091816,4,0.032473110820209525,1.2365017610540319,-0.023493068957496782,0.10379918638968041,observed,0.041358762137155565,0.15693715633973948,0.6031746031746031
equal_weight,2003Q3,64,0.019056814743200916,4,0.04341481503477808,0.4389472747479213,-0.06603465912043216,0.104148288606834,observed,0.03527936256949006,0.19965418767652493,0.5625
equal_weight,2003Q4,64,0.0009836992422877907,4,0.042576899576474404,0.023104059996687205,-0.08246549050098072,0.0844328889855563,observed,-0.016132258958272774,0.19516219586809724,0.46875
equal_weight,2004Q1,62,-0.044825826407276066,4,0.03423403007174908,-1.3093937907201771,-0.11192329239356541,0.022271639579013285,observed,-0.05161291912378735,0.15900765323543725,0.4032258064516129
equal_weight,2004Q2,62,-0.017177965558328512,4,0.027245377089780667,-0.6304910187780705,-0.07057792339951133,0.036221992282854304,observed,-0.01676292795618891,0.121598921623071,0.43548387096774194
equal_weight,2004Q3,64,0.004153562059615467,4,0.0260209792497648,0.15962358755783607,-0.04684662011238762,0.05515374423161855,observed,0.007245030800975187,0.12148514799069828,0.5
equal_weight,2004Q4,64,0.01076778316537094,4,0.023967888968815472,0.44925872192502486,-0.03620841599896224,0.057743982329704124,observed,0.021073913261176205,0.12376149656753381,0.546875
equal_weight,2005Q1,61,0.008266785637245854,4,0.025237368760062908,0.32756131258531596,-0.04119754819703373,0.057731119471525434,observed,0.013795152755679585,0.1224418545092249,0.5573770491803278
equal_weight,2005Q2,64,0.01880383565352007,4,0.02547169134823444,0.7382248550535868,-0.03111976201433992,0.06872743332138007,observed,0.02035940833433425,0.12366421463507823,0.5625
equal_weight,2005Q3,64,0.030734966124850438,4,0.022634833264636424,1.3578613884852102,-0.013628491869906126,0.075098424119607,observed,0.048363923047175114,0.10762389553961108,0.625
equal_weight,2005Q4,63,0.014238466690602488,4,0.025300807880087216,0.5627672743924019,-0.03535020553413565,0.06382713891534063,observed,0.009510969526860888,0.1266732002068615,0.5396825396825397
equal_weight,2006Q1,62,0.023544734591710054,4,0.033773137356483636,0.6971438378137537,-0.042649398271922156,0.08973886745534226,observed,0.06195194956526999,0.16043346863989325,0.6451612903225806
equal_weight,2006Q2,63,-0.031597158945207475,4,0.0419813804097494,-0.7526469743684183,-0.11387915256959166,0.05068483467917672,observed,-0.006287079884813984,0.1804455337880576,0.47619047619047616
equal_weight,2006Q3,63,-0.04503253391093941,4,0.019563110175214404,-2.301910765088551,-0.08337552527994871,-0.006689542541930112,observed,-0.04710921979806806,0.106148933916646,0.3492063492063492
equal_weight,2006Q4,63,-0.029991023907090478,4,0.02716845442972048,-1.1038914261638046,-0.08324021610496031,0.023258168290779355,observed,-0.028963993503333868,0.12323757212058087,0.42857142857142855
equal_weight,2007Q1,61,-0.003255757110237669,4,0.015804450814131787,-0.20600254627807027,-0.034231911501370706,0.02772039728089537,observed,-0.002557096752514046,0.08591397008146445,0.4918032786885246
equal_weight,2007Q2,63,0.0273911782642467,4,0.014403031762467244,1.9017647614737039,-0.0008382452583755584,0.05562060178686896,observed,0.014180379131089672,0.08147819919891665,0.5873015873015873
equal_weight,2007Q3,63,0.025625974594917885,4,0.02139022428106402,1.1980227162743506,-0.016298094617201764,0.06755004380703754,observed,0.03809964933803578,0.10023882905496959,0.6666666666666666
equal_weight,2007Q4,64,0.002075266593413166,4,0.0186445475357505,0.11130688955759795,-0.03446737508470283,0.03861790827152916,observed,0.00952297598246956,0.09622716207007646,0.546875
equal_weight,2008Q1,61,-0.03467168947260436,4,0.015501980088067517,-2.236597471783138,-0.06505501213427375,-0.004288366810934967,observed,-0.03461093772543767,0.09678670335118648,0.29508196721311475
equal_weight,2008Q2,64,9.82901110630173e-05,4,0.020234535118040506,0.004857542339847718,-0.039560669964207304,0.039757250186333346,observed,0.01283745279496543,0.10963900775216491,0.53125
equal_weight,2008Q3,64,-0.04141899236617034,4,0.02028059544887616,-2.042296660893433,-0.08116822903099455,-0.0016697557013461359,observed,-0.03636964803772107,0.1463100958326552,0.390625
equal_weight,2008Q4,64,0.006053508286598564,4,0.022253452694719032,0.2720255759698414,-0.03756245752671655,0.04966947409991368,observed,0.008463655703684448,0.125613664493895,0.53125
equal_weight,2009Q1,61,-0.01196433973072416,4,0.02680078760140346,-0.44641746760075174,-0.06449291818678257,0.040564238725334247,observed,-0.010738341675298134,0.14183011911476753,0.4426229508196721
equal_weight,2009Q2,63,-0.03379189797795259,4,0.04191930799112255,-0.8061177437640159,-0.11595223189739487,0.048368435941489686,observed,-0.023641447924861052,0.20943246494811837,0.4603174603174603
equal_weight,2009Q3,64,0.027805952067750547,4,0.03675878460187423,0.7564437281838965,-0.044239941867388444,0.09985184600288954,observed,0.009398673849981321,0.16542100976186033,0.515625
equal_weight,2009Q4,64,-0.00980394156745304,4,0.03268503870996946,-0.2999519643971748,-0.07386544027229068,0.0542575571373846,observed,-0.0013294632855982232,0.1529513699438238,0.484375
equal_weight,2010Q1,61,-0.0005652421541224789,4,0.028277477616042112,-0.01998912922140591,-0.055988079855202565,0.054857595546957606,observed,-0.004709904268376267,0.13578700913488842,0.45901639344262296
equal_weight,2010Q2,63,-0.050613960475815435,4,0.040573333058050234,-1.2474686366880332,-0.13013623200234226,0.028908311050711392,observed,-0.08203362231360448,0.20339761427433625,0.42857142857142855
equal_weight,2010Q3,64,0.028870017267003504,4,0.020215105809786492,1.428140794248379,-0.010750862063844426,0.06849089659785143,observed,0.02065860397689529,0.11643836058115814,0.609375
equal_weight,2010Q4,64,0.041550774559446224,4,0.022038421028529067,1.8853789255436277,-0.00164373693260092,0.08474528605149337,observed,0.05590114406708868,0.11619115151725837,0.671875
equal_weight,2011Q1,62,0.0072745816135921255,4,0.03492959365349955,0.2082641351558722,-0.061186163941885835,0.07573532716907008,observed,0.018682607344215976,0.15313880093794655,0.5645161290322581
equal_weight,2011Q2,63,-0.024850396176790572,4,0.031618846281201846,-0.7859362089237495,-0.08682219612065442,0.03712140376707327,observed,-0.05055380685520144,0.14983719693326084,0.36507936507936506
equal_weight,2011Q3,64,-0.008177094906425625,4,0.03511373069698254,-0.23287456912484425,-0.07699874243534993,0.06064455262249868,observed,0.017980742110456048,0.17670123693091216,0.5625
equal_weight,2011Q4,63,-0.023093575976107384,4,0.033652538030033666,-0.6862357886795108,-0.08905133850333787,0.042864186551123104,observed,-0.024703476108525843,0.16003803530253916,0.4126984126984127
equal_weight,2012Q1,62,-0.00895359442395293,4,0.023953997496964845,-0.3737828905211925,-0.05590256680376663,0.03799537795586077,observed,0.005415346506614094,0.12420799030060269,0.5161290322580645
equal_weight,2012Q2,63,-0.02132021450879504,4,0.017110643661613696,-1.2460206015876052,-0.05485645983785645,0.012216030820266361,observed,-0.021546783008978516,0.09860021770493176,0.47619047619047616
equal_weight,2012Q3,63,0.002693941322983544,4,0.020000719302985775,0.13469222192330768,-0.03650674817576363,0.04189463082173071,observed,-0.008631172804300072,0.10449947301233851,0.47619047619047616
equal_weight,2012Q4,62,-0.018720200663069026,4,0.012841500996817894,-1.4577891375554823,-0.0438890801242673,0.0064486787981292495,observed,-0.02854312693919899,0.06708985587718957,0.3225806451612903
equal_weight,2013Q1,60,-0.0321024112330247,4,0.021334260847595127,-1.5047351048322537,-0.07391679413109412,0.009711971665044714,observed,-0.01887191959215307,0.09608912058066908,0.38333333333333336
equal_weight,2013Q2,64,0.023019089156897522,4,0.015074982436163613,1.526972867422828,-0.006527333485557042,0.05256551179935209,observed,0.023998288961732134,0.07925112243751295,0.59375
equal_weight,2013Q3,64,0.03087044848233036,4,0.012893341956960453,2.3942937824328,0.005599962606328696,0.05614093435833203,observed,0.023494906679068422,0.0683360648916407,0.703125
equal_weight,2013Q4,64,-0.02527428213083373,4,0.01755729991243702,-1.4395312637412003,-0.05968595762497854,0.009137393363311073,observed,-0.006246664040974731,0.1002893593725275,0.421875
equal_weight,2014Q1,61,-0.037352175365100604,4,0.02105212358790353,-1.774271142250135,-0.07861357939547767,0.00390922866527646,observed,-0.03519411013041361,0.10008109238430142,0.36065573770491804
equal_weight,2014Q2,63,-0.011483547387122012,4,0.018191216374910637,-0.6312688030559707,-0.047137676316922145,0.02417058154267812,observed,0.009892121187803535,0.10446261106120179,0.5238095238095238
equal_weight,2014Q3,64,-0.0011915255910263578,4,0.01012774297515342,-0.11764966725059568,-0.021041537067005598,0.01865848588495288,observed,-0.0028177799108918262,0.06179668760701383,0.484375
equal_weight,2014Q4,64,0.003988840064331156,4,0.022627370257245354,0.17628385530368548,-0.040359990704722556,0.048337670833384874,observed,-0.005404412347726208,0.1215982770500138,0.484375
equal_weight,2015Q1,61,-0.018422788094803015,4,0.011672680443204856,-1.5782825705236943,-0.04130082136652957,0.004455245176923538,observed,-0.00943304909347052,0.07506190798339167,0.4426229508196721
equal_weight,2015Q2,63,-0.006271684246781985,4,0.0192127624579167,-0.32643323730876145,-0.04392800670782196,0.03138463821425799,observed,-0.001778840231681127,0.10087212456352727,0.47619047619047616
equal_weight,2015Q3,64,-0.012861735979675113,4,0.017239463710246955,-0.7460635780700204,-0.0466504639645444,0.020926992005194177,observed,-0.005317835572833022,0.09171600487969465,0.484375
equal_weight,2015Q4,64,-0.01946012691440275,4,0.014579678024006856,-1.3347432558085137,-0.048035770747646284,0.009115516918840789,observed,-0.014981123335367913,0.0881331111526745,0.4375
equal_weight,2016Q1,61,-0.03862325106641241,4,0.02040360481466245,-1.8929621219999784,-0.07861358165793886,0.0013670795251140427,observed,-0.018701095219106817,0.11025254759294545,0.4426229508196721
equal_weight,2016Q2,64,-0.028589021228451042,4,0.02111533660513093,-1.3539457960383185,-0.06997432049594791,0.01279627803904583,observed,-0.0005243705473247872,0.11886829772183498,0.5
equal_weight,2016Q3,64,0.00881969613897551,4,0.01955339787594738,0.45105695669521517,-0.029504259473263347,0.04714365175121436,observed,0.0005839772879876285,0.11095768619191039,0.5
equal_weight,2016Q4,63,-0.03879376419085371,4,0.017535060669576774,-2.212354147035297,-0.07316185156994899,-0.004425676811758428,observed,-0.03791349484384891,0.0957810578566122,0.3492063492063492
equal_weight,2017Q1,62,-0.032284078778486915,4,0.01783840783384637,-1.8098071912691394,-0.06724671567436297,0.0026785581173891307,observed,-0.03462530150548221,0.09467233558723316,0.3387096774193548
equal_weight,2017Q2,63,0.0025341872616700114,4,0.024132039156154667,0.1050133909228176,-0.044763740357903495,0.04983211488124352,observed,-0.000821865959076507,0.11814408380133841,0.49206349206349204
equal_weight,2017Q3,63,-0.004015770142353625,4,0.02001048351659014,-0.2006833137752149,-0.04323559714810271,0.035204056863395464,observed,-0.022076187963137473,0.09896013957134744,0.4126984126984127
equal_weight,2017Q4,63,0.014247369323888074,4,0.014593721158141403,0.9762670650959978,-0.014355798546489244,0.04285053719426539,observed,0.020923700567234825,0.07533669825111254,0.5714285714285714
equal_weight,2018Q1,61,-0.02681457144562531,4,0.018759903684982884,-1.4293554964831778,-0.06358330702163201,0.009954164130381388,observed,-0.0033812292420434807,0.09741969535403802,0.4426229508196721
equal_weight,2018Q2,64,0.06164480679375325,4,0.016931767994485522,3.6407779042230106,0.02845915132997364,0.09483046225753286,observed,0.060305513262568264,0.09032831365640685,0.796875
equal_weight,2018Q3,63,0.02233181100022177,4,0.02383288372971793,0.937016739286802,-0.02437978275775601,0.06904340475819955,observed,-0.0011519142279215401,0.11723583191636944,0.49206349206349204
equal_weight,2018Q4,63,-0.0030963952055187956,4,0.026691681509458196,-0.11600600001246036,-0.05541112965087057,0.04921833923983297,observed,-0.0043805722623719715,0.13562678643352144,0.47619047619047616
equal_weight,2019Q1,61,0.009801942317415687,4,0.017154592874799313,0.5713888046748739,-0.0238204418866384,0.04342432652146977,observed,0.001522710495346173,0.09038487075179051,0.5245901639344263
equal_weight,2019Q2,63,-0.01612860989242299,4,0.012887485252270566,-1.251493955314625,-0.04138761683816439,0.009130397053318414,observed,-0.01497053328222913,0.08863288756127173,0.3968253968253968
equal_weight,2019Q3,64,0.0011310158710905287,4,0.017207468059000187,0.06572819819932559,-0.032595001789673186,0.03485703353185425,observed,-0.005844995741815507,0.10249638405946261,0.484375
equal_weight,2019Q4,64,0.009643841697328364,4,0.011483740707849638,0.8397822575997712,-0.012863876497853434,0.03215155989251016,observed,0.003567381202245692,0.07906678846954915,0.5
uni_reversal_5,2003Q1,61,0.02623250202092927,4,0.026698297025102416,0.9825533814484424,-0.026095198596824333,0.07856020263868288,observed,0.0153618813459233,0.14521677879674885,0.5409836065573771
uni_reversal_5,2003Q2,63,0.04152478960019236,4,0.016507054603170302,2.515578375333975,0.009171557087142457,0.07387802211324226,observed,0.03825441609688922,0.1141281978920639,0.6507936507936508
uni_reversal_5,2003Q3,64,0.020723831216561742,4,0.033858686588971725,0.6120683731220632,-0.04563797506165217,0.08708563749477564,observed,0.03200313531669754,0.1630821726935747,0.59375
uni_reversal_5,2003Q4,64,0.016759328198524798,4,0.029328215044972687,0.5714404430281756,-0.04072291702046743,0.07424157341751703,observed,0.024550197653456146,0.1525334725313029,0.59375
uni_reversal_5,2004Q1,62,-0.0029041069305631045,4,0.02174214808132976,-0.13357037766920993,-0.04551793411650607,0.03970972025537987,observed,0.011343796330973318,0.1261395566413004,0.5161290322580645
uni_reversal_5,2004Q2,62,0.02137138545998007,4,0.01978089715659464,1.080405266292747,-0.017398460548836186,0.060141231468796325,observed,0.012001385640307973,0.10787500938412581,0.5483870967741935
uni_reversal_5,2004Q3,64,0.025604294882084176,4,0.028550600415405095,0.8968040780070189,-0.030353853669104112,0.08156244343327246,observed,0.0361142069255774,0.13959733385117293,0.609375
uni_reversal_5,2004Q4,64,0.07238999660670363,4,0.017698669018571513,4.090137881596836,0.0377012427560086,0.10707875045739866,observed,0.07550051363308774,0.09647218129783192,0.765625
uni_reversal_5,2005Q1,61,0.012549217297915912,4,0.021285695159252393,0.5895610739525724,-0.029169978600117347,0.054268413195949175,observed,0.019616350134425083,0.09480438313327004,0.5737704918032787
uni_reversal_5,2005Q2,64,0.031028273497162414,4,0.02337894882209522,1.3271885632359095,-0.014793624190549335,0.07685017118487417,observed,0.0303414997048602,0.12033084799821893,0.65625
uni_reversal_5,2005Q3,64,5.374068927232155e-05,4,0.014890534089232124,0.0036090504847091655,-0.029131169836188575,0.02923865121473322,observed,-0.006731531379345394,0.09835396868578923,0.453125
uni_reversal_5,2005Q4,63,0.04338036742877808,4,0.0202877618955395,2.1382529848359346,0.0036170847865966,0.08314365007095956,observed,0.05166043611875735,0.1065858900285866,0.6984126984126984
uni_reversal_5,2006Q1,62,0.009933552948494547,4,0.018619905417899093,0.5334910530182146,-0.0265607910661299,0.04642789696311899,observed,0.034576184113187414,0.10179807919820182,0.5645161290322581
uni_reversal_5,2006Q2,63,0.01162323372203638,4,0.025578039186148722,0.4544223909208299,-0.03850880187796931,0.06175526932204207,observed,0.016725742665917826,0.14752180485381924,0.5714285714285714
uni_reversal_5,2006Q3,63,0.03252279884937975,4,0.026188646061784837,1.2418663711232434,-0.018806004235585254,0.08385160193434477,observed,0.03307340153262018,0.14040949808034633,0.5873015873015873
uni_reversal_5,2006Q4,63,0.009276595700772649,4,0.0170837348065241,0.5430074749948713,-0.024206909241447937,0.04276010064299323,observed,0.00013869963011419416,0.09631591763835942,0.5079365079365079
uni_reversal_5,2007Q1,61,-0.007233689143357044,4,0.018464642627418735,-0.3917589573391206,-0.0434237236805008,0.028956345393786713,observed,-0.02384743016300442,0.099056295086453,0.4262295081967213
uni_reversal_5,2007Q2,63,0.012582793809505579,4,0.009810873494967435,1.2825355271332388,-0.0066461648975091984,0.03181175251652035,observed,0.004521751165654981,0.06712749679052744,0.5873015873015873
uni_reversal_5,2007Q3,63,0.025541127300681487,4,0.03875624275882822,0.6590196954750862,-0.050419712682713086,0.10150196728407607,observed,-0.020642101358993394,0.17153635851500695,0.42857142857142855
uni_reversal_5,2007Q4,64,0.017698397607707125,4,0.020127610181419314,0.8793094385365878,-0.021750993442736434,0.057147788658150685,observed,0.0028608259960620427,0.09733239435816647,0.53125
uni_reversal_5,2008Q1,61,-0.0177198105585721,4,0.028773814744986387,-0.6158311199129285,-0.07411545115657298,0.038675830039428774,observed,-0.04444465361053172,0.14858710957931215,0.39344262295081966
uni_reversal_5,2008Q2,64,-0.025692700822483466,4,0.024184232305697367,-1.0623740500719028,-0.07309292513540037,0.021707523490433447,observed,-0.03748943691270398,0.13334454199056991,0.421875
uni_reversal_5,2008Q3,64,0.021186151366086953,4,0.03866858407773184,0.5478905388285853,-0.05460288075942643,0.09697518349160034,observed,-0.0034621470124710976,0.21565385738603096,0.484375
uni_reversal_5,2008Q4,64,0.08435838719855424,4,0.0481573632504908,1.751723547648645,-0.010028310362820494,0.17874508475992895,observed,0.050861737452364955,0.24050450886827007,0.65625
uni_reversal_5,2009Q1,61,0.026220297008798153,4,0.035322266860256996,0.7423163726306602,-0.04301007388961826,0.09545066790721457,observed,-0.01135279383261013,0.19791006399956249,0.45901639344262296
uni_reversal_5,2009Q2,63,0.025368916250735663,4,0.030889376488520623,0.8212828854011824,-0.03517314917166307,0.0859109816731344,observed,0.023401794489344197,0.16686825970331112,0.5714285714285714
uni_reversal_5,2009Q3,64,0.03077300269134722,4,0.034975231251936974,0.8798513001866991,-0.03777719091340899,0.09932319629610344,observed,0.022920855956288323,0.1697368133821979,0.546875
uni_reversal_5,2009Q4,64,-0.021643672712064344,4,0.018778201380051866,-1.1525956226593925,-0.05844827111140634,0.015160925687277654,observed,-0.027042060485492035,0.10930082277171693,0.390625
uni_reversal_5,2010Q1,61,0.030101146222964052,4,0.018860891244687043,1.5959556646848965,-0.006865521332949383,0.0670678137788775,observed,0.0445791150159531,0.10625569819061188,0.6557377049180327
uni_reversal_5,2010Q2,63,0.05730329919318161,4,0.029965577061723,1.9123042107665227,-0.0014281526237550426,0.11603475101011826,observed,0.048899117218701146,0.15911706933859007,0.6666666666666666
uni_reversal_5,2010Q3,64,0.037449172064310296,4,0.027722030113772663,1.3508812994797614,-0.016885008537018943,0.09178335266563953,observed,0.03748083502306392,0.13582717474056227,0.640625
uni_reversal_5,2010Q4,64,-0.0033230797753877545,4,0.018448608405810755,-0.18012631100896936,-0.039481687815659736,0.03283552826488423,observed,0.0011922374582641895,0.10074215551898948,0.515625
uni_reversal_5,2011Q1,62,0.05163915962023071,4,0.021596831313937602,2.39105259792927,0.00931014806472616,0.09396817117573526,observed,0.05450801441687848,0.11266359737813166,0.6774193548387096
uni_reversal_5,2011Q2,63,-0.011614365103375643,4,0.029202429153263987,-0.3977191432404346,-0.06885007450485556,0.04562134429810428,observed,-0.036714195891286515,0.14287726735829193,0.4126984126984127
uni_reversal_5,2011Q3,64,0.01530571491094489,4,0.04333211278176195,0.3532187545996352,-0.06962366551533627,0.10023509533722605,observed,0.005828400694085455,0.20711469638295238,0.515625
uni_reversal_5,2011Q4,63,0.055494589363406385,4,0.034549114330753555,1.6062521554715636,-0.01222043042262723,0.12320960914944,observed,0.026026969741793398,0.18236956313747346,0.5873015873015873
uni_reversal_5,2012Q1,62,-0.008888164352177387,4,0.02013050997758399,-0.4415270334469748,-0.04834323889866622,0.030566910194311445,observed,-0.0011990724015166988,0.09469373203191676,0.5
uni_reversal_5,2012Q2,63,-0.010757922174933364,4,0.030171320528096027,-0.35656119740981873,-0.06989262377601559,0.048376779426148854,observed,-0.0025742284301959258,0.14135990006075366,0.4603174603174603
uni_reversal_5,2012Q3,63,-0.01113801415177308,4,0.01995145415582607,-0.558255757439146,-0.05024214573639417,0.027966117432848006,observed,-0.026559921839447366,0.12677973499103043,0.4444444444444444
uni_reversal_5,2012Q4,62,0.007328595466766781,4,0.012949498833783865,0.5659366096583796,-0.018051955865293026,0.03270914679882659,observed,-6.489797406644985e-06,0.07231893795612224,0.5
uni_reversal_5,2013Q1,60,0.001969579299865445,4,0.015437851116379402,0.12758118244680708,-0.02828805288692965,0.03222721148666054,observed,-0.004398275215405445,0.08245405314811503,0.4666666666666667
uni_reversal_5,2013Q2,64,0.04528013491941447,4,0.017785490880477154,2.545903018573288,0.01042121334631367,0.08013905649251526,observed,0.0207861240939586,0.10015969740000952,0.640625
uni_reversal_5,2013Q3,64,0.030789314853717588,4,0.016692288840465783,1.8445232495065331,-0.001926970093135208,0.06350559980057038,observed,0.023835355684597763,0.08628376697529773,0.6875
uni_reversal_5,2013Q4,64,0.016566667126102712,4,0.011809618401861437,1.4028113832612463,-0.006579759612707178,0.039713093864912605,observed,0.02463978970147162,0.06758304095280876,0.578125
uni_reversal_5,2014Q1,61,-0.013237160222619764,4,0.021576361065834278,-0.6135029063626737,-0.05552605082908721,0.029051730383847677,observed,0.005215437141765991,0.10673418169235865,0.5081967213114754
uni_reversal_5,2014Q2,63,0.03320610376878383,4,0.017502841278614595,1.8971836195164422,-0.0010988347644217689,0.06751104230198943,observed,0.027246688609089017,0.09759731947842012,0.6507936507936508
uni_reversal_5,2014Q3,64,-0.028896198509267522,4,0.017015303307522923,-1.6982476296200806,-0.06224558017803771,0.0044531831595026675,observed,-0.02486941255911082,0.08700900844707916,0.375
uni_reversal_5,2014Q4,64,0.04289272063667082,4,0.04988545814987467,0.8598241296653018,-0.054880980689363645,0.1406664219627053,observed,0.06493597402698106,0.21924941329628392,0.625
uni_reversal_5,2015Q1,61,-0.008240191950430338,4,0.02953180235221002,-0.2790277360031729,-0.06612146095931723,0.04964107705845655,observed,-8.098195842447293e-06,0.13641306822136737,0.4918032786885246
uni_reversal_5,2015Q2,63,0.0013905570400642186,4,0.02277674012838606,0.06105162688892444,-0.04325103329680067,0.0460321473769291,observed,-0.026408682046232316,0.11111856428578779,0.4603174603174603
uni_reversal_5,2015Q3,64,-0.021487001922862015,4,0.028533367840597477,-0.7530482220991157,-0.07741137524806649,0.03443737140234245,observed,-0.03695770238068711,0.14264220180832626,0.40625
uni_reversal_5,2015Q4,64,0.027251050610911768,4,0.02167428022903074,1.2572989886146921,-0.015229758028817039,0.06973185925064057,observed,0.026910642058001685,0.11835144875132309,0.625
uni_reversal_5,2016Q1,61,-0.012377716331733898,4,0.03805044949231278,-0.3252975062550715,-0.08695522693222733,0.06219979426875953,observed,-0.02315999213474885,0.17516106639963006,0.4262295081967213
uni_reversal_5,2016Q2,64,-0.029730076946185756,4,0.025108076610090367,-1.1840842055674592,-0.0789410028230354,0.019480848930663895,observed,-0.03330456809203484,0.13791365121149748,0.40625
uni_reversal_5,2016Q3,64,-0.0123436025352073,4,0.018255134658027566,-0.6761715411274323,-0.04812300899787024,0.02343580392745564,observed,-0.009374659465375069,0.09636049962922957,0.4375
uni_reversal_5,2016Q4,63,0.019955180907734363,4,0.01686212292717443,1.1834322993562847,-0.013093972732414638,0.053004334547883364,observed,-0.00398663686687709,0.10526240208582412,0.49206349206349204
uni_reversal_5,2017Q1,62,0.02523101219379075,4,0.017076567494115343,1.4775224706303223,-0.00823844507424272,0.05870046946182422,observed,0.016915270190729324,0.10123697896899397,0.532258064516129
uni_reversal_5,2017Q2,63,0.04612487701618851,4,0.030357482699257896,1.519390704200782,-0.013374695735654751,0.10562444976803177,observed,0.006124508257781159,0.1403668790887395,0.5396825396825397
uni_reversal_5,2017Q3,63,-0.015767665090302804,4,0.02398886662539028,-0.6572909565312269,-0.06278497970600265,0.031249649525397046,observed,-0.026959956148521116,0.11484597041418218,0.36507936507936506
uni_reversal_5,2017Q4,63,0.01795376287255952,4,0.01718032878876065,1.0450185845281872,-0.015719062795968002,0.05162658854108704,observed,0.02874439503621555,0.11128211098274937,0.6031746031746031
uni_reversal_5,2018Q1,61,-0.007409947287851782,4,0.010518436969261542,-0.7044722813385843,-0.028025704921259047,0.01320581034555548,observed,-0.01859311018348717,0.06027678440768659,0.39344262295081966
uni_reversal_5,2018Q2,64,0.03773293090321134,4,0.017254259390509633,2.186876298148479,0.003915203917900435,0.07155065788852225,observed,0.03090906887074199,0.10858147939855271,0.640625
uni_reversal_5,2018Q3,63,0.037969887183598616,4,0.017804103951195825,2.1326480280996303,0.00307448466224753,0.07286528970494971,observed,0.03390475897228675,0.11107490340340949,0.6507936507936508
uni_reversal_5,2018Q4,63,0.021884711580590667,4,0.033170357923161045,0.6597671219371971,-0.04312799530310781,0.08689741846428914,observed,0.014475436229431806,0.1714141600336727,0.5396825396825397
uni_reversal_5,2019Q1,61,0.03202750509894846,4,0.02162517715049772,1.4810285657341458,-0.010357063275325588,0.07441207347322251,observed,0.015763172448884935,0.11484165686021254,0.5409836065573771
uni_reversal_5,2019Q2,63,-0.03027908348690744,4,0.03030965969346891,-0.9989912058772452,-0.08968492486977184,0.02912675789595696,observed,-0.05794422344582163,0.14797245593375968,0.38095238095238093
uni_reversal_5,2019Q3,64,-0.0074467364842133905,4,0.042339234523775866,-0.17588264332062092,-0.09043011128380896,0.07553663831538218,observed,-0.0007574640282346666,0.1957559824106577,0.5
uni_reversal_5,2019Q4,64,-0.00209346901234382,4,0.02271259128825218,-0.09217217823254903,-0.046609329932896286,0.042422391908208644,observed,0.008547674952856101,0.12146703909140974,0.53125
uni_momentum_60_skip5,2003Q1,61,-0.025661909301024105,4,0.03862642738796159,-0.6643614498249445,-0.10136831583288038,0.050044497230832166,observed,-0.018609382157845702,0.16993466950621874,0.4426229508196721
uni_momentum_60_skip5,2003Q2,63,-0.02332879129878452,4,0.031729822917510316,-0.7352323194312682,-0.08551810145293837,0.03886051885536932,observed,-0.03941435255875428,0.14364072900868766,0.36507936507936506
uni_momentum_60_skip5,2003Q3,64,-0.02333297107890666,4,0.04143779117030663,-0.5630843348529284,-0.10454954937159952,0.057883607213786194,observed,0.018968835830808578,0.1910756771205856,0.53125
uni_momentum_60_skip5,2003Q4,64,-0.019167797175135753,4,0.036090511350597064,-0.531103507759489,-0.08990389960594002,0.05156830525566851,observed,-0.04161781335525343,0.157808583354225,0.4375
uni_momentum_60_skip5,2004Q1,62,-0.04052918404825556,4,0.019085287906000347,-2.123582533722917,-0.07793566097859411,-0.0031227071179170188,observed,-0.05696056753231171,0.08606666130143888,0.3225806451612903
uni_momentum_60_skip5,2004Q2,62,0.051399237728741734,4,0.027024933975846026,1.9019190860810478,-0.0015686595484893304,0.1043671350059728,observed,0.052987063284329734,0.12715851944144566,0.7258064516129032
uni_momentum_60_skip5,2004Q3,64,0.0318099644005338,4,0.03324970040191387,0.9566992789716324,-0.03335825088396435,0.09697817968503195,observed,0.040595524779567585,0.1525953235393062,0.625
uni_momentum_60_skip5,2004Q4,64,0.0024089877051525453,4,0.020872807547654117,0.11541273015873181,-0.03850096334448533,0.043318938754790426,observed,0.007137451686924976,0.0992316715825951,0.53125
uni_momentum_60_skip5,2005Q1,61,0.0596745081472008,4,0.027428099919754926,2.1756705102354026,0.005916420140115203,0.1134325961542864,observed,0.07826093130479661,0.13086518367117672,0.6885245901639344
uni_momentum_60_skip5,2005Q2,64,-0.005612309094581996,4,0.02637990400248899,-0.21274941311585002,-0.05731597085508444,0.046091352665920446,observed,-0.003562245838285576,0.11197340648645868,0.484375
uni_momentum_60_skip5,2005Q3,64,0.04777665440126463,4,0.03525378219201802,1.3552206722398703,-0.02131948901391021,0.11687279781643947,observed,0.05025322076140773,0.15806256824026907,0.59375
uni_momentum_60_skip5,2005Q4,63,-0.02891218607631004,4,0.02438731337155521,-1.1855420741028626,-0.07671044196425034,0.018886069811630248,observed,-0.04975411517144785,0.11082808103893697,0.36507936507936506
uni_momentum_60_skip5,2006Q1,62,0.0411899942343471,4,0.031076257669631346,1.3254489865618277,-0.01971835157241697,0.10209834004111117,observed,0.07240710740804487,0.13390875690242812,0.7096774193548387
uni_momentum_60_skip5,2006Q2,63,-0.007327009740679381,4,0.03371651570733034,-0.21731218623774962,-0.07341016621122587,0.05875614672986711,observed,-0.0010437667912744553,0.14555364899109252,0.49206349206349204
uni_momentum_60_skip5,2006Q3,63,-0.02011644172170608,4,0.03891978714384445,-0.5168692636307929,-0.09639782280960621,0.056164939366194044,observed,-0.02224265001237242,0.19281868470711158,0.4603174603174603
uni_momentum_60_skip5,2006Q4,63,-0.07436497019667175,4,0.022027170560383526,-3.3760564023787603,-0.11753743117634442,-0.03119250921699908,observed,-0.07984178823989274,0.09962114211738418,0.19047619047619047
uni_momentum_60_skip5,2007Q1,61,0.016593964813474957,4,0.020948654899545144,0.7921255514040312,-0.02446464431419207,0.05765257394114198,observed,0.0008552685510124946,0.0868893247351949,0.5081967213114754
uni_momentum_60_skip5,2007Q2,63,0.06060023851197576,4,0.023516377880474892,2.576937605782,0.014508984819410597,0.10669149220454092,observed,0.07236514764069056,0.11060131124516692,0.6666666666666666
uni_momentum_60_skip5,2007Q3,63,0.05484331254319857,4,0.028212296183376954,1.9439506868467145,-0.00045177189739708384,0.11013839698379421,observed,0.0541107630654879,0.12835934957743506,0.6349206349206349
uni_momentum_60_skip5,2007Q4,64,0.12821178869990654,4,0.03171894643959708,4.042120028925375,0.06604379605074129,0.1903797813490718,observed,0.16548033273258117,0.15009916792789038,0.796875
uni_momentum_60_skip5,2008Q1,61,-0.031415778115476696,4,0.045492156133208304,-0.6905757120741052,-0.12057876571563791,0.057747209484684515,observed,0.027657855684244403,0.18954293428212562,0.5245901639344263
uni_momentum_60_skip5,2008Q2,64,0.07274343375538889,4,0.03887322386364114,1.8712992267005462,-0.003446684980310727,0.1489335524910885,observed,0.088060404945965,0.17315787035933827,0.71875
uni_momentum_60_skip5,2008Q3,64,0.016088742081413653,4,0.05281716550275186,0.30461199362497793,-0.08743100006947137,0.11960848423229868,observed,-0.035433286171910425,0.23776956801331808,0.40625
uni_momentum_60_skip5,2008Q4,64,0.0019633393973948095,4,0.06758015767955396,0.02905200971421835,-0.13049133572406887,0.13441801451885851,observed,0.016579222167336944,0.2977799912383801,0.5
uni_momentum_60_skip5,2009Q1,61,-0.023457896923041763,4,0.041600745215010386,-0.5638816516819916,-0.1049938592744891,0.05807806542840559,observed,-0.013232319666151127,0.17790142535995943,0.4426229508196721
uni_momentum_60_skip5,2009Q2,63,-0.08123279034239625,4,0.0511200099940519,-1.5890605332793977,-0.1814261688200656,0.0189605881352731,observed,-0.08461939100927497,0.2249833194508657,0.36507936507936506
uni_momentum_60_skip5,2009Q3,64,-0.04816707578560355,4,0.02431102894035939,-1.9812849511128712,-0.0958158169358189,-0.0005183346353881957,observed,-0.04937268570443497,0.11450303153925456,0.328125
uni_momentum_60_skip5,2009Q4,64,-0.03326529182112854,4,0.03203598853962135,-1.038372572146067,-0.09605467556792431,0.029524091925667226,observed,-0.045172029819868675,0.1413290556281181,0.34375
uni_momentum_60_skip5,2010Q1,61,-0.007300499873585458,4,0.020259000108632328,-0.3603583510755166,-0.04700741044929786,0.03240641070212695,observed,-0.003968087707719099,0.0936642612434167,0.45901639344262296
uni_momentum_60_skip5,2010Q2,63,0.006486901593229424,4,0.02715180050031826,0.23891239157982866,-0.046729649502810985,0.059703452689269826,observed,0.007625521318455746,0.13491921065753723,0.5555555555555556
uni_momentum_60_skip5,2010Q3,64,-0.008664892893231087,4,0.02761093239955375,-0.31382108969891687,-0.06278132597592653,0.04545154018946435,observed,-0.028331351245193113,0.13171185699941076,0.4375
uni_momentum_60_skip5,2010Q4,64,0.01771124636943408,4,0.02990213158078752,0.5923071511334587,-0.04089585458988721,0.07631834732875536,observed,0.009551913299606918,0.12894855974390454,0.53125
uni_momentum_60_skip5,2011Q1,62,0.004941687161879486,4,0.03608582574241352,0.13694261001962516,-0.06578523164563937,0.07566860596939834,observed,0.046657980231887775,0.16816779690091865,0.6774193548387096
uni_momentum_60_skip5,2011Q2,63,0.00048756768725566514,4,0.02496203126709489,0.019532372267251342,-0.04843711457721305,0.04941224995172438,observed,0.01791549176868592,0.11619093457825677,0.5555555555555556
uni_momentum_60_skip5,2011Q3,64,0.0777701509305524,4,0.038114929703437474,2.0404117634654466,0.0030662614385390252,0.15247404042256577,observed,0.08726085867224569,0.2076147499756647,0.6875
uni_momentum_60_skip5,2011Q4,63,-0.05210456533102066,4,0.04304399663215185,-1.2104955256896612,-0.1364692484807017,0.03226011781866035,observed,-0.004458434830470165,0.18748937048472233,0.49206349206349204
uni_momentum_60_skip5,2012Q1,62,-0.04567887445012122,4,0.024187513520749413,-1.8885312213235688,-0.09308552982636567,0.0017277809261232319,observed,-0.06024265536488772,0.10863775863349436,0.27419354838709675
uni_momentum_60_skip5,2012Q2,63,0.06920124408209613,4,0.028219441198388286,2.4522542312442552,0.013892155669409267,0.124510332494783,observed,0.07945274213275696,0.16107625622349253,0.6666666666666666
uni_momentum_60_skip5,2012Q3,63,-0.05103077503444732,4,0.03576184872042595,-1.4269613249971689,-0.121122710547052,0.019061160478157355,observed,-0.03663394006062935,0.15790695870000238,0.3968253968253968
uni_momentum_60_skip5,2012Q4,62,-0.0402994587603973,4,0.014952376469621251,-2.6951875404069527,-0.06960557812413912,-0.010993339396655484,observed,-0.056776827935380136,0.07380603760333751,0.2903225806451613
uni_momentum_60_skip5,2013Q1,60,-0.0036277313680105677,4,0.024856068698701675,-0.14594952291067886,-0.05234473081471922,0.045089268078698085,observed,0.02180319031162506,0.11230107509276345,0.5833333333333334
uni_momentum_60_skip5,2013Q2,64,0.00967333388270428,4,0.02961683744492036,0.3266160305162283,-0.048374600845316904,0.06772126861072547,observed,0.013941243888564468,0.13060752217844532,0.53125
uni_momentum_60_skip5,2013Q3,64,0.03162754195146892,4,0.024290231613808926,1.302068356297136,-0.01598043718773281,0.07923552109067064,observed,0.04319876006944017,0.10593851368615476,0.65625
uni_momentum_60_skip5,2013Q4,64,-0.038734356161396324,4,0.018193779344296432,-2.1289890037904167,-0.07439350841888609,-0.0030752039039065593,observed,-0.047932064068435795,0.09827259991552559,0.375
uni_momentum_60_skip5,2014Q1,61,-0.05171211301769793,4,0.027489306365044795,-1.8811719848797162,-0.1055901634531734,0.0021659374177775345,observed,-0.05455574457586496,0.11972131114908909,0.32786885245901637
uni_momentum_60_skip5,2014Q2,63,-0.023135325765225586,4,0.021753977842355308,-1.0634986361060264,-0.06577233885672434,0.01950168732627317,observed,-0.021020805069721715,0.1195177469262896,0.4126984126984127
uni_momentum_60_skip5,2014Q3,64,0.030259056302335517,4,0.018271035712569134,1.6561215674007743,-0.0055515156545451055,0.06606962825921614,observed,0.036596168850658764,0.08007403203022515,0.640625
uni_momentum_60_skip5,2014Q4,64,0.07109230689587533,4,0.04484946585530217,1.5851316295547517,-0.016811030906375812,0.15899564469812646,observed,0.06260813688091638,0.19701378793239377,0.65625
uni_momentum_60_skip5,2015Q1,61,0.006610981937143608,4,0.037614082745517204,0.17575815903503578,-0.06711126555557959,0.08033322942986681,observed,0.0359125530272444,0.16679248218312812,0.5409836065573771
uni_momentum_60_skip5,2015Q2,63,0.029642258585987964,4,0.01788971257952895,1.6569443725947477,-0.005420933763661928,0.06470545093563786,observed,0.04041380179467085,0.07860806866896135,0.6190476190476191
uni_momentum_60_skip5,2015Q3,64,0.06849511139299347,4,0.042881746824223084,1.597302266480942,-0.015551567976648611,0.15254179076263555,observed,0.08684123446623163,0.19370830658526136,0.6875
uni_momentum_60_skip5,2015Q4,64,0.008556100391005192,4,0.029577673335618674,0.28927564024116725,-0.049415074093298095,0.06652727487530848,observed,0.027250060097832884,0.1469953242061493,0.5625
uni_momentum_60_skip5,2016Q1,61,-0.051624266518339144,4,0.0436167543815656,-1.1835879870089068,-0.13711153422873731,0.03386300119205903,observed,-0.0012778146914037571,0.20294276156967134,0.4918032786885246
uni_momentum_60_skip5,2016Q2,64,-0.034467762450656414,4,0.017048459026808026,-2.021752370490331,-0.06788212813510693,-0.0010533967662059024,observed,-0.03493311353175266,0.08910996465710214,0.40625
uni_momentum_60_skip5,2016Q3,64,-0.032263980734716716,4,0.027416253293270212,-1.1768194723615448,-0.08599884978055397,0.021470888311120546,observed,-0.037003690893556734,0.11839112566760794,0.375
uni_momentum_60_skip5,2016Q4,63,-0.02280985769700875,4,0.034604435923615125,-0.6591599339275056,-0.09063330581261843,0.04501359041860094,observed,-0.03197124473707566,0.15344457586666396,0.4444444444444444
uni_momentum_60_skip5,2017Q1,62,-0.0030725810733013255,4,0.028842131326575517,-0.10653099933950474,-0.05960211971076379,0.053456957564161134,observed,-0.01989301876132275,0.12795208405225134,0.46774193548387094
uni_momentum_60_skip5,2017Q2,63,0.045731373850841806,4,0.04213148354208198,1.0854441858227983,-0.0368448165068809,0.1283075642085645,observed,0.10437469274503008,0.19731823379954364,0.6825396825396826
uni_momentum_60_skip5,2017Q3,63,-0.006300298621149497,4,0.02210025202149692,-0.2850781346303741,-0.04961599663254198,0.03701539939024299,observed,0.023768767744284724,0.1116002743606417,0.5873015873015873
uni_momentum_60_skip5,2017Q4,63,0.01734227569299217,4,0.023128129801279918,0.7498347614787446,-0.027988025747283988,0.06267257713326833,observed,0.03353511315906956,0.10434905440147593,0.5555555555555556
uni_momentum_60_skip5,2018Q1,61,0.008220639156783616,4,0.023687213994717824,0.34704964284177925,-0.03820544716695646,0.05464672548052369,observed,0.032880747653381295,0.10583848695107234,0.6065573770491803
uni_momentum_60_skip5,2018Q2,64,0.03583976066087814,4,0.018611138545946804,1.925715644553269,-0.0006374006004627453,0.07231692192221903,observed,0.034657885045897834,0.09222170300631424,0.65625
uni_momentum_60_skip5,2018Q3,63,0.033523625112697915,4,0.03521931992383518,0.9518532778371543,-0.035504973498012994,0.10255222372340883,observed,0.04695846412475036,0.15706534084597773,0.6190476190476191
uni_momentum_60_skip5,2018Q4,63,-0.021976755764407472,4,0.04176873056198335,-0.5261533081977372,-0.10384196334585229,0.05988845181703735,observed,-0.03899920915217526,0.17753541301485984,0.4444444444444444
uni_momentum_60_skip5,2019Q1,61,-0.01910541343658911,4,0.025511342686565457,-0.7488987808803268,-0.06910672629951671,0.030895899426338486,observed,-0.0012117078077623314,0.12023563857264151,0.47540983606557374
uni_momentum_60_skip5,2019Q2,63,0.019361826111648075,4,0.02729560084516258,0.7093387033859504,-0.03413656848125164,0.07286022070454778,observed,0.011567341387589431,0.12661320100003717,0.5555555555555556
uni_momentum_60_skip5,2019Q3,64,0.04075535993569761,4,0.05239628025059206,0.7778292607944642,-0.06193946227933014,0.14345018215072536,observed,0.10391587040310539,0.21139717035536218,0.640625
uni_momentum_60_skip5,2019Q4,64,-0.07647759114061098,4,0.02106589931751352,-3.6303976387578163,-0.11776599510488439,-0.03518918717633757,observed,-0.09411262398280065,0.1060467255941974,0.265625
uni_volatility_20,2003Q1,61,0.0071706384285806345,4,0.048037870445679344,0.1492705309801172,-0.08698185753895195,0.10132313439611322,observed,0.030760916898471956,0.22202912738643407,0.5409836065573771
uni_volatility_20,2003Q2,63,-0.09309525700274117,4,0.042691671028059354,-2.1806421430904814,-0.17676939465756958,-0.009421119347912774,observed,-0.10523305069911586,0.20927772851815102,0.30158730158730157
uni_volatility_20,2003Q3,64,-0.045300091898744475,4,0.06185843434803246,-0.7323187593768341,-0.16654039536092352,0.07594021156343456,observed,-0.07568586630301657,0.27522383325125716,0.40625
uni_volatility_20,2003Q4,64,-0.0069708715858692,4,0.0575336347321658,-0.12116167557152335,-0.11973472356059693,0.10579298038885852,observed,-0.025507478983193933,0.264921130785831,0.453125
uni_volatility_20,2004Q1,62,0.023501440236102695,4,0.06003588684512423,0.39145653493434396,-0.09416673576026281,0.1411696162324682,observed,0.018565196202499155,0.26137453358023105,0.532258064516129
uni_volatility_20,2004Q2,62,0.05746076776955599,4,0.04997668455029687,1.1497514948541072,-0.04049173401574522,0.1554132695548572,observed,0.07623557630861934,0.21950159729981314,0.6451612903225806
uni_volatility_20,2004Q3,64,0.021654645845206093,4,0.054638675117771734,0.39632450454792817,-0.08543518954861129,0.1287444812390235,observed,0.03674388179820514,0.2412142611287689,0.5625
uni_volatility_20,2004Q4,64,-0.005316041251897167,4,0.03271028562441621,-0.16251894932794686,-0.06942702299977122,0.05879494049597689,observed,-0.036444271662113746,0.16080309504258403,0.421875
uni_volatility_20,2005Q1,61,0.008420712919981959,4,0.024730204854528294,0.34050316079124837,-0.04004959792519111,0.05689102376515502,observed,0.01875847257879965,0.12760745434630685,0.5737704918032787
uni_volatility_20,2005Q2,64,-0.03036119218283461,4,0.04147974614288713,-0.7319522177943919,-0.1116600007107576,0.050937616345088386,observed,-0.04260546221750226,0.18636137695011984,0.390625
uni_volatility_20,2005Q3,64,-0.029131350551047104,4,0.024781661216256922,-1.175520490609272,-0.07770251401198375,0.019439812909889533,observed,-0.018119783357847166,0.12135693520457042,0.421875
uni_volatility_20,2005Q4,63,-0.01958268014047415,4,0.03846090875484946,-0.5091580197778091,-0.09496467611266035,0.05579931583171205,observed,-0.027740045101426792,0.1790228738882346,0.4603174603174603
uni_volatility_20,2006Q1,62,-0.05078261195234886,4,0.042460056923400435,-1.1960090407783162,-0.1340027943037343,0.03243757039903657,observed,-0.08215517967938753,0.1858833572107366,0.2903225806451613
uni_volatility_20,2006Q2,63,0.0483209317813553,4,0.06256460886630981,0.7723365119185691,-0.07430344830344728,0.17094531186615786,observed,0.0071683019340266696,0.2707414799825654,0.5396825396825397
uni_volatility_20,2006Q3,63,0.0596054836903202,4,0.04456828788265681,1.3373967572470946,-0.027746755412300046,0.14695772279294045,observed,0.05852334333074574,0.21786695594934744,0.6190476190476191
uni_volatility_20,2006Q4,63,0.0034064230331011373,4,0.04033255176390106,0.0844584060299898,-0.07564392582874237,0.08245677189494464,observed,0.0031430074433521672,0.17593023715763917,0.5079365079365079
uni_volatility_20,2007Q1,61,-0.02096306408423288,4,0.028865243213578112,-0.7262389555883572,-0.07753790118783518,0.03561177301936943,observed,-0.05594170094293851,0.13638058316479199,0.4098360655737705
uni_volatility_20,2007Q2,63,-0.0077436918662262474,4,0.02392411327004459,-0.3236772781845224,-0.054634092237570424,0.03914670850511793,observed,-0.0022264399241070485,0.1243519010733012,0.47619047619047616
uni_volatility_20,2007Q3,63,0.022257974352815794,4,0.035368428493374675,0.629317594842678,-0.047062871683978824,0.0915788203896104,observed,0.04615837593650549,0.16643602443142594,0.5873015873015873
uni_volatility_20,2007Q4,64,0.08457107332077085,4,0.039487577255951416,2.141713399447028,0.0071768440623631025,0.1619653025791786,observed,0.08776308880886163,0.1825983580009525,0.671875
uni_volatility_20,2008Q1,61,0.020433039299334876,4,0.046573246220237535,0.43872911934697995,-0.0708488459354469,0.11171492453411665,observed,0.059935825304423415,0.2203759974466762,0.6065573770491803
uni_volatility_20,2008Q2,64,0.01958308851562047,4,0.03510738823271067,0.5578053367517177,-0.04922612801175775,0.08839230504299869,observed,0.013751892940316595,0.16167278312279515,0.53125
uni_volatility_20,2008Q3,64,0.06465342919949307,4,0.046815511706367226,1.3810257934380277,-0.027103287662799985,0.15641014606178613,observed,0.05672681968024508,0.22483729518322632,0.578125
uni_volatility_20,2008Q4,64,0.0013727603188069103,4,0.07168501166726479,0.019149893218665486,-0.13912728078036565,0.14187280141797945,observed,0.01636696820394051,0.3349934104992585,0.546875
uni_volatility_20,2009Q1,61,0.010841560254805918,4,0.07364942714340113,0.14720495019868332,-0.13350866442826695,0.1551917849378788,observed,-0.011888984931081651,0.3249766386999832,0.4918032786885246
uni_volatility_20,2009Q2,63,-0.0092057089624661,4,0.07277101115240489,-0.12650241925574612,-0.1518342699397423,0.13342285201481008,observed,-0.09352603208952026,0.3309593225445623,0.4444444444444444
uni_volatility_20,2009Q3,64,-0.07415464147266643,4,0.06279608054319656,-1.1808800936494193,-0.19723269770760812,0.04892341476227527,observed,-0.11956099694889902,0.2720470768344894,0.375
uni_volatility_20,2009Q4,64,-0.006865337551442707,4,0.05818040138699559,-0.11800086262342697,-0.12089682887603827,0.10716615377315285,observed,-0.01491804038322804,0.24969799891029945,0.453125
uni_volatility_20,2010Q1,61,0.000127958669686219,4,0.050541726038708594,0.0025317431697567823,-0.09893200408267287,0.09918792142204531,observed,0.01529454534324782,0.22362815884760182,0.5573770491803278
uni_volatility_20,2010Q2,63,0.0853428308753989,4,0.06715558203708315,1.2708225926516845,-0.046279691278109075,0.21696535302890688,observed,0.08397351646925182,0.31685067111842663,0.5555555555555556
uni_volatility_20,2010Q3,64,-0.04926866321868199,4,0.05173361807260407,-0.9523529390412496,-0.15066469143093641,0.05212736499357243,observed,-0.0589742462987014,0.23730570117326533,0.375
uni_volatility_20,2010Q4,64,-0.09070485639887377,4,0.03563571381790532,-2.5453357511614856,-0.16054957204534454,-0.020860140752403,observed,-0.14143391967815427,0.1686093149352458,0.265625
uni_volatility_20,2011Q1,62,-0.018833369388519424,4,0.04756158930977005,-0.39597855458229386,-0.11205237148315397,0.07438563270611512,observed,-0.08054264831393901,0.21138100246503774,0.3870967741935484
uni_volatility_20,2011Q2,63,0.03187851356557622,4,0.06334596835598093,0.5032445535670204,-0.09227730297796033,0.15603433010911277,observed,0.0608661847204481,0.2632816526406262,0.5555555555555556
uni_volatility_20,2011Q3,64,0.10286750432685918,4,0.061162708170461995,1.6818664085338548,-0.017009200884180037,0.2227442095378984,observed,0.14752945787770855,0.31673327378020005,0.625
uni_volatility_20,2011Q4,63,-0.021087986820264453,4,0.07941600513168584,-0.26553824742628174,-0.1767404966744168,0.1345645230338879,observed,-0.025334848077042598,0.34409755107447665,0.4603174603174603
uni_volatility_20,2012Q1,62,-0.013607812079828028,4,0.05451537569291408,-0.2496142034585075,-0.12045598504160991,0.09324036088195385,observed,-0.03154301553446863,0.2262415038316693,0.45161290322580644
uni_volatility_20,2012Q2,63,0.09084836986801105,4,0.04290299138677959,2.117529965428137,0.006760051920890908,0.1749366878151312,observed,0.12326789948794939,0.2279862811212261,0.6507936507936508
uni_volatility_20,2012Q3,63,-0.01768785486554279,4,0.05739110796481605,-0.3081985257435077,-0.1301723595094321,0.09479664977834651,observed,-0.02054106618558702,0.24252447639939254,0.4603174603174603
uni_volatility_20,2012Q4,62,-0.03147547270850381,4,0.025039442399566663,-1.2570356881848346,-0.08055187800461966,0.017600932587612042,observed,-0.03147499736078316,0.12708492575202224,0.4032258064516129
uni_volatility_20,2013Q1,60,0.052905955635751616,4,0.038098961092522816,1.388645624936339,-0.02176663595398589,0.12757854722548911,observed,0.019511045199949666,0.15424415447579415,0.5666666666666667
uni_volatility_20,2013Q2,64,-0.02117291093643005,4,0.03375245936520758,-0.6272997978409636,-0.08732651568188855,0.04498069380902846,observed,-0.01610828425626816,0.16498561601673095,0.453125
uni_volatility_20,2013Q3,64,-0.06255934789718712,4,0.019629411642208494,-3.1870210395235565,-0.101032287753627,-0.02408640804074723,observed,-0.05143491673119077,0.09862935285002435,0.28125
uni_volatility_20,2013Q4,64,0.013951417004267311,4,0.029451505428919465,0.4737081110484738,-0.04377247292690072,0.07167530693543535,observed,-0.009272161114442611,0.1415598497803866,0.5
uni_volatility_20,2014Q1,61,0.02940122868960785,4,0.03488955266083994,0.8426943439320106,-0.03898103796235205,0.09778349534156774,observed,0.020921525350798175,0.15957281741779336,0.5245901639344263
uni_volatility_20,2014Q2,63,0.008674001228628514,4,0.042138030340144565,0.20584733454816617,-0.07391502061751092,0.09126302307476795,observed,-0.03832791830344825,0.21107247891114062,0.4126984126984127
uni_volatility_20,2014Q3,64,0.05577358537618028,4,0.032615319689737035,1.710042578357139,-0.008151266559964399,0.11969843731232496,observed,0.02788891968669721,0.14581053164521865,0.59375
uni_volatility_20,2014Q4,64,0.052701848059952795,4,0.04219261821020434,1.249077452301995,-0.029994164045496548,0.13539786016540215,observed,0.09471943657604259,0.19821204143369317,0.640625
uni_volatility_20,2015Q1,61,-0.006384823918367807,4,0.027088321054983645,-0.23570393696264694,-0.0594769575877938,0.046707309751058176,observed,-0.008705018655091087,0.1165492605457365,0.4918032786885246
uni_volatility_20,2015Q2,63,0.018021556970076527,4,0.03352038629899297,0.5376297519166101,-0.04767719292381957,0.08372030686397262,observed,0.009105701475924592,0.14140031765382766,0.5396825396825397
uni_volatility_20,2015Q3,64,0.07449863855436453,4,0.04233487790983549,1.7597461533497551,-0.008476197438813352,0.1574734745475424,observed,0.0911294737790021,0.18980218219433373,0.703125
uni_volatility_20,2015Q4,64,0.05350429238676921,4,0.04195477787915909,1.2752848445742173,-0.028725561235760366,0.13573414600929878,observed,0.05881489837662504,0.1924520033404988,0.59375
uni_volatility_20,2016Q1,61,0.039465394961908984,4,0.06273032518495816,0.6291278555554535,-0.08348378313909492,0.1624145730629129,observed,0.06234382348128431,0.2752974014828401,0.5573770491803278
uni_volatility_20,2016Q2,64,-0.004068719903921065,4,0.05984504469055406,-0.06798758234636713,-0.121362852150597,0.11322541234275488,observed,-0.060008529539998315,0.24523377902064836,0.453125
uni_volatility_20,2016Q3,64,-0.09678132039411153,4,0.03343946251616566,-2.8942247605602054,-0.16232146258817337,-0.031241178200049693,observed,-0.07785894189628975,0.157016937405102,0.25
uni_volatility_20,2016Q4,63,0.046205328244144465,4,0.03250766414018722,1.4213672211232078,-0.017508522692146707,0.10991917918043564,observed,0.035010673519068385,0.14709452772999573,0.6190476190476191
uni_volatility_20,2017Q1,62,0.04716940963005271,4,0.03564787673992993,1.3232039028348992,-0.022699144905533077,0.1170379641656385,observed,0.07861896830049767,0.17131082494250455,0.6612903225806451
uni_volatility_20,2017Q2,63,0.0375259207133771,4,0.030576573969877754,1.2272768280169464,-0.0224030630382082,0.0974549044649624,observed,0.04920106311079006,0.14528757808320317,0.5714285714285714
uni_volatility_20,2017Q3,63,-0.0433010317546184,4,0.041492488047329384,-1.043587256209511,-0.12462481395634267,0.038022750447105874,observed,-0.05908435696887859,0.1690665828134638,0.3333333333333333
uni_volatility_20,2017Q4,63,0.0017157081007386332,4,0.03104970660467403,0.05525682166930238,-0.05914059857495791,0.06257201477643518,observed,0.015589040879078189,0.1345440247545177,0.5714285714285714
uni_volatility_20,2018Q1,61,0.023537251136613473,4,0.030815285230028445,0.7638174029840628,-0.03685959808757135,0.08393410036079829,observed,-0.008383359136057153,0.14126358755705856,0.4918032786885246
uni_volatility_20,2018Q2,64,-0.07600602879754755,4,0.026279866894535316,-2.8921770837946053,-0.12751362142934325,-0.024498436165751848,observed,-0.08496354640574981,0.1266884820593706,0.28125
uni_volatility_20,2018Q3,63,0.020365848245208814,4,0.03378118237493661,0.602875530500049,-0.04584405256484618,0.08657574905526381,observed,0.028329611689053413,0.156124723164737,0.5873015873015873
uni_volatility_20,2018Q4,63,0.04215244818773162,4,0.059845728268489704,0.7043518294007619,-0.07514302384707881,0.15944792022254206,observed,0.09654802329196908,0.269096124167091,0.6031746031746031
uni_volatility_20,2019Q1,61,-0.04847841653896681,4,0.0359988702808469,-1.346664941448444,-0.11903490577355604,0.02207807269562241,observed,-0.05483679073959766,0.16911439015115287,0.3770491803278688
uni_volatility_20,2019Q2,63,0.03411967783420561,4,0.0308360497088827,1.1064866659745012,-0.026317869020691304,0.09455722468910252,observed,0.05131957399392047,0.1535444455217657,0.6507936507936508
uni_volatility_20,2019Q3,64,0.06932896538453914,4,0.04275255354539747,1.6216333209411946,-0.014464499811560089,0.15312243058063837,observed,0.07463502509657645,0.1824294426467945,0.65625
uni_volatility_20,2019Q4,64,-0.06865931887559187,4,0.02029761390360234,-3.382630056994359,-0.10844191109875193,-0.02887672665243183,observed,-0.06733194009472235,0.10380690809931453,0.25
uni_turnover_20,2003Q1,61,-0.033201410325506386,4,0.023748293860613025,-1.3980545516396665,-0.0797472109865816,0.01334439033556882,observed,-0.04106575508559334,0.12261921327877985,0.4098360655737705
uni_turnover_20,2003Q2,63,-0.07389229123640653,4,0.03722168486602677,-1.9851946923512322,-0.1468454530177186,-0.0009391294550944729,observed,-0.06678362576899338,0.18003427000129912,0.3333333333333333
uni_turnover_20,2003Q3,64,-0.06652457912759781,4,0.055802421934485945,-1.1921450148830468,-0.17589531636929817,0.04284615811410257,observed,-0.07861185775447596,0.2472857439107832,0.375
uni_turnover_20,2003Q4,64,-0.0038394133095824377,4,0.05579184518249523,-0.06881674726877575,-0.1131894204983076,0.10551059387914272,observed,-0.003273978717149532,0.25378723721928154,0.46875
uni_turnover_20,2004Q1,62,-0.0009987644345625787,4,0.05244362051332626,-0.019044536299868662,-0.10378637185956803,0.10178884299044287,observed,-0.027126567605088258,0.2339258819858845,0.46774193548387094
uni_turnover_20,2004Q2,62,0.0601729154077691,4,0.04728318894199943,1.2726069614632176,-0.03250043199275233,0.15284626280829053,observed,0.07626934844073907,0.20676023710311062,0.6451612903225806
uni_turnover_20,2004Q3,64,0.005361051834454053,4,0.05061141586670509,0.10592574308874139,-0.09383550047086697,0.10455760413977508,observed,0.03816763892878859,0.22092474681883012,0.53125
uni_turnover_20,2004Q4,64,-0.018511206011741242,4,0.0355668474931649,-0.5204623776481357,-0.08822094614197315,0.05119853411849067,observed,-0.03868260129920514,0.17220272743414589,0.40625
uni_turnover_20,2005Q1,61,-0.004405993815752278,4,0.02573668049391519,-0.17119510873960483,-0.05484896066544058,0.04603697303393603,observed,0.002404108417434827,0.1340889398278563,0.5081967213114754
uni_turnover_20,2005Q2,64,-0.036631802608977894,4,0.043753045391927,-0.8372400659392027,-0.122386195791101,0.0491225905731452,observed,-0.05322949664557766,0.18944050232894277,0.359375
uni_turnover_20,2005Q3,64,-0.013182162195524176,4,0.023366563981437313,-0.5641463676900141,-0.05897978604159217,0.03261546165054381,observed,-0.008868806145573284,0.11618591422439806,0.453125
uni_turnover_20,2005Q4,63,-0.02668632914967232,4,0.03584827492754001,-0.7444243608266591,-0.09694765691554096,0.043574998616196306,observed,-0.02029031448185147,0.17129635274554236,0.49206349206349204
uni_turnover_20,2006Q1,62,-0.03773166046445526,4,0.0457442386828294,-0.8248396202649724,-0.12738872078300484,0.05192539985409431,observed,-0.07574214803296907,0.19439316511981902,0.3225806451612903
uni_turnover_20,2006Q2,63,0.06826060015195341,4,0.05033990093409187,1.3559939309639173,-0.03040379266418089,0.16692499296808772,observed,0.031250226035186,0.21969883489409978,0.5555555555555556
uni_turnover_20,2006Q3,63,0.05591870656902798,4,0.04008511147809976,1.394999402697902,-0.022646668244320677,0.13448408138237664,observed,0.06775769040071614,0.1906192455763283,0.6507936507936508
uni_turnover_20,2006Q4,63,-0.009206569615480572,4,0.04081577977338859,-0.2255639771332544,-0.08920402797224061,0.07079088874127948,observed,-0.026708342579803368,0.17502098141482444,0.4444444444444444
uni_turnover_20,2007Q1,61,-0.015660235437067464,4,0.02392394185042754,-0.6545842459815041,-0.06255029983213597,0.03122982895800105,observed,-0.027795636527642224,0.11585345282675724,0.39344262295081966
uni_turnover_20,2007Q2,63,-0.010566856722868292,4,0.02020361659266001,-0.5230180781943388,-0.050165217601937755,0.02903150415620117,observed,-0.015745060901245483,0.10452498443263626,0.4444444444444444
uni_turnover_20,2007Q3,63,0.0173525582531484,4,0.023482652597819124,0.738952219339989,-0.02867259510004302,0.06337771160633981,observed,0.02283940361218704,0.11815545187120412,0.5396825396825397
uni_turnover_20,2007Q4,64,0.07807801017288633,4,0.03002056554384253,2.6008174315990122,0.019238782911430878,0.13691723743434178,observed,0.07660534976324801,0.1414391001113246,0.65625
uni_turnover_20,2008Q1,61,0.004997044229927482,4,0.03673073183239716,0.13604532174118023,-0.06699386728736985,0.07698795574722482,observed,0.013783117184797477,0.1769004332041472,0.5573770491803278
uni_turnover_20,2008Q2,64,-0.006785481886154904,4,0.02645714628655812,-0.25647066439672495,-0.058640535741516446,0.04506957196920664,observed,-0.027962778485380882,0.12676249937433387,0.4375
uni_turnover_20,2008Q3,64,0.06191553510876298,4,0.035120051780920494,1.762968218127729,-0.0069185015170229736,0.13074957173454893,observed,0.05522960317563663,0.16674566550704611,0.625
uni_turnover_20,2008Q4,64,0.02386934985715502,4,0.05229270751169617,0.45645656905059323,-0.07862247351985663,0.12636117323416665,observed,0.048034630050351405,0.237798084723329,0.53125
uni_turnover_20,2009Q1,61,-0.006862074556185935,4,0.03913607434943888,-0.17533885731398915,-0.08356737077736798,0.0698432216649961,observed,-0.027658496496279387,0.18107711127106738,0.47540983606557374
uni_turnover_20,2009Q2,63,-0.009751524753142848,4,0.049038130460912474,-0.19885596497027216,-0.10586449432570787,0.08636144481942216,observed,-0.026838129931293753,0.22333330519353453,0.42857142857142855
uni_turnover_20,2009Q3,64,-0.05560209974741796,4,0.04084629954932721,-1.3612518235653441,-0.13565937576583392,0.02445517627099801,observed,-0.06372674982277717,0.17949577624447535,0.375
uni_turnover_20,2009Q4,64,-0.0033706876628037796,4,0.043632640203520964,-0.07725151737509985,-0.08888909101209928,0.08214771568649172,observed,-0.007935382567032518,0.1858375450850263,0.46875
uni_turnover_20,2010Q1,61,-0.016692491485289264,4,0.03829305015283786,-0.4359143870405998,-0.0917454906430375,0.05836050767245896,observed,0.005862464544143839,0.1705945549820017,0.5081967213114754
uni_turnover_20,2010Q2,63,0.059621398011073974,4,0.04314098193774249,1.382013003253256,-0.0249333728445943,0.14417616886674225,observed,0.08467401543380708,0.2035076802784561,0.5873015873015873
uni_turnover_20,2010Q3,64,-0.021364938881474324,4,0.03092815225771947,-0.6907926055020558,-0.08198300341497565,0.039253125652027,observed,-0.04304540272274393,0.15138147192796406,0.4375
uni_turnover_20,2010Q4,64,-0.06265770782727763,4,0.030580819296944336,-2.0489218166087015,-0.12259501226701602,-0.002720403387539233,observed,-0.10672047289684697,0.1452304384356202,0.265625
uni_turnover_20,2011Q1,62,-0.00846067557097712,4,0.040336073236039514,-0.20975456687285235,-0.08751792639138456,0.0705965752494303,observed,-0.0503211878788443,0.17786052356936266,0.4032258064516129
uni_turnover_20,2011Q2,63,0.03459168492722195,4,0.04395327012299988,0.7870104961569356,-0.051555141516618205,0.1207385113710621,observed,0.037406961041475936,0.18581455802513636,0.5714285714285714
uni_turnover_20,2011Q3,64,0.07928828237752454,4,0.040500256240480724,1.9577229809789327,-9.076121846124385e-05,0.15866732597351033,observed,0.09195576676409906,0.1997372401922245,0.65625
uni_turnover_20,2011Q4,63,0.01101412925758271,4,0.05258367609930032,0.20945909595181886,-0.09204798207176557,0.11407624058693097,observed,0.0023797478464388884,0.2266228884385243,0.5079365079365079
uni_turnover_20,2012Q1,62,-0.009040110679930102,4,0.04075475983689863,-0.22181729731959673,-0.0889179721588309,0.0708377507989707,observed,-0.011299798651006693,0.17063653099447346,0.45161290322580644
uni_turnover_20,2012Q2,63,0.07476589713462618,4,0.033107978500265665,2.2582441007090255,0.009875451673179048,0.13965634259607332,observed,0.07441597280217538,0.17112584802670977,0.6349206349206349
uni_turnover_20,2012Q3,63,-0.011559387882423068,4,0.043637090436351014,-0.26489822687155484,-0.09708651352778828,0.07396773776294215,observed,-0.010108849642946779,0.181029299650658,0.4603174603174603
uni_turnover_20,2012Q4,62,-0.025404186427335468,4,0.019263587091805406,-1.3187671800825833,-0.06316012334032475,0.01235175048565381,observed,-0.018339571046498446,0.10122948395656023,0.43548387096774194
uni_turnover_20,2013Q1,60,0.0429030747217197,4,0.03301614636337042,1.299457370025421,-0.021807383058789404,0.1076135325022288,observed,0.010028918837890933,0.1370279217042372,0.55
uni_turnover_20,2013Q2,64,-0.02686530520490038,4,0.026381212132730293,-1.0183499177268465,-0.07857153085356286,0.0248409204437621,observed,-0.012459642129528499,0.1271745527693701,0.421875
uni_turnover_20,2013Q3,64,-0.045597178318937934,4,0.016756246228935918,-2.7212048388377927,-0.07843881744373743,-0.012755539194138438,observed,-0.04572691129966183,0.08513961343678479,0.296875
uni_turnover_20,2013Q4,64,0.023470032905866262,4,0.023495331090365612,0.9989232675886945,-0.022579969836094536,0.06952003564782706,observed,0.014306337787152887,0.11726093623797106,0.5625
uni_turnover_20,2014Q1,61,0.024004165675548493,4,0.025207207854521962,0.9522738819024871,-0.025401053870129718,0.0734093852212267,observed,0.010779390162527385,0.11710513306938476,0.5901639344262295
uni_turnover_20,2014Q2,63,-0.0013060424990797522,4,0.03618672232139564,-0.03609176005165701,-0.07223071496756686,0.06961862996940735,observed,-0.03138709605230873,0.17300640854579677,0.42857142857142855
uni_turnover_20,2014Q3,64,0.05678965831522552,4,0.03308434077616648,1.7165117086490667,-0.008054458058310718,0.12163377468876176,observed,0.03723381866223455,0.14488605790652503,0.5625
uni_turnover_20,2014Q4,64,0.03246506646584508,4,0.033603006566601396,0.9661357653071635,-0.0333956161769566,0.09832574910864675,observed,0.05476443550628559,0.1604141287267708,0.59375
uni_turnover_20,2015Q1,61,-0.007635628654575931,4,0.020382853802414738,-0.37461038226508525,-0.047585288009454114,0.03231403070030225,observed,0.0008057021078311291,0.0920592058975441,0.5081967213114754
uni_turnover_20,2015Q2,63,0.02287090268781756,4,0.026298265397807857,0.8696734306181276,-0.02867275034776176,0.07441455572339688,observed,0.035238807149360445,0.11320298788267047,0.5714285714285714
uni_turnover_20,2015Q3,64,0.06429296380535804,4,0.03489432133507378,1.8425050651646984,-0.004098649276354185,0.13268457688707025,observed,0.07692393052929533,0.1525501244136108,0.734375
uni_turnover_20,2015Q4,64,0.05355126754577237,4,0.03458766173162857,1.5482766068803835,-0.014239303757673905,0.12134183884921865,observed,0.07380442166950799,0.1588058296234265,0.671875
uni_turnover_20,2016Q1,61,0.013120131099081979,4,0.045202819903579744,0.2902502792318706,-0.07547576791158464,0.10171603010974858,observed,0.014156916093397332,0.1957245598866753,0.5409836065573771
uni_turnover_20,2016Q2,64,0.005471766901143471,4,0.038987025354648444,0.14034840697306672,-0.0709413986583174,0.08188493246060434,observed,-0.031542186868215444,0.1625535476900699,0.484375
uni_turnover_20,2016Q3,64,-0.05903609456156193,4,0.020102937743561426,-2.936689916401399,-0.09843712852239322,-0.01963506060073064,observed,-0.0543872838937315,0.1034449782358791,0.265625
uni_turnover_20,2016Q4,63,0.02893850818073547,4,0.03165266001477281,0.9142520144351028,-0.033099565463110284,0.09097658182458122,observed,0.03184784700743624,0.14222354440867815,0.5873015873015873
uni_turnover_20,2017Q1,62,0.050448038545825455,4,0.03151800236744267,1.6006102784590515,-0.011326110959010337,0.11222218805066125,observed,0.06876379282545612,0.14052934773026543,0.6935483870967742
uni_turnover_20,2017Q2,63,0.03368082808536707,4,0.027336173259150765,1.2320974031759342,-0.01989708697771534,0.08725874314844947,observed,0.02529753148111364,0.12534358088277225,0.5396825396825397
uni_turnover_20,2017Q3,63,-0.010060255886683415,4,0.032153264055227004,-0.3128844359130614,-0.07307949542033462,0.0529589836469678,observed,-0.019201998055758136,0.1365321949285616,0.4603174603174603
uni_turnover_20,2017Q4,63,-0.011180021517374902,4,0.028611669311613,-0.39075041010756817,-0.0672578629057063,0.04489781987095649,observed,-0.008699810314064492,0.12193818473450803,0.47619047619047616
uni_turnover_20,2018Q1,61,0.01751410980622345,4,0.021156214017773168,0.8278470709130653,-0.023951307717833395,0.05897952733028029,observed,0.005653961685193122,0.1103053481271041,0.5245901639344263
uni_turnover_20,2018Q2,64,-0.06767509264395455,4,0.020170014705031575,-3.3552326874145733,-0.10720759503345972,-0.02814259025444938,observed,-0.09818777282912852,0.09909451145383129,0.25
uni_turnover_20,2018Q3,63,0.04305312324950522,4,0.029437646886466263,1.4625191821734425,-0.014643604437576313,0.10074985093658675,observed,0.04388124528724103,0.13648098525969948,0.6190476190476191
uni_turnover_20,2018Q4,63,0.026563513387160127,4,0.04032663509112023,0.6587088986506914,-0.052475239009124645,0.10560226578344489,observed,0.05153408848589212,0.1845254167755441,0.6031746031746031
uni_turnover_20,2019Q1,61,-0.0039369018212061175,4,0.023190679942909808,-0.16976224202558426,-0.049389799286304735,0.0415159956438925,observed,0.00047106046240413157,0.11214356169350521,0.5081967213114754
uni_turnover_20,2019Q2,63,0.04809800201219212,4,0.023598636176115764,2.038168716752887,0.0018455250227412054,0.09435047900164303,observed,0.055336712942231706,0.11243719812111323,0.6349206349206349
uni_turnover_20,2019Q3,64,0.047292039804441965,4,0.031236058311641272,1.514020729908064,-0.013929509505367935,0.10851358911425187,observed,0.028283481907723673,0.1356512524211495,0.65625
uni_turnover_20,2019Q4,64,-0.03396971378138217,4,0.017441963307452107,-1.9475854399297217,-0.06815533368365742,0.00021590612089307515,observed,-0.04407310768070381,0.09160339549958779,0.375
uni_dollar_liquidity_20,2003Q1,61,0.01605523167592598,4,0.02066383279980425,0.7769725893290268,-0.024445136394247818,0.05655559974609978,observed,0.01246349398125767,0.09391282415750675,0.5245901639344263
uni_dollar_liquidity_20,2003Q2,63,-0.0078052888954493185,4,0.00979224084798327,-0.7970891460514712,-0.026997728285438484,0.011387150494539845,observed,-0.010831432206074576,0.05266010715999215,0.42857142857142855
uni_dollar_liquidity_20,2003Q3,64,-0.02604120062573957,4,0.007506754411500007,-3.469035910625454,-0.040754168913066754,-0.011328232338412389,observed,-0.027710771509066895,0.045625154224501495,0.3125
uni_dollar_liquidity_20,2003Q4,64,0.009220546171582604,4,0.01199050272490366,0.7689874547488323,-0.014280407325757949,0.032721499668923154,observed,0.011601377128579381,0.05693344976358918,0.59375
uni_dollar_liquidity_20,2004Q1,62,-0.046653428948766215,4,0.01434744993744321,-3.25168787151594,-0.07477391409614637,-0.01853294380138607,observed,-0.047803698729112186,0.06364598959308078,0.20967741935483872
uni_dollar_liquidity_20,2004Q2,62,0.003046186188831398,4,0.01784374643809247,0.17071449649881046,-0.03192691417909471,0.038019286556757514,observed,0.013804163303429718,0.08326411609878902,0.5483870967741935
uni_dollar_liquidity_20,2004Q3,64,-0.005224699040632599,4,0.012593428980989281,-0.414875015257534,-0.029907366285234542,0.019457968203969347,observed,-0.003979611894820639,0.0627893954956317,0.484375
uni_dollar_liquidity_20,2004Q4,64,-0.0016041004203802625,4,0.014024025586004532,-0.11438230845650313,-0.029090685487217372,0.025882484646456847,observed,-0.00623806226725929,0.06972262846816558,0.453125
uni_dollar_liquidity_20,2005Q1,61,0.008327606321750313,4,0.013538408652514185,0.6151096879620201,-0.018207187045162936,0.03486239968866356,observed,0.005220191204503352,0.059291572610058116,0.5245901639344263
uni_dollar_liquidity_20,2005Q2,64,0.006675117769491517,4,0.013136500224590002,0.5081351695938369,-0.019071949553607217,0.03242218509259025,observed,0.010696773320298412,0.059141852956624295,0.59375
uni_dollar_liquidity_20,2005Q3,64,-0.017391163568049695,4,0.011040312442597905,-1.5752419742169332,-0.03902977833361102,0.004247451197511631,observed,-0.016130359224584,0.053018394903217934,0.421875
uni_dollar_liquidity_20,2005Q4,63,-0.0017976500506572742,4,0.012748714977880814,-0.14100637231095214,-0.02678467225647002,0.02318937215515547,observed,-0.004197698830433959,0.062120365740144026,0.4603174603174603
uni_dollar_liquidity_20,2006Q1,62,0.02442362285051117,4,0.01025125657161203,2.382500396892369,0.004331529173872042,0.0445157165271503,observed,0.021535541219310606,0.05468310281055449,0.7096774193548387
uni_dollar_liquidity_20,2006Q2,63,-0.00966343029473365,4,0.013291038773667895,-0.7270635846671942,-0.03571338760824813,0.01638652701878083,observed,-0.00684060597507736,0.06211895147750731,0.42857142857142855
uni_dollar_liquidity_20,2006Q3,63,-0.017687228671636468,4,0.010445378556605385,-1.6933066212762127,-0.038159794447469995,0.0027853371041970595,observed,-0.01869743751614988,0.05217353006536263,0.31746031746031744
uni_dollar_liquidity_20,2006Q4,63,0.0013718869012853533,4,0.014107508602633934,0.09724515787495008,-0.02627832187146614,0.02902209567403685,observed,0.016941999205084764,0.06678438647941616,0.5873015873015873
uni_dollar_liquidity_20,2007Q1,61,0.03464250436866135,4,0.013776904963165283,2.51453461145907,0.007640266822426273,0.061644741914896425,observed,0.045917342157315785,0.06450349078597853,0.7377049180327869
uni_dollar_liquidity_20,2007Q2,63,-0.007489945107223753,4,0.015341551032052512,-0.48821302954149154,-0.037558832597029974,0.022578942382582467,observed,-0.01150883930349932,0.07037465758960916,0.4126984126984127
uni_dollar_liquidity_20,2007Q3,63,-0.03894918470044518,4,0.015153724684645991,-2.570271369646114,-0.06864993931398691,-0.009248430086903448,observed,-0.039526925539228194,0.06729345901744915,0.23809523809523808
uni_dollar_liquidity_20,2007Q4,64,-0.015895999478589315,4,0.013853768139864586,-1.1474134198080126,-0.04304888608289236,0.011256887125713731,observed,-0.011675243141793586,0.06705144876658531,0.359375
uni_dollar_liquidity_20,2008Q1,61,-0.0043243029205169165,4,0.014749914477594052,-0.29317477922233215,-0.03323360407164719,0.02458499823061335,observed,-0.018553640896133816,0.06745842541406073,0.39344262295081966
uni_dollar_liquidity_20,2008Q2,64,0.015707262211708338,4,0.014240261447513818,1.1030178251713658,-0.012203137355852964,0.04361766177926964,observed,0.003982875694413047,0.06311897408462137,0.53125
uni_dollar_liquidity_20,2008Q3,64,0.03741252995420237,4,0.019695401257552654,1.8995566256795948,-0.0011897471716657212,0.07601480708007047,observed,0.058967931903118234,0.08728128240863478,0.71875
uni_dollar_liquidity_20,2008Q4,64,0.0015098493547584402,4,0.016329410112977186,0.09246196551573801,-0.030495206355460984,0.03351490506497786,observed,0.008859142079987314,0.0806582499219205,0.546875
uni_dollar_liquidity_20,2009Q1,61,0.009638199881386245,4,0.01581747757304416,0.6093386152676757,-0.02136348648805033,0.04063988625082282,observed,0.0193926728827085,0.06749549531912553,0.6065573770491803
uni_dollar_liquidity_20,2009Q2,63,0.01984700397968349,4,0.012689145983333025,1.5640929662053056,-0.005023265142220328,0.04471727310158731,observed,0.017800228696550846,0.06627642536056556,0.6349206349206349
uni_dollar_liquidity_20,2009Q3,64,0.0071549918259791595,4,0.011129248045326034,0.6428998434430664,-0.014657933517872663,0.028967917169830982,observed,0.019638837036622628,0.05603629888725619,0.609375
uni_dollar_liquidity_20,2009Q4,64,0.003468591940127769,4,0.02055147907765131,0.1687757813937434,-0.03681156688109725,0.04374875076135278,observed,0.001703488280332468,0.08597446544110741,0.515625
uni_dollar_liquidity_20,2010Q1,61,0.011665294931022172,4,0.014260469507491571,0.8180161897821068,-0.016284711706292948,0.03961530156833729,observed,0.013022644952693268,0.0671714711521395,0.5409836065573771
uni_dollar_liquidity_20,2010Q2,63,0.010735132246896142,4,0.02124382387750683,0.5053295634908086,-0.030901997446929286,0.05237226194072157,observed,0.018660835002952587,0.10546395093358117,0.6031746031746031
uni_dollar_liquidity_20,2010Q3,64,0.007590579121311832,4,0.01903949160074737,0.3986755151074451,-0.02972613870010588,0.044907296942729547,observed,0.010393947711371618,0.0928293185515596,0.53125
uni_dollar_liquidity_20,2010Q4,64,0.011989627212239956,4,0.0187056856211298,0.640961654925739,-0.0246728429113032,0.048652097335783115,observed,0.012254770393160827,0.07562785324571035,0.625
uni_dollar_liquidity_20,2011Q1,62,0.03270184115115948,4,0.014341668360919525,2.2801978353000196,0.004592687685539623,0.06081099461677934,observed,0.03106276624830403,0.07566074162879025,0.6612903225806451
uni_dollar_liquidity_20,2011Q2,63,-0.0075267193687614175,4,0.015710387562489436,-0.47909189628984233,-0.03831851317440672,0.023265074436883883,observed,-0.009630696675282758,0.07218859501516502,0.4444444444444444
uni_dollar_liquidity_20,2011Q3,64,-0.03691308168355078,4,0.02071211965867098,-1.78219720105264,-0.07750809025802993,0.0036819268909283817,observed,-0.050142932392953136,0.09868349224819399,0.328125
uni_dollar_liquidity_20,2011Q4,63,0.015900744270300412,4,0.01287278542084897,1.2352217294438321,-0.00932945153527585,0.04113094007587667,observed,0.011681432485738172,0.07083111546210089,0.5714285714285714
uni_dollar_liquidity_20,2012Q1,62,-0.001288973274025805,4,0.016577353360690085,-0.07775507018402288,-0.0337799888199724,0.031202042271920787,observed,-0.000820066140826264,0.07513998359726257,0.46774193548387094
uni_dollar_liquidity_20,2012Q2,63,0.0020179138709095685,4,0.019110119100588175,0.10559399762440312,-0.03543723130651422,0.03947305904833336,observed,0.008120204025149288,0.08647131593958815,0.5238095238095238
uni_dollar_liquidity_20,2012Q3,63,-0.010088501849131216,4,0.01795727643017301,-0.5618057887765121,-0.045284116912700303,0.02510711321443787,observed,-0.027556707949113548,0.07570787306535218,0.36507936507936506
uni_dollar_liquidity_20,2012Q4,62,0.02517032964177437,4,0.013919485749773418,1.8082801401038897,-0.002111361111100038,0.05245202039464878,observed,0.02483539883787541,0.062089091156990774,0.6290322580645161
uni_dollar_liquidity_20,2013Q1,60,0.003124795369372005,4,0.020394520308748453,0.15321739967728437,-0.03684772991774567,0.04309732065648968,observed,0.0012188610359778963,0.08285235124691824,0.5
uni_dollar_liquidity_20,2013Q2,64,0.0015196005196607184,4,0.016614939961895062,0.09145988629184286,-0.0310450834109489,0.03408428445027034,observed,0.012377572694897115,0.07773798890274412,0.546875
uni_dollar_liquidity_20,2013Q3,64,0.007843344864799505,4,0.01791812230120174,0.43773252202176705,-0.02727552951613986,0.04296221924573887,observed,0.007563997199560165,0.08310184255790654,0.515625
uni_dollar_liquidity_20,2013Q4,64,-0.011626193783293902,4,0.011878096079706517,-0.9787927042581357,-0.03490683430442508,0.01165444673783728,observed,-0.012160875395523634,0.06258903733577088,0.4375
uni_dollar_liquidity_20,2014Q1,61,0.0032998828498346394,4,0.0195785085178078,0.16854618148431494,-0.03507328871607933,0.0416730544157486,observed,0.015155812177883633,0.08195254333862247,0.5573770491803278
uni_dollar_liquidity_20,2014Q2,63,-0.011456856841692172,4,0.01635986401512301,-0.7003026939039034,-0.04352160110330611,0.020607887419921766,observed,-0.01381421942407376,0.08200376052467322,0.3333333333333333
uni_dollar_liquidity_20,2014Q3,64,-0.060187463243060124,4,0.023209670941317203,-2.593206228353548,-0.1056775823810677,-0.014697344105052551,observed,-0.04247375649311867,0.09560867845533005,0.28125
uni_dollar_liquidity_20,2014Q4,64,0.012115882116851218,4,0.016785486937613652,0.7218070087500065,-0.02078306774383907,0.045014831977541504,observed,-0.0022575160105362917,0.08603878428430657,0.5
uni_dollar_liquidity_20,2015Q1,61,0.04765462115880682,4,0.014816140082369896,3.2163992034276374,0.018615520207461517,0.07669372211015213,observed,0.03131003722752091,0.07064436726038939,0.7377049180327869
uni_dollar_liquidity_20,2015Q2,63,0.011129635597587896,4,0.017747791372975552,0.6270997536366649,-0.02365539629857487,0.04591466749375066,observed,0.010066128492866783,0.07683432074424178,0.5396825396825397
uni_dollar_liquidity_20,2015Q3,64,-0.020730125897416164,4,0.017806151980475374,-1.1642114433341328,-0.055629542482394455,0.014169290687562126,observed,-0.01921425825757047,0.08303448554450227,0.421875
uni_dollar_liquidity_20,2015Q4,64,-0.01977731738817941,4,0.02492425351443469,-0.793496879524417,-0.06862795661801727,0.029073321841658447,observed,-0.022246749603767886,0.10900534991206515,0.46875
uni_dollar_liquidity_20,2016Q1,61,0.0021327163264862094,4,0.02139216466525364,0.09969614388534918,-0.039795155968761264,0.044060588621733676,observed,-0.005252885206546416,0.09418304731706939,0.4918032786885246
uni_dollar_liquidity_20,2016Q2,64,0.0029231128892863688,4,0.021455587555158733,0.1362401696887365,-0.03912906598597053,0.044975291764543276,observed,-0.0007114230657473891,0.0894878053932304,0.5
uni_dollar_liquidity_20,2016Q3,64,0.027279260718002657,4,0.012146106223847963,2.2459264076286347,0.0034733299668628544,0.05108519146914246,observed,0.024105268155694463,0.06160141748225297,0.671875
uni_dollar_liquidity_20,2016Q4,63,0.008610390737022446,4,0.022029020880051084,0.3908657939863226,-0.034565696802558527,0.05178647827660342,observed,-0.007912791198785183,0.10030589710980674,0.49206349206349204
uni_dollar_liquidity_20,2017Q1,62,-0.01092516454999207,4,0.014621218748177534,-0.7472129880659806,-0.039582226706501855,0.01773189760651771,observed,-0.011704825813933048,0.08157605404457582,0.43548387096774194
uni_dollar_liquidity_20,2017Q2,63,0.013147984965226995,4,0.02046310995103183,0.6425213467889334,-0.026958973550478577,0.05325494348093257,observed,0.007844930617051306,0.08750258573727027,0.5238095238095238
uni_dollar_liquidity_20,2017Q3,63,0.005494825293190858,4,0.022605685140746873,0.24307271639762887,-0.038811503428525275,0.049801154014906986,observed,-0.023916828682944067,0.09445323805651726,0.47619047619047616
uni_dollar_liquidity_20,2017Q4,63,-0.026165876027565278,4,0.02253713309558262,-1.1610117363460888,-0.07033784520969291,0.018006093154562353,observed,-0.034071692664194866,0.09566137710013277,0.36507936507936506
uni_dollar_liquidity_20,2018Q1,61,0.0012996027911520703,4,0.015378267133007719,0.0845090529324087,-0.02884124693417909,0.03144045251648323,observed,0.005282080067585313,0.07654880941002733,0.5081967213114754
uni_dollar_liquidity_20,2018Q2,64,0.02133746833175587,4,0.012322769610994431,1.7315481020369385,-0.002814716295577866,0.045489652959089605,observed,0.016344479133680968,0.06951505378694947,0.546875
uni_dollar_liquidity_20,2018Q3,63,-0.031153909933752805,4,0.022154584340836905,-1.4062060228468247,-0.07457609733424819,0.012268277466742583,observed,-0.03868913929120331,0.10032343708529505,0.42857142857142855
uni_dollar_liquidity_20,2018Q4,63,-0.03220084257121136,4,0.01792475398113864,-1.796445441041744,-0.06733271480598405,0.0029310296635613256,observed,-0.03418687935920333,0.07968269352275596,0.31746031746031744
uni_dollar_liquidity_20,2019Q1,61,0.004808295454696744,4,0.025761166014350655,0.1866489836686045,-0.045682662133187786,0.05529925304258127,observed,0.018201033866911468,0.10391807506774384,0.6065573770491803
uni_dollar_liquidity_20,2019Q2,63,-0.029013994908443582,4,0.016818734978949937,-1.7250997143814348,-0.06197810973270948,0.003950119915822319,observed,-0.02984025564379004,0.08557902295730035,0.36507936507936506
uni_dollar_liquidity_20,2019Q3,64,-0.03531509323884436,4,0.021080520115447227,-1.6752477190051127,-0.07663215344049307,0.006001966962804348,observed,-0.037453277480709285,0.09278890711118971,0.28125
uni_dollar_liquidity_20,2019Q4,64,-0.010731220388706227,4,0.016207746946948764,-0.6621043889586679,-0.04249782067526482,0.02103537989785237,observed,-0.016952934147897815,0.07123238431204182,0.40625
uni_volume_shock_20,2003Q1,61,-0.018096478244834246,4,0.015348870917505003,-1.1790103872849478,-0.04817971244649831,0.011986755956829815,observed,-0.019926778381342825,0.07861638400328438,0.3770491803278688
uni_volume_shock_20,2003Q2,63,0.025227531241661723,4,0.007949597118337514,3.173435190000863,0.009646607198116797,0.04080845528520665,observed,0.025092221619523923,0.06423219063483473,0.6349206349206349
uni_volume_shock_20,2003Q3,64,0.004015338868859912,4,0.012618466693276183,0.31821131413688375,-0.020716401390079638,0.02874707912779946,observed,0.003853145307802129,0.07070886727242383,0.546875
uni_volume_shock_20,2003Q4,64,-0.006593631291847331,4,0.012614112765000289,-0.5227185942195103,-0.031316838008174856,0.018129575424480196,observed,-0.006222522936106405,0.06858732662444879,0.46875
uni_volume_shock_20,2004Q1,62,4.3261872718445536e-05,4,0.011578850990831278,0.003736283742894911,-0.02265086905166678,0.02273739279710367,observed,-0.005159360537947812,0.06780440867794316,0.46774193548387094
uni_volume_shock_20,2004Q2,62,0.005588420016493628,4,0.007790744552415965,0.7173152679945871,-0.009681158718993287,0.020857998751980543,observed,0.003817235719120282,0.0642095153733219,0.5161290322580645
uni_volume_shock_20,2004Q3,64,-0.010143161380112793,4,0.015111064463030142,-0.6712406928663739,-0.039760303495714966,0.019473980735489376,observed,-0.00909431372110211,0.0813844911616288,0.4375
uni_volume_shock_20,2004Q4,64,0.0199611760220772,4,0.00928693176156022,2.149383298442982,0.001759124242538046,0.03816322780161635,observed,0.015132721638822032,0.054981211749373066,0.625
uni_volume_shock_20,2005Q1,61,-0.028971892276202702,4,0.007729627644964922,-3.7481614389374873,-0.0441216840742391,-0.0138221004781663,observed,-0.026329784441047666,0.05280119802013761,0.3114754098360656
uni_volume_shock_20,2005Q2,64,0.0031461896860069186,4,0.00893333780446092,0.35218523634423055,-0.014362830672466603,0.02065521004448044,observed,0.009392867494000904,0.054896128660650065,0.53125
uni_volume_shock_20,2005Q3,64,-0.004191893637153717,4,0.010161650306433163,-0.4125209499189224,-0.02410836226125312,0.015724574986945686,observed,-0.009378473043668421,0.05841707375936399,0.453125
uni_volume_shock_20,2005Q4,63,-0.016499232293015698,4,0.009165051762553873,-1.8002333997094775,-0.03446240366406663,0.0014639390780352354,observed,-0.013841406038336085,0.05326230632874466,0.3333333333333333
uni_volume_shock_20,2006Q1,62,0.017092810340639263,4,0.009495302916863315,1.8001332332729532,-0.0015176413987109567,0.03570326207998949,observed,0.019078709859842446,0.06096017339918587,0.6290322580645161
uni_volume_shock_20,2006Q2,63,-0.0119035794147496,4,0.01045927411632386,-1.1380884832315088,-0.032403379987176364,0.008596221157677164,observed,-0.01591795516490546,0.06022870854572452,0.36507936507936506
uni_volume_shock_20,2006Q3,63,0.0054767567495529095,4,0.011505890751090745,0.4759958935846596,-0.01707437473263746,0.028027888231743278,observed,0.015464182248149952,0.06117623482367568,0.5555555555555556
uni_volume_shock_20,2006Q4,63,0.0038688645940648616,4,0.011183049108906789,0.3459579365509079,-0.01804950889673519,0.025787238084864914,observed,0.009479939728992364,0.05897989973349723,0.5396825396825397
uni_volume_shock_20,2007Q1,61,-0.004318269372206755,4,0.010217988012684486,-0.42261444883729626,-0.024345157871530347,0.015708619127116838,observed,0.0004921003020571488,0.051964408217307696,0.5081967213114754
uni_volume_shock_20,2007Q2,63,-0.006453219243442863,4,0.009378995077982162,-0.6880501791276381,-0.024835711807466337,0.011929273320580611,observed,-0.008261377582505537,0.04916593026316301,0.4444444444444444
uni_volume_shock_20,2007Q3,63,-0.01591142576497464,4,0.006571685844880349,-2.4212091296741436,-0.0287916933386518,-0.0030311581912974787,observed,-0.0128968674234129,0.05267205118183714,0.36507936507936506
uni_volume_shock_20,2007Q4,64,-0.013091008656696278,4,0.013622215935689323,-0.9610043416210049,-0.039790061280274944,0.013608043966882387,observed,-0.0071993605871667875,0.06694371838779625,0.46875
uni_volume_shock_20,2008Q1,61,-0.012868827447394813,4,0.013682861190907197,-0.9405070524245804,-0.03968674258703375,0.013949087692244127,observed,-0.0009499996444587884,0.062143716900493876,0.4918032786885246
uni_volume_shock_20,2008Q2,64,-0.002179067545759197,4,0.011766688810143724,-0.1851895279053089,-0.02524135383093136,0.020883218739412963,observed,-0.00289929018905361,0.06190428403458478,0.4375
uni_volume_shock_20,2008Q3,64,-0.00758466554786821,4,0.011341470320836952,-0.6687550496811152,-0.029813538908438568,0.014644207812702148,observed,0.00525007287575705,0.07362258254909054,0.515625
uni_volume_shock_20,2008Q4,64,0.006174992001881359,4,0.02035992433409968,0.30329150052582543,-0.03372972642091465,0.04607971042467737,observed,-0.004672972604406617,0.10692038764948217,0.484375
uni_volume_shock_20,2009Q1,61,0.004758200492824501,4,0.011381554586743387,0.4180624409926033,-0.017549236585269197,0.027065637570918198,observed,0.014073865945138611,0.07147777872905535,0.5737704918032787
uni_volume_shock_20,2009Q2,63,-0.0007417461422827768,4,0.00995977377485881,-0.07447419580504394,-0.020262544035172587,0.018779051750607033,observed,-0.006414505413514519,0.06951180241702237,0.49206349206349204
uni_volume_shock_20,2009Q3,64,0.00620140453085821,4,0.008153528777090023,0.7605792167292108,-0.009779218219149146,0.022182027280865563,observed,0.00404706911765836,0.057364456194377335,0.546875
uni_volume_shock_20,2009Q4,64,-0.0033035571257498822,4,0.008933845203345408,-0.3697799828133151,-0.020813571967762796,0.014206457716263034,observed,-0.0031966890094456413,0.05093462161248071,0.453125
uni_volume_shock_20,2010Q1,61,0.009653750025851806,4,0.010119394207986293,0.9539849745385947,-0.010179898167164553,0.029487398218868165,observed,0.009113165340793181,0.05613508970114397,0.5901639344262295
uni_volume_shock_20,2010Q2,63,0.00048610213043584065,4,0.012037302344721518,0.04038297921867863,-0.023106576936237883,0.024078781197109565,observed,0.010212089933172148,0.06524070293548014,0.5555555555555556
uni_volume_shock_20,2010Q3,64,-0.017725021644085556,4,0.010784436240322392,-1.643574244318188,-0.03886212826868599,0.0034120849805148804,observed,-0.01800897865709566,0.05967323452203792,0.4375
uni_volume_shock_20,2010Q4,64,0.0108735574758455,4,0.009025551254656835,1.2047527257944677,-0.006816197923902194,0.028563312875593196,observed,0.012868052489015378,0.05845693505552058,0.546875
uni_volume_shock_20,2011Q1,62,-0.005478255016433875,4,0.007159054494881052,-0.7652204659639061,-0.019509743989760325,0.008553233956892576,observed,-0.001140757881136507,0.04638301712375099,0.4032258064516129
uni_volume_shock_20,2011Q2,63,0.00328751360112011,4,0.00752612683647071,0.4368134729259694,-0.011463423941442855,0.018038451143683073,observed,-0.0033913360186902278,0.0504952249601765,0.49206349206349204
uni_volume_shock_20,2011Q3,64,-0.007948299370807923,4,0.011799790777505226,-0.6735966357946217,-0.03107546431982605,0.015178865578210203,observed,-0.006386705902371203,0.07224465724670079,0.453125
uni_volume_shock_20,2011Q4,63,-0.002245822620615573,4,0.010786256405682095,-0.2082114995368083,-0.023386496703766933,0.018894851462535785,observed,-0.011462279069131146,0.05997809917926831,0.4126984126984127
uni_volume_shock_20,2012Q1,62,-0.008540595029014135,4,0.009194024335122303,-0.928928912705616,-0.026560551598838668,0.009479361540810397,observed,-0.015758353743128693,0.056732772142903926,0.43548387096774194
uni_volume_shock_20,2012Q2,63,-0.018547259110339,4,0.009073108585842473,-2.0442011615820217,-0.03633022516641139,-0.0007642930542666078,observed,-0.013708452096786238,0.053869809959968325,0.3968253968253968
uni_volume_shock_20,2012Q3,63,0.00045253174806959487,4,0.010091216641371413,0.04484412178947088,-0.01932588942920962,0.02023095292534881,observed,0.00452535888643581,0.05963482467614235,0.5238095238095238
uni_volume_shock_20,2012Q4,62,0.008137481088696498,4,0.0051960099050578044,1.56610192000894,-0.0020465111885301836,0.01832147336592318,observed,0.005850436162081448,0.03860508230996017,0.5806451612903226
uni_volume_shock_20,2013Q1,60,-0.011579669295041405,4,0.007705198084606107,-1.5028386250284653,-0.026681580034616383,0.003522241444533572,observed,-0.009237382246804359,0.046924034449381855,0.38333333333333336
uni_volume_shock_20,2013Q2,64,0.005230270247606861,4,0.007716028359846231,0.6778448709215336,-0.009892867441381415,0.02035340793659514,observed,0.007166115034130571,0.0485379955537206,0.5625
uni_volume_shock_20,2013Q3,64,0.017459025292873555,4,0.008702054175850482,2.006310802031662,0.0004033125166902282,0.03451473806905688,observed,0.024099497538848793,0.05474968272978508,0.625
uni_volume_shock_20,2013Q4,64,0.0020026526328134056,4,0.009403248552290583,0.2129745504095571,-0.01642737586735454,0.020432681132981353,observed,0.0032318520936343163,0.05133637216655252,0.53125
uni_volume_shock_20,2014Q1,61,0.0005389488452775853,4,0.009432330932995161,0.057138458044585,-0.017948080073656017,0.019025977764211187,observed,0.0048969148159771336,0.05501692081275348,0.5245901639344263
uni_volume_shock_20,2014Q2,63,0.001709269546648825,4,0.009686257857111446,0.17646335373922709,-0.01727544699825773,0.020693986091555382,observed,0.0046476296004008,0.05977406826525314,0.5873015873015873
uni_volume_shock_20,2014Q3,64,-0.002885703023977883,4,0.009417135603235148,-0.30643107899885536,-0.021342949643848648,0.015571543595892884,observed,-0.00433282340021381,0.05104403924088525,0.46875
uni_volume_shock_20,2014Q4,64,-0.0012671902787125926,4,0.009313707401670472,-0.1360564836388691,-0.019521721348530845,0.01698734079110566,observed,-0.005715546107388158,0.06213771506693031,0.4375
uni_volume_shock_20,2015Q1,61,-0.010809115362568596,4,0.011310237140642445,-0.9556930794781388,-0.03297677281483507,0.011358542089697879,observed,-0.013926237939350295,0.06070616184910851,0.4098360655737705
uni_volume_shock_20,2015Q2,63,0.01761097786689334,4,0.0074590621944604935,2.361017700049775,0.0029914846073064733,0.03223047112648021,observed,0.01963243511299071,0.0510347570530554,0.6031746031746031
uni_volume_shock_20,2015Q3,64,0.023399087939216356,4,0.012220357834471814,1.9147629108871924,-0.0005523732945402864,0.047350549172973,observed,0.00370786082116035,0.06656538973688479,0.53125
uni_volume_shock_20,2015Q4,64,0.009102785229913044,4,0.00981093425478993,0.9278204290757375,-0.010126292564165534,0.02833186302399162,observed,0.015137172152049561,0.0553068578482006,0.609375
uni_volume_shock_20,2016Q1,61,-0.034923487678989645,4,0.009649796479715509,-3.619090594542699,-0.05383674123737344,-0.01601023412060585,observed,-0.036250925121290176,0.06285166368600144,0.26229508196721313
uni_volume_shock_20,2016Q2,64,0.017995115530737633,4,0.013034068303544592,1.380621545910105,-0.007551188916244848,0.04354141997772011,observed,0.01678032703040217,0.0642400056712363,0.59375
uni_volume_shock_20,2016Q3,64,0.03376713948215364,4,0.010884315371100418,3.102366876635231,0.012434273358421104,0.05510000560588617,observed,0.026483005724460044,0.058753041857241464,0.734375
uni_volume_shock_20,2016Q4,63,-0.008521379300288852,4,0.006254931686576894,-1.3623457021242553,-0.020780820131737942,0.003738061531160238,observed,-0.009503045673326395,0.0443567274961485,0.42857142857142855
uni_volume_shock_20,2017Q1,62,0.00608671546967944,4,0.00800387580138844,0.7604710043880955,-0.009600592837773564,0.021774023777132445,observed,0.0002616369103475699,0.04416334204012893,0.5
uni_volume_shock_20,2017Q2,63,0.00662826203637338,4,0.009935713602026601,0.6671148446772263,-0.012845378784303491,0.02610190285705025,observed,0.007452300812495032,0.05447678924715388,0.6031746031746031
uni_volume_shock_20,2017Q3,63,0.03001229245741136,4,0.009332493923174257,3.2158919903377012,0.011720940482050905,0.04830364443277182,observed,0.03356768985782845,0.04933364608297045,0.7936507936507936
uni_volume_shock_20,2017Q4,63,-0.004771965988691533,4,0.01190358648752385,-0.4008847244225957,-0.028102566791095927,0.01855863481371286,observed,-0.006176205714683698,0.05835419395080598,0.4603174603174603
uni_volume_shock_20,2018Q1,61,0.01964107225979033,4,0.007641703307320106,2.5702479499532314,0.004663608996902307,0.03461853552267835,observed,0.02003809341114409,0.04517846151631928,0.639344262295082
uni_volume_shock_20,2018Q2,64,0.01863016748988809,4,0.006380042233973651,2.920069618141815,0.006125514491455267,0.031134820488320916,observed,0.013941538826006055,0.04421161450115773,0.6875
uni_volume_shock_20,2018Q3,63,-0.012065072149878895,4,0.012288724254341358,-0.9818002178392561,-0.03615052910433179,0.012020384804573998,observed,-0.01268886412517004,0.06444319964914297,0.42857142857142855
uni_volume_shock_20,2018Q4,63,-0.005225027647663711,4,0.009680024028163755,-0.5397742435826235,-0.024197526112347007,0.013747470817019585,observed,0.0057677108116227956,0.057219545851630985,0.5238095238095238
uni_volume_shock_20,2019Q1,61,-0.0212355621833812,4,0.008023906436675263,-2.646536615421981,-0.036962129814583834,-0.005508994552178563,observed,-0.019418806112760253,0.04438697604990512,0.2786885245901639
uni_volume_shock_20,2019Q2,63,-0.010781957283590259,4,0.0067928797599152504,-1.5872439472894155,-0.02409575696433524,0.0025318423971547217,observed,-0.007703121610279149,0.04743684090403909,0.4126984126984127
uni_volume_shock_20,2019Q3,64,-0.0031489787527849474,4,0.009045676433748975,-0.34811976482336493,-0.020878178778735657,0.01458022127316576,observed,-0.002026326623453087,0.05801317821951649,0.453125
uni_volume_shock_20,2019Q4,64,-0.0126864814676127,4,0.00860586728461836,-1.4741665247717448,-0.029553671401196198,0.004180708465970797,observed,-0.012234012994519802,0.046764640425854175,0.375
uni_gap_1,2003Q1,61,0.011866513362374452,4,0.015448523979093144,0.7681325011006674,-0.018412037250951516,0.04214506397570042,observed,0.006213964663751378,0.12645103417975284,0.5737704918032787
uni_gap_1,2003Q2,63,-0.0056178599349580366,4,0.014355742408617072,-0.3913318987658835,-0.03375459802718178,0.02251887815726571,observed,-0.0032920699131810567,0.09177471577305929,0.49206349206349204
uni_gap_1,2003Q3,64,0.015928009103377987,4,0.01037704430262658,1.5349273491437612,-0.0044106239957466715,0.03626664220250264,observed,0.01816541572886481,0.10340665737840278,0.578125
uni_gap_1,2003Q4,64,0.012808232755586896,4,0.015728497896391747,0.8143328650935711,-0.01801905665225493,0.043635522163428725,observed,0.015988385229419817,0.10983991708055572,0.53125
uni_gap_1,2004Q1,62,0.0038655937902718784,4,0.015327125136966976,0.25220605663018847,-0.02617501946472194,0.033906207045265695,observed,0.009651405401281643,0.10950074059265698,0.5161290322580645
uni_gap_1,2004Q2,62,0.0031825676373935406,4,0.013214644087791353,0.24083642482159828,-0.022717658843192667,0.02908279411797975,observed,0.000813391943161869,0.09641191524466294,0.5
uni_gap_1,2004Q3,64,0.0028131618523815245,4,0.011470556074692271,0.24525069526387328,-0.01966871493666246,0.02529503864142551,observed,0.008046447550380769,0.09829365343258602,0.546875
uni_gap_1,2004Q4,64,0.02558007360291177,4,0.010118357354681501,2.5280856077964606,0.005748457605030056,0.04541168960079349,observed,0.032220844993198765,0.07921441484214335,0.625
uni_gap_1,2005Q1,61,0.015138132671338227,4,0.011934300307293193,1.2684558190719513,-0.00825266611164173,0.03852893145431818,observed,0.01688389936702686,0.08268696421744644,0.6065573770491803
uni_gap_1,2005Q2,64,0.006005943556361643,4,0.013132375037428434,0.4573387174250028,-0.01973303854847093,0.03174492566119422,observed,0.0015097361193963988,0.08537022311046955,0.515625
uni_gap_1,2005Q3,64,-0.004525577963471817,4,0.014525240389574996,-0.31156647615415023,-0.03299452599382535,0.02394337006688172,observed,-0.00946193581295558,0.09056439907804545,0.46875
uni_gap_1,2005Q4,63,0.009118079819375517,4,0.010483348128018103,0.8697679126963522,-0.011428904948935361,0.029665064587686394,observed,0.011200414568170081,0.08896148876888453,0.5873015873015873
uni_gap_1,2006Q1,62,0.013674363960370037,4,0.013624350984904204,1.0036708519562691,-0.013028873282775017,0.04037760120351509,observed,0.024773427232801112,0.10958851116124216,0.6129032258064516
uni_gap_1,2006Q2,63,-0.014221264151487514,4,0.014705752581198607,-0.9670544960527546,-0.043044009576193726,0.014601481273218694,observed,-0.02655872419475982,0.12100639286966496,0.3333333333333333
uni_gap_1,2006Q3,63,0.009501537822036853,4,0.008667349957377718,1.096244857858666,-0.007486155935828246,0.02648923157990195,observed,0.009864979708801,0.09579860953335795,0.5555555555555556
uni_gap_1,2006Q4,63,0.0004449434973018561,4,0.01151000557861955,0.03865710526920703,-0.022114252898647567,0.02300413989325128,observed,-0.002306514391223571,0.09251034582601411,0.47619047619047616
uni_gap_1,2007Q1,61,-0.0004208540831805527,4,0.008649803865347406,-0.048654754458256115,-0.017374158132596813,0.01653244996623571,observed,-0.007561446089920129,0.06997622239288112,0.45901639344262296
uni_gap_1,2007Q2,63,-6.0730506730950875e-06,4,0.007901378022940513,-0.0007686065209717672,-0.015492489403872796,0.015480343302526607,observed,-0.004410953368148469,0.06428469258456831,0.4444444444444444
uni_gap_1,2007Q3,63,0.009595774355258302,4,0.006730482325002663,1.425718676893562,-0.003595728600330325,0.022787277310846926,observed,0.019819080450636913,0.07307133425034776,0.6349206349206349
uni_gap_1,2007Q4,64,0.014803110975180792,4,0.010129298499569464,1.4614152180242277,-0.0050499492726309644,0.03465617122299255,observed,0.01463768208137841,0.08153773894507114,0.59375
uni_gap_1,2008Q1,61,-0.0019786308496553373,4,0.011649251188421325,-0.16985047516375823,-0.024810743625821557,0.020853481926510882,observed,-0.002229220722563586,0.09478851270382097,0.45901639344262296
uni_gap_1,2008Q2,64,0.001079489685306743,4,0.012977071694511942,0.08318438170941629,-0.02435510346073083,0.02651408283134432,observed,-0.0012406803144002,0.10474069526238976,0.46875
uni_gap_1,2008Q3,64,0.0501291068137507,4,0.02355026257964818,2.128600759512193,0.003971440331178924,0.09628677329632247,observed,0.03631397478423272,0.18563998303302376,0.546875
uni_gap_1,2008Q4,64,0.014688480511003209,4,0.015892953590536794,0.9242133897470908,-0.016461136134415445,0.04583809715642186,observed,-0.0013957351224225742,0.15033698721055638,0.5
uni_gap_1,2009Q1,61,-0.006398887070644101,4,0.016506035966073775,-0.38766952185226444,-0.038750123091671494,0.025952348950383293,observed,-0.008599724224088494,0.1718435447634052,0.4262295081967213
uni_gap_1,2009Q2,63,0.042481920004700496,4,0.018804815419914665,2.2590979520974885,0.005625159045744302,0.07933868096365669,observed,0.05318649166290341,0.18780155046453983,0.5714285714285714
uni_gap_1,2009Q3,64,0.014455182440466261,4,0.015121417570827298,0.9559409607438949,-0.015182251393546394,0.04409261627447891,observed,0.02229354610554419,0.15860067167633515,0.5625
uni_gap_1,2009Q4,64,-0.0012288732572957543,4,0.013472413214250405,-0.09121404144551604,-0.027634317942068054,0.02517657142747655,observed,-0.007157295094782629,0.12529222061937695,0.484375
uni_gap_1,2010Q1,61,0.017318624742302124,4,0.015428931292532718,1.1224772742804279,-0.012921524911005029,0.04755877439560928,observed,0.010873054701787344,0.11523826321315736,0.5737704918032787
uni_gap_1,2010Q2,63,0.05092456030620896,4,0.021402995691223427,2.379319280388924,0.008975459590145084,0.09287366102227285,observed,0.05487717043463085,0.17767805109194681,0.6190476190476191
uni_gap_1,2010Q3,64,-0.01907470486390505,4,0.015110288487538752,-1.2623653664611167,-0.048690326095491204,0.010540916367681109,observed,-0.013558991833889707,0.17016581259646546,0.453125
uni_gap_1,2010Q4,64,0.008005706862330045,4,0.015785312151889563,0.507161770720621,-0.022932936440095957,0.038944350164756045,observed,0.0021058571329373946,0.11753680261779262,0.5
uni_gap_1,2011Q1,62,0.026085543168789607,4,0.016652457497503482,1.5664680827259474,-0.006552673780401214,0.05872376011798043,observed,0.005530249630514282,0.10697441201569087,0.5483870967741935
uni_gap_1,2011Q2,63,0.041774106274364134,4,0.01589424719939968,2.628253213272153,0.010621954202164139,0.07292625834656413,observed,0.050196905729592706,0.14856732781620324,0.5714285714285714
uni_gap_1,2011Q3,64,0.014545319807947783,4,0.025347350260281502,0.5738398553926893,-0.03513457380572593,0.06422521342162149,observed,0.014712304493168432,0.2255999484063321,0.515625
uni_gap_1,2011Q4,63,0.015628510969072536,4,0.027100647107484457,0.5766840513840117,-0.03748778131932659,0.06874480325747166,observed,0.010398668964479071,0.19477937079133043,0.5396825396825397
uni_gap_1,2012Q1,62,-0.00150711435782738,4,0.01100723841459527,-0.13692029744981188,-0.023080905219679874,0.020066676504025115,observed,0.009300104889560613,0.12640508393049785,0.532258064516129
uni_gap_1,2012Q2,63,-0.019638697456490394,4,0.018846223673979454,-1.042049473476487,-0.05657661710207626,0.017299222189095475,observed,-0.028965105419845375,0.16432344854869055,0.36507936507936506
uni_gap_1,2012Q3,63,-0.018382862241115218,4,0.011729267675805552,-1.567264278488103,-0.04137180445072393,0.004606079968493489,observed,-0.021639709230030935,0.12454819528780285,0.36507936507936506
uni_gap_1,2012Q4,62,0.00457984369522374,4,0.0092053573805179,0.4975193798468338,-0.013462325235411316,0.022622012625858796,observed,0.005752391126689176,0.0907355539762011,0.5161290322580645
uni_gap_1,2013Q1,60,0.008747171007880234,4,0.009153844671457889,0.9555734581289453,-0.009194034868251112,0.02668837688401158,observed,0.011373097348863444,0.09089736662164076,0.6166666666666667
uni_gap_1,2013Q2,64,0.0042544130081931895,4,0.009269707476313416,0.45895871245822517,-0.01391387979260278,0.02242270580898916,observed,0.004917220415133419,0.09182149079716206,0.546875
uni_gap_1,2013Q3,64,0.0036304348621101256,4,0.009788701944995846,0.37088011081653854,-0.01555506840547891,0.02281593812969916,observed,-0.008148803714176905,0.07737536809024896,0.4375
uni_gap_1,2013Q4,64,0.007652447328228397,4,0.008217366073282694,0.9312530633275509,-0.008453294223187009,0.023758188879643802,observed,0.010946162568918071,0.06661427017627665,0.5625
uni_gap_1,2014Q1,61,1.607979025280071e-05,4,0.008423772381862066,0.0019088585878012875,-0.016494210692160036,0.016526370272665635,observed,-0.00606132472556827,0.06215997724916661,0.47540983606557374
uni_gap_1,2014Q2,63,0.01730463872098393,4,0.010061111399686226,1.7199529985845903,-0.0024147772668464476,0.03702405470881431,observed,0.014063937795913889,0.07956726089893146,0.5873015873015873
uni_gap_1,2014Q3,64,-0.00014121114068698076,4,0.0101527687858495,-0.013908633562481485,-0.020040272304314453,0.01975785002294049,observed,-0.010237271293214662,0.08080283940890895,0.46875
uni_gap_1,2014Q4,64,0.004920799825295427,4,0.01423283757198187,0.34573568344391803,-0.022975049213597547,0.0328166488641884,observed,-0.00015476626653268674,0.1360284250348634,0.5
uni_gap_1,2015Q1,61,0.007466505075217689,4,0.01133020519594779,0.6589911608916015,-0.014740289046288567,0.029673299196723943,observed,0.004840749915465948,0.09930898779196792,0.5245901639344263
uni_gap_1,2015Q2,63,0.0006863400175721775,4,0.010313106708413929,0.06655026821473962,-0.01952697769963755,0.020899657734781904,observed,-0.00719314525013753,0.0984004350209146,0.3968253968253968
uni_gap_1,2015Q3,64,-0.030875907615070867,4,0.010204859936720982,-3.025608171648448,-0.05087706555831969,-0.010874749671822045,observed,-0.04240196426677537,0.11073741642042025,0.390625
uni_gap_1,2015Q4,64,0.0041747050844826335,4,0.013915832772528695,0.29999678443419764,-0.023099825964555776,0.03144923613352105,observed,0.010819848516623206,0.12005704445041783,0.578125
uni_gap_1,2016Q1,61,0.029665284264030558,4,0.02196998927800036,1.350263939078745,-0.013395103461581296,0.07272567198964242,observed,0.03087417255641776,0.17141788817162598,0.5573770491803278
uni_gap_1,2016Q2,64,0.01938562390982806,4,0.01616336502850488,1.1993556957750178,-0.012293989415015732,0.05106523723467185,observed,-0.01425801781695829,0.1531369231884977,0.484375
uni_gap_1,2016Q3,64,0.005186666000680611,4,0.018369198872541743,0.28235667960640537,-0.03081630221435497,0.0411896342157162,observed,-0.00086480728982076,0.14376224847609792,0.484375
uni_gap_1,2016Q4,63,0.0035869307078056026,4,0.012252110656202238,0.29276022788692607,-0.020426764912950195,0.027600626328561396,observed,0.0030801868985650513,0.11843666068710312,0.5396825396825397
uni_gap_1,2017Q1,62,0.013857518236008174,4,0.009728854114563288,1.4243731145340763,-0.005210685439380188,0.03292572191139653,observed,-0.002469038505365065,0.12967351696000792,0.5
uni_gap_1,2017Q2,63,-0.0026088891030700907,4,0.01907456871234978,-0.13677316338906118,-0.039994356799910216,0.034776578593770036,observed,0.007701433034097851,0.1433575238845676,0.5079365079365079
uni_gap_1,2017Q3,63,-0.003651723254886342,4,0.011291347829674664,-0.32340897738437296,-0.02578235833796319,0.018478911828190503,observed,0.010396856918916144,0.11290192986527696,0.5396825396825397
uni_gap_1,2017Q4,63,0.010563292153274523,4,0.010787260638250482,0.9792376867040934,-0.010579350189542976,0.03170593449609202,observed,-0.005404922832132923,0.0846719189821093,0.4444444444444444
uni_gap_1,2018Q1,61,0.01567908343860243,4,0.00996556647821913,1.5733258588832693,-0.003853067944246731,0.03521123482145159,observed,0.019249178242670854,0.10307575526026826,0.5901639344262295
uni_gap_1,2018Q2,64,-0.010824632939367109,4,0.01184564142940587,-0.9138072432697322,-0.03404166351477818,0.012392397636043963,observed,-0.016388518386055546,0.106722713894227,0.4375
uni_gap_1,2018Q3,63,-0.0012425868476377952,4,0.009748824793046104,-0.12746016817577233,-0.020349932333599302,0.017864758638323715,observed,-0.0057998200817359884,0.0930452694265705,0.4603174603174603
uni_gap_1,2018Q4,63,0.007651695326525666,4,0.01494662854190076,0.5119345346059293,-0.021643158305898247,0.036946548958949575,observed,0.009017064458407255,0.16856435581496282,0.5079365079365079
uni_gap_1,2019Q1,61,0.010407596915667767,4,0.014294757246711563,0.728070909917829,-0.017609612455629836,0.038424806286965374,observed,-0.0076041763700867146,0.13461364108787108,0.4918032786885246
uni_gap_1,2019Q2,63,-0.010990315281896352,4,0.019158437744657128,-0.5736540436320969,-0.04854016326147711,0.0265595326976844,observed,0.008686599702662626,0.13083684113734864,0.5396825396825397
uni_gap_1,2019Q3,64,-0.027720976281531355,4,0.015724640880527063,-1.7629004371006147,-0.0585407060771906,0.003098753514127889,observed,-0.0182567097749369,0.162197572884577,0.421875
uni_gap_1,2019Q4,64,-0.009791391829884902,4,0.014497353720327564,-0.6753916624215242,-0.03820568299286469,0.01862289933309489,observed,-0.000541486086944278,0.13057492175896238,0.5
uni_intraday_1,2003Q1,61,0.01292868076151355,4,0.0179527205480788,0.7201516186301415,-0.022258004937233074,0.04811536646026018,observed,0.006801287223879744,0.14350785319753528,0.5245901639344263
uni_intraday_1,2003Q2,63,0.025665913273035263,4,0.010776491586194793,2.381657617207676,0.004544377884394549,0.04678744866167597,observed,0.040148225378586304,0.10688118058271118,0.6507936507936508
uni_intraday_1,2003Q3,64,0.006910470857542112,4,0.019677370342638195,0.35118873798741584,-0.031656466324485336,0.04547740803956955,observed,0.004720590497493046,0.132409765868846,0.515625
uni_intraday_1,2003Q4,64,0.0026405990204799914,4,0.017826534849179194,0.148127442759947,-0.03229876725305939,0.03757996529401938,observed,0.018692898507599802,0.12150685121093195,0.59375
uni_intraday_1,2004Q1,62,0.009770176053443932,4,0.016550190086599574,0.5903361835919146,-0.022667600453583073,0.04220795256047094,observed,0.017808982283850274,0.12653712186227967,0.5161290322580645
uni_intraday_1,2004Q2,62,0.00651018811383694,4,0.01750551606401614,0.3718935271619387,-0.027799992902422056,0.040820369130095936,observed,0.009290694400408743,0.11045296912867997,0.5645161290322581
uni_intraday_1,2004Q3,64,0.022226183095983107,4,0.016568253947640055,1.3414921793342596,-0.010246997928104976,0.05469936412007119,observed,0.005733169891234887,0.12326552760607852,0.515625
uni_intraday_1,2004Q4,64,0.025278471630837858,4,0.010644965556916328,2.374687968286918,0.004414722522612494,0.046142220739063225,observed,0.02710845393029018,0.08814778994165684,0.578125
uni_intraday_1,2005Q1,61,0.01331076011159226,4,0.012005867316932716,1.1086879240135497,-0.010220307432762395,0.036841827655946915,observed,0.014152698186341283,0.09263787052849487,0.5737704918032787
uni_intraday_1,2005Q2,64,0.009396983084129416,4,0.009181953200866462,1.0234187518231592,-0.008599314497301117,0.02739328066555995,observed,0.0035299171408082084,0.09557075208976931,0.53125
uni_intraday_1,2005Q3,64,0.011019955992299832,4,0.012928263614292517,0.8523925811751701,-0.01431897507435313,0.036358887058952793,observed,0.016295663669353647,0.10707695457121237,0.578125
uni_intraday_1,2005Q4,63,0.025560829608590168,4,0.012157015495418864,2.102557952502592,0.0017335170780738325,0.0493881421391065,observed,0.032142791521892866,0.1267746412667906,0.6190476190476191
uni_intraday_1,2006Q1,62,0.00593670680095083,4,0.012557496382082364,0.47276197582040375,-0.01867553384392263,0.03054894744582429,observed,0.0052681270055199335,0.10185769035369895,0.5161290322580645
uni_intraday_1,2006Q2,63,0.01670911361615086,4,0.020997196142244604,0.7957783269230657,-0.024444634598971924,0.05786286183127365,observed,0.027607236511884608,0.14886783733452824,0.6507936507936508
uni_intraday_1,2006Q3,63,0.036853619906242446,4,0.019931583421038516,1.8490061290033837,-0.0022115657538486835,0.07591880556633357,observed,0.03747100636439681,0.13565467953401764,0.6190476190476191
uni_intraday_1,2006Q4,63,0.024393131177187263,4,0.013234801566086895,1.843105169003265,-0.0015466032348773542,0.05033286558925188,observed,0.018661881505575833,0.11525521798312588,0.5555555555555556
uni_intraday_1,2007Q1,61,0.005065581571367841,4,0.009648743184717328,0.5249991086291145,-0.013845607566754424,0.023976770709490107,observed,0.013574706097514985,0.09716970741421596,0.5573770491803278
uni_intraday_1,2007Q2,63,0.007607798865560764,4,0.008090492650712947,0.9403381467617246,-0.008249275347022605,0.023464873078144134,observed,0.004570183038844219,0.07072513585023771,0.5238095238095238
uni_intraday_1,2007Q3,63,0.018969842835774544,4,0.02453422861597989,0.7731990735351226,-0.029116361640018015,0.0670560473115671,observed,0.007084231463396579,0.1271409487902044,0.5555555555555556
uni_intraday_1,2007Q4,64,0.003407005130435148,4,0.011308562482323557,0.3012765889352114,-0.018757370051839896,0.02557138031271019,observed,-0.0049585436198666,0.10699316682611162,0.453125
uni_intraday_1,2008Q1,61,0.02477763536502056,4,0.020737775428960978,1.1948068128087541,-0.01586765759522263,0.06542292832526375,observed,0.03427196929480707,0.13828869464577653,0.6229508196721312
uni_intraday_1,2008Q2,64,-0.003022037644756814,4,0.01619605712822052,-0.1865909474653013,-0.03476572630762225,0.02872165101810862,observed,-0.008248191885331681,0.1513885010576364,0.46875
uni_intraday_1,2008Q3,64,-0.0166173512381395,4,0.031018999549599063,-0.5357152545029225,-0.07741347319181782,0.044178770715538815,observed,-0.04913869818132957,0.22206267911902997,0.46875
uni_intraday_1,2008Q4,64,0.04149131076597597,4,0.025543372861835483,1.6243473792753658,-0.008572780086899393,0.09155540161885133,observed,0.03940946945855975,0.1709690419089297,0.578125
uni_intraday_1,2009Q1,61,0.010576102249084843,4,0.021194384542595545,0.4990049240556836,-0.03096412812889485,0.05211633262706454,observed,-0.027012225910836452,0.18513773835596087,0.4918032786885246
uni_intraday_1,2009Q2,63,0.01102525892772968,4,0.01901065914827355,0.5799514283927887,-0.026234948325253374,0.048285466180712736,observed,0.020192535833352496,0.1722916244196414,0.5555555555555556
uni_intraday_1,2009Q3,64,-0.008921932900067243,4,0.02134124067887584,-0.4180606476594598,-0.05074999601606502,0.032906130215930536,observed,-0.015001083309242623,0.14648295871160655,0.4375
uni_intraday_1,2009Q4,64,-0.008398972922800067,4,0.01807038173529858,-0.4647922244162425,-0.04381627031087569,0.027018324465275554,observed,-0.019664143843050916,0.12601667418770657,0.4375
uni_intraday_1,2010Q1,61,-0.0003206913412314667,4,0.011762889114743791,-0.027262974096177367,-0.023375530360267537,0.0227341476778046,observed,0.002692346272654205,0.10714734714194181,0.5081967213114754
uni_intraday_1,2010Q2,63,0.0026487818311940275,4,0.021260001860997132,0.12458991530256597,-0.039020056127614874,0.04431761979000293,observed,0.010951950664024141,0.1549108001003099,0.5238095238095238
uni_intraday_1,2010Q3,64,0.02227062029907178,4,0.012495231367663541,1.7823295658779081,-0.0022195831600439232,0.04676082375818748,observed,0.009274132152188681,0.12685399014985074,0.515625
uni_intraday_1,2010Q4,64,-0.004013084595261691,4,0.01465393036763792,-0.2738572174550713,-0.032734260347789805,0.024708091157266424,observed,0.007415818256932495,0.09531023264569229,0.5625
uni_intraday_1,2011Q1,62,0.0113137390687764,4,0.012893723090937515,0.8774609931500992,-0.013957493816093595,0.03658497195364639,observed,0.010349848612880803,0.1097448808297477,0.5483870967741935
uni_intraday_1,2011Q2,63,-0.02245706627273355,4,0.012381407402128616,-1.8137733089109662,-0.04672417885882327,0.0018100463133561735,observed,-0.03113104239127558,0.12567834137366107,0.4126984126984127
uni_intraday_1,2011Q3,64,-0.005953590700102826,4,0.019118651871675184,-0.31140222333998546,-0.04342545980154548,0.03151827840133983,observed,-0.021048743159408065,0.1663192134442627,0.46875
uni_intraday_1,2011Q4,63,0.030181238856666782,4,0.019847907191385166,1.5206257549293016,-0.008719944406941679,0.06908242212027524,observed,0.01569340101936211,0.17280266018468263,0.5714285714285714
uni_intraday_1,2012Q1,62,0.0012866750817272317,4,0.013746526815446447,0.09360001249780737,-0.025656022389061887,0.028229372552516348,observed,-0.013754394410966042,0.11621396907906664,0.45161290322580644
uni_intraday_1,2012Q2,63,0.01564340015197773,4,0.015186307693223416,1.0300989857434724,-0.014121215984883712,0.04540801628883917,observed,0.018134142278441366,0.13284379663108747,0.5873015873015873
uni_intraday_1,2012Q3,63,-0.01388262314068322,4,0.01533073640334215,-0.9055418327887214,-0.04393031434771096,0.016165068066344518,observed,-0.009085597292669936,0.13121612758368864,0.42857142857142855
uni_intraday_1,2012Q4,62,0.004822612690448281,4,0.008141128865087072,0.5923764100000769,-0.011133706678621827,0.02077893205951839,observed,-0.0012605979618562487,0.06863608084816056,0.4838709677419355
uni_intraday_1,2013Q1,60,-0.013268770261562266,4,0.011954037726314691,-1.1099822976426972,-0.036698253674972134,0.010160713151847604,observed,-0.004803371875445276,0.07658625591635196,0.48333333333333334
uni_intraday_1,2013Q2,64,0.02273859815550554,4,0.010697576808286096,2.125584004958277,0.0017717328894138497,0.04370546342159723,observed,0.030893767720047753,0.09060354513309275,0.59375
uni_intraday_1,2013Q3,64,0.016005147596006936,4,0.01043334911006259,1.5340373859981877,-0.004443840897848765,0.036454136089862636,observed,0.014204920545574276,0.07929883074199498,0.578125
uni_intraday_1,2013Q4,64,0.017698703196383996,4,0.009822154960644541,1.8019165109183521,-0.0015523667770507357,0.03694977316981873,observed,0.016253649762566456,0.07685996442921553,0.609375
uni_intraday_1,2014Q1,61,-0.012685011990826101,4,0.014990848745800128,-0.8461837088697173,-0.04206653563028179,0.016696511648629588,observed,-0.017791192669085347,0.10144140994079115,0.4098360655737705
uni_intraday_1,2014Q2,63,0.02876485168603291,4,0.013396502249184756,2.1471911959544063,0.0025081897588209584,0.05502151361324486,observed,0.020218971035330397,0.11013525789294258,0.6190476190476191
uni_intraday_1,2014Q3,64,-0.006508095522893685,4,0.008713757838624043,-0.7468758764498045,-0.023586747056600393,0.010570556010813022,observed,1.0409484201508327e-05,0.08135311768198607,0.5
uni_intraday_1,2014Q4,64,0.01967844927932305,4,0.020307791294410113,0.969009824556337,-0.020124090263276814,0.05948098882192292,observed,0.015258763530413385,0.13140614239079126,0.578125
uni_intraday_1,2015Q1,61,0.011259814999895491,4,0.016490508578604925,0.6828058059109331,-0.02106098790091896,0.043580617900709946,observed,0.010015813320565156,0.11350035266391788,0.5901639344262295
uni_intraday_1,2015Q2,63,0.004958929139158482,4,0.00911863465391599,0.5438236454652643,-0.012913266370695719,0.022831124649012685,observed,0.015543168355506991,0.09166431216055745,0.5555555555555556
uni_intraday_1,2015Q3,64,-0.004409801033793676,4,0.018225183866550636,-0.24196195034757093,-0.04013050502385337,0.03131090295626602,observed,-0.005131492884291434,0.14116965054468206,0.484375
uni_intraday_1,2015Q4,64,0.028734008057658345,4,0.011925816208731458,2.409395512620831,0.0053598378023006765,0.052108178313016014,observed,0.0519302234080374,0.1086247501204383,0.609375
uni_intraday_1,2016Q1,61,0.009853747806713076,4,0.023034047526792382,0.4277905476773697,-0.0352921557639839,0.05499965137741005,observed,0.018797452090797834,0.13338898220497103,0.5901639344262295
uni_intraday_1,2016Q2,64,-0.019996073376159527,4,0.012827906015948427,-1.5587948143133572,-0.04513830716448314,0.005146160412164081,observed,-0.023561274751384895,0.13128251854252182,0.421875
uni_intraday_1,2016Q3,64,-0.016156076332954603,4,0.013254694705877926,-1.2188946400847716,-0.042134800582549065,0.009822647916639858,observed,-0.02984020975378581,0.12632797278869087,0.359375
uni_intraday_1,2016Q4,63,0.007880070509032139,4,0.01426224301755049,0.5525127078072691,-0.020073412144124683,0.03583355316218896,observed,0.016448654486657673,0.10856540193567753,0.5555555555555556
uni_intraday_1,2017Q1,62,0.008034644092692677,4,0.011104212466492005,0.7235672153192281,-0.013729212418312334,0.029798500603697688,observed,0.00505396979424525,0.11353545094183062,0.5483870967741935
uni_intraday_1,2017Q2,63,0.004321492645731743,4,0.01129461354778368,0.38261536151272224,-0.017815543127222434,0.026458528418685918,observed,0.02174260326565313,0.11664412655572069,0.5555555555555556
uni_intraday_1,2017Q3,63,-0.0032176656965071685,4,0.014446360330231986,-0.22273192852413767,-0.031532011651450025,0.025096680258435686,observed,-0.011725057270143955,0.11444607718908484,0.47619047619047616
uni_intraday_1,2017Q4,63,-0.0008485631694559408,4,0.013173921030091615,-0.06441234675064995,-0.02666897392361032,0.024971847584698434,observed,-0.013716004444540571,0.1140994265472817,0.4126984126984127
uni_intraday_1,2018Q1,61,0.018550539831097255,4,0.009108191323883554,2.036687545468431,0.0006988128719852965,0.03640226679020921,observed,0.025025785123718752,0.07835507243013577,0.6229508196721312
uni_intraday_1,2018Q2,64,0.002130459611024536,4,0.01228977364257656,0.17335222543430698,-0.021957054106575155,0.026217973328624224,observed,0.005820681169357337,0.1119967466776021,0.515625
uni_intraday_1,2018Q3,63,0.021166607650278956,4,0.012851649888820782,1.6469953533896902,-0.004022163273727966,0.04635537857428588,observed,0.016068276822509674,0.11439464887696471,0.6031746031746031
uni_intraday_1,2018Q4,63,-0.008456897496247019,4,0.015054639986085442,-0.5617469101927033,-0.03796344966919107,0.021049654676697026,observed,-0.03828376468098698,0.14657517244934973,0.42857142857142855
uni_intraday_1,2019Q1,61,0.016755114363503236,4,0.013585034153545191,1.233350919410885,-0.009871063306191918,0.04338129203319839,observed,0.004443846508188962,0.10686481076812258,0.5081967213114754
uni_intraday_1,2019Q2,63,0.008735614081506235,4,0.017176956745708422,0.5085658775783309,-0.024930602504084604,0.042401830667097073,observed,0.01697882096609214,0.12465033788228265,0.5555555555555556
uni_intraday_1,2019Q3,64,-0.005597755251764562,4,0.01567694896502284,-0.3570691761677497,-0.0363240106106818,0.02512850010715268,observed,-0.017058596577675236,0.1294849031671361,0.453125
uni_intraday_1,2019Q4,64,0.014265979769919213,4,0.013089811829509985,1.0898536935235117,-0.011389579980326713,0.03992153952016514,observed,0.018668434627525404,0.09367152798063526,0.5625
raw_reversal_5,2003Q1,61,0.02623250202092927,4,0.026698297025102416,0.9825533814484424,-0.026095198596824333,0.07856020263868288,observed,0.0153618813459233,0.14521677879674885,0.5409836065573771
raw_reversal_5,2003Q2,63,0.04152478960019236,4,0.016507054603170302,2.515578375333975,0.009171557087142457,0.07387802211324226,observed,0.03825441609688922,0.1141281978920639,0.6507936507936508
raw_reversal_5,2003Q3,64,0.020723831216561742,4,0.033858686588971725,0.6120683731220632,-0.04563797506165217,0.08708563749477564,observed,0.03200313531669754,0.1630821726935747,0.59375
raw_reversal_5,2003Q4,64,0.016759328198524798,4,0.029328215044972687,0.5714404430281756,-0.04072291702046743,0.07424157341751703,observed,0.024550197653456146,0.1525334725313029,0.59375
raw_reversal_5,2004Q1,62,-0.0029041069305631045,4,0.02174214808132976,-0.13357037766920993,-0.04551793411650607,0.03970972025537987,observed,0.011343796330973318,0.1261395566413004,0.5161290322580645
raw_reversal_5,2004Q2,62,0.02137138545998007,4,0.01978089715659464,1.080405266292747,-0.017398460548836186,0.060141231468796325,observed,0.012001385640307973,0.10787500938412581,0.5483870967741935
raw_reversal_5,2004Q3,64,0.025604294882084176,4,0.028550600415405095,0.8968040780070189,-0.030353853669104112,0.08156244343327246,observed,0.0361142069255774,0.13959733385117293,0.609375
raw_reversal_5,2004Q4,64,0.07238999660670363,4,0.017698669018571513,4.090137881596836,0.0377012427560086,0.10707875045739866,observed,0.07550051363308774,0.09647218129783192,0.765625
raw_reversal_5,2005Q1,61,0.012549217297915912,4,0.021285695159252393,0.5895610739525724,-0.029169978600117347,0.054268413195949175,observed,0.019616350134425083,0.09480438313327004,0.5737704918032787
raw_reversal_5,2005Q2,64,0.031028273497162414,4,0.02337894882209522,1.3271885632359095,-0.014793624190549335,0.07685017118487417,observed,0.0303414997048602,0.12033084799821893,0.65625
raw_reversal_5,2005Q3,64,5.374068927232155e-05,4,0.014890534089232124,0.0036090504847091655,-0.029131169836188575,0.02923865121473322,observed,-0.006731531379345394,0.09835396868578923,0.453125
raw_reversal_5,2005Q4,63,0.04338036742877808,4,0.0202877618955395,2.1382529848359346,0.0036170847865966,0.08314365007095956,observed,0.05166043611875735,0.1065858900285866,0.6984126984126984
raw_reversal_5,2006Q1,62,0.009933552948494547,4,0.018619905417899093,0.5334910530182146,-0.0265607910661299,0.04642789696311899,observed,0.034576184113187414,0.10179807919820182,0.5645161290322581
raw_reversal_5,2006Q2,63,0.01162323372203638,4,0.025578039186148722,0.4544223909208299,-0.03850880187796931,0.06175526932204207,observed,0.016725742665917826,0.14752180485381924,0.5714285714285714
raw_reversal_5,2006Q3,63,0.03252279884937975,4,0.026188646061784837,1.2418663711232434,-0.018806004235585254,0.08385160193434477,observed,0.03307340153262018,0.14040949808034633,0.5873015873015873
raw_reversal_5,2006Q4,63,0.009276595700772649,4,0.0170837348065241,0.5430074749948713,-0.024206909241447937,0.04276010064299323,observed,0.00013869963011419416,0.09631591763835942,0.5079365079365079
raw_reversal_5,2007Q1,61,-0.007233689143357044,4,0.018464642627418735,-0.3917589573391206,-0.0434237236805008,0.028956345393786713,observed,-0.02384743016300442,0.099056295086453,0.4262295081967213
raw_reversal_5,2007Q2,63,0.012582793809505579,4,0.009810873494967435,1.2825355271332388,-0.0066461648975091984,0.03181175251652035,observed,0.004521751165654981,0.06712749679052744,0.5873015873015873
raw_reversal_5,2007Q3,63,0.025541127300681487,4,0.03875624275882822,0.6590196954750862,-0.050419712682713086,0.10150196728407607,observed,-0.020642101358993394,0.17153635851500695,0.42857142857142855
raw_reversal_5,2007Q4,64,0.017698397607707125,4,0.020127610181419314,0.8793094385365878,-0.021750993442736434,0.057147788658150685,observed,0.0028608259960620427,0.09733239435816647,0.53125
raw_reversal_5,2008Q1,61,-0.0177198105585721,4,0.028773814744986387,-0.6158311199129285,-0.07411545115657298,0.038675830039428774,observed,-0.04444465361053172,0.14858710957931215,0.39344262295081966
raw_reversal_5,2008Q2,64,-0.025692700822483466,4,0.024184232305697367,-1.0623740500719028,-0.07309292513540037,0.021707523490433447,observed,-0.03748943691270398,0.13334454199056991,0.421875
raw_reversal_5,2008Q3,64,0.021186151366086953,4,0.03866858407773184,0.5478905388285853,-0.05460288075942643,0.09697518349160034,observed,-0.0034621470124710976,0.21565385738603096,0.484375
raw_reversal_5,2008Q4,64,0.08435838719855424,4,0.0481573632504908,1.751723547648645,-0.010028310362820494,0.17874508475992895,observed,0.050861737452364955,0.24050450886827007,0.65625
raw_reversal_5,2009Q1,61,0.026220297008798153,4,0.035322266860256996,0.7423163726306602,-0.04301007388961826,0.09545066790721457,observed,-0.01135279383261013,0.19791006399956249,0.45901639344262296
raw_reversal_5,2009Q2,63,0.025368916250735663,4,0.030889376488520623,0.8212828854011824,-0.03517314917166307,0.0859109816731344,observed,0.023401794489344197,0.16686825970331112,0.5714285714285714
raw_reversal_5,2009Q3,64,0.03077300269134722,4,0.034975231251936974,0.8798513001866991,-0.03777719091340899,0.09932319629610344,observed,0.022920855956288323,0.1697368133821979,0.546875
raw_reversal_5,2009Q4,64,-0.021643672712064344,4,0.018778201380051866,-1.1525956226593925,-0.05844827111140634,0.015160925687277654,observed,-0.027042060485492035,0.10930082277171693,0.390625
raw_reversal_5,2010Q1,61,0.030101146222964052,4,0.018860891244687043,1.5959556646848965,-0.006865521332949383,0.0670678137788775,observed,0.0445791150159531,0.10625569819061188,0.6557377049180327
raw_reversal_5,2010Q2,63,0.05730329919318161,4,0.029965577061723,1.9123042107665227,-0.0014281526237550426,0.11603475101011826,observed,0.048899117218701146,0.15911706933859007,0.6666666666666666
raw_reversal_5,2010Q3,64,0.037449172064310296,4,0.027722030113772663,1.3508812994797614,-0.016885008537018943,0.09178335266563953,observed,0.03748083502306392,0.13582717474056227,0.640625
raw_reversal_5,2010Q4,64,-0.0033230797753877545,4,0.018448608405810755,-0.18012631100896936,-0.039481687815659736,0.03283552826488423,observed,0.0011922374582641895,0.10074215551898948,0.515625
raw_reversal_5,2011Q1,62,0.05163915962023071,4,0.021596831313937602,2.39105259792927,0.00931014806472616,0.09396817117573526,observed,0.05450801441687848,0.11266359737813166,0.6774193548387096
raw_reversal_5,2011Q2,63,-0.011614365103375643,4,0.029202429153263987,-0.3977191432404346,-0.06885007450485556,0.04562134429810428,observed,-0.036714195891286515,0.14287726735829193,0.4126984126984127
raw_reversal_5,2011Q3,64,0.01530571491094489,4,0.04333211278176195,0.3532187545996352,-0.06962366551533627,0.10023509533722605,observed,0.005828400694085455,0.20711469638295238,0.515625
raw_reversal_5,2011Q4,63,0.055494589363406385,4,0.034549114330753555,1.6062521554715636,-0.01222043042262723,0.12320960914944,observed,0.026026969741793398,0.18236956313747346,0.5873015873015873
raw_reversal_5,2012Q1,62,-0.008888164352177387,4,0.02013050997758399,-0.4415270334469748,-0.04834323889866622,0.030566910194311445,observed,-0.0011990724015166988,0.09469373203191676,0.5
raw_reversal_5,2012Q2,63,-0.010757922174933364,4,0.030171320528096027,-0.35656119740981873,-0.06989262377601559,0.048376779426148854,observed,-0.0025742284301959258,0.14135990006075366,0.4603174603174603
raw_reversal_5,2012Q3,63,-0.01113801415177308,4,0.01995145415582607,-0.558255757439146,-0.05024214573639417,0.027966117432848006,observed,-0.026559921839447366,0.12677973499103043,0.4444444444444444
raw_reversal_5,2012Q4,62,0.007328595466766781,4,0.012949498833783865,0.5659366096583796,-0.018051955865293026,0.03270914679882659,observed,-6.489797406644985e-06,0.07231893795612224,0.5
raw_reversal_5,2013Q1,60,0.001969579299865445,4,0.015437851116379402,0.12758118244680708,-0.02828805288692965,0.03222721148666054,observed,-0.004398275215405445,0.08245405314811503,0.4666666666666667
raw_reversal_5,2013Q2,64,0.04528013491941447,4,0.017785490880477154,2.545903018573288,0.01042121334631367,0.08013905649251526,observed,0.0207861240939586,0.10015969740000952,0.640625
raw_reversal_5,2013Q3,64,0.030789314853717588,4,0.016692288840465783,1.8445232495065331,-0.001926970093135208,0.06350559980057038,observed,0.023835355684597763,0.08628376697529773,0.6875
raw_reversal_5,2013Q4,64,0.016566667126102712,4,0.011809618401861437,1.4028113832612463,-0.006579759612707178,0.039713093864912605,observed,0.02463978970147162,0.06758304095280876,0.578125
raw_reversal_5,2014Q1,61,-0.013237160222619764,4,0.021576361065834278,-0.6135029063626737,-0.05552605082908721,0.029051730383847677,observed,0.005215437141765991,0.10673418169235865,0.5081967213114754
raw_reversal_5,2014Q2,63,0.03320610376878383,4,0.017502841278614595,1.8971836195164422,-0.0010988347644217689,0.06751104230198943,observed,0.027246688609089017,0.09759731947842012,0.6507936507936508
raw_reversal_5,2014Q3,64,-0.028896198509267522,4,0.017015303307522923,-1.6982476296200806,-0.06224558017803771,0.0044531831595026675,observed,-0.02486941255911082,0.08700900844707916,0.375
raw_reversal_5,2014Q4,64,0.04289272063667082,4,0.04988545814987467,0.8598241296653018,-0.054880980689363645,0.1406664219627053,observed,0.06493597402698106,0.21924941329628392,0.625
raw_reversal_5,2015Q1,61,-0.008240191950430338,4,0.02953180235221002,-0.2790277360031729,-0.06612146095931723,0.04964107705845655,observed,-8.098195842447293e-06,0.13641306822136737,0.4918032786885246
raw_reversal_5,2015Q2,63,0.0013905570400642186,4,0.02277674012838606,0.06105162688892444,-0.04325103329680067,0.0460321473769291,observed,-0.026408682046232316,0.11111856428578779,0.4603174603174603
raw_reversal_5,2015Q3,64,-0.021487001922862015,4,0.028533367840597477,-0.7530482220991157,-0.07741137524806649,0.03443737140234245,observed,-0.03695770238068711,0.14264220180832626,0.40625
raw_reversal_5,2015Q4,64,0.027251050610911768,4,0.02167428022903074,1.2572989886146921,-0.015229758028817039,0.06973185925064057,observed,0.026910642058001685,0.11835144875132309,0.625
raw_reversal_5,2016Q1,61,-0.012377716331733898,4,0.03805044949231278,-0.3252975062550715,-0.08695522693222733,0.06219979426875953,observed,-0.02315999213474885,0.17516106639963006,0.4262295081967213
raw_reversal_5,2016Q2,64,-0.029730076946185756,4,0.025108076610090367,-1.1840842055674592,-0.0789410028230354,0.019480848930663895,observed,-0.03330456809203484,0.13791365121149748,0.40625
raw_reversal_5,2016Q3,64,-0.0123436025352073,4,0.018255134658027566,-0.6761715411274323,-0.04812300899787024,0.02343580392745564,observed,-0.009374659465375069,0.09636049962922957,0.4375
raw_reversal_5,2016Q4,63,0.019955180907734363,4,0.01686212292717443,1.1834322993562847,-0.013093972732414638,0.053004334547883364,observed,-0.00398663686687709,0.10526240208582412,0.49206349206349204
raw_reversal_5,2017Q1,62,0.02523101219379075,4,0.017076567494115343,1.4775224706303223,-0.00823844507424272,0.05870046946182422,observed,0.016915270190729324,0.10123697896899397,0.532258064516129
raw_reversal_5,2017Q2,63,0.04612487701618851,4,0.030357482699257896,1.519390704200782,-0.013374695735654751,0.10562444976803177,observed,0.006124508257781159,0.1403668790887395,0.5396825396825397
raw_reversal_5,2017Q3,63,-0.015767665090302804,4,0.02398886662539028,-0.6572909565312269,-0.06278497970600265,0.031249649525397046,observed,-0.026959956148521116,0.11484597041418218,0.36507936507936506
raw_reversal_5,2017Q4,63,0.01795376287255952,4,0.01718032878876065,1.0450185845281872,-0.015719062795968002,0.05162658854108704,observed,0.02874439503621555,0.11128211098274937,0.6031746031746031
raw_reversal_5,2018Q1,61,-0.007409947287851782,4,0.010518436969261542,-0.7044722813385843,-0.028025704921259047,0.01320581034555548,observed,-0.01859311018348717,0.06027678440768659,0.39344262295081966
raw_reversal_5,2018Q2,64,0.03773293090321134,4,0.017254259390509633,2.186876298148479,0.003915203917900435,0.07155065788852225,observed,0.03090906887074199,0.10858147939855271,0.640625
raw_reversal_5,2018Q3,63,0.037969887183598616,4,0.017804103951195825,2.1326480280996303,0.00307448466224753,0.07286528970494971,observed,0.03390475897228675,0.11107490340340949,0.6507936507936508
raw_reversal_5,2018Q4,63,0.021884711580590667,4,0.033170357923161045,0.6597671219371971,-0.04312799530310781,0.08689741846428914,observed,0.014475436229431806,0.1714141600336727,0.5396825396825397
raw_reversal_5,2019Q1,61,0.03202750509894846,4,0.02162517715049772,1.4810285657341458,-0.010357063275325588,0.07441207347322251,observed,0.015763172448884935,0.11484165686021254,0.5409836065573771
raw_reversal_5,2019Q2,63,-0.03027908348690744,4,0.03030965969346891,-0.9989912058772452,-0.08968492486977184,0.02912675789595696,observed,-0.05794422344582163,0.14797245593375968,0.38095238095238093
raw_reversal_5,2019Q3,64,-0.0074467364842133905,4,0.042339234523775866,-0.17588264332062092,-0.09043011128380896,0.07553663831538218,observed,-0.0007574640282346666,0.1957559824106577,0.5
raw_reversal_5,2019Q4,64,-0.00209346901234382,4,0.02271259128825218,-0.09217217823254903,-0.046609329932896286,0.042422391908208644,observed,0.008547674952856101,0.12146703909140974,0.53125
raw_momentum_60_skip5,2003Q1,61,-0.025661909301024105,4,0.03862642738796159,-0.6643614498249445,-0.10136831583288038,0.050044497230832166,observed,-0.018609382157845702,0.16993466950621874,0.4426229508196721
raw_momentum_60_skip5,2003Q2,63,-0.02332879129878452,4,0.031729822917510316,-0.7352323194312682,-0.08551810145293837,0.03886051885536932,observed,-0.03941435255875428,0.14364072900868766,0.36507936507936506
raw_momentum_60_skip5,2003Q3,64,-0.02333297107890666,4,0.04143779117030663,-0.5630843348529284,-0.10454954937159952,0.057883607213786194,observed,0.018968835830808578,0.1910756771205856,0.53125
raw_momentum_60_skip5,2003Q4,64,-0.019167797175135753,4,0.036090511350597064,-0.531103507759489,-0.08990389960594002,0.05156830525566851,observed,-0.04161781335525343,0.157808583354225,0.4375
raw_momentum_60_skip5,2004Q1,62,-0.04052918404825556,4,0.019085287906000347,-2.123582533722917,-0.07793566097859411,-0.0031227071179170188,observed,-0.05696056753231171,0.08606666130143888,0.3225806451612903
raw_momentum_60_skip5,2004Q2,62,0.051399237728741734,4,0.027024933975846026,1.9019190860810478,-0.0015686595484893304,0.1043671350059728,observed,0.052987063284329734,0.12715851944144566,0.7258064516129032
raw_momentum_60_skip5,2004Q3,64,0.0318099644005338,4,0.03324970040191387,0.9566992789716324,-0.03335825088396435,0.09697817968503195,observed,0.040595524779567585,0.1525953235393062,0.625
raw_momentum_60_skip5,2004Q4,64,0.0024089877051525453,4,0.020872807547654117,0.11541273015873181,-0.03850096334448533,0.043318938754790426,observed,0.007137451686924976,0.0992316715825951,0.53125
raw_momentum_60_skip5,2005Q1,61,0.0596745081472008,4,0.027428099919754926,2.1756705102354026,0.005916420140115203,0.1134325961542864,observed,0.07826093130479661,0.13086518367117672,0.6885245901639344
raw_momentum_60_skip5,2005Q2,64,-0.005612309094581996,4,0.02637990400248899,-0.21274941311585002,-0.05731597085508444,0.046091352665920446,observed,-0.003562245838285576,0.11197340648645868,0.484375
raw_momentum_60_skip5,2005Q3,64,0.04777665440126463,4,0.03525378219201802,1.3552206722398703,-0.02131948901391021,0.11687279781643947,observed,0.05025322076140773,0.15806256824026907,0.59375
raw_momentum_60_skip5,2005Q4,63,-0.02891218607631004,4,0.02438731337155521,-1.1855420741028626,-0.07671044196425034,0.018886069811630248,observed,-0.04975411517144785,0.11082808103893697,0.36507936507936506
raw_momentum_60_skip5,2006Q1,62,0.0411899942343471,4,0.031076257669631346,1.3254489865618277,-0.01971835157241697,0.10209834004111117,observed,0.07240710740804487,0.13390875690242812,0.7096774193548387
raw_momentum_60_skip5,2006Q2,63,-0.007327009740679381,4,0.03371651570733034,-0.21731218623774962,-0.07341016621122587,0.05875614672986711,observed,-0.0010437667912744553,0.14555364899109252,0.49206349206349204
raw_momentum_60_skip5,2006Q3,63,-0.02011644172170608,4,0.03891978714384445,-0.5168692636307929,-0.09639782280960621,0.056164939366194044,observed,-0.02224265001237242,0.19281868470711158,0.4603174603174603
raw_momentum_60_skip5,2006Q4,63,-0.07436497019667175,4,0.022027170560383526,-3.3760564023787603,-0.11753743117634442,-0.03119250921699908,observed,-0.07984178823989274,0.09962114211738418,0.19047619047619047
raw_momentum_60_skip5,2007Q1,61,0.016593964813474957,4,0.020948654899545144,0.7921255514040312,-0.02446464431419207,0.05765257394114198,observed,0.0008552685510124946,0.0868893247351949,0.5081967213114754
raw_momentum_60_skip5,2007Q2,63,0.06060023851197576,4,0.023516377880474892,2.576937605782,0.014508984819410597,0.10669149220454092,observed,0.07236514764069056,0.11060131124516692,0.6666666666666666
raw_momentum_60_skip5,2007Q3,63,0.05484331254319857,4,0.028212296183376954,1.9439506868467145,-0.00045177189739708384,0.11013839698379421,observed,0.0541107630654879,0.12835934957743506,0.6349206349206349
raw_momentum_60_skip5,2007Q4,64,0.12821178869990654,4,0.03171894643959708,4.042120028925375,0.06604379605074129,0.1903797813490718,observed,0.16548033273258117,0.15009916792789038,0.796875
raw_momentum_60_skip5,2008Q1,61,-0.031415778115476696,4,0.045492156133208304,-0.6905757120741052,-0.12057876571563791,0.057747209484684515,observed,0.027657855684244403,0.18954293428212562,0.5245901639344263
raw_momentum_60_skip5,2008Q2,64,0.07274343375538889,4,0.03887322386364114,1.8712992267005462,-0.003446684980310727,0.1489335524910885,observed,0.088060404945965,0.17315787035933827,0.71875
raw_momentum_60_skip5,2008Q3,64,0.016088742081413653,4,0.05281716550275186,0.30461199362497793,-0.08743100006947137,0.11960848423229868,observed,-0.035433286171910425,0.23776956801331808,0.40625
raw_momentum_60_skip5,2008Q4,64,0.0019633393973948095,4,0.06758015767955396,0.02905200971421835,-0.13049133572406887,0.13441801451885851,observed,0.016579222167336944,0.2977799912383801,0.5
raw_momentum_60_skip5,2009Q1,61,-0.023457896923041763,4,0.041600745215010386,-0.5638816516819916,-0.1049938592744891,0.05807806542840559,observed,-0.013232319666151127,0.17790142535995943,0.4426229508196721
raw_momentum_60_skip5,2009Q2,63,-0.08123279034239625,4,0.0511200099940519,-1.5890605332793977,-0.1814261688200656,0.0189605881352731,observed,-0.08461939100927497,0.2249833194508657,0.36507936507936506
raw_momentum_60_skip5,2009Q3,64,-0.04816707578560355,4,0.02431102894035939,-1.9812849511128712,-0.0958158169358189,-0.0005183346353881957,observed,-0.04937268570443497,0.11450303153925456,0.328125
raw_momentum_60_skip5,2009Q4,64,-0.03326529182112854,4,0.03203598853962135,-1.038372572146067,-0.09605467556792431,0.029524091925667226,observed,-0.045172029819868675,0.1413290556281181,0.34375
raw_momentum_60_skip5,2010Q1,61,-0.007300499873585458,4,0.020259000108632328,-0.3603583510755166,-0.04700741044929786,0.03240641070212695,observed,-0.003968087707719099,0.0936642612434167,0.45901639344262296
raw_momentum_60_skip5,2010Q2,63,0.006486901593229424,4,0.02715180050031826,0.23891239157982866,-0.046729649502810985,0.059703452689269826,observed,0.007625521318455746,0.13491921065753723,0.5555555555555556
raw_momentum_60_skip5,2010Q3,64,-0.008664892893231087,4,0.02761093239955375,-0.31382108969891687,-0.06278132597592653,0.04545154018946435,observed,-0.028331351245193113,0.13171185699941076,0.4375
raw_momentum_60_skip5,2010Q4,64,0.01771124636943408,4,0.02990213158078752,0.5923071511334587,-0.04089585458988721,0.07631834732875536,observed,0.009551913299606918,0.12894855974390454,0.53125
raw_momentum_60_skip5,2011Q1,62,0.004941687161879486,4,0.03608582574241352,0.13694261001962516,-0.06578523164563937,0.07566860596939834,observed,0.046657980231887775,0.16816779690091865,0.6774193548387096
raw_momentum_60_skip5,2011Q2,63,0.00048756768725566514,4,0.02496203126709489,0.019532372267251342,-0.04843711457721305,0.04941224995172438,observed,0.01791549176868592,0.11619093457825677,0.5555555555555556
raw_momentum_60_skip5,2011Q3,64,0.0777701509305524,4,0.038114929703437474,2.0404117634654466,0.0030662614385390252,0.15247404042256577,observed,0.08726085867224569,0.2076147499756647,0.6875
raw_momentum_60_skip5,2011Q4,63,-0.05210456533102066,4,0.04304399663215185,-1.2104955256896612,-0.1364692484807017,0.03226011781866035,observed,-0.004458434830470165,0.18748937048472233,0.49206349206349204
raw_momentum_60_skip5,2012Q1,62,-0.04567887445012122,4,0.024187513520749413,-1.8885312213235688,-0.09308552982636567,0.0017277809261232319,observed,-0.06024265536488772,0.10863775863349436,0.27419354838709675
raw_momentum_60_skip5,2012Q2,63,0.06920124408209613,4,0.028219441198388286,2.4522542312442552,0.013892155669409267,0.124510332494783,observed,0.07945274213275696,0.16107625622349253,0.6666666666666666
raw_momentum_60_skip5,2012Q3,63,-0.05103077503444732,4,0.03576184872042595,-1.4269613249971689,-0.121122710547052,0.019061160478157355,observed,-0.03663394006062935,0.15790695870000238,0.3968253968253968
raw_momentum_60_skip5,2012Q4,62,-0.0402994587603973,4,0.014952376469621251,-2.6951875404069527,-0.06960557812413912,-0.010993339396655484,observed,-0.056776827935380136,0.07380603760333751,0.2903225806451613
raw_momentum_60_skip5,2013Q1,60,-0.0036277313680105677,4,0.024856068698701675,-0.14594952291067886,-0.05234473081471922,0.045089268078698085,observed,0.02180319031162506,0.11230107509276345,0.5833333333333334
raw_momentum_60_skip5,2013Q2,64,0.00967333388270428,4,0.02961683744492036,0.3266160305162283,-0.048374600845316904,0.06772126861072547,observed,0.013941243888564468,0.13060752217844532,0.53125
raw_momentum_60_skip5,2013Q3,64,0.03162754195146892,4,0.024290231613808926,1.302068356297136,-0.01598043718773281,0.07923552109067064,observed,0.04319876006944017,0.10593851368615476,0.65625
raw_momentum_60_skip5,2013Q4,64,-0.038734356161396324,4,0.018193779344296432,-2.1289890037904167,-0.07439350841888609,-0.0030752039039065593,observed,-0.047932064068435795,0.09827259991552559,0.375
raw_momentum_60_skip5,2014Q1,61,-0.05171211301769793,4,0.027489306365044795,-1.8811719848797162,-0.1055901634531734,0.0021659374177775345,observed,-0.05455574457586496,0.11972131114908909,0.32786885245901637
raw_momentum_60_skip5,2014Q2,63,-0.023135325765225586,4,0.021753977842355308,-1.0634986361060264,-0.06577233885672434,0.01950168732627317,observed,-0.021020805069721715,0.1195177469262896,0.4126984126984127
raw_momentum_60_skip5,2014Q3,64,0.030259056302335517,4,0.018271035712569134,1.6561215674007743,-0.0055515156545451055,0.06606962825921614,observed,0.036596168850658764,0.08007403203022515,0.640625
raw_momentum_60_skip5,2014Q4,64,0.07109230689587533,4,0.04484946585530217,1.5851316295547517,-0.016811030906375812,0.15899564469812646,observed,0.06260813688091638,0.19701378793239377,0.65625
raw_momentum_60_skip5,2015Q1,61,0.006610981937143608,4,0.037614082745517204,0.17575815903503578,-0.06711126555557959,0.08033322942986681,observed,0.0359125530272444,0.16679248218312812,0.5409836065573771
raw_momentum_60_skip5,2015Q2,63,0.029642258585987964,4,0.01788971257952895,1.6569443725947477,-0.005420933763661928,0.06470545093563786,observed,0.04041380179467085,0.07860806866896135,0.6190476190476191
raw_momentum_60_skip5,2015Q3,64,0.06849511139299347,4,0.042881746824223084,1.597302266480942,-0.015551567976648611,0.15254179076263555,observed,0.08684123446623163,0.19370830658526136,0.6875
raw_momentum_60_skip5,2015Q4,64,0.008556100391005192,4,0.029577673335618674,0.28927564024116725,-0.049415074093298095,0.06652727487530848,observed,0.027250060097832884,0.1469953242061493,0.5625
raw_momentum_60_skip5,2016Q1,61,-0.051624266518339144,4,0.0436167543815656,-1.1835879870089068,-0.13711153422873731,0.03386300119205903,observed,-0.0012778146914037571,0.20294276156967134,0.4918032786885246
raw_momentum_60_skip5,2016Q2,64,-0.034467762450656414,4,0.017048459026808026,-2.021752370490331,-0.06788212813510693,-0.0010533967662059024,observed,-0.03493311353175266,0.08910996465710214,0.40625
raw_momentum_60_skip5,2016Q3,64,-0.032263980734716716,4,0.027416253293270212,-1.1768194723615448,-0.08599884978055397,0.021470888311120546,observed,-0.037003690893556734,0.11839112566760794,0.375
raw_momentum_60_skip5,2016Q4,63,-0.02280985769700875,4,0.034604435923615125,-0.6591599339275056,-0.09063330581261843,0.04501359041860094,observed,-0.03197124473707566,0.15344457586666396,0.4444444444444444
raw_momentum_60_skip5,2017Q1,62,-0.0030725810733013255,4,0.028842131326575517,-0.10653099933950474,-0.05960211971076379,0.053456957564161134,observed,-0.01989301876132275,0.12795208405225134,0.46774193548387094
raw_momentum_60_skip5,2017Q2,63,0.045731373850841806,4,0.04213148354208198,1.0854441858227983,-0.0368448165068809,0.1283075642085645,observed,0.10437469274503008,0.19731823379954364,0.6825396825396826
raw_momentum_60_skip5,2017Q3,63,-0.006300298621149497,4,0.02210025202149692,-0.2850781346303741,-0.04961599663254198,0.03701539939024299,observed,0.023768767744284724,0.1116002743606417,0.5873015873015873
raw_momentum_60_skip5,2017Q4,63,0.01734227569299217,4,0.023128129801279918,0.7498347614787446,-0.027988025747283988,0.06267257713326833,observed,0.03353511315906956,0.10434905440147593,0.5555555555555556
raw_momentum_60_skip5,2018Q1,61,0.008220639156783616,4,0.023687213994717824,0.34704964284177925,-0.03820544716695646,0.05464672548052369,observed,0.032880747653381295,0.10583848695107234,0.6065573770491803
raw_momentum_60_skip5,2018Q2,64,0.03583976066087814,4,0.018611138545946804,1.925715644553269,-0.0006374006004627453,0.07231692192221903,observed,0.034657885045897834,0.09222170300631424,0.65625
raw_momentum_60_skip5,2018Q3,63,0.033523625112697915,4,0.03521931992383518,0.9518532778371543,-0.035504973498012994,0.10255222372340883,observed,0.04695846412475036,0.15706534084597773,0.6190476190476191
raw_momentum_60_skip5,2018Q4,63,-0.021976755764407472,4,0.04176873056198335,-0.5261533081977372,-0.10384196334585229,0.05988845181703735,observed,-0.03899920915217526,0.17753541301485984,0.4444444444444444
raw_momentum_60_skip5,2019Q1,61,-0.01910541343658911,4,0.025511342686565457,-0.7488987808803268,-0.06910672629951671,0.030895899426338486,observed,-0.0012117078077623314,0.12023563857264151,0.47540983606557374
raw_momentum_60_skip5,2019Q2,63,0.019361826111648075,4,0.02729560084516258,0.7093387033859504,-0.03413656848125164,0.07286022070454778,observed,0.011567341387589431,0.12661320100003717,0.5555555555555556
raw_momentum_60_skip5,2019Q3,64,0.04075535993569761,4,0.05239628025059206,0.7778292607944642,-0.06193946227933014,0.14345018215072536,observed,0.10391587040310539,0.21139717035536218,0.640625
raw_momentum_60_skip5,2019Q4,64,-0.07647759114061098,4,0.02106589931751352,-3.6303976387578163,-0.11776599510488439,-0.03518918717633757,observed,-0.09411262398280065,0.1060467255941974,0.265625
raw_volatility_20,2003Q1,61,-0.0071706384285806345,4,0.048037870445679344,-0.1492705309801172,-0.10132313439611322,0.08698185753895195,observed,-0.030760916898471956,0.22202912738643407,0.45901639344262296
raw_volatility_20,2003Q2,63,0.09309525700274117,4,0.042691671028059354,2.1806421430904814,0.009421119347912774,0.17676939465756958,observed,0.10523305069911586,0.20927772851815102,0.6984126984126984
raw_volatility_20,2003Q3,64,0.045300091898744475,4,0.06185843434803246,0.7323187593768341,-0.07594021156343456,0.16654039536092352,observed,0.07568586630301657,0.27522383325125716,0.59375
raw_volatility_20,2003Q4,64,0.0069708715858692,4,0.0575336347321658,0.12116167557152335,-0.10579298038885852,0.11973472356059693,observed,0.025507478983193933,0.264921130785831,0.546875
raw_volatility_20,2004Q1,62,-0.023501440236102695,4,0.06003588684512423,-0.39145653493434396,-0.1411696162324682,0.09416673576026281,observed,-0.018565196202499155,0.26137453358023105,0.46774193548387094
raw_volatility_20,2004Q2,62,-0.05746076776955599,4,0.04997668455029687,-1.1497514948541072,-0.1554132695548572,0.04049173401574522,observed,-0.07623557630861934,0.21950159729981314,0.3548387096774194
raw_volatility_20,2004Q3,64,-0.021654645845206093,4,0.054638675117771734,-0.39632450454792817,-0.1287444812390235,0.08543518954861129,observed,-0.03674388179820514,0.2412142611287689,0.4375
raw_volatility_20,2004Q4,64,0.005316041251897167,4,0.03271028562441621,0.16251894932794686,-0.05879494049597689,0.06942702299977122,observed,0.036444271662113746,0.16080309504258403,0.578125
raw_volatility_20,2005Q1,61,-0.008420712919981959,4,0.024730204854528294,-0.34050316079124837,-0.05689102376515502,0.04004959792519111,observed,-0.01875847257879965,0.12760745434630685,0.4262295081967213
raw_volatility_20,2005Q2,64,0.03036119218283461,4,0.04147974614288713,0.7319522177943919,-0.050937616345088386,0.1116600007107576,observed,0.04260546221750226,0.18636137695011984,0.609375
raw_volatility_20,2005Q3,64,0.029131350551047104,4,0.024781661216256922,1.175520490609272,-0.019439812909889533,0.07770251401198375,observed,0.018119783357847166,0.12135693520457042,0.578125
raw_volatility_20,2005Q4,63,0.01958268014047415,4,0.03846090875484946,0.5091580197778091,-0.05579931583171205,0.09496467611266035,observed,0.027740045101426792,0.1790228738882346,0.5396825396825397
raw_volatility_20,2006Q1,62,0.05078261195234886,4,0.042460056923400435,1.1960090407783162,-0.03243757039903657,0.1340027943037343,observed,0.08215517967938753,0.1858833572107366,0.7096774193548387
raw_volatility_20,2006Q2,63,-0.0483209317813553,4,0.06256460886630981,-0.7723365119185691,-0.17094531186615786,0.07430344830344728,observed,-0.0071683019340266696,0.2707414799825654,0.4603174603174603
raw_volatility_20,2006Q3,63,-0.0596054836903202,4,0.04456828788265681,-1.3373967572470946,-0.14695772279294045,0.027746755412300046,observed,-0.05852334333074574,0.21786695594934744,0.38095238095238093
raw_volatility_20,2006Q4,63,-0.0034064230331011373,4,0.04033255176390106,-0.0844584060299898,-0.08245677189494464,0.07564392582874237,observed,-0.0031430074433521672,0.17593023715763917,0.49206349206349204
raw_volatility_20,2007Q1,61,0.02096306408423288,4,0.028865243213578112,0.7262389555883572,-0.03561177301936943,0.07753790118783518,observed,0.05594170094293851,0.13638058316479199,0.5901639344262295
raw_volatility_20,2007Q2,63,0.0077436918662262474,4,0.02392411327004459,0.3236772781845224,-0.03914670850511793,0.054634092237570424,observed,0.0022264399241070485,0.1243519010733012,0.5238095238095238
raw_volatility_20,2007Q3,63,-0.022257974352815794,4,0.035368428493374675,-0.629317594842678,-0.0915788203896104,0.047062871683978824,observed,-0.04615837593650549,0.16643602443142594,0.4126984126984127
raw_volatility_20,2007Q4,64,-0.08457107332077085,4,0.039487577255951416,-2.141713399447028,-0.1619653025791786,-0.0071768440623631025,observed,-0.08776308880886163,0.1825983580009525,0.328125
raw_volatility_20,2008Q1,61,-0.020433039299334876,4,0.046573246220237535,-0.43872911934697995,-0.11171492453411665,0.0708488459354469,observed,-0.059935825304423415,0.2203759974466762,0.39344262295081966
raw_volatility_20,2008Q2,64,-0.01958308851562047,4,0.03510738823271067,-0.5578053367517177,-0.08839230504299869,0.04922612801175775,observed,-0.013751892940316595,0.16167278312279515,0.46875
raw_volatility_20,2008Q3,64,-0.06465342919949307,4,0.046815511706367226,-1.3810257934380277,-0.15641014606178613,0.027103287662799985,observed,-0.05672681968024508,0.22483729518322632,0.421875
raw_volatility_20,2008Q4,64,-0.0013727603188069103,4,0.07168501166726479,-0.019149893218665486,-0.14187280141797945,0.13912728078036565,observed,-0.01636696820394051,0.3349934104992585,0.453125
raw_volatility_20,2009Q1,61,-0.010841560254805918,4,0.07364942714340113,-0.14720495019868332,-0.1551917849378788,0.13350866442826695,observed,0.011888984931081651,0.3249766386999832,0.5081967213114754
raw_volatility_20,2009Q2,63,0.0092057089624661,4,0.07277101115240489,0.12650241925574612,-0.13342285201481008,0.1518342699397423,observed,0.09352603208952026,0.3309593225445623,0.5555555555555556
raw_volatility_20,2009Q3,64,0.07415464147266643,4,0.06279608054319656,1.1808800936494193,-0.04892341476227527,0.19723269770760812,observed,0.11956099694889902,0.2720470768344894,0.625
raw_volatility_20,2009Q4,64,0.006865337551442707,4,0.05818040138699559,0.11800086262342697,-0.10716615377315285,0.12089682887603827,observed,0.01491804038322804,0.24969799891029945,0.546875
raw_volatility_20,2010Q1,61,-0.000127958669686219,4,0.050541726038708594,-0.0025317431697567823,-0.09918792142204531,0.09893200408267287,observed,-0.01529454534324782,0.22362815884760182,0.4426229508196721
raw_volatility_20,2010Q2,63,-0.0853428308753989,4,0.06715558203708315,-1.2708225926516845,-0.21696535302890688,0.046279691278109075,observed,-0.08397351646925182,0.31685067111842663,0.4444444444444444
raw_volatility_20,2010Q3,64,0.04926866321868199,4,0.05173361807260407,0.9523529390412496,-0.05212736499357243,0.15066469143093641,observed,0.0589742462987014,0.23730570117326533,0.625
raw_volatility_20,2010Q4,64,0.09070485639887377,4,0.03563571381790532,2.5453357511614856,0.020860140752403,0.16054957204534454,observed,0.14143391967815427,0.1686093149352458,0.734375
raw_volatility_20,2011Q1,62,0.018833369388519424,4,0.04756158930977005,0.39597855458229386,-0.07438563270611512,0.11205237148315397,observed,0.08054264831393901,0.21138100246503774,0.6129032258064516
raw_volatility_20,2011Q2,63,-0.03187851356557622,4,0.06334596835598093,-0.5032445535670204,-0.15603433010911277,0.09227730297796033,observed,-0.0608661847204481,0.2632816526406262,0.4444444444444444
raw_volatility_20,2011Q3,64,-0.10286750432685918,4,0.061162708170461995,-1.6818664085338548,-0.2227442095378984,0.017009200884180037,observed,-0.14752945787770855,0.31673327378020005,0.375
raw_volatility_20,2011Q4,63,0.021087986820264453,4,0.07941600513168584,0.26553824742628174,-0.1345645230338879,0.1767404966744168,observed,0.025334848077042598,0.34409755107447665,0.5396825396825397
raw_volatility_20,2012Q1,62,0.013607812079828028,4,0.05451537569291408,0.2496142034585075,-0.09324036088195385,0.12045598504160991,observed,0.03154301553446863,0.2262415038316693,0.5483870967741935
raw_volatility_20,2012Q2,63,-0.09084836986801105,4,0.04290299138677959,-2.117529965428137,-0.1749366878151312,-0.006760051920890908,observed,-0.12326789948794939,0.2279862811212261,0.3492063492063492
raw_volatility_20,2012Q3,63,0.01768785486554279,4,0.05739110796481605,0.3081985257435077,-0.09479664977834651,0.1301723595094321,observed,0.02054106618558702,0.24252447639939254,0.5396825396825397
raw_volatility_20,2012Q4,62,0.03147547270850381,4,0.025039442399566663,1.2570356881848346,-0.017600932587612042,0.08055187800461966,observed,0.03147499736078316,0.12708492575202224,0.5967741935483871
raw_volatility_20,2013Q1,60,-0.052905955635751616,4,0.038098961092522816,-1.388645624936339,-0.12757854722548911,0.02176663595398589,observed,-0.019511045199949666,0.15424415447579415,0.43333333333333335
raw_volatility_20,2013Q2,64,0.02117291093643005,4,0.03375245936520758,0.6272997978409636,-0.04498069380902846,0.08732651568188855,observed,0.01610828425626816,0.16498561601673095,0.546875
raw_volatility_20,2013Q3,64,0.06255934789718712,4,0.019629411642208494,3.1870210395235565,0.02408640804074723,0.101032287753627,observed,0.05143491673119077,0.09862935285002435,0.71875
raw_volatility_20,2013Q4,64,-0.013951417004267311,4,0.029451505428919465,-0.4737081110484738,-0.07167530693543535,0.04377247292690072,observed,0.009272161114442611,0.1415598497803866,0.5
raw_volatility_20,2014Q1,61,-0.02940122868960785,4,0.03488955266083994,-0.8426943439320106,-0.09778349534156774,0.03898103796235205,observed,-0.020921525350798175,0.15957281741779336,0.47540983606557374
raw_volatility_20,2014Q2,63,-0.008674001228628514,4,0.042138030340144565,-0.20584733454816617,-0.09126302307476795,0.07391502061751092,observed,0.03832791830344825,0.21107247891114062,0.5873015873015873
raw_volatility_20,2014Q3,64,-0.05577358537618028,4,0.032615319689737035,-1.710042578357139,-0.11969843731232496,0.008151266559964399,observed,-0.02788891968669721,0.14581053164521865,0.40625
raw_volatility_20,2014Q4,64,-0.052701848059952795,4,0.04219261821020434,-1.249077452301995,-0.13539786016540215,0.029994164045496548,observed,-0.09471943657604259,0.19821204143369317,0.359375
raw_volatility_20,2015Q1,61,0.006384823918367807,4,0.027088321054983645,0.23570393696264694,-0.046707309751058176,0.0594769575877938,observed,0.008705018655091087,0.1165492605457365,0.5081967213114754
raw_volatility_20,2015Q2,63,-0.018021556970076527,4,0.03352038629899297,-0.5376297519166101,-0.08372030686397262,0.04767719292381957,observed,-0.009105701475924592,0.14140031765382766,0.4603174603174603
raw_volatility_20,2015Q3,64,-0.07449863855436453,4,0.04233487790983549,-1.7597461533497551,-0.1574734745475424,0.008476197438813352,observed,-0.0911294737790021,0.18980218219433373,0.296875
raw_volatility_20,2015Q4,64,-0.05350429238676921,4,0.04195477787915909,-1.2752848445742173,-0.13573414600929878,0.028725561235760366,observed,-0.05881489837662504,0.1924520033404988,0.40625
raw_volatility_20,2016Q1,61,-0.039465394961908984,4,0.06273032518495816,-0.6291278555554535,-0.1624145730629129,0.08348378313909492,observed,-0.06234382348128431,0.2752974014828401,0.4426229508196721
raw_volatility_20,2016Q2,64,0.004068719903921065,4,0.05984504469055406,0.06798758234636713,-0.11322541234275488,0.121362852150597,observed,0.060008529539998315,0.24523377902064836,0.546875
raw_volatility_20,2016Q3,64,0.09678132039411153,4,0.03343946251616566,2.8942247605602054,0.031241178200049693,0.16232146258817337,observed,0.07785894189628975,0.157016937405102,0.75
raw_volatility_20,2016Q4,63,-0.046205328244144465,4,0.03250766414018722,-1.4213672211232078,-0.10991917918043564,0.017508522692146707,observed,-0.035010673519068385,0.14709452772999573,0.38095238095238093
raw_volatility_20,2017Q1,62,-0.04716940963005271,4,0.03564787673992993,-1.3232039028348992,-0.1170379641656385,0.022699144905533077,observed,-0.07861896830049767,0.17131082494250455,0.3387096774193548
raw_volatility_20,2017Q2,63,-0.0375259207133771,4,0.030576573969877754,-1.2272768280169464,-0.0974549044649624,0.0224030630382082,observed,-0.04920106311079006,0.14528757808320317,0.42857142857142855
raw_volatility_20,2017Q3,63,0.0433010317546184,4,0.041492488047329384,1.043587256209511,-0.038022750447105874,0.12462481395634267,observed,0.05908435696887859,0.1690665828134638,0.6666666666666666
raw_volatility_20,2017Q4,63,-0.0017157081007386332,4,0.03104970660467403,-0.05525682166930238,-0.06257201477643518,0.05914059857495791,observed,-0.015589040879078189,0.1345440247545177,0.42857142857142855
raw_volatility_20,2018Q1,61,-0.023537251136613473,4,0.030815285230028445,-0.7638174029840628,-0.08393410036079829,0.03685959808757135,observed,0.008383359136057153,0.14126358755705856,0.5081967213114754
raw_volatility_20,2018Q2,64,0.07600602879754755,4,0.026279866894535316,2.8921770837946053,0.024498436165751848,0.12751362142934325,observed,0.08496354640574981,0.1266884820593706,0.71875
raw_volatility_20,2018Q3,63,-0.020365848245208814,4,0.03378118237493661,-0.602875530500049,-0.08657574905526381,0.04584405256484618,observed,-0.028329611689053413,0.156124723164737,0.4126984126984127
raw_volatility_20,2018Q4,63,-0.04215244818773162,4,0.059845728268489704,-0.7043518294007619,-0.15944792022254206,0.07514302384707881,observed,-0.09654802329196908,0.269096124167091,0.3968253968253968
raw_volatility_20,2019Q1,61,0.04847841653896681,4,0.0359988702808469,1.346664941448444,-0.02207807269562241,0.11903490577355604,observed,0.05483679073959766,0.16911439015115287,0.6229508196721312
raw_volatility_20,2019Q2,63,-0.03411967783420561,4,0.0308360497088827,-1.1064866659745012,-0.09455722468910252,0.026317869020691304,observed,-0.05131957399392047,0.1535444455217657,0.3492063492063492
raw_volatility_20,2019Q3,64,-0.06932896538453914,4,0.04275255354539747,-1.6216333209411946,-0.15312243058063837,0.014464499811560089,observed,-0.07463502509657645,0.1824294426467945,0.34375
raw_volatility_20,2019Q4,64,0.06865931887559187,4,0.02029761390360234,3.382630056994359,0.02887672665243183,0.10844191109875193,observed,0.06733194009472235,0.10380690809931453,0.75
raw_turnover_20,2003Q1,61,0.033201410325506386,4,0.023748293860613025,1.3980545516396665,-0.01334439033556882,0.0797472109865816,observed,0.04106575508559334,0.12261921327877985,0.5901639344262295
raw_turnover_20,2003Q2,63,0.07389229123640653,4,0.03722168486602677,1.9851946923512322,0.0009391294550944729,0.1468454530177186,observed,0.06678362576899338,0.18003427000129912,0.6666666666666666
raw_turnover_20,2003Q3,64,0.06652457912759781,4,0.055802421934485945,1.1921450148830468,-0.04284615811410257,0.17589531636929817,observed,0.07861185775447596,0.2472857439107832,0.625
raw_turnover_20,2003Q4,64,0.0038394133095824377,4,0.05579184518249523,0.06881674726877575,-0.10551059387914272,0.1131894204983076,observed,0.003273978717149532,0.25378723721928154,0.53125
raw_turnover_20,2004Q1,62,0.0009987644345625787,4,0.05244362051332626,0.019044536299868662,-0.10178884299044287,0.10378637185956803,observed,0.027126567605088258,0.2339258819858845,0.532258064516129
raw_turnover_20,2004Q2,62,-0.0601729154077691,4,0.04728318894199943,-1.2726069614632176,-0.15284626280829053,0.03250043199275233,observed,-0.07626934844073907,0.20676023710311062,0.3548387096774194
raw_turnover_20,2004Q3,64,-0.005361051834454053,4,0.05061141586670509,-0.10592574308874139,-0.10455760413977508,0.09383550047086697,observed,-0.03816763892878859,0.22092474681883012,0.46875
raw_turnover_20,2004Q4,64,0.018511206011741242,4,0.0355668474931649,0.5204623776481357,-0.05119853411849067,0.08822094614197315,observed,0.03868260129920514,0.17220272743414589,0.59375
raw_turnover_20,2005Q1,61,0.004405993815752278,4,0.02573668049391519,0.17119510873960483,-0.04603697303393603,0.05484896066544058,observed,-0.002404108417434827,0.1340889398278563,0.4918032786885246
raw_turnover_20,2005Q2,64,0.036631802608977894,4,0.043753045391927,0.8372400659392027,-0.0491225905731452,0.122386195791101,observed,0.05322949664557766,0.18944050232894277,0.640625
raw_turnover_20,2005Q3,64,0.013182162195524176,4,0.023366563981437313,0.5641463676900141,-0.03261546165054381,0.05897978604159217,observed,0.008868806145573284,0.11618591422439806,0.546875
raw_turnover_20,2005Q4,63,0.02668632914967232,4,0.03584827492754001,0.7444243608266591,-0.043574998616196306,0.09694765691554096,observed,0.02029031448185147,0.17129635274554236,0.5079365079365079
raw_turnover_20,2006Q1,62,0.03773166046445526,4,0.0457442386828294,0.8248396202649724,-0.05192539985409431,0.12738872078300484,observed,0.07574214803296907,0.19439316511981902,0.6774193548387096
raw_turnover_20,2006Q2,63,-0.06826060015195341,4,0.05033990093409187,-1.3559939309639173,-0.16692499296808772,0.03040379266418089,observed,-0.031250226035186,0.21969883489409978,0.4444444444444444
raw_turnover_20,2006Q3,63,-0.05591870656902798,4,0.04008511147809976,-1.394999402697902,-0.13448408138237664,0.022646668244320677,observed,-0.06775769040071614,0.1906192455763283,0.3492063492063492
raw_turnover_20,2006Q4,63,0.009206569615480572,4,0.04081577977338859,0.2255639771332544,-0.07079088874127948,0.08920402797224061,observed,0.026708342579803368,0.17502098141482444,0.5555555555555556
raw_turnover_20,2007Q1,61,0.015660235437067464,4,0.02392394185042754,0.6545842459815041,-0.03122982895800105,0.06255029983213597,observed,0.027795636527642224,0.11585345282675724,0.6065573770491803
raw_turnover_20,2007Q2,63,0.010566856722868292,4,0.02020361659266001,0.5230180781943388,-0.02903150415620117,0.050165217601937755,observed,0.015745060901245483,0.10452498443263626,0.5555555555555556
raw_turnover_20,2007Q3,63,-0.0173525582531484,4,0.023482652597819124,-0.738952219339989,-0.06337771160633981,0.02867259510004302,observed,-0.02283940361218704,0.11815545187120412,0.4603174603174603
raw_turnover_20,2007Q4,64,-0.07807801017288633,4,0.03002056554384253,-2.6008174315990122,-0.13691723743434178,-0.019238782911430878,observed,-0.07660534976324801,0.1414391001113246,0.34375
raw_turnover_20,2008Q1,61,-0.004997044229927482,4,0.03673073183239716,-0.13604532174118023,-0.07698795574722482,0.06699386728736985,observed,-0.013783117184797477,0.1769004332041472,0.4426229508196721
raw_turnover_20,2008Q2,64,0.006785481886154904,4,0.02645714628655812,0.25647066439672495,-0.04506957196920664,0.058640535741516446,observed,0.027962778485380882,0.12676249937433387,0.5625
raw_turnover_20,2008Q3,64,-0.06191553510876298,4,0.035120051780920494,-1.762968218127729,-0.13074957173454893,0.0069185015170229736,observed,-0.05522960317563663,0.16674566550704611,0.375
raw_turnover_20,2008Q4,64,-0.02386934985715502,4,0.05229270751169617,-0.45645656905059323,-0.12636117323416665,0.07862247351985663,observed,-0.048034630050351405,0.237798084723329,0.46875
raw_turnover_20,2009Q1,61,0.006862074556185935,4,0.03913607434943888,0.17533885731398915,-0.0698432216649961,0.08356737077736798,observed,0.027658496496279387,0.18107711127106738,0.5245901639344263
raw_turnover_20,2009Q2,63,0.009751524753142848,4,0.049038130460912474,0.19885596497027216,-0.08636144481942216,0.10586449432570787,observed,0.026838129931293753,0.22333330519353453,0.5714285714285714
raw_turnover_20,2009Q3,64,0.05560209974741796,4,0.04084629954932721,1.3612518235653441,-0.02445517627099801,0.13565937576583392,observed,0.06372674982277717,0.17949577624447535,0.625
raw_turnover_20,2009Q4,64,0.0033706876628037796,4,0.043632640203520964,0.07725151737509985,-0.08214771568649172,0.08888909101209928,observed,0.007935382567032518,0.1858375450850263,0.53125
raw_turnover_20,2010Q1,61,0.016692491485289264,4,0.03829305015283786,0.4359143870405998,-0.05836050767245896,0.0917454906430375,observed,-0.005862464544143839,0.1705945549820017,0.4918032786885246
raw_turnover_20,2010Q2,63,-0.059621398011073974,4,0.04314098193774249,-1.382013003253256,-0.14417616886674225,0.0249333728445943,observed,-0.08467401543380708,0.2035076802784561,0.4126984126984127
raw_turnover_20,2010Q3,64,0.021364938881474324,4,0.03092815225771947,0.6907926055020558,-0.039253125652027,0.08198300341497565,observed,0.04304540272274393,0.15138147192796406,0.5625
raw_turnover_20,2010Q4,64,0.06265770782727763,4,0.030580819296944336,2.0489218166087015,0.002720403387539233,0.12259501226701602,observed,0.10672047289684697,0.1452304384356202,0.734375
raw_turnover_20,2011Q1,62,0.00846067557097712,4,0.040336073236039514,0.20975456687285235,-0.0705965752494303,0.08751792639138456,observed,0.0503211878788443,0.17786052356936266,0.5967741935483871
raw_turnover_20,2011Q2,63,-0.03459168492722195,4,0.04395327012299988,-0.7870104961569356,-0.1207385113710621,0.051555141516618205,observed,-0.037406961041475936,0.18581455802513636,0.42857142857142855
raw_turnover_20,2011Q3,64,-0.07928828237752454,4,0.040500256240480724,-1.9577229809789327,-0.15866732597351033,9.076121846124385e-05,observed,-0.09195576676409906,0.1997372401922245,0.34375
raw_turnover_20,2011Q4,63,-0.01101412925758271,4,0.05258367609930032,-0.20945909595181886,-0.11407624058693097,0.09204798207176557,observed,-0.0023797478464388884,0.2266228884385243,0.49206349206349204
raw_turnover_20,2012Q1,62,0.009040110679930102,4,0.04075475983689863,0.22181729731959673,-0.0708377507989707,0.0889179721588309,observed,0.011299798651006693,0.17063653099447346,0.5483870967741935
raw_turnover_20,2012Q2,63,-0.07476589713462618,4,0.033107978500265665,-2.2582441007090255,-0.13965634259607332,-0.009875451673179048,observed,-0.07441597280217538,0.17112584802670977,0.36507936507936506
raw_turnover_20,2012Q3,63,0.011559387882423068,4,0.043637090436351014,0.26489822687155484,-0.07396773776294215,0.09708651352778828,observed,0.010108849642946779,0.181029299650658,0.5396825396825397
raw_turnover_20,2012Q4,62,0.025404186427335468,4,0.019263587091805406,1.3187671800825833,-0.01235175048565381,0.06316012334032475,observed,0.018339571046498446,0.10122948395656023,0.5645161290322581
raw_turnover_20,2013Q1,60,-0.0429030747217197,4,0.03301614636337042,-1.299457370025421,-0.1076135325022288,0.021807383058789404,observed,-0.010028918837890933,0.1370279217042372,0.45
raw_turnover_20,2013Q2,64,0.02686530520490038,4,0.026381212132730293,1.0183499177268465,-0.0248409204437621,0.07857153085356286,observed,0.012459642129528499,0.1271745527693701,0.578125
raw_turnover_20,2013Q3,64,0.045597178318937934,4,0.016756246228935918,2.7212048388377927,0.012755539194138438,0.07843881744373743,observed,0.04572691129966183,0.08513961343678479,0.703125
raw_turnover_20,2013Q4,64,-0.023470032905866262,4,0.023495331090365612,-0.9989232675886945,-0.06952003564782706,0.022579969836094536,observed,-0.014306337787152887,0.11726093623797106,0.4375
raw_turnover_20,2014Q1,61,-0.024004165675548493,4,0.025207207854521962,-0.9522738819024871,-0.0734093852212267,0.025401053870129718,observed,-0.010779390162527385,0.11710513306938476,0.4098360655737705
raw_turnover_20,2014Q2,63,0.0013060424990797522,4,0.03618672232139564,0.03609176005165701,-0.06961862996940735,0.07223071496756686,observed,0.03138709605230873,0.17300640854579677,0.5714285714285714
raw_turnover_20,2014Q3,64,-0.05678965831522552,4,0.03308434077616648,-1.7165117086490667,-0.12163377468876176,0.008054458058310718,observed,-0.03723381866223455,0.14488605790652503,0.4375
raw_turnover_20,2014Q4,64,-0.03246506646584508,4,0.033603006566601396,-0.9661357653071635,-0.09832574910864675,0.0333956161769566,observed,-0.05476443550628559,0.1604141287267708,0.40625
raw_turnover_20,2015Q1,61,0.007635628654575931,4,0.020382853802414738,0.37461038226508525,-0.03231403070030225,0.047585288009454114,observed,-0.0008057021078311291,0.0920592058975441,0.4918032786885246
raw_turnover_20,2015Q2,63,-0.02287090268781756,4,0.026298265397807857,-0.8696734306181276,-0.07441455572339688,0.02867275034776176,observed,-0.035238807149360445,0.11320298788267047,0.42857142857142855
raw_turnover_20,2015Q3,64,-0.06429296380535804,4,0.03489432133507378,-1.8425050651646984,-0.13268457688707025,0.004098649276354185,observed,-0.07692393052929533,0.1525501244136108,0.265625
raw_turnover_20,2015Q4,64,-0.05355126754577237,4,0.03458766173162857,-1.5482766068803835,-0.12134183884921865,0.014239303757673905,observed,-0.07380442166950799,0.1588058296234265,0.328125
raw_turnover_20,2016Q1,61,-0.013120131099081979,4,0.045202819903579744,-0.2902502792318706,-0.10171603010974858,0.07547576791158464,observed,-0.014156916093397332,0.1957245598866753,0.45901639344262296
raw_turnover_20,2016Q2,64,-0.005471766901143471,4,0.038987025354648444,-0.14034840697306672,-0.08188493246060434,0.0709413986583174,observed,0.031542186868215444,0.1625535476900699,0.515625
raw_turnover_20,2016Q3,64,0.05903609456156193,4,0.020102937743561426,2.936689916401399,0.01963506060073064,0.09843712852239322,observed,0.0543872838937315,0.1034449782358791,0.734375
raw_turnover_20,2016Q4,63,-0.02893850818073547,4,0.03165266001477281,-0.9142520144351028,-0.09097658182458122,0.033099565463110284,observed,-0.03184784700743624,0.14222354440867815,0.4126984126984127
raw_turnover_20,2017Q1,62,-0.050448038545825455,4,0.03151800236744267,-1.6006102784590515,-0.11222218805066125,0.011326110959010337,observed,-0.06876379282545612,0.14052934773026543,0.3064516129032258
raw_turnover_20,2017Q2,63,-0.03368082808536707,4,0.027336173259150765,-1.2320974031759342,-0.08725874314844947,0.01989708697771534,observed,-0.02529753148111364,0.12534358088277225,0.4603174603174603
raw_turnover_20,2017Q3,63,0.010060255886683415,4,0.032153264055227004,0.3128844359130614,-0.0529589836469678,0.07307949542033462,observed,0.019201998055758136,0.1365321949285616,0.5396825396825397
raw_turnover_20,2017Q4,63,0.011180021517374902,4,0.028611669311613,0.39075041010756817,-0.04489781987095649,0.0672578629057063,observed,0.008699810314064492,0.12193818473450803,0.5238095238095238
raw_turnover_20,2018Q1,61,-0.01751410980622345,4,0.021156214017773168,-0.8278470709130653,-0.05897952733028029,0.023951307717833395,observed,-0.005653961685193122,0.1103053481271041,0.47540983606557374
raw_turnover_20,2018Q2,64,0.06767509264395455,4,0.020170014705031575,3.3552326874145733,0.02814259025444938,0.10720759503345972,observed,0.09818777282912852,0.09909451145383129,0.75
raw_turnover_20,2018Q3,63,-0.04305312324950522,4,0.029437646886466263,-1.4625191821734425,-0.10074985093658675,0.014643604437576313,observed,-0.04388124528724103,0.13648098525969948,0.38095238095238093
raw_turnover_20,2018Q4,63,-0.026563513387160127,4,0.04032663509112023,-0.6587088986506914,-0.10560226578344489,0.052475239009124645,observed,-0.05153408848589212,0.1845254167755441,0.3968253968253968
raw_turnover_20,2019Q1,61,0.0039369018212061175,4,0.023190679942909808,0.16976224202558426,-0.0415159956438925,0.049389799286304735,observed,-0.00047106046240413157,0.11214356169350521,0.4918032786885246
raw_turnover_20,2019Q2,63,-0.04809800201219212,4,0.023598636176115764,-2.038168716752887,-0.09435047900164303,-0.0018455250227412054,observed,-0.055336712942231706,0.11243719812111323,0.36507936507936506
raw_turnover_20,2019Q3,64,-0.047292039804441965,4,0.031236058311641272,-1.514020729908064,-0.10851358911425187,0.013929509505367935,observed,-0.028283481907723673,0.1356512524211495,0.34375
raw_turnover_20,2019Q4,64,0.03396971378138217,4,0.017441963307452107,1.9475854399297217,-0.00021590612089307515,0.06815533368365742,observed,0.04407310768070381,0.09160339549958779,0.625
raw_dollar_liquidity_20,2003Q1,61,0.01605523167592598,4,0.02066383279980425,0.7769725893290268,-0.024445136394247818,0.05655559974609978,observed,0.01246349398125767,0.09391282415750675,0.5245901639344263
raw_dollar_liquidity_20,2003Q2,63,-0.0078052888954493185,4,0.00979224084798327,-0.7970891460514712,-0.026997728285438484,0.011387150494539845,observed,-0.010831432206074576,0.05266010715999215,0.42857142857142855
raw_dollar_liquidity_20,2003Q3,64,-0.02604120062573957,4,0.007506754411500007,-3.469035910625454,-0.040754168913066754,-0.011328232338412389,observed,-0.027710771509066895,0.045625154224501495,0.3125
raw_dollar_liquidity_20,2003Q4,64,0.009220546171582604,4,0.01199050272490366,0.7689874547488323,-0.014280407325757949,0.032721499668923154,observed,0.011601377128579381,0.05693344976358918,0.59375
raw_dollar_liquidity_20,2004Q1,62,-0.046653428948766215,4,0.01434744993744321,-3.25168787151594,-0.07477391409614637,-0.01853294380138607,observed,-0.047803698729112186,0.06364598959308078,0.20967741935483872
raw_dollar_liquidity_20,2004Q2,62,-0.003046186188831398,4,0.01784374643809247,-0.17071449649881046,-0.038019286556757514,0.03192691417909471,observed,-0.013804163303429718,0.08326411609878902,0.45161290322580644
raw_dollar_liquidity_20,2004Q3,64,0.005224699040632599,4,0.012593428980989281,0.414875015257534,-0.019457968203969347,0.029907366285234542,observed,0.003979611894820639,0.0627893954956317,0.515625
raw_dollar_liquidity_20,2004Q4,64,0.0016041004203802625,4,0.014024025586004532,0.11438230845650313,-0.025882484646456847,0.029090685487217372,observed,0.00623806226725929,0.06972262846816558,0.546875
raw_dollar_liquidity_20,2005Q1,61,-0.008327606321750313,4,0.013538408652514185,-0.6151096879620201,-0.03486239968866356,0.018207187045162936,observed,-0.005220191204503352,0.059291572610058116,0.47540983606557374
raw_dollar_liquidity_20,2005Q2,64,-0.006675117769491517,4,0.013136500224590002,-0.5081351695938369,-0.03242218509259025,0.019071949553607217,observed,-0.010696773320298412,0.059141852956624295,0.40625
raw_dollar_liquidity_20,2005Q3,64,0.017391163568049695,4,0.011040312442597905,1.5752419742169332,-0.004247451197511631,0.03902977833361102,observed,0.016130359224584,0.053018394903217934,0.578125
raw_dollar_liquidity_20,2005Q4,63,0.0017976500506572742,4,0.012748714977880814,0.14100637231095214,-0.02318937215515547,0.02678467225647002,observed,0.004197698830433959,0.062120365740144026,0.5396825396825397
raw_dollar_liquidity_20,2006Q1,62,-0.02442362285051117,4,0.01025125657161203,-2.382500396892369,-0.0445157165271503,-0.004331529173872042,observed,-0.021535541219310606,0.05468310281055449,0.2903225806451613
raw_dollar_liquidity_20,2006Q2,63,0.00966343029473365,4,0.013291038773667895,0.7270635846671942,-0.01638652701878083,0.03571338760824813,observed,0.00684060597507736,0.06211895147750731,0.5714285714285714
raw_dollar_liquidity_20,2006Q3,63,0.017687228671636468,4,0.010445378556605385,1.6933066212762127,-0.0027853371041970595,0.038159794447469995,observed,0.01869743751614988,0.05217353006536263,0.6825396825396826
raw_dollar_liquidity_20,2006Q4,63,-0.0013718869012853533,4,0.014107508602633934,-0.09724515787495008,-0.02902209567403685,0.02627832187146614,observed,-0.016941999205084764,0.06678438647941616,0.4126984126984127
raw_dollar_liquidity_20,2007Q1,61,-0.03464250436866135,4,0.013776904963165283,-2.51453461145907,-0.061644741914896425,-0.007640266822426273,observed,-0.045917342157315785,0.06450349078597853,0.26229508196721313
raw_dollar_liquidity_20,2007Q2,63,0.007489945107223753,4,0.015341551032052512,0.48821302954149154,-0.022578942382582467,0.037558832597029974,observed,0.01150883930349932,0.07037465758960916,0.5873015873015873
raw_dollar_liquidity_20,2007Q3,63,0.03894918470044518,4,0.015153724684645991,2.570271369646114,0.009248430086903448,0.06864993931398691,observed,0.039526925539228194,0.06729345901744915,0.7619047619047619
raw_dollar_liquidity_20,2007Q4,64,0.015895999478589315,4,0.013853768139864586,1.1474134198080126,-0.011256887125713731,0.04304888608289236,observed,0.011675243141793586,0.06705144876658531,0.640625
raw_dollar_liquidity_20,2008Q1,61,0.0043243029205169165,4,0.014749914477594052,0.29317477922233215,-0.02458499823061335,0.03323360407164719,observed,0.018553640896133816,0.06745842541406073,0.6065573770491803
raw_dollar_liquidity_20,2008Q2,64,-0.015707262211708338,4,0.014240261447513818,-1.1030178251713658,-0.04361766177926964,0.012203137355852964,observed,-0.003982875694413047,0.06311897408462137,0.46875
raw_dollar_liquidity_20,2008Q3,64,-0.03741252995420237,4,0.019695401257552654,-1.8995566256795948,-0.07601480708007047,0.0011897471716657212,observed,-0.058967931903118234,0.08728128240863478,0.28125
raw_dollar_liquidity_20,2008Q4,64,-0.0015098493547584402,4,0.016329410112977186,-0.09246196551573801,-0.03351490506497786,0.030495206355460984,observed,-0.008859142079987314,0.0806582499219205,0.453125
raw_dollar_liquidity_20,2009Q1,61,-0.009638199881386245,4,0.01581747757304416,-0.6093386152676757,-0.04063988625082282,0.02136348648805033,observed,-0.0193926728827085,0.06749549531912553,0.39344262295081966
raw_dollar_liquidity_20,2009Q2,63,-0.01984700397968349,4,0.012689145983333025,-1.5640929662053056,-0.04471727310158731,0.005023265142220328,observed,-0.017800228696550846,0.06627642536056556,0.36507936507936506
raw_dollar_liquidity_20,2009Q3,64,-0.0071549918259791595,4,0.011129248045326034,-0.6428998434430664,-0.028967917169830982,0.014657933517872663,observed,-0.019638837036622628,0.05603629888725619,0.390625
raw_dollar_liquidity_20,2009Q4,64,-0.003468591940127769,4,0.02055147907765131,-0.1687757813937434,-0.04374875076135278,0.03681156688109725,observed,-0.001703488280332468,0.08597446544110741,0.484375
raw_dollar_liquidity_20,2010Q1,61,-0.011665294931022172,4,0.014260469507491571,-0.8180161897821068,-0.03961530156833729,0.016284711706292948,observed,-0.013022644952693268,0.0671714711521395,0.45901639344262296
raw_dollar_liquidity_20,2010Q2,63,-0.010735132246896142,4,0.02124382387750683,-0.5053295634908086,-0.05237226194072157,0.030901997446929286,observed,-0.018660835002952587,0.10546395093358117,0.3968253968253968
raw_dollar_liquidity_20,2010Q3,64,-0.007590579121311832,4,0.01903949160074737,-0.3986755151074451,-0.044907296942729547,0.02972613870010588,observed,-0.010393947711371618,0.0928293185515596,0.46875
raw_dollar_liquidity_20,2010Q4,64,-0.011989627212239956,4,0.0187056856211298,-0.640961654925739,-0.048652097335783115,0.0246728429113032,observed,-0.012254770393160827,0.07562785324571035,0.375
raw_dollar_liquidity_20,2011Q1,62,-0.03270184115115948,4,0.014341668360919525,-2.2801978353000196,-0.06081099461677934,-0.004592687685539623,observed,-0.03106276624830403,0.07566074162879025,0.3387096774193548
raw_dollar_liquidity_20,2011Q2,63,0.0075267193687614175,4,0.015710387562489436,0.47909189628984233,-0.023265074436883883,0.03831851317440672,observed,0.009630696675282758,0.07218859501516502,0.5555555555555556
raw_dollar_liquidity_20,2011Q3,64,0.03691308168355078,4,0.02071211965867098,1.78219720105264,-0.0036819268909283817,0.07750809025802993,observed,0.050142932392953136,0.09868349224819399,0.671875
raw_dollar_liquidity_20,2011Q4,63,-0.015900744270300412,4,0.01287278542084897,-1.2352217294438321,-0.04113094007587667,0.00932945153527585,observed,-0.011681432485738172,0.07083111546210089,0.42857142857142855
raw_dollar_liquidity_20,2012Q1,62,0.001288973274025805,4,0.016577353360690085,0.07775507018402288,-0.031202042271920787,0.0337799888199724,observed,0.000820066140826264,0.07513998359726257,0.532258064516129
raw_dollar_liquidity_20,2012Q2,63,-0.0020179138709095685,4,0.019110119100588175,-0.10559399762440312,-0.03947305904833336,0.03543723130651422,observed,-0.008120204025149288,0.08647131593958815,0.47619047619047616
raw_dollar_liquidity_20,2012Q3,63,0.010088501849131216,4,0.01795727643017301,0.5618057887765121,-0.02510711321443787,0.045284116912700303,observed,0.027556707949113548,0.07570787306535218,0.6349206349206349
raw_dollar_liquidity_20,2012Q4,62,-0.02517032964177437,4,0.013919485749773418,-1.8082801401038897,-0.05245202039464878,0.002111361111100038,observed,-0.02483539883787541,0.062089091156990774,0.3709677419354839
raw_dollar_liquidity_20,2013Q1,60,-0.003124795369372005,4,0.020394520308748453,-0.15321739967728437,-0.04309732065648968,0.03684772991774567,observed,-0.0012188610359778963,0.08285235124691824,0.5
raw_dollar_liquidity_20,2013Q2,64,-0.0015196005196607184,4,0.016614939961895062,-0.09145988629184286,-0.03408428445027034,0.0310450834109489,observed,-0.012377572694897115,0.07773798890274412,0.453125
raw_dollar_liquidity_20,2013Q3,64,-0.007843344864799505,4,0.01791812230120174,-0.43773252202176705,-0.04296221924573887,0.02727552951613986,observed,-0.007563997199560165,0.08310184255790654,0.484375
raw_dollar_liquidity_20,2013Q4,64,0.011626193783293902,4,0.011878096079706517,0.9787927042581357,-0.01165444673783728,0.03490683430442508,observed,0.012160875395523634,0.06258903733577088,0.5625
raw_dollar_liquidity_20,2014Q1,61,-0.0032998828498346394,4,0.0195785085178078,-0.16854618148431494,-0.0416730544157486,0.03507328871607933,observed,-0.015155812177883633,0.08195254333862247,0.4426229508196721
raw_dollar_liquidity_20,2014Q2,63,0.011456856841692172,4,0.01635986401512301,0.7003026939039034,-0.020607887419921766,0.04352160110330611,observed,0.01381421942407376,0.08200376052467322,0.6666666666666666
raw_dollar_liquidity_20,2014Q3,64,0.060187463243060124,4,0.023209670941317203,2.593206228353548,0.014697344105052551,0.1056775823810677,observed,0.04247375649311867,0.09560867845533005,0.71875
raw_dollar_liquidity_20,2014Q4,64,-0.012115882116851218,4,0.016785486937613652,-0.7218070087500065,-0.045014831977541504,0.02078306774383907,observed,0.0022575160105362917,0.08603878428430657,0.5
raw_dollar_liquidity_20,2015Q1,61,-0.04765462115880682,4,0.014816140082369896,-3.2163992034276374,-0.07669372211015213,-0.018615520207461517,observed,-0.03131003722752091,0.07064436726038939,0.26229508196721313
raw_dollar_liquidity_20,2015Q2,63,-0.011129635597587896,4,0.017747791372975552,-0.6270997536366649,-0.04591466749375066,0.02365539629857487,observed,-0.010066128492866783,0.07683432074424178,0.4603174603174603
raw_dollar_liquidity_20,2015Q3,64,0.020730125897416164,4,0.017806151980475374,1.1642114433341328,-0.014169290687562126,0.055629542482394455,observed,0.01921425825757047,0.08303448554450227,0.578125
raw_dollar_liquidity_20,2015Q4,64,0.01977731738817941,4,0.02492425351443469,0.793496879524417,-0.029073321841658447,0.06862795661801727,observed,0.022246749603767886,0.10900534991206515,0.53125
raw_dollar_liquidity_20,2016Q1,61,-0.0021327163264862094,4,0.02139216466525364,-0.09969614388534918,-0.044060588621733676,0.039795155968761264,observed,0.005252885206546416,0.09418304731706939,0.5081967213114754
raw_dollar_liquidity_20,2016Q2,64,-0.0029231128892863688,4,0.021455587555158733,-0.1362401696887365,-0.044975291764543276,0.03912906598597053,observed,0.0007114230657473891,0.0894878053932304,0.5
raw_dollar_liquidity_20,2016Q3,64,-0.027279260718002657,4,0.012146106223847963,-2.2459264076286347,-0.05108519146914246,-0.0034733299668628544,observed,-0.024105268155694463,0.06160141748225297,0.328125
raw_dollar_liquidity_20,2016Q4,63,-0.008610390737022446,4,0.022029020880051084,-0.3908657939863226,-0.05178647827660342,0.034565696802558527,observed,0.007912791198785183,0.10030589710980674,0.5079365079365079
raw_dollar_liquidity_20,2017Q1,62,0.01092516454999207,4,0.014621218748177534,0.7472129880659806,-0.01773189760651771,0.039582226706501855,observed,0.011704825813933048,0.08157605404457582,0.5645161290322581
raw_dollar_liquidity_20,2017Q2,63,-0.013147984965226995,4,0.02046310995103183,-0.6425213467889334,-0.05325494348093257,0.026958973550478577,observed,-0.007844930617051306,0.08750258573727027,0.47619047619047616
raw_dollar_liquidity_20,2017Q3,63,-0.005494825293190858,4,0.022605685140746873,-0.24307271639762887,-0.049801154014906986,0.038811503428525275,observed,0.023916828682944067,0.09445323805651726,0.5238095238095238
raw_dollar_liquidity_20,2017Q4,63,0.026165876027565278,4,0.02253713309558262,1.1610117363460888,-0.018006093154562353,0.07033784520969291,observed,0.034071692664194866,0.09566137710013277,0.6349206349206349
raw_dollar_liquidity_20,2018Q1,61,-0.0012996027911520703,4,0.015378267133007719,-0.0845090529324087,-0.03144045251648323,0.02884124693417909,observed,-0.005282080067585313,0.07654880941002733,0.4918032786885246
raw_dollar_liquidity_20,2018Q2,64,-0.02133746833175587,4,0.012322769610994431,-1.7315481020369385,-0.045489652959089605,0.002814716295577866,observed,-0.016344479133680968,0.06951505378694947,0.453125
raw_dollar_liquidity_20,2018Q3,63,0.031153909933752805,4,0.022154584340836905,1.4062060228468247,-0.012268277466742583,0.07457609733424819,observed,0.03868913929120331,0.10032343708529505,0.5714285714285714
raw_dollar_liquidity_20,2018Q4,63,0.03220084257121136,4,0.01792475398113864,1.796445441041744,-0.0029310296635613256,0.06733271480598405,observed,0.03418687935920333,0.07968269352275596,0.6825396825396826
raw_dollar_liquidity_20,2019Q1,61,-0.004808295454696744,4,0.025761166014350655,-0.1866489836686045,-0.05529925304258127,0.045682662133187786,observed,-0.018201033866911468,0.10391807506774384,0.39344262295081966
raw_dollar_liquidity_20,2019Q2,63,0.029013994908443582,4,0.016818734978949937,1.7250997143814348,-0.003950119915822319,0.06197810973270948,observed,0.02984025564379004,0.08557902295730035,0.6349206349206349
raw_dollar_liquidity_20,2019Q3,64,0.03531509323884436,4,0.021080520115447227,1.6752477190051127,-0.006001966962804348,0.07663215344049307,observed,0.037453277480709285,0.09278890711118971,0.71875
raw_dollar_liquidity_20,2019Q4,64,0.010731220388706227,4,0.016207746946948764,0.6621043889586679,-0.02103537989785237,0.04249782067526482,observed,0.016952934147897815,0.07123238431204182,0.59375
raw_volume_shock_20,2003Q1,61,0.018096478244834246,4,0.015348870917505003,1.1790103872849478,-0.011986755956829815,0.04817971244649831,observed,0.019926778381342825,0.07861638400328438,0.6229508196721312
raw_volume_shock_20,2003Q2,63,-0.025227531241661723,4,0.007949597118337514,-3.173435190000863,-0.04080845528520665,-0.009646607198116797,observed,-0.025092221619523923,0.06423219063483473,0.36507936507936506
raw_volume_shock_20,2003Q3,64,-0.004015338868859912,4,0.012618466693276183,-0.31821131413688375,-0.02874707912779946,0.020716401390079638,observed,-0.003853145307802129,0.07070886727242383,0.453125
raw_volume_shock_20,2003Q4,64,0.006593631291847331,4,0.012614112765000289,0.5227185942195103,-0.018129575424480196,0.031316838008174856,observed,0.006222522936106405,0.06858732662444879,0.53125
raw_volume_shock_20,2004Q1,62,-4.3261872718445536e-05,4,0.011578850990831278,-0.003736283742894911,-0.02273739279710367,0.02265086905166678,observed,0.005159360537947812,0.06780440867794316,0.532258064516129
raw_volume_shock_20,2004Q2,62,-0.005588420016493628,4,0.007790744552415965,-0.7173152679945871,-0.020857998751980543,0.009681158718993287,observed,-0.003817235719120282,0.0642095153733219,0.4838709677419355
raw_volume_shock_20,2004Q3,64,0.010143161380112793,4,0.015111064463030142,0.6712406928663739,-0.019473980735489376,0.039760303495714966,observed,0.00909431372110211,0.0813844911616288,0.5625
raw_volume_shock_20,2004Q4,64,-0.0199611760220772,4,0.00928693176156022,-2.149383298442982,-0.03816322780161635,-0.001759124242538046,observed,-0.015132721638822032,0.054981211749373066,0.375
raw_volume_shock_20,2005Q1,61,0.028971892276202702,4,0.007729627644964922,3.7481614389374873,0.0138221004781663,0.0441216840742391,observed,0.026329784441047666,0.05280119802013761,0.6885245901639344
raw_volume_shock_20,2005Q2,64,-0.0031461896860069186,4,0.00893333780446092,-0.35218523634423055,-0.02065521004448044,0.014362830672466603,observed,-0.009392867494000904,0.054896128660650065,0.46875
raw_volume_shock_20,2005Q3,64,0.004191893637153717,4,0.010161650306433163,0.4125209499189224,-0.015724574986945686,0.02410836226125312,observed,0.009378473043668421,0.05841707375936399,0.546875
raw_volume_shock_20,2005Q4,63,0.016499232293015698,4,0.009165051762553873,1.8002333997094775,-0.0014639390780352354,0.03446240366406663,observed,0.013841406038336085,0.05326230632874466,0.6666666666666666
raw_volume_shock_20,2006Q1,62,-0.017092810340639263,4,0.009495302916863315,-1.8001332332729532,-0.03570326207998949,0.0015176413987109567,observed,-0.019078709859842446,0.06096017339918587,0.3709677419354839
raw_volume_shock_20,2006Q2,63,0.0119035794147496,4,0.01045927411632386,1.1380884832315088,-0.008596221157677164,0.032403379987176364,observed,0.01591795516490546,0.06022870854572452,0.6349206349206349
raw_volume_shock_20,2006Q3,63,-0.0054767567495529095,4,0.011505890751090745,-0.4759958935846596,-0.028027888231743278,0.01707437473263746,observed,-0.015464182248149952,0.06117623482367568,0.4444444444444444
raw_volume_shock_20,2006Q4,63,-0.0038688645940648616,4,0.011183049108906789,-0.3459579365509079,-0.025787238084864914,0.01804950889673519,observed,-0.009479939728992364,0.05897989973349723,0.4603174603174603
raw_volume_shock_20,2007Q1,61,0.004318269372206755,4,0.010217988012684486,0.42261444883729626,-0.015708619127116838,0.024345157871530347,observed,-0.0004921003020571488,0.051964408217307696,0.4918032786885246
raw_volume_shock_20,2007Q2,63,0.006453219243442863,4,0.009378995077982162,0.6880501791276381,-0.011929273320580611,0.024835711807466337,observed,0.008261377582505537,0.04916593026316301,0.5555555555555556
raw_volume_shock_20,2007Q3,63,0.01591142576497464,4,0.006571685844880349,2.4212091296741436,0.0030311581912974787,0.0287916933386518,observed,0.0128968674234129,0.05267205118183714,0.6349206349206349
raw_volume_shock_20,2007Q4,64,0.013091008656696278,4,0.013622215935689323,0.9610043416210049,-0.013608043966882387,0.039790061280274944,observed,0.0071993605871667875,0.06694371838779625,0.53125
raw_volume_shock_20,2008Q1,61,0.012868827447394813,4,0.013682861190907197,0.9405070524245804,-0.013949087692244127,0.03968674258703375,observed,0.0009499996444587884,0.062143716900493876,0.5081967213114754
raw_volume_shock_20,2008Q2,64,0.002179067545759197,4,0.011766688810143724,0.1851895279053089,-0.020883218739412963,0.02524135383093136,observed,0.00289929018905361,0.06190428403458478,0.5625
raw_volume_shock_20,2008Q3,64,0.00758466554786821,4,0.011341470320836952,0.6687550496811152,-0.014644207812702148,0.029813538908438568,observed,-0.00525007287575705,0.07362258254909054,0.484375
raw_volume_shock_20,2008Q4,64,-0.006174992001881359,4,0.02035992433409968,-0.30329150052582543,-0.04607971042467737,0.03372972642091465,observed,0.004672972604406617,0.10692038764948217,0.515625
raw_volume_shock_20,2009Q1,61,-0.004758200492824501,4,0.011381554586743387,-0.4180624409926033,-0.027065637570918198,0.017549236585269197,observed,-0.014073865945138611,0.07147777872905535,0.4262295081967213
raw_volume_shock_20,2009Q2,63,0.0007417461422827768,4,0.00995977377485881,0.07447419580504394,-0.018779051750607033,0.020262544035172587,observed,0.006414505413514519,0.06951180241702237,0.5079365079365079
raw_volume_shock_20,2009Q3,64,-0.00620140453085821,4,0.008153528777090023,-0.7605792167292108,-0.022182027280865563,0.009779218219149146,observed,-0.00404706911765836,0.057364456194377335,0.453125
raw_volume_shock_20,2009Q4,64,0.0033035571257498822,4,0.008933845203345408,0.3697799828133151,-0.014206457716263034,0.020813571967762796,observed,0.0031966890094456413,0.05093462161248071,0.546875
raw_volume_shock_20,2010Q1,61,-0.009653750025851806,4,0.010119394207986293,-0.9539849745385947,-0.029487398218868165,0.010179898167164553,observed,-0.009113165340793181,0.05613508970114397,0.4098360655737705
raw_volume_shock_20,2010Q2,63,-0.00048610213043584065,4,0.012037302344721518,-0.04038297921867863,-0.024078781197109565,0.023106576936237883,observed,-0.010212089933172148,0.06524070293548014,0.4444444444444444
raw_volume_shock_20,2010Q3,64,0.017725021644085556,4,0.010784436240322392,1.643574244318188,-0.0034120849805148804,0.03886212826868599,observed,0.01800897865709566,0.05967323452203792,0.5625
raw_volume_shock_20,2010Q4,64,-0.0108735574758455,4,0.009025551254656835,-1.2047527257944677,-0.028563312875593196,0.006816197923902194,observed,-0.012868052489015378,0.05845693505552058,0.453125
raw_volume_shock_20,2011Q1,62,0.005478255016433875,4,0.007159054494881052,0.7652204659639061,-0.008553233956892576,0.019509743989760325,observed,0.001140757881136507,0.04638301712375099,0.5967741935483871
raw_volume_shock_20,2011Q2,63,-0.00328751360112011,4,0.00752612683647071,-0.4368134729259694,-0.018038451143683073,0.011463423941442855,observed,0.0033913360186902278,0.0504952249601765,0.5079365079365079
raw_volume_shock_20,2011Q3,64,0.007948299370807923,4,0.011799790777505226,0.6735966357946217,-0.015178865578210203,0.03107546431982605,observed,0.006386705902371203,0.07224465724670079,0.546875
raw_volume_shock_20,2011Q4,63,0.002245822620615573,4,0.010786256405682095,0.2082114995368083,-0.018894851462535785,0.023386496703766933,observed,0.011462279069131146,0.05997809917926831,0.5873015873015873
raw_volume_shock_20,2012Q1,62,0.008540595029014135,4,0.009194024335122303,0.928928912705616,-0.009479361540810397,0.026560551598838668,observed,0.015758353743128693,0.056732772142903926,0.5645161290322581
raw_volume_shock_20,2012Q2,63,0.018547259110339,4,0.009073108585842473,2.0442011615820217,0.0007642930542666078,0.03633022516641139,observed,0.013708452096786238,0.053869809959968325,0.6031746031746031
raw_volume_shock_20,2012Q3,63,-0.00045253174806959487,4,0.010091216641371413,-0.04484412178947088,-0.02023095292534881,0.01932588942920962,observed,-0.00452535888643581,0.05963482467614235,0.47619047619047616
raw_volume_shock_20,2012Q4,62,-0.008137481088696498,4,0.0051960099050578044,-1.56610192000894,-0.01832147336592318,0.0020465111885301836,observed,-0.005850436162081448,0.03860508230996017,0.41935483870967744
raw_volume_shock_20,2013Q1,60,0.011579669295041405,4,0.007705198084606107,1.5028386250284653,-0.003522241444533572,0.026681580034616383,observed,0.009237382246804359,0.046924034449381855,0.6166666666666667
raw_volume_shock_20,2013Q2,64,-0.005230270247606861,4,0.007716028359846231,-0.6778448709215336,-0.02035340793659514,0.009892867441381415,observed,-0.007166115034130571,0.0485379955537206,0.4375
raw_volume_shock_20,2013Q3,64,-0.017459025292873555,4,0.008702054175850482,-2.006310802031662,-0.03451473806905688,-0.0004033125166902282,observed,-0.024099497538848793,0.05474968272978508,0.375
raw_volume_shock_20,2013Q4,64,-0.0020026526328134056,4,0.009403248552290583,-0.2129745504095571,-0.020432681132981353,0.01642737586735454,observed,-0.0032318520936343163,0.05133637216655252,0.46875
raw_volume_shock_20,2014Q1,61,-0.0005389488452775853,4,0.009432330932995161,-0.057138458044585,-0.019025977764211187,0.017948080073656017,observed,-0.0048969148159771336,0.05501692081275348,0.47540983606557374
raw_volume_shock_20,2014Q2,63,-0.001709269546648825,4,0.009686257857111446,-0.17646335373922709,-0.020693986091555382,0.01727544699825773,observed,-0.0046476296004008,0.05977406826525314,0.4126984126984127
raw_volume_shock_20,2014Q3,64,0.002885703023977883,4,0.009417135603235148,0.30643107899885536,-0.015571543595892884,0.021342949643848648,observed,0.00433282340021381,0.05104403924088525,0.53125
raw_volume_shock_20,2014Q4,64,0.0012671902787125926,4,0.009313707401670472,0.1360564836388691,-0.01698734079110566,0.019521721348530845,observed,0.005715546107388158,0.06213771506693031,0.5625
raw_volume_shock_20,2015Q1,61,0.010809115362568596,4,0.011310237140642445,0.9556930794781388,-0.011358542089697879,0.03297677281483507,observed,0.013926237939350295,0.06070616184910851,0.5901639344262295
raw_volume_shock_20,2015Q2,63,-0.01761097786689334,4,0.0074590621944604935,-2.361017700049775,-0.03223047112648021,-0.0029914846073064733,observed,-0.01963243511299071,0.0510347570530554,0.3968253968253968
raw_volume_shock_20,2015Q3,64,-0.023399087939216356,4,0.012220357834471814,-1.9147629108871924,-0.047350549172973,0.0005523732945402864,observed,-0.00370786082116035,0.06656538973688479,0.46875
raw_volume_shock_20,2015Q4,64,-0.009102785229913044,4,0.00981093425478993,-0.9278204290757375,-0.02833186302399162,0.010126292564165534,observed,-0.015137172152049561,0.0553068578482006,0.390625
raw_volume_shock_20,2016Q1,61,0.034923487678989645,4,0.009649796479715509,3.619090594542699,0.01601023412060585,0.05383674123737344,observed,0.036250925121290176,0.06285166368600144,0.7377049180327869
raw_volume_shock_20,2016Q2,64,-0.017995115530737633,4,0.013034068303544592,-1.380621545910105,-0.04354141997772011,0.007551188916244848,observed,-0.01678032703040217,0.0642400056712363,0.40625
raw_volume_shock_20,2016Q3,64,-0.03376713948215364,4,0.010884315371100418,-3.102366876635231,-0.05510000560588617,-0.012434273358421104,observed,-0.026483005724460044,0.058753041857241464,0.265625
raw_volume_shock_20,2016Q4,63,0.008521379300288852,4,0.006254931686576894,1.3623457021242553,-0.003738061531160238,0.020780820131737942,observed,0.009503045673326395,0.0443567274961485,0.5714285714285714
raw_volume_shock_20,2017Q1,62,-0.00608671546967944,4,0.00800387580138844,-0.7604710043880955,-0.021774023777132445,0.009600592837773564,observed,-0.0002616369103475699,0.04416334204012893,0.5
raw_volume_shock_20,2017Q2,63,-0.00662826203637338,4,0.009935713602026601,-0.6671148446772263,-0.02610190285705025,0.012845378784303491,observed,-0.007452300812495032,0.05447678924715388,0.3968253968253968
raw_volume_shock_20,2017Q3,63,-0.03001229245741136,4,0.009332493923174257,-3.2158919903377012,-0.04830364443277182,-0.011720940482050905,observed,-0.03356768985782845,0.04933364608297045,0.20634920634920634
raw_volume_shock_20,2017Q4,63,0.004771965988691533,4,0.01190358648752385,0.4008847244225957,-0.01855863481371286,0.028102566791095927,observed,0.006176205714683698,0.05835419395080598,0.5396825396825397
raw_volume_shock_20,2018Q1,61,-0.01964107225979033,4,0.007641703307320106,-2.5702479499532314,-0.03461853552267835,-0.004663608996902307,observed,-0.02003809341114409,0.04517846151631928,0.36065573770491804
raw_volume_shock_20,2018Q2,64,-0.01863016748988809,4,0.006380042233973651,-2.920069618141815,-0.031134820488320916,-0.006125514491455267,observed,-0.013941538826006055,0.04421161450115773,0.3125
raw_volume_shock_20,2018Q3,63,0.012065072149878895,4,0.012288724254341358,0.9818002178392561,-0.012020384804573998,0.03615052910433179,observed,0.01268886412517004,0.06444319964914297,0.5714285714285714
raw_volume_shock_20,2018Q4,63,0.005225027647663711,4,0.009680024028163755,0.5397742435826235,-0.013747470817019585,0.024197526112347007,observed,-0.0057677108116227956,0.057219545851630985,0.47619047619047616
raw_volume_shock_20,2019Q1,61,0.0212355621833812,4,0.008023906436675263,2.646536615421981,0.005508994552178563,0.036962129814583834,observed,0.019418806112760253,0.04438697604990512,0.7213114754098361
raw_volume_shock_20,2019Q2,63,0.010781957283590259,4,0.0067928797599152504,1.5872439472894155,-0.0025318423971547217,0.02409575696433524,observed,0.007703121610279149,0.04743684090403909,0.5873015873015873
raw_volume_shock_20,2019Q3,64,0.0031489787527849474,4,0.009045676433748975,0.34811976482336493,-0.01458022127316576,0.020878178778735657,observed,0.002026326623453087,0.05801317821951649,0.546875
raw_volume_shock_20,2019Q4,64,0.0126864814676127,4,0.00860586728461836,1.4741665247717448,-0.004180708465970797,0.029553671401196198,observed,0.012234012994519802,0.046764640425854175,0.625
raw_gap_1,2003Q1,61,-0.011866513362374452,4,0.015448523979093144,-0.7681325011006674,-0.04214506397570042,0.018412037250951516,observed,-0.006213964663751378,0.12645103417975284,0.4262295081967213
raw_gap_1,2003Q2,63,0.0056178599349580366,4,0.014355742408617072,0.3913318987658835,-0.02251887815726571,0.03375459802718178,observed,0.0032920699131810567,0.09177471577305929,0.5079365079365079
raw_gap_1,2003Q3,64,-0.015928009103377987,4,0.01037704430262658,-1.5349273491437612,-0.03626664220250264,0.0044106239957466715,observed,-0.01816541572886481,0.10340665737840278,0.421875
raw_gap_1,2003Q4,64,-0.012808232755586896,4,0.015728497896391747,-0.8143328650935711,-0.043635522163428725,0.01801905665225493,observed,-0.015988385229419817,0.10983991708055572,0.46875
raw_gap_1,2004Q1,62,-0.0038655937902718784,4,0.015327125136966976,-0.25220605663018847,-0.033906207045265695,0.02617501946472194,observed,-0.009651405401281643,0.10950074059265698,0.4838709677419355
raw_gap_1,2004Q2,62,-0.0031825676373935406,4,0.013214644087791353,-0.24083642482159828,-0.02908279411797975,0.022717658843192667,observed,-0.000813391943161869,0.09641191524466294,0.5
raw_gap_1,2004Q3,64,-0.0028131618523815245,4,0.011470556074692271,-0.24525069526387328,-0.02529503864142551,0.01966871493666246,observed,-0.008046447550380769,0.09829365343258602,0.453125
raw_gap_1,2004Q4,64,-0.02558007360291177,4,0.010118357354681501,-2.5280856077964606,-0.04541168960079349,-0.005748457605030056,observed,-0.032220844993198765,0.07921441484214335,0.375
raw_gap_1,2005Q1,61,-0.015138132671338227,4,0.011934300307293193,-1.2684558190719513,-0.03852893145431818,0.00825266611164173,observed,-0.01688389936702686,0.08268696421744644,0.39344262295081966
raw_gap_1,2005Q2,64,-0.006005943556361643,4,0.013132375037428434,-0.4573387174250028,-0.03174492566119422,0.01973303854847093,observed,-0.0015097361193963988,0.08537022311046955,0.484375
raw_gap_1,2005Q3,64,0.004525577963471817,4,0.014525240389574996,0.31156647615415023,-0.02394337006688172,0.03299452599382535,observed,0.00946193581295558,0.09056439907804545,0.53125
raw_gap_1,2005Q4,63,-0.009118079819375517,4,0.010483348128018103,-0.8697679126963522,-0.029665064587686394,0.011428904948935361,observed,-0.011200414568170081,0.08896148876888453,0.4126984126984127
raw_gap_1,2006Q1,62,-0.013674363960370037,4,0.013624350984904204,-1.0036708519562691,-0.04037760120351509,0.013028873282775017,observed,-0.024773427232801112,0.10958851116124216,0.3870967741935484
raw_gap_1,2006Q2,63,0.014221264151487514,4,0.014705752581198607,0.9670544960527546,-0.014601481273218694,0.043044009576193726,observed,0.02655872419475982,0.12100639286966496,0.6666666666666666
raw_gap_1,2006Q3,63,-0.009501537822036853,4,0.008667349957377718,-1.096244857858666,-0.02648923157990195,0.007486155935828246,observed,-0.009864979708801,0.09579860953335795,0.4444444444444444
raw_gap_1,2006Q4,63,-0.0004449434973018561,4,0.01151000557861955,-0.03865710526920703,-0.02300413989325128,0.022114252898647567,observed,0.002306514391223571,0.09251034582601411,0.5238095238095238
raw_gap_1,2007Q1,61,0.0004208540831805527,4,0.008649803865347406,0.048654754458256115,-0.01653244996623571,0.017374158132596813,observed,0.007561446089920129,0.06997622239288112,0.5409836065573771
raw_gap_1,2007Q2,63,6.0730506730950875e-06,4,0.007901378022940513,0.0007686065209717672,-0.015480343302526607,0.015492489403872796,observed,0.004410953368148469,0.06428469258456831,0.5555555555555556
raw_gap_1,2007Q3,63,-0.009595774355258302,4,0.006730482325002663,-1.425718676893562,-0.022787277310846926,0.003595728600330325,observed,-0.019819080450636913,0.07307133425034776,0.36507936507936506
raw_gap_1,2007Q4,64,-0.014803110975180792,4,0.010129298499569464,-1.4614152180242277,-0.03465617122299255,0.0050499492726309644,observed,-0.01463768208137841,0.08153773894507114,0.40625
raw_gap_1,2008Q1,61,0.0019786308496553373,4,0.011649251188421325,0.16985047516375823,-0.020853481926510882,0.024810743625821557,observed,0.002229220722563586,0.09478851270382097,0.5409836065573771
raw_gap_1,2008Q2,64,-0.001079489685306743,4,0.012977071694511942,-0.08318438170941629,-0.02651408283134432,0.02435510346073083,observed,0.0012406803144002,0.10474069526238976,0.53125
raw_gap_1,2008Q3,64,-0.0501291068137507,4,0.02355026257964818,-2.128600759512193,-0.09628677329632247,-0.003971440331178924,observed,-0.03631397478423272,0.18563998303302376,0.453125
raw_gap_1,2008Q4,64,-0.014688480511003209,4,0.015892953590536794,-0.9242133897470908,-0.04583809715642186,0.016461136134415445,observed,0.0013957351224225742,0.15033698721055638,0.5
raw_gap_1,2009Q1,61,0.006398887070644101,4,0.016506035966073775,0.38766952185226444,-0.025952348950383293,0.038750123091671494,observed,0.008599724224088494,0.1718435447634052,0.5737704918032787
raw_gap_1,2009Q2,63,-0.042481920004700496,4,0.018804815419914665,-2.2590979520974885,-0.07933868096365669,-0.005625159045744302,observed,-0.05318649166290341,0.18780155046453983,0.42857142857142855
raw_gap_1,2009Q3,64,-0.014455182440466261,4,0.015121417570827298,-0.9559409607438949,-0.04409261627447891,0.015182251393546394,observed,-0.02229354610554419,0.15860067167633515,0.4375
raw_gap_1,2009Q4,64,0.0012288732572957543,4,0.013472413214250405,0.09121404144551604,-0.02517657142747655,0.027634317942068054,observed,0.007157295094782629,0.12529222061937695,0.515625
raw_gap_1,2010Q1,61,-0.017318624742302124,4,0.015428931292532718,-1.1224772742804279,-0.04755877439560928,0.012921524911005029,observed,-0.010873054701787344,0.11523826321315736,0.4262295081967213
raw_gap_1,2010Q2,63,-0.05092456030620896,4,0.021402995691223427,-2.379319280388924,-0.09287366102227285,-0.008975459590145084,observed,-0.05487717043463085,0.17767805109194681,0.38095238095238093
raw_gap_1,2010Q3,64,0.01907470486390505,4,0.015110288487538752,1.2623653664611167,-0.010540916367681109,0.048690326095491204,observed,0.013558991833889707,0.17016581259646546,0.546875
raw_gap_1,2010Q4,64,-0.008005706862330045,4,0.015785312151889563,-0.507161770720621,-0.038944350164756045,0.022932936440095957,observed,-0.0021058571329373946,0.11753680261779262,0.5
raw_gap_1,2011Q1,62,-0.026085543168789607,4,0.016652457497503482,-1.5664680827259474,-0.05872376011798043,0.006552673780401214,observed,-0.005530249630514282,0.10697441201569087,0.45161290322580644
raw_gap_1,2011Q2,63,-0.041774106274364134,4,0.01589424719939968,-2.628253213272153,-0.07292625834656413,-0.010621954202164139,observed,-0.050196905729592706,0.14856732781620324,0.42857142857142855
raw_gap_1,2011Q3,64,-0.014545319807947783,4,0.025347350260281502,-0.5738398553926893,-0.06422521342162149,0.03513457380572593,observed,-0.014712304493168432,0.2255999484063321,0.484375
raw_gap_1,2011Q4,63,-0.015628510969072536,4,0.027100647107484457,-0.5766840513840117,-0.06874480325747166,0.03748778131932659,observed,-0.010398668964479071,0.19477937079133043,0.4603174603174603
raw_gap_1,2012Q1,62,0.00150711435782738,4,0.01100723841459527,0.13692029744981188,-0.020066676504025115,0.023080905219679874,observed,-0.009300104889560613,0.12640508393049785,0.46774193548387094
raw_gap_1,2012Q2,63,0.019638697456490394,4,0.018846223673979454,1.042049473476487,-0.017299222189095475,0.05657661710207626,observed,0.028965105419845375,0.16432344854869055,0.6349206349206349
raw_gap_1,2012Q3,63,0.018382862241115218,4,0.011729267675805552,1.567264278488103,-0.004606079968493489,0.04137180445072393,observed,0.021639709230030935,0.12454819528780285,0.6349206349206349
raw_gap_1,2012Q4,62,-0.00457984369522374,4,0.0092053573805179,-0.4975193798468338,-0.022622012625858796,0.013462325235411316,observed,-0.005752391126689176,0.0907355539762011,0.4838709677419355
raw_gap_1,2013Q1,60,-0.008747171007880234,4,0.009153844671457889,-0.9555734581289453,-0.02668837688401158,0.009194034868251112,observed,-0.011373097348863444,0.09089736662164076,0.38333333333333336
raw_gap_1,2013Q2,64,-0.0042544130081931895,4,0.009269707476313416,-0.45895871245822517,-0.02242270580898916,0.01391387979260278,observed,-0.004917220415133419,0.09182149079716206,0.453125
raw_gap_1,2013Q3,64,-0.0036304348621101256,4,0.009788701944995846,-0.37088011081653854,-0.02281593812969916,0.01555506840547891,observed,0.008148803714176905,0.07737536809024896,0.5625
raw_gap_1,2013Q4,64,-0.007652447328228397,4,0.008217366073282694,-0.9312530633275509,-0.023758188879643802,0.008453294223187009,observed,-0.010946162568918071,0.06661427017627665,0.4375
raw_gap_1,2014Q1,61,-1.607979025280071e-05,4,0.008423772381862066,-0.0019088585878012875,-0.016526370272665635,0.016494210692160036,observed,0.00606132472556827,0.06215997724916661,0.5245901639344263
raw_gap_1,2014Q2,63,-0.01730463872098393,4,0.010061111399686226,-1.7199529985845903,-0.03702405470881431,0.0024147772668464476,observed,-0.014063937795913889,0.07956726089893146,0.4126984126984127
raw_gap_1,2014Q3,64,0.00014121114068698076,4,0.0101527687858495,0.013908633562481485,-0.01975785002294049,0.020040272304314453,observed,0.010237271293214662,0.08080283940890895,0.53125
raw_gap_1,2014Q4,64,-0.004920799825295427,4,0.01423283757198187,-0.34573568344391803,-0.0328166488641884,0.022975049213597547,observed,0.00015476626653268674,0.1360284250348634,0.5
raw_gap_1,2015Q1,61,-0.007466505075217689,4,0.01133020519594779,-0.6589911608916015,-0.029673299196723943,0.014740289046288567,observed,-0.004840749915465948,0.09930898779196792,0.47540983606557374
raw_gap_1,2015Q2,63,-0.0006863400175721775,4,0.010313106708413929,-0.06655026821473962,-0.020899657734781904,0.01952697769963755,observed,0.00719314525013753,0.0984004350209146,0.6031746031746031
raw_gap_1,2015Q3,64,0.030875907615070867,4,0.010204859936720982,3.025608171648448,0.010874749671822045,0.05087706555831969,observed,0.04240196426677537,0.11073741642042025,0.609375
raw_gap_1,2015Q4,64,-0.0041747050844826335,4,0.013915832772528695,-0.29999678443419764,-0.03144923613352105,0.023099825964555776,observed,-0.010819848516623206,0.12005704445041783,0.421875
raw_gap_1,2016Q1,61,-0.029665284264030558,4,0.02196998927800036,-1.350263939078745,-0.07272567198964242,0.013395103461581296,observed,-0.03087417255641776,0.17141788817162598,0.4426229508196721
raw_gap_1,2016Q2,64,-0.01938562390982806,4,0.01616336502850488,-1.1993556957750178,-0.05106523723467185,0.012293989415015732,observed,0.01425801781695829,0.1531369231884977,0.515625
raw_gap_1,2016Q3,64,-0.005186666000680611,4,0.018369198872541743,-0.28235667960640537,-0.0411896342157162,0.03081630221435497,observed,0.00086480728982076,0.14376224847609792,0.515625
raw_gap_1,2016Q4,63,-0.0035869307078056026,4,0.012252110656202238,-0.29276022788692607,-0.027600626328561396,0.020426764912950195,observed,-0.0030801868985650513,0.11843666068710312,0.4603174603174603
raw_gap_1,2017Q1,62,-0.013857518236008174,4,0.009728854114563288,-1.4243731145340763,-0.03292572191139653,0.005210685439380188,observed,0.002469038505365065,0.12967351696000792,0.5
raw_gap_1,2017Q2,63,0.0026088891030700907,4,0.01907456871234978,0.13677316338906118,-0.034776578593770036,0.039994356799910216,observed,-0.007701433034097851,0.1433575238845676,0.49206349206349204
raw_gap_1,2017Q3,63,0.003651723254886342,4,0.011291347829674664,0.32340897738437296,-0.018478911828190503,0.02578235833796319,observed,-0.010396856918916144,0.11290192986527696,0.4603174603174603
raw_gap_1,2017Q4,63,-0.010563292153274523,4,0.010787260638250482,-0.9792376867040934,-0.03170593449609202,0.010579350189542976,observed,0.005404922832132923,0.0846719189821093,0.5555555555555556
raw_gap_1,2018Q1,61,-0.01567908343860243,4,0.00996556647821913,-1.5733258588832693,-0.03521123482145159,0.003853067944246731,observed,-0.019249178242670854,0.10307575526026826,0.4098360655737705
raw_gap_1,2018Q2,64,0.010824632939367109,4,0.01184564142940587,0.9138072432697322,-0.012392397636043963,0.03404166351477818,observed,0.016388518386055546,0.106722713894227,0.5625
raw_gap_1,2018Q3,63,0.0012425868476377952,4,0.009748824793046104,0.12746016817577233,-0.017864758638323715,0.020349932333599302,observed,0.0057998200817359884,0.0930452694265705,0.5396825396825397
raw_gap_1,2018Q4,63,-0.007651695326525666,4,0.01494662854190076,-0.5119345346059293,-0.036946548958949575,0.021643158305898247,observed,-0.009017064458407255,0.16856435581496282,0.49206349206349204
raw_gap_1,2019Q1,61,-0.010407596915667767,4,0.014294757246711563,-0.728070909917829,-0.038424806286965374,0.017609612455629836,observed,0.0076041763700867146,0.13461364108787108,0.5081967213114754
raw_gap_1,2019Q2,63,0.01099078459081561,4,0.019158554821326567,0.5736750341200627,-0.02655929285482067,0.04854086203645189,observed,-0.008686599702662626,0.1308373897975939,0.4603174603174603
raw_gap_1,2019Q3,64,0.027720976281531355,4,0.015724640880527063,1.7629004371006147,-0.003098753514127889,0.0585407060771906,observed,0.0182567097749369,0.162197572884577,0.578125
raw_gap_1,2019Q4,64,0.009791391829884902,4,0.014497353720327564,0.6753916624215242,-0.01862289933309489,0.03820568299286469,observed,0.000541486086944278,0.13057492175896238,0.5
raw_intraday_1,2003Q1,61,-0.01292868076151355,4,0.0179527205480788,-0.7201516186301415,-0.04811536646026018,0.022258004937233074,observed,-0.006801287223879744,0.14350785319753528,0.47540983606557374
raw_intraday_1,2003Q2,63,-0.025665913273035263,4,0.010776491586194793,-2.381657617207676,-0.04678744866167597,-0.004544377884394549,observed,-0.040148225378586304,0.10688118058271118,0.3492063492063492
raw_intraday_1,2003Q3,64,-0.006910470857542112,4,0.019677370342638195,-0.35118873798741584,-0.04547740803956955,0.031656466324485336,observed,-0.004720590497493046,0.132409765868846,0.484375
raw_intraday_1,2003Q4,64,-0.0026405990204799914,4,0.017826534849179194,-0.148127442759947,-0.03757996529401938,0.03229876725305939,observed,-0.018692898507599802,0.12150685121093195,0.40625
raw_intraday_1,2004Q1,62,-0.009770176053443932,4,0.016550190086599574,-0.5903361835919146,-0.04220795256047094,0.022667600453583073,observed,-0.017808982283850274,0.12653712186227967,0.4838709677419355
raw_intraday_1,2004Q2,62,-0.00651018811383694,4,0.01750551606401614,-0.3718935271619387,-0.040820369130095936,0.027799992902422056,observed,-0.009290694400408743,0.11045296912867997,0.43548387096774194
raw_intraday_1,2004Q3,64,-0.022226183095983107,4,0.016568253947640055,-1.3414921793342596,-0.05469936412007119,0.010246997928104976,observed,-0.005733169891234887,0.12326552760607852,0.484375
raw_intraday_1,2004Q4,64,-0.025278471630837858,4,0.010644965556916328,-2.374687968286918,-0.046142220739063225,-0.004414722522612494,observed,-0.02710845393029018,0.08814778994165684,0.421875
raw_intraday_1,2005Q1,61,-0.01331076011159226,4,0.012005867316932716,-1.1086879240135497,-0.036841827655946915,0.010220307432762395,observed,-0.014152698186341283,0.09263787052849487,0.4262295081967213
raw_intraday_1,2005Q2,64,-0.009396983084129416,4,0.009181953200866462,-1.0234187518231592,-0.02739328066555995,0.008599314497301117,observed,-0.0035299171408082084,0.09557075208976931,0.46875
raw_intraday_1,2005Q3,64,-0.011019955992299832,4,0.012928263614292517,-0.8523925811751701,-0.036358887058952793,0.01431897507435313,observed,-0.016295663669353647,0.10707695457121237,0.421875
raw_intraday_1,2005Q4,63,-0.025560829608590168,4,0.012157015495418864,-2.102557952502592,-0.0493881421391065,-0.0017335170780738325,observed,-0.032142791521892866,0.1267746412667906,0.38095238095238093
raw_intraday_1,2006Q1,62,-0.00593670680095083,4,0.012557496382082364,-0.47276197582040375,-0.03054894744582429,0.01867553384392263,observed,-0.0052681270055199335,0.10185769035369895,0.4838709677419355
raw_intraday_1,2006Q2,63,-0.01670911361615086,4,0.020997196142244604,-0.7957783269230657,-0.05786286183127365,0.024444634598971924,observed,-0.027607236511884608,0.14886783733452824,0.3492063492063492
raw_intraday_1,2006Q3,63,-0.036853619906242446,4,0.019931583421038516,-1.8490061290033837,-0.07591880556633357,0.0022115657538486835,observed,-0.03747100636439681,0.13565467953401764,0.38095238095238093
raw_intraday_1,2006Q4,63,-0.024393131177187263,4,0.013234801566086895,-1.843105169003265,-0.05033286558925188,0.0015466032348773542,observed,-0.018661881505575833,0.11525521798312588,0.4444444444444444
raw_intraday_1,2007Q1,61,-0.005065581571367841,4,0.009648743184717328,-0.5249991086291145,-0.023976770709490107,0.013845607566754424,observed,-0.013574706097514985,0.09716970741421596,0.4426229508196721
raw_intraday_1,2007Q2,63,-0.007607798865560764,4,0.008090492650712947,-0.9403381467617246,-0.023464873078144134,0.008249275347022605,observed,-0.004570183038844219,0.07072513585023771,0.47619047619047616
raw_intraday_1,2007Q3,63,-0.018969842835774544,4,0.02453422861597989,-0.7731990735351226,-0.0670560473115671,0.029116361640018015,observed,-0.007084231463396579,0.1271409487902044,0.4444444444444444
raw_intraday_1,2007Q4,64,-0.003407005130435148,4,0.011308562482323557,-0.3012765889352114,-0.02557138031271019,0.018757370051839896,observed,0.0049585436198666,0.10699316682611162,0.546875
raw_intraday_1,2008Q1,61,-0.02477763536502056,4,0.020737775428960978,-1.1948068128087541,-0.06542292832526375,0.01586765759522263,observed,-0.03427196929480707,0.13828869464577653,0.3770491803278688
raw_intraday_1,2008Q2,64,0.003022037644756814,4,0.01619605712822052,0.1865909474653013,-0.02872165101810862,0.03476572630762225,observed,0.008248191885331681,0.1513885010576364,0.53125
raw_intraday_1,2008Q3,64,0.0166173512381395,4,0.031018999549599063,0.5357152545029225,-0.044178770715538815,0.07741347319181782,observed,0.04913869818132957,0.22206267911902997,0.53125
raw_intraday_1,2008Q4,64,-0.04149131076597597,4,0.025543372861835483,-1.6243473792753658,-0.09155540161885133,0.008572780086899393,observed,-0.03940946945855975,0.1709690419089297,0.421875
raw_intraday_1,2009Q1,61,-0.010576102249084843,4,0.021194384542595545,-0.4990049240556836,-0.05211633262706454,0.03096412812889485,observed,0.027012225910836452,0.18513773835596087,0.5081967213114754
raw_intraday_1,2009Q2,63,-0.01102525892772968,4,0.01901065914827355,-0.5799514283927887,-0.048285466180712736,0.026234948325253374,observed,-0.020192535833352496,0.1722916244196414,0.4444444444444444
raw_intraday_1,2009Q3,64,0.008921932900067243,4,0.02134124067887584,0.4180606476594598,-0.032906130215930536,0.05074999601606502,observed,0.015001083309242623,0.14648295871160655,0.5625
raw_intraday_1,2009Q4,64,0.008398972922800067,4,0.01807038173529858,0.4647922244162425,-0.027018324465275554,0.04381627031087569,observed,0.019664143843050916,0.12601667418770657,0.5625
raw_intraday_1,2010Q1,61,0.0003206913412314667,4,0.011762889114743791,0.027262974096177367,-0.0227341476778046,0.023375530360267537,observed,-0.002692346272654205,0.10714734714194181,0.4918032786885246
raw_intraday_1,2010Q2,63,-0.0026487818311940275,4,0.021260001860997132,-0.12458991530256597,-0.04431761979000293,0.039020056127614874,observed,-0.010951950664024141,0.1549108001003099,0.47619047619047616
raw_intraday_1,2010Q3,64,-0.02227062029907178,4,0.012495231367663541,-1.7823295658779081,-0.04676082375818748,0.0022195831600439232,observed,-0.009274132152188681,0.12685399014985074,0.484375
raw_intraday_1,2010Q4,64,0.004013084595261691,4,0.01465393036763792,0.2738572174550713,-0.024708091157266424,0.032734260347789805,observed,-0.007415818256932495,0.09531023264569229,0.4375
raw_intraday_1,2011Q1,62,-0.0113137390687764,4,0.012893723090937515,-0.8774609931500992,-0.03658497195364639,0.013957493816093595,observed,-0.010349848612880803,0.1097448808297477,0.45161290322580644
raw_intraday_1,2011Q2,63,0.02245706627273355,4,0.012381407402128616,1.8137733089109662,-0.0018100463133561735,0.04672417885882327,observed,0.03113104239127558,0.12567834137366107,0.5873015873015873
raw_intraday_1,2011Q3,64,0.005953590700102826,4,0.019118651871675184,0.31140222333998546,-0.03151827840133983,0.04342545980154548,observed,0.021048743159408065,0.1663192134442627,0.53125
raw_intraday_1,2011Q4,63,-0.030181238856666782,4,0.019847907191385166,-1.5206257549293016,-0.06908242212027524,0.008719944406941679,observed,-0.01569340101936211,0.17280266018468263,0.42857142857142855
raw_intraday_1,2012Q1,62,-0.0012866750817272317,4,0.013746526815446447,-0.09360001249780737,-0.028229372552516348,0.025656022389061887,observed,0.013754394410966042,0.11621396907906664,0.5483870967741935
raw_intraday_1,2012Q2,63,-0.01564340015197773,4,0.015186307693223416,-1.0300989857434724,-0.04540801628883917,0.014121215984883712,observed,-0.018134142278441366,0.13284379663108747,0.4126984126984127
raw_intraday_1,2012Q3,63,0.01388262314068322,4,0.01533073640334215,0.9055418327887214,-0.016165068066344518,0.04393031434771096,observed,0.009085597292669936,0.13121612758368864,0.5714285714285714
raw_intraday_1,2012Q4,62,-0.004822612690448281,4,0.008141128865087072,-0.5923764100000769,-0.02077893205951839,0.011133706678621827,observed,0.0012605979618562487,0.06863608084816056,0.5161290322580645
raw_intraday_1,2013Q1,60,0.013268770261562266,4,0.011954037726314691,1.1099822976426972,-0.010160713151847604,0.036698253674972134,observed,0.004803371875445276,0.07658625591635196,0.5166666666666667
raw_intraday_1,2013Q2,64,-0.02273859815550554,4,0.010697576808286096,-2.125584004958277,-0.04370546342159723,-0.0017717328894138497,observed,-0.030893767720047753,0.09060354513309275,0.40625
raw_intraday_1,2013Q3,64,-0.016005147596006936,4,0.01043334911006259,-1.5340373859981877,-0.036454136089862636,0.004443840897848765,observed,-0.014204920545574276,0.07929883074199498,0.421875
raw_intraday_1,2013Q4,64,-0.017698703196383996,4,0.009822154960644541,-1.8019165109183521,-0.03694977316981873,0.0015523667770507357,observed,-0.016253649762566456,0.07685996442921553,0.390625
raw_intraday_1,2014Q1,61,0.012685011990826101,4,0.014990848745800128,0.8461837088697173,-0.016696511648629588,0.04206653563028179,observed,0.017791192669085347,0.10144140994079115,0.5901639344262295
raw_intraday_1,2014Q2,63,-0.02876485168603291,4,0.013396502249184756,-2.1471911959544063,-0.05502151361324486,-0.0025081897588209584,observed,-0.020218971035330397,0.11013525789294258,0.38095238095238093
raw_intraday_1,2014Q3,64,0.006508095522893685,4,0.008713757838624043,0.7468758764498045,-0.010570556010813022,0.023586747056600393,observed,-1.0409484201508327e-05,0.08135311768198607,0.5
raw_intraday_1,2014Q4,64,-0.01967844927932305,4,0.020307791294410113,-0.969009824556337,-0.05948098882192292,0.020124090263276814,observed,-0.015258763530413385,0.13140614239079126,0.421875
raw_intraday_1,2015Q1,61,-0.011259814999895491,4,0.016490508578604925,-0.6828058059109331,-0.043580617900709946,0.02106098790091896,observed,-0.010015813320565156,0.11350035266391788,0.4098360655737705
raw_intraday_1,2015Q2,63,-0.004958929139158482,4,0.00911863465391599,-0.5438236454652643,-0.022831124649012685,0.012913266370695719,observed,-0.015543168355506991,0.09166431216055745,0.4444444444444444
raw_intraday_1,2015Q3,64,0.004409801033793676,4,0.018225183866550636,0.24196195034757093,-0.03131090295626602,0.04013050502385337,observed,0.005131492884291434,0.14116965054468206,0.515625
raw_intraday_1,2015Q4,64,-0.028734008057658345,4,0.011925816208731458,-2.409395512620831,-0.052108178313016014,-0.0053598378023006765,observed,-0.0519302234080374,0.1086247501204383,0.390625
raw_intraday_1,2016Q1,61,-0.009853747806713076,4,0.023034047526792382,-0.4277905476773697,-0.05499965137741005,0.0352921557639839,observed,-0.018797452090797834,0.13338898220497103,0.4098360655737705
raw_intraday_1,2016Q2,64,0.019996073376159527,4,0.012827906015948427,1.5587948143133572,-0.005146160412164081,0.04513830716448314,observed,0.023561274751384895,0.13128251854252182,0.578125
raw_intraday_1,2016Q3,64,0.016156076332954603,4,0.013254694705877926,1.2188946400847716,-0.009822647916639858,0.042134800582549065,observed,0.02984020975378581,0.12632797278869087,0.640625
raw_intraday_1,2016Q4,63,-0.007880070509032139,4,0.01426224301755049,-0.5525127078072691,-0.03583355316218896,0.020073412144124683,observed,-0.016448654486657673,0.10856540193567753,0.4444444444444444
raw_intraday_1,2017Q1,62,-0.008034644092692677,4,0.011104212466492005,-0.7235672153192281,-0.029798500603697688,0.013729212418312334,observed,-0.00505396979424525,0.11353545094183062,0.45161290322580644
raw_intraday_1,2017Q2,63,-0.004321492645731743,4,0.01129461354778368,-0.38261536151272224,-0.026458528418685918,0.017815543127222434,observed,-0.02174260326565313,0.11664412655572069,0.4444444444444444
raw_intraday_1,2017Q3,63,0.0032176656965071685,4,0.014446360330231986,0.22273192852413767,-0.025096680258435686,0.031532011651450025,observed,0.011725057270143955,0.11444607718908484,0.5238095238095238
raw_intraday_1,2017Q4,63,0.0008485631694559408,4,0.013173921030091615,0.06441234675064995,-0.024971847584698434,0.02666897392361032,observed,0.013716004444540571,0.1140994265472817,0.5873015873015873
raw_intraday_1,2018Q1,61,-0.018550539831097255,4,0.009108191323883554,-2.036687545468431,-0.03640226679020921,-0.0006988128719852965,observed,-0.025025785123718752,0.07835507243013577,0.3770491803278688
raw_intraday_1,2018Q2,64,-0.002130459611024536,4,0.01228977364257656,-0.17335222543430698,-0.026217973328624224,0.021957054106575155,observed,-0.005820681169357337,0.1119967466776021,0.484375
raw_intraday_1,2018Q3,63,-0.021166607650278956,4,0.012851649888820782,-1.6469953533896902,-0.04635537857428588,0.004022163273727966,observed,-0.016068276822509674,0.11439464887696471,0.3968253968253968
raw_intraday_1,2018Q4,63,0.008456897496247019,4,0.015054639986085442,0.5617469101927033,-0.021049654676697026,0.03796344966919107,observed,0.03828376468098698,0.14657517244934973,0.5714285714285714
raw_intraday_1,2019Q1,61,-0.016755114363503236,4,0.013585034153545191,-1.233350919410885,-0.04338129203319839,0.009871063306191918,observed,-0.004443846508188962,0.10686481076812258,0.4918032786885246
raw_intraday_1,2019Q2,63,-0.008735614081506235,4,0.017176956745708422,-0.5085658775783309,-0.042401830667097073,0.024930602504084604,observed,-0.01697882096609214,0.12465033788228265,0.4444444444444444
raw_intraday_1,2019Q3,64,0.005597755251764562,4,0.01567694896502284,0.3570691761677497,-0.02512850010715268,0.0363240106106818,observed,0.017058596577675236,0.1294849031671361,0.546875
raw_intraday_1,2019Q4,64,-0.014265979769919213,4,0.013089811829509985,-1.0898536935235117,-0.03992153952016514,0.011389579980326713,observed,-0.018668434627525404,0.09367152798063526,0.4375
