model,signal_date,original_eligible,numeric_labels,predictions,evaluated_pairs,prediction_eligible_pct,evaluation_eligible_pct
raw_reversal,2020-01-02,1076,1075,1076,1075,100.0,99.90706319702602
raw_reversal,2020-01-03,1081,1079,1081,1079,100.0,99.8149861239593
raw_reversal,2020-01-06,1087,1087,1087,1087,100.0,100.0
raw_reversal,2020-01-07,1085,1085,1085,1085,100.0,100.0
raw_reversal,2020-01-08,1080,1080,1080,1080,100.0,100.0
raw_reversal,2020-01-09,1079,1078,1079,1078,100.0,99.90732159406858
raw_reversal,2020-01-10,1080,1080,1080,1080,100.0,100.0
raw_reversal,2020-01-13,1081,1081,1081,1081,100.0,100.0
raw_reversal,2020-01-14,1086,1085,1086,1085,100.0,99.90791896869244
raw_reversal,2020-01-15,1079,1077,1079,1077,100.0,99.81464318813717
raw_reversal,2020-01-16,1076,1075,1076,1075,100.0,99.90706319702602
raw_reversal,2020-01-17,1072,1071,1072,1071,100.0,99.90671641791045
raw_reversal,2020-01-21,1075,1074,1075,1074,100.0,99.90697674418605
raw_reversal,2020-01-22,1037,1035,1037,1035,100.0,99.80713596914175
raw_reversal,2020-01-23,1046,1045,1046,1045,100.0,99.90439770554494
raw_reversal,2020-01-24,1055,1055,1055,1055,100.0,100.0
raw_reversal,2020-01-27,1065,1065,1065,1065,100.0,100.0
raw_reversal,2020-01-28,1069,1069,1069,1069,100.0,100.0
raw_reversal,2020-01-29,1070,1070,1070,1070,100.0,100.0
raw_reversal,2020-01-30,1073,1073,1073,1073,100.0,100.0
raw_reversal,2020-01-31,1081,1081,1081,1081,100.0,100.0
raw_reversal,2020-02-03,1084,1084,1084,1084,100.0,100.0
raw_reversal,2020-02-04,1086,1086,1086,1086,100.0,100.0
raw_reversal,2020-02-05,1090,1090,1090,1090,100.0,100.0
raw_reversal,2020-02-06,1097,1097,1097,1097,100.0,100.0
raw_reversal,2020-02-07,1096,1096,1096,1096,100.0,100.0
raw_reversal,2020-02-10,1094,1094,1094,1094,100.0,100.0
raw_reversal,2020-02-11,1092,1092,1092,1092,100.0,100.0
raw_reversal,2020-02-12,1100,1100,1100,1100,100.0,100.0
raw_reversal,2020-02-13,1098,1098,1098,1098,100.0,100.0
raw_reversal,2020-02-14,1095,1095,1095,1095,100.0,100.0
raw_reversal,2020-02-18,1100,1100,1100,1100,100.0,100.0
raw_reversal,2020-02-19,1096,1095,1096,1095,100.0,99.9087591240876
raw_reversal,2020-02-20,1099,1099,1099,1099,100.0,100.0
raw_reversal,2020-02-21,1097,1097,1097,1097,100.0,100.0
raw_reversal,2020-02-24,1097,1097,1097,1097,100.0,100.0
raw_reversal,2020-02-25,1105,1105,1105,1105,100.0,100.0
raw_reversal,2020-02-26,1108,1108,1108,1108,100.0,100.0
raw_reversal,2020-02-27,1127,1127,1127,1127,100.0,100.0
raw_reversal,2020-02-28,1145,1145,1145,1145,100.0,100.0
raw_reversal,2020-03-02,1153,1153,1153,1153,100.0,100.0
raw_reversal,2020-03-03,1154,1154,1154,1154,100.0,100.0
raw_reversal,2020-03-04,1157,1157,1157,1157,100.0,100.0
raw_reversal,2020-03-05,1153,1153,1153,1153,100.0,100.0
raw_reversal,2020-03-06,1153,1152,1153,1152,100.0,99.91326973113617
raw_reversal,2020-03-09,1141,1141,1141,1141,100.0,100.0
raw_reversal,2020-03-10,1147,1147,1147,1147,100.0,100.0
raw_reversal,2020-03-11,1140,1140,1140,1140,100.0,100.0
raw_reversal,2020-03-12,1117,1117,1117,1117,100.0,100.0
raw_reversal,2020-03-13,1132,1131,1132,1131,100.0,99.91166077738517
raw_reversal,2020-03-16,1111,1111,1111,1111,100.0,100.0
raw_reversal,2020-03-17,1116,1116,1116,1116,100.0,100.0
raw_reversal,2020-03-18,1086,1086,1086,1086,100.0,100.0
raw_reversal,2020-03-19,1118,1118,1118,1118,100.0,100.0
raw_reversal,2020-03-20,1121,1121,1121,1121,100.0,100.0
raw_reversal,2020-03-23,1116,1115,1116,1115,100.0,99.91039426523298
raw_reversal,2020-03-24,1157,1156,1157,1156,100.0,99.91356957649093
raw_reversal,2020-03-25,1163,1162,1163,1162,100.0,99.91401547721411
raw_reversal,2020-03-26,1167,1164,1167,1164,100.0,99.74293059125964
raw_reversal,2020-03-27,1146,1142,1146,1142,100.0,99.65095986038395
raw_reversal,2020-03-30,1135,1132,1135,1132,100.0,99.73568281938326
raw_reversal,2020-03-31,1130,1127,1130,1127,100.0,99.73451327433628
raw_reversal,2020-04-01,1110,1107,1110,1107,100.0,99.72972972972973
raw_reversal,2020-04-02,1110,1109,1110,1109,100.0,99.90990990990991
raw_reversal,2020-04-03,1101,1101,1100,1100,99.90917347865577,99.90917347865577
raw_reversal,2020-04-06,1115,1114,1114,1113,99.91031390134529,99.82062780269058
raw_reversal,2020-04-07,1113,1113,1112,1112,99.91015274034142,99.91015274034142
raw_reversal,2020-04-08,1117,1117,1116,1116,99.91047448522829,99.91047448522829
raw_reversal,2020-04-09,1110,1109,1109,1108,99.90990990990991,99.81981981981981
raw_reversal,2020-04-13,1100,1099,1100,1099,100.0,99.9090909090909
raw_reversal,2020-04-14,1098,1097,1098,1097,100.0,99.90892531876139
raw_reversal,2020-04-15,1080,1078,1080,1078,100.0,99.81481481481481
raw_reversal,2020-04-16,1066,1064,1066,1064,100.0,99.81238273921201
raw_reversal,2020-04-17,1067,1067,1067,1067,100.0,100.0
raw_reversal,2020-04-20,1053,1053,1052,1052,99.90503323836657,99.90503323836657
raw_reversal,2020-04-21,1047,1047,1046,1046,99.90448901623687,99.90448901623687
raw_reversal,2020-04-22,1040,1040,1039,1039,99.90384615384616,99.90384615384616
raw_reversal,2020-04-23,1028,1028,1027,1027,99.90272373540856,99.90272373540856
raw_reversal,2020-04-24,1026,1026,1025,1025,99.90253411306043,99.90253411306043
raw_reversal,2020-04-27,1029,1029,1029,1029,100.0,100.0
raw_reversal,2020-04-28,1031,1031,1031,1031,100.0,100.0
raw_reversal,2020-04-29,1049,1049,1049,1049,100.0,100.0
raw_reversal,2020-04-30,1056,1056,1056,1056,100.0,100.0
raw_reversal,2020-05-01,1051,1051,1051,1051,100.0,100.0
raw_reversal,2020-05-04,1048,1048,1048,1048,100.0,100.0
raw_reversal,2020-05-05,1045,1045,1045,1045,100.0,100.0
raw_reversal,2020-05-06,1044,1044,1044,1044,100.0,100.0
raw_reversal,2020-05-07,1048,1048,1048,1048,100.0,100.0
raw_reversal,2020-05-08,1052,1050,1052,1050,100.0,99.80988593155894
raw_reversal,2020-05-11,1058,1056,1058,1056,100.0,99.8109640831758
raw_reversal,2020-05-12,1057,1055,1057,1055,100.0,99.81078524124882
raw_reversal,2020-05-13,1062,1060,1062,1060,100.0,99.81167608286252
raw_reversal,2020-05-14,1067,1065,1067,1065,100.0,99.81255857544517
raw_reversal,2020-05-15,1067,1067,1067,1067,100.0,100.0
raw_reversal,2020-05-18,1076,1076,1074,1074,99.81412639405204,99.81412639405204
raw_reversal,2020-05-19,1077,1077,1075,1075,99.81429897864439,99.81429897864439
raw_reversal,2020-05-20,1083,1083,1081,1081,99.81532779316713,99.81532779316713
raw_reversal,2020-05-21,1083,1083,1081,1081,99.81532779316713,99.81532779316713
raw_reversal,2020-05-22,1082,1082,1080,1080,99.81515711645102,99.81515711645102
raw_reversal,2020-05-26,1092,1092,1092,1092,100.0,100.0
raw_reversal,2020-05-27,1104,1104,1104,1104,100.0,100.0
raw_reversal,2020-05-28,1092,1091,1092,1091,100.0,99.9084249084249
raw_reversal,2020-05-29,1093,1093,1093,1093,100.0,100.0
raw_reversal,2020-06-01,1097,1097,1097,1097,100.0,100.0
raw_reversal,2020-06-02,1102,1102,1102,1102,100.0,100.0
raw_reversal,2020-06-03,1107,1107,1107,1107,100.0,100.0
raw_reversal,2020-06-04,1109,1109,1109,1109,100.0,100.0
raw_reversal,2020-06-05,1117,1117,1117,1117,100.0,100.0
raw_reversal,2020-06-08,1128,1128,1128,1128,100.0,100.0
raw_reversal,2020-06-09,1117,1117,1117,1117,100.0,100.0
raw_reversal,2020-06-10,1116,1116,1116,1116,100.0,100.0
raw_reversal,2020-06-11,1112,1112,1112,1112,100.0,100.0
raw_reversal,2020-06-12,1121,1119,1121,1119,100.0,99.82158786797503
raw_reversal,2020-06-15,1123,1122,1123,1122,100.0,99.91095280498665
raw_reversal,2020-06-16,1128,1126,1128,1126,100.0,99.822695035461
raw_reversal,2020-06-17,1124,1122,1124,1122,100.0,99.8220640569395
raw_reversal,2020-06-18,1126,1124,1126,1124,100.0,99.82238010657194
raw_reversal,2020-06-19,1148,1146,1148,1146,100.0,99.82578397212544
raw_reversal,2020-06-22,1155,1154,1155,1154,100.0,99.91341991341992
raw_reversal,2020-06-23,1160,1159,1160,1159,100.0,99.91379310344827
raw_reversal,2020-06-24,1157,1155,1156,1154,99.91356957649093,99.74070872947277
raw_reversal,2020-06-25,1160,1158,1159,1157,99.91379310344827,99.74137931034483
raw_reversal,2020-06-26,1165,1163,1164,1162,99.91416309012875,99.74248927038627
raw_reversal,2020-06-29,1174,1171,1173,1170,99.91482112436115,99.65928449744463
raw_reversal,2020-06-30,1185,1183,1184,1182,99.915611814346,99.74683544303798
raw_reversal,2020-07-01,1175,1173,1174,1172,99.91489361702128,99.74468085106383
raw_reversal,2020-07-02,1167,1167,1166,1166,99.91431019708655,99.91431019708655
raw_reversal,2020-07-06,1163,1163,1162,1162,99.91401547721411,99.91401547721411
raw_reversal,2020-07-07,1159,1159,1158,1158,99.9137187230371,99.9137187230371
raw_reversal,2020-07-08,1163,1163,1162,1162,99.91401547721411,99.91401547721411
raw_reversal,2020-07-09,1153,1153,1153,1153,100.0,100.0
raw_reversal,2020-07-10,1143,1143,1143,1143,100.0,100.0
raw_reversal,2020-07-13,1144,1143,1144,1143,100.0,99.91258741258741
raw_reversal,2020-07-14,1140,1139,1140,1139,100.0,99.91228070175438
raw_reversal,2020-07-15,1149,1148,1149,1148,100.0,99.91296779808529
raw_reversal,2020-07-16,1141,1140,1141,1140,100.0,99.91235758106924
raw_reversal,2020-07-17,1138,1137,1138,1137,100.0,99.91212653778558
raw_reversal,2020-07-20,1106,1105,1106,1105,100.0,99.90958408679927
raw_reversal,2020-07-21,1104,1104,1104,1104,100.0,100.0
raw_reversal,2020-07-22,1101,1101,1101,1101,100.0,100.0
raw_reversal,2020-07-23,1101,1101,1101,1101,100.0,100.0
raw_reversal,2020-07-24,1097,1096,1097,1096,100.0,99.90884229717412
raw_reversal,2020-07-27,1058,1057,1058,1057,100.0,99.9054820415879
raw_reversal,2020-07-28,1057,1056,1057,1056,100.0,99.90539262062441
raw_reversal,2020-07-29,1056,1054,1056,1054,100.0,99.81060606060606
raw_reversal,2020-07-30,1051,1050,1051,1050,100.0,99.90485252140819
raw_reversal,2020-07-31,1057,1056,1057,1056,100.0,99.90539262062441
raw_reversal,2020-08-03,1061,1061,1061,1061,100.0,100.0
raw_reversal,2020-08-04,1064,1064,1064,1064,100.0,100.0
raw_reversal,2020-08-05,1072,1072,1072,1072,100.0,100.0
raw_reversal,2020-08-06,1081,1081,1081,1081,100.0,100.0
raw_reversal,2020-08-07,1094,1094,1094,1094,100.0,100.0
raw_reversal,2020-08-10,1098,1098,1098,1098,100.0,100.0
raw_reversal,2020-08-11,1099,1099,1099,1099,100.0,100.0
raw_reversal,2020-08-12,1107,1107,1107,1107,100.0,100.0
raw_reversal,2020-08-13,1109,1109,1109,1109,100.0,100.0
raw_reversal,2020-08-14,1103,1102,1103,1102,100.0,99.90933816863101
raw_reversal,2020-08-17,1105,1104,1105,1104,100.0,99.90950226244344
raw_reversal,2020-08-18,1103,1102,1103,1102,100.0,99.90933816863101
raw_reversal,2020-08-19,1103,1101,1103,1101,100.0,99.81867633726202
raw_reversal,2020-08-20,1097,1095,1097,1095,100.0,99.81768459434822
raw_reversal,2020-08-21,1100,1098,1100,1098,100.0,99.81818181818181
raw_reversal,2020-08-24,1100,1099,1100,1099,100.0,99.9090909090909
raw_reversal,2020-08-25,1096,1095,1096,1095,100.0,99.9087591240876
raw_reversal,2020-08-26,1095,1095,1094,1094,99.90867579908675,99.90867579908675
raw_reversal,2020-08-27,1090,1090,1088,1088,99.81651376146789,99.81651376146789
raw_reversal,2020-08-28,1077,1076,1075,1074,99.81429897864439,99.72144846796657
raw_reversal,2020-08-31,1074,1074,1072,1072,99.81378026070763,99.81378026070763
raw_reversal,2020-09-01,1073,1073,1072,1072,99.90680335507922,99.90680335507922
raw_reversal,2020-09-02,1071,1071,1070,1070,99.90662931839402,99.90662931839402
raw_reversal,2020-09-03,1064,1064,1064,1064,100.0,100.0
raw_reversal,2020-09-04,1060,1059,1060,1059,100.0,99.90566037735849
raw_reversal,2020-09-08,1054,1053,1054,1053,100.0,99.90512333965845
raw_reversal,2020-09-09,1057,1056,1057,1056,100.0,99.90539262062441
raw_reversal,2020-09-10,1050,1049,1050,1049,100.0,99.9047619047619
raw_reversal,2020-09-11,1045,1044,1045,1044,100.0,99.90430622009569
raw_reversal,2020-09-14,1052,1052,1052,1052,100.0,100.0
raw_reversal,2020-09-15,1051,1051,1050,1050,99.90485252140819,99.90485252140819
raw_reversal,2020-09-16,1061,1061,1060,1060,99.9057492931197,99.9057492931197
raw_reversal,2020-09-17,1066,1066,1065,1065,99.906191369606,99.906191369606
raw_reversal,2020-09-18,1108,1108,1107,1107,99.90974729241877,99.90974729241877
raw_reversal,2020-09-21,1111,1111,1110,1110,99.9099909990999,99.9099909990999
raw_reversal,2020-09-22,1121,1121,1121,1121,100.0,100.0
raw_reversal,2020-09-23,1118,1118,1118,1118,100.0,100.0
raw_reversal,2020-09-24,1116,1115,1116,1115,100.0,99.91039426523298
raw_reversal,2020-09-25,1125,1122,1125,1122,100.0,99.73333333333333
raw_reversal,2020-09-28,1130,1127,1130,1127,100.0,99.73451327433628
raw_reversal,2020-09-29,1122,1119,1122,1119,100.0,99.73262032085562
raw_reversal,2020-09-30,1130,1125,1130,1125,100.0,99.5575221238938
raw_reversal,2020-10-01,1132,1127,1132,1127,100.0,99.5583038869258
raw_reversal,2020-10-02,1129,1125,1129,1125,100.0,99.64570416297609
raw_reversal,2020-10-05,1134,1131,1134,1131,100.0,99.73544973544973
raw_reversal,2020-10-06,1141,1139,1141,1139,100.0,99.82471516213847
raw_reversal,2020-10-07,1146,1144,1146,1144,100.0,99.82547993019197
raw_reversal,2020-10-08,1146,1146,1146,1146,100.0,100.0
raw_reversal,2020-10-09,1137,1137,1136,1136,99.91204925241864,99.91204925241864
raw_reversal,2020-10-12,1139,1138,1138,1137,99.91220368744513,99.82440737489026
raw_reversal,2020-10-13,1133,1133,1132,1132,99.9117387466902,99.9117387466902
raw_reversal,2020-10-14,1120,1120,1119,1119,99.91071428571429,99.91071428571429
raw_reversal,2020-10-15,1116,1116,1115,1115,99.91039426523298,99.91039426523298
raw_reversal,2020-10-16,1074,1074,1074,1074,100.0,100.0
raw_reversal,2020-10-19,1065,1065,1065,1065,100.0,100.0
raw_reversal,2020-10-20,1061,1061,1061,1061,100.0,100.0
raw_reversal,2020-10-21,1053,1053,1053,1053,100.0,100.0
raw_reversal,2020-10-22,1058,1056,1058,1056,100.0,99.8109640831758
raw_reversal,2020-10-23,1061,1060,1061,1060,100.0,99.9057492931197
raw_reversal,2020-10-26,1059,1058,1059,1058,100.0,99.90557129367328
raw_reversal,2020-10-27,1065,1064,1065,1064,100.0,99.90610328638498
raw_reversal,2020-10-28,1066,1065,1066,1065,100.0,99.906191369606
raw_reversal,2020-10-29,1075,1073,1075,1073,100.0,99.81395348837209
raw_reversal,2020-10-30,1084,1084,1084,1084,100.0,100.0
raw_reversal,2020-11-02,1084,1084,1084,1084,100.0,100.0
raw_reversal,2020-11-03,1085,1085,1085,1085,100.0,100.0
raw_reversal,2020-11-04,1083,1083,1083,1083,100.0,100.0
raw_reversal,2020-11-05,1094,1093,1094,1093,100.0,99.90859232175502
raw_reversal,2020-11-06,1101,1101,1101,1101,100.0,100.0
raw_reversal,2020-11-09,1125,1124,1124,1123,99.91111111111111,99.82222222222222
raw_reversal,2020-11-10,1139,1138,1138,1137,99.91220368744513,99.82440737489026
raw_reversal,2020-11-11,1144,1143,1143,1142,99.91258741258741,99.82517482517483
raw_reversal,2020-11-12,1146,1145,1145,1144,99.91273996509598,99.82547993019197
raw_reversal,2020-11-13,1150,1149,1149,1148,99.91304347826087,99.82608695652173
raw_reversal,2020-11-16,1163,1162,1163,1162,100.0,99.91401547721411
raw_reversal,2020-11-17,1166,1166,1165,1165,99.91423670668954,99.91423670668954
raw_reversal,2020-11-18,1179,1179,1178,1178,99.91518235793045,99.91518235793045
raw_reversal,2020-11-19,1182,1182,1181,1181,99.91539763113367,99.91539763113367
raw_reversal,2020-11-20,1190,1188,1189,1187,99.91596638655462,99.74789915966386
raw_reversal,2020-11-23,1195,1193,1194,1192,99.9163179916318,99.7489539748954
raw_reversal,2020-11-24,1197,1195,1197,1195,100.0,99.83291562238931
raw_reversal,2020-11-25,1198,1196,1198,1196,100.0,99.8330550918197
raw_reversal,2020-11-27,1192,1190,1192,1190,100.0,99.83221476510067
raw_reversal,2020-11-30,1188,1188,1188,1188,100.0,100.0
raw_reversal,2020-12-01,1192,1192,1190,1190,99.83221476510067,99.83221476510067
raw_reversal,2020-12-02,1199,1199,1197,1197,99.83319432860718,99.83319432860718
raw_reversal,2020-12-03,1200,1200,1198,1198,99.83333333333333,99.83333333333333
raw_reversal,2020-12-04,1201,1201,1199,1199,99.83347210657786,99.83347210657786
raw_reversal,2020-12-07,1209,1209,1207,1207,99.83457402812242,99.83457402812242
raw_reversal,2020-12-08,1197,1197,1197,1197,100.0,100.0
raw_reversal,2020-12-09,1197,1197,1197,1197,100.0,100.0
raw_reversal,2020-12-10,1199,1199,1199,1199,100.0,100.0
raw_reversal,2020-12-11,1198,1197,1198,1197,100.0,99.91652754590984
raw_reversal,2020-12-14,1206,1204,1206,1204,100.0,99.83416252072969
raw_reversal,2020-12-15,1203,1202,1203,1202,100.0,99.91687448046551
raw_reversal,2020-12-16,1203,1202,1203,1202,100.0,99.91687448046551
raw_reversal,2020-12-17,1206,1205,1206,1205,100.0,99.91708126036484
raw_reversal,2020-12-18,1271,1270,1271,1270,100.0,99.9213217938631
raw_reversal,2020-12-21,1277,1277,1277,1277,100.0,100.0
raw_reversal,2020-12-22,1272,1272,1272,1272,100.0,100.0
raw_reversal,2020-12-23,1266,1264,1266,1264,100.0,99.84202211690364
raw_reversal,2020-12-24,1245,1244,1245,1244,100.0,99.91967871485944
raw_reversal,2020-12-28,1262,1261,1262,1261,100.0,99.92076069730587
raw_reversal,2020-12-29,1248,1246,1248,1246,100.0,99.83974358974359
raw_reversal,2020-12-30,1242,1240,1242,1240,100.0,99.8389694041868
raw_reversal,2020-12-31,1244,1241,1244,1241,100.0,99.7588424437299
raw_reversal,2021-01-04,1253,1252,1253,1252,100.0,99.92019154030328
raw_reversal,2021-01-05,1259,1257,1259,1257,100.0,99.84114376489278
raw_reversal,2021-01-06,1276,1273,1276,1273,100.0,99.76489028213166
raw_reversal,2021-01-07,1280,1279,1280,1279,100.0,99.921875
raw_reversal,2021-01-08,1281,1279,1281,1279,100.0,99.84387197501951
raw_reversal,2021-01-11,1287,1285,1287,1285,100.0,99.84459984459984
raw_reversal,2021-01-12,1290,1288,1290,1288,100.0,99.84496124031008
raw_reversal,2021-01-13,1286,1284,1286,1284,100.0,99.84447900466563
raw_reversal,2021-01-14,1301,1300,1301,1300,100.0,99.92313604919293
raw_reversal,2021-01-15,1297,1296,1297,1296,100.0,99.92289899768697
raw_reversal,2021-01-19,1303,1303,1303,1303,100.0,100.0
raw_reversal,2021-01-20,1258,1258,1258,1258,100.0,100.0
raw_reversal,2021-01-21,1254,1254,1254,1254,100.0,100.0
raw_reversal,2021-01-22,1253,1253,1253,1253,100.0,100.0
raw_reversal,2021-01-25,1265,1264,1265,1264,100.0,99.9209486166008
raw_reversal,2021-01-26,1279,1278,1279,1278,100.0,99.92181391712275
raw_reversal,2021-01-27,1304,1303,1304,1303,100.0,99.92331288343559
raw_reversal,2021-01-28,1314,1313,1314,1313,100.0,99.92389649923896
raw_reversal,2021-01-29,1333,1332,1333,1332,100.0,99.92498124531133
raw_reversal,2021-02-01,1350,1350,1350,1350,100.0,100.0
raw_reversal,2021-02-02,1348,1348,1347,1347,99.92581602373888,99.92581602373888
raw_reversal,2021-02-03,1356,1356,1355,1355,99.92625368731564,99.92625368731564
raw_reversal,2021-02-04,1344,1344,1343,1343,99.92559523809524,99.92559523809524
raw_reversal,2021-02-05,1341,1341,1340,1340,99.92542878448918,99.92542878448918
raw_reversal,2021-02-08,1348,1347,1347,1346,99.92581602373888,99.85163204747775
raw_reversal,2021-02-09,1350,1350,1350,1350,100.0,100.0
raw_reversal,2021-02-10,1348,1347,1348,1347,100.0,99.92581602373888
raw_reversal,2021-02-11,1349,1349,1349,1349,100.0,100.0
raw_reversal,2021-02-12,1347,1347,1347,1347,100.0,100.0
raw_reversal,2021-02-16,1352,1352,1352,1352,100.0,100.0
raw_reversal,2021-02-17,1351,1351,1351,1351,100.0,100.0
raw_reversal,2021-02-18,1349,1349,1349,1349,100.0,100.0
raw_reversal,2021-02-19,1354,1353,1354,1353,100.0,99.9261447562777
raw_reversal,2021-02-22,1356,1355,1356,1355,100.0,99.92625368731564
raw_reversal,2021-02-23,1358,1357,1358,1357,100.0,99.92636229749631
raw_reversal,2021-02-24,1364,1363,1364,1363,100.0,99.9266862170088
raw_reversal,2021-02-25,1360,1359,1360,1359,100.0,99.92647058823529
raw_reversal,2021-02-26,1359,1357,1359,1357,100.0,99.85283296541574
raw_reversal,2021-03-01,1357,1357,1357,1357,100.0,100.0
raw_reversal,2021-03-02,1362,1362,1362,1362,100.0,100.0
raw_reversal,2021-03-03,1362,1362,1362,1362,100.0,100.0
raw_reversal,2021-03-04,1368,1368,1368,1368,100.0,100.0
raw_reversal,2021-03-05,1371,1371,1371,1371,100.0,100.0
raw_reversal,2021-03-08,1379,1379,1379,1379,100.0,100.0
raw_reversal,2021-03-09,1388,1388,1388,1388,100.0,100.0
raw_reversal,2021-03-10,1393,1393,1393,1393,100.0,100.0
raw_reversal,2021-03-11,1400,1400,1400,1400,100.0,100.0
raw_reversal,2021-03-12,1403,1402,1403,1402,100.0,99.92872416250891
raw_reversal,2021-03-15,1407,1407,1407,1407,100.0,100.0
raw_reversal,2021-03-16,1408,1408,1408,1408,100.0,100.0
raw_reversal,2021-03-17,1410,1410,1410,1410,100.0,100.0
raw_reversal,2021-03-18,1412,1412,1412,1412,100.0,100.0
raw_reversal,2021-03-19,1459,1459,1459,1459,100.0,100.0
raw_reversal,2021-03-22,1455,1455,1455,1455,100.0,100.0
raw_reversal,2021-03-23,1450,1449,1450,1449,100.0,99.93103448275862
raw_reversal,2021-03-24,1453,1452,1453,1452,100.0,99.93117687543014
raw_reversal,2021-03-25,1456,1455,1456,1455,100.0,99.93131868131869
raw_reversal,2021-03-26,1446,1444,1446,1444,100.0,99.86168741355463
raw_reversal,2021-03-29,1442,1441,1442,1441,100.0,99.93065187239945
raw_reversal,2021-03-30,1441,1440,1441,1440,100.0,99.93060374739764
raw_reversal,2021-03-31,1449,1448,1449,1448,100.0,99.93098688750862
raw_reversal,2021-04-01,1433,1433,1433,1433,100.0,100.0
raw_reversal,2021-04-05,1421,1420,1421,1420,100.0,99.92962702322308
raw_reversal,2021-04-06,1416,1416,1416,1416,100.0,100.0
raw_reversal,2021-04-07,1404,1404,1404,1404,100.0,100.0
raw_reversal,2021-04-08,1406,1406,1406,1406,100.0,100.0
raw_reversal,2021-04-09,1399,1399,1399,1399,100.0,100.0
raw_reversal,2021-04-12,1393,1393,1393,1393,100.0,100.0
raw_reversal,2021-04-13,1393,1392,1393,1392,100.0,99.92821249102656
raw_reversal,2021-04-14,1382,1379,1382,1379,100.0,99.78292329956585
raw_reversal,2021-04-15,1375,1373,1375,1373,100.0,99.85454545454546
raw_reversal,2021-04-16,1360,1359,1360,1359,100.0,99.92647058823529
raw_reversal,2021-04-19,1308,1307,1308,1307,100.0,99.92354740061162
raw_reversal,2021-04-20,1304,1302,1304,1302,100.0,99.84662576687117
raw_reversal,2021-04-21,1304,1302,1304,1302,100.0,99.84662576687117
raw_reversal,2021-04-22,1295,1295,1295,1295,100.0,100.0
raw_reversal,2021-04-23,1287,1287,1287,1287,100.0,100.0
raw_reversal,2021-04-26,1289,1289,1289,1289,100.0,100.0
raw_reversal,2021-04-27,1278,1278,1278,1278,100.0,100.0
raw_reversal,2021-04-28,1280,1278,1280,1278,100.0,99.84375
raw_reversal,2021-04-29,1267,1267,1267,1267,100.0,100.0
raw_reversal,2021-04-30,1270,1270,1270,1270,100.0,100.0
raw_reversal,2021-05-03,1265,1265,1265,1265,100.0,100.0
raw_reversal,2021-05-04,1274,1274,1274,1274,100.0,100.0
raw_reversal,2021-05-05,1282,1281,1282,1281,100.0,99.9219968798752
raw_reversal,2021-05-06,1295,1293,1294,1292,99.92277992277992,99.76833976833977
raw_reversal,2021-05-07,1300,1299,1300,1299,100.0,99.92307692307692
raw_reversal,2021-05-10,1310,1309,1310,1309,100.0,99.92366412213741
raw_reversal,2021-05-11,1319,1318,1319,1318,100.0,99.92418498862774
raw_reversal,2021-05-12,1324,1323,1324,1323,100.0,99.92447129909365
raw_reversal,2021-05-13,1329,1328,1329,1328,100.0,99.9247554552295
raw_reversal,2021-05-14,1337,1337,1337,1337,100.0,100.0
raw_reversal,2021-05-17,1326,1325,1326,1325,100.0,99.92458521870286
raw_reversal,2021-05-18,1331,1330,1331,1330,100.0,99.92486851990984
raw_reversal,2021-05-19,1326,1325,1326,1325,100.0,99.92458521870286
raw_reversal,2021-05-20,1331,1330,1331,1330,100.0,99.92486851990984
raw_reversal,2021-05-21,1332,1331,1332,1331,100.0,99.92492492492492
raw_reversal,2021-05-24,1327,1325,1327,1325,100.0,99.8492840994725
raw_reversal,2021-05-25,1328,1326,1327,1325,99.92469879518072,99.77409638554217
raw_reversal,2021-05-26,1332,1330,1331,1329,99.92492492492492,99.77477477477477
raw_reversal,2021-05-27,1340,1337,1339,1336,99.92537313432835,99.70149253731343
raw_reversal,2021-05-28,1334,1331,1333,1330,99.92503748125937,99.70014992503748
raw_reversal,2021-06-01,1332,1328,1331,1327,99.92492492492492,99.62462462462463
raw_reversal,2021-06-02,1336,1334,1336,1334,100.0,99.8502994011976
raw_reversal,2021-06-03,1332,1328,1331,1327,99.92492492492492,99.62462462462463
raw_reversal,2021-06-04,1322,1319,1321,1318,99.92435703479576,99.69742813918306
raw_reversal,2021-06-07,1319,1316,1318,1315,99.92418498862774,99.69673995451099
raw_reversal,2021-06-08,1324,1321,1323,1320,99.92447129909365,99.69788519637463
raw_reversal,2021-06-09,1321,1319,1320,1318,99.92429977289932,99.77289931869795
raw_reversal,2021-06-10,1315,1314,1315,1314,100.0,99.92395437262357
raw_reversal,2021-06-11,1302,1301,1302,1301,100.0,99.92319508448541
raw_reversal,2021-06-14,1308,1307,1308,1307,100.0,99.92354740061162
raw_reversal,2021-06-15,1312,1312,1311,1311,99.92378048780488,99.92378048780488
raw_reversal,2021-06-16,1312,1312,1312,1312,100.0,100.0
raw_reversal,2021-06-17,1317,1317,1317,1317,100.0,100.0
raw_reversal,2021-06-18,1336,1336,1336,1336,100.0,100.0
raw_reversal,2021-06-21,1346,1345,1346,1345,100.0,99.92570579494799
raw_reversal,2021-06-22,1352,1352,1352,1352,100.0,100.0
raw_reversal,2021-06-23,1353,1351,1353,1351,100.0,99.85218033998522
raw_reversal,2021-06-24,1352,1350,1352,1350,100.0,99.85207100591715
raw_reversal,2021-06-25,1404,1402,1404,1402,100.0,99.85754985754986
raw_reversal,2021-06-28,1406,1404,1406,1404,100.0,99.85775248933143
raw_reversal,2021-06-29,1407,1405,1407,1405,100.0,99.85785358919688
raw_reversal,2021-06-30,1406,1404,1406,1404,100.0,99.85775248933143
raw_reversal,2021-07-01,1402,1402,1401,1401,99.9286733238231,99.9286733238231
raw_reversal,2021-07-02,1397,1397,1396,1396,99.92841803865426,99.92841803865426
raw_reversal,2021-07-06,1393,1393,1392,1392,99.92821249102656,99.92821249102656
raw_reversal,2021-07-07,1391,1390,1390,1389,99.92810927390367,99.85621854780733
raw_reversal,2021-07-08,1394,1394,1393,1393,99.92826398852223,99.92826398852223
raw_reversal,2021-07-09,1397,1397,1397,1397,100.0,100.0
raw_reversal,2021-07-12,1397,1397,1397,1397,100.0,100.0
raw_reversal,2021-07-13,1384,1382,1384,1382,100.0,99.85549132947978
raw_reversal,2021-07-14,1378,1374,1378,1374,100.0,99.70972423802613
raw_reversal,2021-07-15,1371,1369,1370,1368,99.927060539752,99.78118161925602
raw_reversal,2021-07-16,1353,1351,1352,1350,99.9260901699926,99.77827050997783
raw_reversal,2021-07-19,1327,1325,1326,1324,99.92464204973625,99.77392614920875
raw_reversal,2021-07-20,1329,1327,1328,1326,99.9247554552295,99.77426636568849
raw_reversal,2021-07-21,1327,1327,1326,1326,99.92464204973625,99.92464204973625
raw_reversal,2021-07-22,1325,1324,1324,1323,99.9245283018868,99.84905660377359
raw_reversal,2021-07-23,1316,1315,1316,1315,100.0,99.92401215805471
raw_reversal,2021-07-26,1260,1258,1260,1258,100.0,99.84126984126983
raw_reversal,2021-07-27,1255,1253,1255,1253,100.0,99.8406374501992
raw_reversal,2021-07-28,1256,1254,1256,1254,100.0,99.8407643312102
raw_reversal,2021-07-29,1246,1244,1246,1244,100.0,99.83948635634029
raw_reversal,2021-07-30,1237,1236,1237,1236,100.0,99.91915925626516
raw_reversal,2021-08-02,1247,1247,1246,1246,99.91980753809142,99.91980753809142
raw_reversal,2021-08-03,1245,1245,1243,1243,99.83935742971887,99.83935742971887
raw_reversal,2021-08-04,1245,1245,1243,1243,99.83935742971887,99.83935742971887
raw_reversal,2021-08-05,1253,1253,1251,1251,99.84038308060654,99.84038308060654
raw_reversal,2021-08-06,1263,1263,1261,1261,99.84164687252573,99.84164687252573
raw_reversal,2021-08-09,1263,1263,1262,1262,99.92082343626286,99.92082343626286
raw_reversal,2021-08-10,1271,1271,1271,1271,100.0,100.0
raw_reversal,2021-08-11,1274,1274,1274,1274,100.0,100.0
raw_reversal,2021-08-12,1274,1274,1274,1274,100.0,100.0
raw_reversal,2021-08-13,1264,1264,1264,1264,100.0,100.0
raw_reversal,2021-08-16,1254,1254,1254,1254,100.0,100.0
raw_reversal,2021-08-17,1242,1242,1242,1242,100.0,100.0
raw_reversal,2021-08-18,1241,1240,1241,1240,100.0,99.91941982272361
raw_reversal,2021-08-19,1241,1240,1241,1240,100.0,99.91941982272361
raw_reversal,2021-08-20,1249,1248,1249,1248,100.0,99.919935948759
raw_reversal,2021-08-23,1253,1252,1253,1252,100.0,99.92019154030328
raw_reversal,2021-08-24,1246,1245,1246,1245,100.0,99.91974317817015
raw_reversal,2021-08-25,1238,1235,1238,1235,100.0,99.75767366720517
raw_reversal,2021-08-26,1236,1235,1236,1235,100.0,99.91909385113269
raw_reversal,2021-08-27,1236,1235,1236,1235,100.0,99.91909385113269
raw_reversal,2021-08-30,1231,1229,1231,1229,100.0,99.83753046303818
raw_reversal,2021-08-31,1237,1236,1237,1236,100.0,99.91915925626516
raw_reversal,2021-09-01,1238,1237,1238,1237,100.0,99.91922455573506
raw_reversal,2021-09-02,1233,1233,1233,1233,100.0,100.0
raw_reversal,2021-09-03,1232,1232,1232,1232,100.0,100.0
raw_reversal,2021-09-07,1228,1228,1228,1228,100.0,100.0
raw_reversal,2021-09-08,1224,1224,1224,1224,100.0,100.0
raw_reversal,2021-09-09,1224,1224,1224,1224,100.0,100.0
raw_reversal,2021-09-10,1231,1231,1231,1231,100.0,100.0
raw_reversal,2021-09-13,1236,1235,1236,1235,100.0,99.91909385113269
raw_reversal,2021-09-14,1239,1239,1239,1239,100.0,100.0
raw_reversal,2021-09-15,1256,1256,1256,1256,100.0,100.0
raw_reversal,2021-09-16,1262,1262,1262,1262,100.0,100.0
raw_reversal,2021-09-17,1324,1324,1324,1324,100.0,100.0
raw_reversal,2021-09-20,1330,1330,1330,1330,100.0,100.0
raw_reversal,2021-09-21,1328,1327,1328,1327,100.0,99.92469879518072
raw_reversal,2021-09-22,1321,1321,1321,1321,100.0,100.0
raw_reversal,2021-09-23,1325,1323,1325,1323,100.0,99.84905660377359
raw_reversal,2021-09-24,1336,1334,1336,1334,100.0,99.8502994011976
raw_reversal,2021-09-27,1339,1336,1339,1336,100.0,99.77595220313667
raw_reversal,2021-09-28,1342,1339,1342,1339,100.0,99.77645305514157
raw_reversal,2021-09-29,1339,1336,1339,1336,100.0,99.77595220313667
raw_reversal,2021-09-30,1350,1347,1350,1347,100.0,99.77777777777777
raw_reversal,2021-10-01,1357,1355,1356,1354,99.92630803242447,99.7789240972734
raw_reversal,2021-10-04,1352,1350,1351,1349,99.92603550295858,99.77810650887574
raw_reversal,2021-10-05,1355,1354,1353,1352,99.85239852398524,99.77859778597787
raw_reversal,2021-10-06,1351,1350,1349,1348,99.85196150999259,99.7779422649889
raw_reversal,2021-10-07,1355,1354,1353,1352,99.85239852398524,99.77859778597787
raw_reversal,2021-10-08,1348,1348,1346,1346,99.85163204747775,99.85163204747775
raw_reversal,2021-10-11,1342,1342,1340,1340,99.85096870342772,99.85096870342772
raw_reversal,2021-10-12,1340,1340,1339,1339,99.92537313432835,99.92537313432835
raw_reversal,2021-10-13,1335,1335,1334,1334,99.9250936329588,99.9250936329588
raw_reversal,2021-10-14,1332,1331,1331,1330,99.92492492492492,99.84984984984985
raw_reversal,2021-10-15,1267,1267,1267,1267,100.0,100.0
raw_reversal,2021-10-18,1263,1263,1263,1263,100.0,100.0
raw_reversal,2021-10-19,1264,1264,1264,1264,100.0,100.0
raw_reversal,2021-10-20,1263,1263,1263,1263,100.0,100.0
raw_reversal,2021-10-21,1258,1257,1258,1257,100.0,99.92050874403816
raw_reversal,2021-10-22,1252,1250,1252,1250,100.0,99.84025559105432
raw_reversal,2021-10-25,1258,1255,1258,1255,100.0,99.76152623211446
raw_reversal,2021-10-26,1260,1257,1260,1257,100.0,99.76190476190476
raw_reversal,2021-10-27,1259,1255,1259,1255,100.0,99.68228752978554
raw_reversal,2021-10-28,1252,1247,1252,1247,100.0,99.60063897763578
raw_reversal,2021-10-29,1254,1251,1254,1251,100.0,99.76076555023923
raw_reversal,2021-11-01,1259,1257,1259,1257,100.0,99.84114376489278
raw_reversal,2021-11-02,1269,1266,1268,1265,99.92119779353821,99.68479117415288
raw_reversal,2021-11-03,1286,1284,1285,1283,99.92223950233281,99.76671850699844
raw_reversal,2021-11-04,1295,1293,1293,1291,99.84555984555985,99.6911196911197
raw_reversal,2021-11-05,1300,1300,1298,1298,99.84615384615384,99.84615384615384
raw_reversal,2021-11-08,1311,1310,1308,1307,99.77116704805492,99.69488939740656
raw_reversal,2021-11-09,1319,1319,1317,1317,99.8483699772555,99.8483699772555
raw_reversal,2021-11-10,1325,1325,1323,1323,99.84905660377359,99.84905660377359
raw_reversal,2021-11-11,1330,1330,1329,1329,99.92481203007519,99.92481203007519
raw_reversal,2021-11-12,1328,1328,1327,1327,99.92469879518072,99.92469879518072
raw_reversal,2021-11-15,1331,1331,1331,1331,100.0,100.0
raw_reversal,2021-11-16,1338,1338,1338,1338,100.0,100.0
raw_reversal,2021-11-17,1347,1347,1347,1347,100.0,100.0
raw_reversal,2021-11-18,1351,1351,1351,1351,100.0,100.0
raw_reversal,2021-11-19,1356,1355,1356,1355,100.0,99.92625368731564
raw_reversal,2021-11-22,1359,1358,1359,1358,100.0,99.92641648270788
raw_reversal,2021-11-23,1358,1357,1358,1357,100.0,99.92636229749631
raw_reversal,2021-11-24,1360,1360,1360,1360,100.0,100.0
raw_reversal,2021-11-26,1349,1349,1349,1349,100.0,100.0
raw_reversal,2021-11-29,1347,1345,1347,1345,100.0,99.85152190051967
raw_reversal,2021-11-30,1355,1354,1355,1354,100.0,99.92619926199262
raw_reversal,2021-12-01,1356,1355,1356,1355,100.0,99.92625368731564
raw_reversal,2021-12-02,1352,1352,1352,1352,100.0,100.0
raw_reversal,2021-12-03,1345,1345,1345,1345,100.0,100.0
raw_reversal,2021-12-06,1351,1350,1351,1350,100.0,99.9259807549963
raw_reversal,2021-12-07,1356,1353,1356,1353,100.0,99.77876106194691
raw_reversal,2021-12-08,1358,1357,1357,1356,99.92636229749631,99.85272459499264
raw_reversal,2021-12-09,1346,1345,1346,1345,100.0,99.92570579494799
raw_reversal,2021-12-10,1333,1331,1333,1331,100.0,99.84996249062266
raw_reversal,2021-12-13,1335,1334,1335,1334,100.0,99.9250936329588
raw_reversal,2021-12-14,1330,1330,1330,1330,100.0,100.0
raw_reversal,2021-12-15,1344,1344,1344,1344,100.0,100.0
raw_reversal,2021-12-16,1339,1339,1339,1339,100.0,100.0
raw_reversal,2021-12-17,1390,1390,1390,1390,100.0,100.0
raw_reversal,2021-12-20,1393,1393,1393,1393,100.0,100.0
raw_reversal,2021-12-21,1395,1395,1395,1395,100.0,100.0
raw_reversal,2021-12-22,1382,1382,1382,1382,100.0,100.0
raw_reversal,2021-12-23,1379,1379,1379,1379,100.0,100.0
raw_reversal,2021-12-27,1380,1378,1380,1378,100.0,99.85507246376811
raw_reversal,2021-12-28,1365,1364,1365,1364,100.0,99.92673992673993
raw_reversal,2021-12-29,1344,1343,1344,1343,100.0,99.92559523809524
raw_reversal,2021-12-30,1339,1338,1338,1337,99.92531740104556,99.85063480209111
raw_reversal,2021-12-31,1339,1338,1338,1337,99.92531740104556,99.85063480209111
raw_reversal,2022-01-03,1335,1334,1334,1333,99.9250936329588,99.8501872659176
raw_reversal,2022-01-04,1326,1326,1325,1325,99.92458521870286,99.92458521870286
raw_reversal,2022-01-05,1326,1326,1325,1325,99.92458521870286,99.92458521870286
raw_reversal,2022-01-06,1332,1332,1332,1332,100.0,100.0
raw_reversal,2022-01-07,1331,1331,1331,1331,100.0,100.0
raw_reversal,2022-01-10,1333,1333,1333,1333,100.0,100.0
raw_reversal,2022-01-11,1332,1332,1332,1332,100.0,100.0
raw_reversal,2022-01-12,1326,1326,1326,1326,100.0,100.0
raw_reversal,2022-01-13,1310,1310,1310,1310,100.0,100.0
raw_reversal,2022-01-14,1298,1298,1298,1298,100.0,100.0
raw_reversal,2022-01-18,1241,1241,1241,1241,100.0,100.0
raw_reversal,2022-01-19,1240,1240,1240,1240,100.0,100.0
raw_reversal,2022-01-20,1244,1244,1244,1244,100.0,100.0
raw_reversal,2022-01-21,1246,1246,1246,1246,100.0,100.0
raw_reversal,2022-01-24,1258,1257,1258,1257,100.0,99.92050874403816
raw_reversal,2022-01-25,1268,1266,1268,1266,100.0,99.84227129337539
raw_reversal,2022-01-26,1276,1274,1276,1274,100.0,99.84326018808777
raw_reversal,2022-01-27,1282,1280,1282,1280,100.0,99.84399375975039
raw_reversal,2022-01-28,1290,1286,1290,1286,100.0,99.68992248062015
raw_reversal,2022-01-31,1315,1312,1315,1312,100.0,99.77186311787072
raw_reversal,2022-02-01,1322,1322,1322,1322,100.0,100.0
raw_reversal,2022-02-02,1313,1313,1312,1312,99.92383853769992,99.92383853769992
raw_reversal,2022-02-03,1308,1308,1307,1307,99.92354740061162,99.92354740061162
raw_reversal,2022-02-04,1313,1312,1312,1311,99.92383853769992,99.84767707539984
raw_reversal,2022-02-07,1305,1304,1304,1303,99.92337164750958,99.84674329501915
raw_reversal,2022-02-08,1301,1300,1300,1299,99.92313604919293,99.84627209838585
raw_reversal,2022-02-09,1307,1306,1307,1306,100.0,99.92348890589136
raw_reversal,2022-02-10,1311,1310,1311,1310,100.0,99.92372234935164
raw_reversal,2022-02-11,1306,1305,1306,1305,100.0,99.92343032159265
raw_reversal,2022-02-14,1311,1311,1311,1311,100.0,100.0
raw_reversal,2022-02-15,1313,1313,1313,1313,100.0,100.0
raw_reversal,2022-02-16,1306,1306,1306,1306,100.0,100.0
raw_reversal,2022-02-17,1303,1303,1303,1303,100.0,100.0
raw_reversal,2022-02-18,1301,1300,1301,1300,100.0,99.92313604919293
raw_reversal,2022-02-22,1284,1282,1284,1282,100.0,99.84423676012462
raw_reversal,2022-02-23,1282,1281,1282,1281,100.0,99.9219968798752
raw_reversal,2022-02-24,1288,1287,1288,1287,100.0,99.9223602484472
raw_reversal,2022-02-25,1292,1290,1292,1290,100.0,99.84520123839009
raw_reversal,2022-02-28,1298,1296,1298,1296,100.0,99.84591679506934
raw_reversal,2022-03-01,1303,1302,1302,1301,99.92325402916347,99.84650805832693
raw_reversal,2022-03-02,1306,1305,1305,1304,99.92343032159265,99.8468606431853
raw_reversal,2022-03-03,1303,1300,1302,1299,99.92325402916347,99.69301611665388
raw_reversal,2022-03-04,1302,1300,1301,1299,99.92319508448541,99.76958525345623
raw_reversal,2022-03-07,1308,1307,1307,1306,99.92354740061162,99.84709480122324
raw_reversal,2022-03-08,1321,1320,1321,1320,100.0,99.92429977289932
raw_reversal,2022-03-09,1333,1331,1333,1331,100.0,99.84996249062266
raw_reversal,2022-03-10,1324,1322,1324,1322,100.0,99.8489425981873
raw_reversal,2022-03-11,1314,1314,1313,1313,99.92389649923896,99.92389649923896
raw_reversal,2022-03-14,1306,1305,1305,1304,99.92343032159265,99.8468606431853
raw_reversal,2022-03-15,1308,1308,1307,1307,99.92354740061162,99.92354740061162
raw_reversal,2022-03-16,1323,1323,1322,1322,99.92441421012849,99.92441421012849
raw_reversal,2022-03-17,1323,1323,1322,1322,99.92441421012849,99.92441421012849
raw_reversal,2022-03-18,1359,1359,1359,1359,100.0,100.0
raw_reversal,2022-03-21,1362,1361,1362,1361,100.0,99.92657856093979
raw_reversal,2022-03-22,1360,1359,1360,1359,100.0,99.92647058823529
raw_reversal,2022-03-23,1357,1356,1356,1355,99.92630803242447,99.85261606484893
raw_reversal,2022-03-24,1343,1341,1342,1340,99.92553983618764,99.77661950856292
raw_reversal,2022-03-25,1340,1337,1339,1336,99.92537313432835,99.70149253731343
raw_reversal,2022-03-28,1335,1331,1334,1330,99.9250936329588,99.62546816479401
raw_reversal,2022-03-29,1335,1331,1334,1330,99.9250936329588,99.62546816479401
raw_reversal,2022-03-30,1329,1325,1329,1325,100.0,99.69902182091798
raw_reversal,2022-03-31,1340,1336,1340,1336,100.0,99.70149253731343
raw_reversal,2022-04-01,1339,1333,1338,1332,99.92531740104556,99.4772218073189
raw_reversal,2022-04-04,1333,1328,1332,1327,99.92498124531133,99.54988747186796
raw_reversal,2022-04-05,1322,1318,1320,1316,99.84871406959152,99.54614220877458
raw_reversal,2022-04-06,1320,1315,1318,1313,99.84848484848484,99.46969696969697
raw_reversal,2022-04-07,1324,1321,1322,1319,99.8489425981873,99.62235649546828
raw_reversal,2022-04-08,1323,1321,1322,1320,99.92441421012849,99.77324263038548
raw_reversal,2022-04-11,1317,1317,1315,1315,99.84813971146545,99.84813971146545
raw_reversal,2022-04-12,1314,1314,1313,1313,99.92389649923896,99.92389649923896
raw_reversal,2022-04-13,1311,1311,1310,1310,99.92372234935164,99.92372234935164
raw_reversal,2022-04-14,1307,1307,1306,1306,99.92348890589136,99.92348890589136
raw_reversal,2022-04-18,1260,1260,1259,1259,99.92063492063492,99.92063492063492
raw_reversal,2022-04-19,1261,1261,1261,1261,100.0,100.0
raw_reversal,2022-04-20,1255,1255,1255,1255,100.0,100.0
raw_reversal,2022-04-21,1256,1256,1256,1256,100.0,100.0
raw_reversal,2022-04-22,1257,1257,1257,1257,100.0,100.0
raw_reversal,2022-04-25,1263,1263,1263,1263,100.0,100.0
raw_reversal,2022-04-26,1267,1267,1267,1267,100.0,100.0
raw_reversal,2022-04-27,1260,1260,1260,1260,100.0,100.0
raw_reversal,2022-04-28,1261,1261,1261,1261,100.0,100.0
raw_reversal,2022-04-29,1258,1257,1258,1257,100.0,99.92050874403816
raw_reversal,2022-05-02,1266,1266,1266,1266,100.0,100.0
raw_reversal,2022-05-03,1270,1270,1270,1270,100.0,100.0
raw_reversal,2022-05-04,1274,1274,1274,1274,100.0,100.0
raw_reversal,2022-05-05,1271,1271,1271,1271,100.0,100.0
raw_reversal,2022-05-06,1268,1268,1268,1268,100.0,100.0
raw_reversal,2022-05-09,1259,1258,1259,1258,100.0,99.92057188244638
raw_reversal,2022-05-10,1264,1263,1264,1263,100.0,99.92088607594937
raw_reversal,2022-05-11,1262,1261,1262,1261,100.0,99.92076069730587
raw_reversal,2022-05-12,1268,1266,1268,1266,100.0,99.84227129337539
raw_reversal,2022-05-13,1287,1285,1287,1285,100.0,99.84459984459984
raw_reversal,2022-05-16,1287,1285,1287,1285,100.0,99.84459984459984
raw_reversal,2022-05-17,1289,1288,1289,1288,100.0,99.92242048099301
raw_reversal,2022-05-18,1286,1285,1286,1285,100.0,99.92223950233281
raw_reversal,2022-05-19,1293,1292,1293,1292,100.0,99.92266047950503
raw_reversal,2022-05-20,1297,1296,1297,1296,100.0,99.92289899768697
raw_reversal,2022-05-23,1293,1293,1293,1293,100.0,100.0
raw_reversal,2022-05-24,1282,1281,1282,1281,100.0,99.9219968798752
raw_reversal,2022-05-25,1277,1277,1277,1277,100.0,100.0
raw_reversal,2022-05-26,1279,1279,1279,1279,100.0,100.0
raw_reversal,2022-05-27,1271,1270,1271,1270,100.0,99.9213217938631
raw_reversal,2022-05-31,1273,1273,1273,1273,100.0,100.0
raw_reversal,2022-06-01,1269,1269,1269,1269,100.0,100.0
raw_reversal,2022-06-02,1263,1263,1263,1263,100.0,100.0
raw_reversal,2022-06-03,1257,1257,1257,1257,100.0,100.0
raw_reversal,2022-06-06,1244,1243,1244,1243,100.0,99.91961414790997
raw_reversal,2022-06-07,1238,1237,1237,1236,99.91922455573506,99.83844911147011
raw_reversal,2022-06-08,1218,1218,1217,1217,99.91789819376027,99.91789819376027
raw_reversal,2022-06-09,1213,1212,1212,1211,99.91755976916735,99.83511953833471
raw_reversal,2022-06-10,1201,1200,1200,1199,99.91673605328893,99.83347210657786
raw_reversal,2022-06-13,1187,1187,1186,1186,99.91575400168492,99.91575400168492
raw_reversal,2022-06-14,1187,1187,1186,1186,99.91575400168492,99.91575400168492
raw_reversal,2022-06-15,1193,1193,1193,1193,100.0,100.0
raw_reversal,2022-06-16,1185,1184,1185,1184,100.0,99.915611814346
raw_reversal,2022-06-17,1210,1210,1209,1209,99.91735537190083,99.91735537190083
raw_reversal,2022-06-21,1207,1206,1206,1205,99.91714995857498,99.83429991714996
raw_reversal,2022-06-22,1207,1206,1206,1205,99.91714995857498,99.83429991714996
raw_reversal,2022-06-23,1213,1210,1212,1209,99.91755976916735,99.67023907666942
raw_reversal,2022-06-24,1263,1260,1262,1259,99.92082343626286,99.68329374505146
raw_reversal,2022-06-27,1264,1259,1263,1258,99.92088607594937,99.5253164556962
raw_reversal,2022-06-28,1252,1248,1252,1248,100.0,99.68051118210863
raw_reversal,2022-06-29,1242,1238,1242,1238,100.0,99.6779388083736
raw_reversal,2022-06-30,1245,1241,1245,1241,100.0,99.67871485943775
raw_reversal,2022-07-01,1242,1241,1241,1240,99.9194847020934,99.8389694041868
raw_reversal,2022-07-05,1250,1248,1249,1247,99.92,99.76
raw_reversal,2022-07-06,1242,1242,1241,1241,99.9194847020934,99.9194847020934
raw_reversal,2022-07-07,1250,1250,1249,1249,99.92,99.92
raw_reversal,2022-07-08,1248,1248,1247,1247,99.9198717948718,99.9198717948718
raw_reversal,2022-07-11,1234,1234,1234,1234,100.0,100.0
raw_reversal,2022-07-12,1237,1237,1237,1237,100.0,100.0
raw_reversal,2022-07-13,1231,1231,1231,1231,100.0,100.0
raw_reversal,2022-07-14,1211,1211,1211,1211,100.0,100.0
raw_reversal,2022-07-15,1212,1212,1212,1212,100.0,100.0
raw_reversal,2022-07-18,1207,1206,1207,1206,100.0,99.91714995857498
raw_reversal,2022-07-19,1187,1186,1187,1186,100.0,99.91575400168492
raw_reversal,2022-07-20,1188,1186,1188,1186,100.0,99.83164983164983
raw_reversal,2022-07-21,1181,1179,1181,1179,100.0,99.83065198983913
raw_reversal,2022-07-22,1174,1172,1174,1172,100.0,99.82964224872232
raw_reversal,2022-07-25,1121,1120,1121,1120,100.0,99.9107939339875
raw_reversal,2022-07-26,1111,1111,1111,1111,100.0,100.0
raw_reversal,2022-07-27,1116,1116,1116,1116,100.0,100.0
raw_reversal,2022-07-28,1121,1120,1121,1120,100.0,99.9107939339875
raw_reversal,2022-07-29,1125,1125,1125,1125,100.0,100.0
raw_reversal,2022-08-01,1140,1140,1140,1140,100.0,100.0
raw_reversal,2022-08-02,1129,1128,1129,1128,100.0,99.91142604074402
raw_reversal,2022-08-03,1131,1131,1131,1131,100.0,100.0
raw_reversal,2022-08-04,1138,1138,1138,1138,100.0,100.0
raw_reversal,2022-08-05,1147,1147,1147,1147,100.0,100.0
raw_reversal,2022-08-08,1159,1159,1159,1159,100.0,100.0
raw_reversal,2022-08-09,1169,1169,1169,1169,100.0,100.0
raw_reversal,2022-08-10,1179,1179,1179,1179,100.0,100.0
raw_reversal,2022-08-11,1182,1182,1182,1182,100.0,100.0
raw_reversal,2022-08-12,1192,1191,1192,1191,100.0,99.91610738255034
raw_reversal,2022-08-15,1191,1189,1191,1189,100.0,99.8320738874895
raw_reversal,2022-08-16,1196,1194,1196,1194,100.0,99.83277591973244
raw_reversal,2022-08-17,1193,1192,1193,1192,100.0,99.91617770326907
raw_reversal,2022-08-18,1194,1193,1194,1193,100.0,99.91624790619765
raw_reversal,2022-08-19,1191,1191,1191,1191,100.0,100.0
raw_reversal,2022-08-22,1188,1188,1187,1187,99.91582491582491,99.91582491582491
raw_reversal,2022-08-23,1187,1187,1186,1186,99.91575400168492,99.91575400168492
raw_reversal,2022-08-24,1186,1186,1185,1185,99.91568296795953,99.91568296795953
raw_reversal,2022-08-25,1187,1187,1186,1186,99.91575400168492,99.91575400168492
raw_reversal,2022-08-26,1166,1166,1165,1165,99.91423670668954,99.91423670668954
raw_reversal,2022-08-29,1159,1159,1159,1159,100.0,100.0
raw_reversal,2022-08-30,1156,1156,1156,1156,100.0,100.0
raw_reversal,2022-08-31,1155,1155,1155,1155,100.0,100.0
raw_reversal,2022-09-01,1150,1150,1150,1150,100.0,100.0
raw_reversal,2022-09-02,1145,1145,1145,1145,100.0,100.0
raw_reversal,2022-09-06,1132,1132,1132,1132,100.0,100.0
raw_reversal,2022-09-07,1133,1133,1133,1133,100.0,100.0
raw_reversal,2022-09-08,1132,1132,1132,1132,100.0,100.0
raw_reversal,2022-09-09,1132,1131,1132,1131,100.0,99.91166077738517
raw_reversal,2022-09-12,1137,1137,1137,1137,100.0,100.0
raw_reversal,2022-09-13,1140,1139,1140,1139,100.0,99.91228070175438
raw_reversal,2022-09-14,1142,1142,1142,1142,100.0,100.0
raw_reversal,2022-09-15,1139,1139,1139,1139,100.0,100.0
raw_reversal,2022-09-16,1182,1182,1182,1182,100.0,100.0
raw_reversal,2022-09-19,1182,1182,1182,1182,100.0,100.0
raw_reversal,2022-09-20,1182,1182,1182,1182,100.0,100.0
raw_reversal,2022-09-21,1179,1179,1179,1179,100.0,100.0
raw_reversal,2022-09-22,1177,1177,1177,1177,100.0,100.0
raw_reversal,2022-09-23,1181,1181,1181,1181,100.0,100.0
raw_reversal,2022-09-26,1186,1185,1186,1185,100.0,99.91568296795953
raw_reversal,2022-09-27,1189,1189,1189,1189,100.0,100.0
raw_reversal,2022-09-28,1198,1198,1198,1198,100.0,100.0
raw_reversal,2022-09-29,1192,1191,1192,1191,100.0,99.91610738255034
raw_reversal,2022-09-30,1192,1191,1192,1191,100.0,99.91610738255034
raw_reversal,2022-10-03,1198,1198,1198,1198,100.0,100.0
raw_reversal,2022-10-04,1207,1205,1207,1205,100.0,99.83429991714996
raw_reversal,2022-10-05,1206,1205,1206,1205,100.0,99.91708126036484
raw_reversal,2022-10-06,1205,1204,1205,1204,100.0,99.91701244813278
raw_reversal,2022-10-07,1200,1199,1200,1199,100.0,99.91666666666667
raw_reversal,2022-10-10,1191,1190,1191,1190,100.0,99.91603694374476
raw_reversal,2022-10-11,1193,1192,1193,1192,100.0,99.91617770326907
raw_reversal,2022-10-12,1183,1182,1183,1182,100.0,99.91546914623838
raw_reversal,2022-10-13,1182,1182,1182,1182,100.0,100.0
raw_reversal,2022-10-14,1149,1149,1149,1149,100.0,100.0
raw_reversal,2022-10-17,1151,1150,1151,1150,100.0,99.9131190269331
raw_reversal,2022-10-18,1145,1143,1145,1143,100.0,99.82532751091703
raw_reversal,2022-10-19,1145,1144,1145,1144,100.0,99.91266375545851
raw_reversal,2022-10-20,1140,1140,1140,1140,100.0,100.0
raw_reversal,2022-10-21,1145,1145,1145,1145,100.0,100.0
raw_reversal,2022-10-24,1148,1148,1148,1148,100.0,100.0
raw_reversal,2022-10-25,1147,1147,1147,1147,100.0,100.0
raw_reversal,2022-10-26,1146,1146,1146,1146,100.0,100.0
raw_reversal,2022-10-27,1150,1149,1150,1149,100.0,99.91304347826087
raw_reversal,2022-10-28,1148,1148,1148,1148,100.0,100.0
raw_reversal,2022-10-31,1156,1156,1156,1156,100.0,100.0
raw_reversal,2022-11-01,1152,1152,1152,1152,100.0,100.0
raw_reversal,2022-11-02,1155,1154,1155,1154,100.0,99.91341991341992
raw_reversal,2022-11-03,1155,1154,1155,1154,100.0,99.91341991341992
raw_reversal,2022-11-04,1163,1162,1163,1162,100.0,99.91401547721411
raw_reversal,2022-11-07,1171,1170,1171,1170,100.0,99.91460290350128
raw_reversal,2022-11-08,1176,1174,1176,1174,100.0,99.82993197278911
raw_reversal,2022-11-09,1182,1182,1181,1181,99.91539763113367,99.91539763113367
raw_reversal,2022-11-10,1200,1200,1199,1199,99.91666666666667,99.91666666666667
raw_reversal,2022-11-11,1209,1209,1208,1208,99.9172870140612,99.9172870140612
raw_reversal,2022-11-14,1212,1212,1212,1212,100.0,100.0
raw_reversal,2022-11-15,1218,1218,1217,1217,99.91789819376027,99.91789819376027
raw_reversal,2022-11-16,1210,1209,1209,1208,99.91735537190083,99.83471074380165
raw_reversal,2022-11-17,1209,1209,1209,1209,100.0,100.0
raw_reversal,2022-11-18,1205,1205,1205,1205,100.0,100.0
raw_reversal,2022-11-21,1204,1203,1204,1203,100.0,99.91694352159469
raw_reversal,2022-11-22,1199,1196,1199,1196,100.0,99.74979149291076
raw_reversal,2022-11-23,1189,1187,1189,1187,100.0,99.8317914213625
raw_reversal,2022-11-25,1178,1176,1178,1176,100.0,99.830220713073
raw_reversal,2022-11-28,1174,1172,1174,1172,100.0,99.82964224872232
raw_reversal,2022-11-29,1165,1163,1165,1163,100.0,99.8283261802575
raw_reversal,2022-11-30,1172,1171,1172,1171,100.0,99.91467576791808
raw_reversal,2022-12-01,1165,1165,1164,1164,99.91416309012875,99.91416309012875
raw_reversal,2022-12-02,1159,1159,1158,1158,99.9137187230371,99.9137187230371
raw_reversal,2022-12-05,1157,1155,1156,1154,99.91356957649093,99.74070872947277
raw_reversal,2022-12-06,1156,1156,1155,1155,99.91349480968859,99.91349480968859
raw_reversal,2022-12-07,1149,1148,1148,1147,99.91296779808529,99.82593559617058
raw_reversal,2022-12-08,1149,1148,1149,1148,100.0,99.91296779808529
raw_reversal,2022-12-09,1128,1127,1128,1127,100.0,99.91134751773049
raw_reversal,2022-12-12,1123,1121,1123,1121,100.0,99.82190560997329
raw_reversal,2022-12-13,1126,1125,1126,1125,100.0,99.91119005328596
raw_reversal,2022-12-14,1125,1124,1124,1123,99.91111111111111,99.82222222222222
raw_reversal,2022-12-15,1122,1121,1120,1119,99.82174688057042,99.73262032085562
raw_reversal,2022-12-16,1182,1181,1180,1179,99.83079526226734,99.74619289340102
raw_reversal,2022-12-19,1175,1174,1173,1172,99.82978723404256,99.74468085106383
raw_reversal,2022-12-20,1172,1171,1170,1169,99.82935153583618,99.74402730375427
raw_reversal,2022-12-21,1167,1166,1166,1165,99.91431019708655,99.8286203941731
raw_reversal,2022-12-22,1173,1173,1173,1173,100.0,100.0
raw_reversal,2022-12-23,1179,1178,1179,1178,100.0,99.91518235793045
raw_reversal,2022-12-27,1165,1163,1165,1163,100.0,99.8283261802575
raw_reversal,2022-12-28,1161,1160,1161,1160,100.0,99.91386735572782
raw_reversal,2022-12-29,1151,1150,1151,1150,100.0,99.9131190269331
raw_reversal,2022-12-30,1149,1148,1149,1148,100.0,99.91296779808529
raw_reversal,2023-01-03,1149,1149,1149,1149,100.0,100.0
raw_reversal,2023-01-04,1156,1156,1155,1155,99.91349480968859,99.91349480968859
raw_reversal,2023-01-05,1146,1146,1145,1145,99.91273996509598,99.91273996509598
raw_reversal,2023-01-06,1144,1143,1143,1142,99.91258741258741,99.82517482517483
raw_reversal,2023-01-09,1147,1146,1146,1145,99.9128160418483,99.8256320836966
raw_reversal,2023-01-10,1155,1154,1154,1153,99.91341991341992,99.82683982683983
raw_reversal,2023-01-11,1156,1154,1156,1154,100.0,99.82698961937716
raw_reversal,2023-01-12,1151,1150,1151,1150,100.0,99.9131190269331
raw_reversal,2023-01-13,1146,1146,1146,1146,100.0,100.0
raw_reversal,2023-01-17,1142,1142,1141,1141,99.91243432574431,99.91243432574431
raw_reversal,2023-01-18,1089,1089,1088,1088,99.90817263544537,99.90817263544537
raw_reversal,2023-01-19,1085,1085,1084,1084,99.90783410138249,99.90783410138249
raw_reversal,2023-01-20,1090,1090,1089,1089,99.90825688073394,99.90825688073394
raw_reversal,2023-01-23,1101,1101,1100,1100,99.90917347865577,99.90917347865577
raw_reversal,2023-01-24,1096,1096,1096,1096,100.0,100.0
raw_reversal,2023-01-25,1112,1112,1112,1112,100.0,100.0
raw_reversal,2023-01-26,1120,1120,1120,1120,100.0,100.0
raw_reversal,2023-01-27,1125,1125,1125,1125,100.0,100.0
raw_reversal,2023-01-30,1131,1130,1131,1130,100.0,99.91158267020336
raw_reversal,2023-01-31,1151,1149,1151,1149,100.0,99.8262380538662
raw_reversal,2023-02-01,1153,1153,1153,1153,100.0,100.0
raw_reversal,2023-02-02,1165,1165,1165,1165,100.0,100.0
raw_reversal,2023-02-03,1169,1169,1169,1169,100.0,100.0
raw_reversal,2023-02-06,1168,1168,1168,1168,100.0,100.0
raw_reversal,2023-02-07,1174,1174,1174,1174,100.0,100.0
raw_reversal,2023-02-08,1170,1170,1170,1170,100.0,100.0
raw_reversal,2023-02-09,1169,1169,1169,1169,100.0,100.0
raw_reversal,2023-02-10,1169,1169,1169,1169,100.0,100.0
raw_reversal,2023-02-13,1165,1164,1165,1164,100.0,99.91416309012875
raw_reversal,2023-02-14,1168,1168,1168,1168,100.0,100.0
raw_reversal,2023-02-15,1176,1176,1176,1176,100.0,100.0
raw_reversal,2023-02-16,1176,1176,1176,1176,100.0,100.0
raw_reversal,2023-02-17,1179,1179,1179,1179,100.0,100.0
raw_reversal,2023-02-21,1184,1181,1184,1181,100.0,99.74662162162163
raw_reversal,2023-02-22,1191,1189,1190,1189,99.91603694374476,99.8320738874895
raw_reversal,2023-02-23,1196,1194,1196,1194,100.0,99.83277591973244
raw_reversal,2023-02-24,1194,1193,1194,1193,100.0,99.91624790619765
raw_reversal,2023-02-27,1196,1194,1196,1194,100.0,99.83277591973244
raw_reversal,2023-02-28,1219,1216,1219,1216,100.0,99.75389663658737
raw_reversal,2023-03-01,1210,1210,1210,1210,100.0,100.0
raw_reversal,2023-03-02,1213,1212,1213,1212,100.0,99.91755976916735
raw_reversal,2023-03-03,1203,1201,1203,1201,100.0,99.833748960931
raw_reversal,2023-03-06,1201,1199,1201,1199,100.0,99.83347210657786
raw_reversal,2023-03-07,1199,1197,1199,1197,100.0,99.83319432860718
raw_reversal,2023-03-08,1197,1195,1197,1195,100.0,99.83291562238931
raw_reversal,2023-03-09,1201,1198,1201,1198,100.0,99.75020815986677
raw_reversal,2023-03-10,1196,1194,1195,1194,99.91638795986623,99.83277591973244
raw_reversal,2023-03-13,1212,1211,1212,1211,100.0,99.91749174917491
raw_reversal,2023-03-14,1226,1225,1226,1225,100.0,99.9184339314845
raw_reversal,2023-03-15,1232,1231,1232,1231,100.0,99.91883116883118
raw_reversal,2023-03-16,1240,1239,1240,1239,100.0,99.91935483870968
raw_reversal,2023-03-17,1262,1260,1262,1260,100.0,99.84152139461173
raw_reversal,2023-03-20,1261,1260,1261,1260,100.0,99.92069785884219
raw_reversal,2023-03-21,1262,1262,1262,1262,100.0,100.0
raw_reversal,2023-03-22,1254,1254,1254,1254,100.0,100.0
raw_reversal,2023-03-23,1251,1250,1251,1250,100.0,99.92006394884093
raw_reversal,2023-03-24,1252,1251,1252,1251,100.0,99.92012779552715
raw_reversal,2023-03-27,1251,1250,1251,1250,100.0,99.92006394884093
raw_reversal,2023-03-28,1239,1237,1239,1237,100.0,99.83857949959645
raw_reversal,2023-03-29,1228,1226,1228,1226,100.0,99.8371335504886
raw_reversal,2023-03-30,1224,1223,1224,1223,100.0,99.91830065359477
raw_reversal,2023-03-31,1228,1227,1228,1227,100.0,99.9185667752443
raw_reversal,2023-04-03,1229,1229,1229,1229,100.0,100.0
raw_reversal,2023-04-04,1226,1226,1225,1225,99.9184339314845,99.9184339314845
raw_reversal,2023-04-05,1223,1223,1222,1222,99.9182338511856,99.9182338511856
raw_reversal,2023-04-06,1218,1218,1217,1217,99.91789819376027,99.91789819376027
raw_reversal,2023-04-10,1212,1212,1211,1211,99.91749174917491,99.91749174917491
raw_reversal,2023-04-11,1211,1211,1210,1210,99.91742361684558,99.91742361684558
raw_reversal,2023-04-12,1190,1190,1190,1190,100.0,100.0
raw_reversal,2023-04-13,1178,1178,1178,1178,100.0,100.0
raw_reversal,2023-04-14,1169,1169,1169,1169,100.0,100.0
raw_reversal,2023-04-17,1134,1134,1134,1134,100.0,100.0
raw_reversal,2023-04-18,1126,1126,1126,1126,100.0,100.0
raw_reversal,2023-04-19,1123,1123,1123,1123,100.0,100.0
raw_reversal,2023-04-20,1120,1120,1120,1120,100.0,100.0
raw_reversal,2023-04-21,1119,1118,1119,1118,100.0,99.91063449508489
raw_reversal,2023-04-24,1115,1114,1115,1114,100.0,99.91031390134529
raw_reversal,2023-04-25,1121,1120,1121,1120,100.0,99.9107939339875
raw_reversal,2023-04-26,1124,1122,1124,1122,100.0,99.8220640569395
raw_reversal,2023-04-27,1123,1122,1123,1122,100.0,99.91095280498665
raw_reversal,2023-04-28,1128,1128,1128,1128,100.0,100.0
raw_reversal,2023-05-01,1126,1125,1126,1125,100.0,99.91119005328596
raw_reversal,2023-05-02,1124,1123,1124,1123,100.0,99.91103202846975
raw_reversal,2023-05-03,1131,1131,1131,1131,100.0,100.0
raw_reversal,2023-05-04,1135,1134,1135,1134,100.0,99.91189427312776
raw_reversal,2023-05-05,1144,1144,1144,1144,100.0,100.0
raw_reversal,2023-05-08,1149,1149,1149,1149,100.0,100.0
raw_reversal,2023-05-09,1149,1149,1149,1149,100.0,100.0
raw_reversal,2023-05-10,1157,1157,1157,1157,100.0,100.0
raw_reversal,2023-05-11,1161,1159,1161,1159,100.0,99.82773471145565
raw_reversal,2023-05-12,1163,1162,1162,1161,99.91401547721411,99.8280309544282
raw_reversal,2023-05-15,1163,1163,1162,1162,99.91401547721411,99.91401547721411
raw_reversal,2023-05-16,1160,1159,1159,1158,99.91379310344827,99.82758620689656
raw_reversal,2023-05-17,1169,1168,1168,1167,99.91445680068435,99.8289136013687
raw_reversal,2023-05-18,1173,1172,1172,1171,99.9147485080989,99.82949701619778
raw_reversal,2023-05-19,1178,1177,1177,1176,99.9151103565365,99.830220713073
raw_reversal,2023-05-22,1185,1184,1185,1184,100.0,99.915611814346
raw_reversal,2023-05-23,1184,1182,1184,1182,100.0,99.83108108108108
raw_reversal,2023-05-24,1182,1181,1182,1181,100.0,99.91539763113367
raw_reversal,2023-05-25,1181,1180,1181,1180,100.0,99.91532599491956
raw_reversal,2023-05-26,1170,1169,1170,1169,100.0,99.91452991452991
raw_reversal,2023-05-30,1165,1164,1165,1164,100.0,99.91416309012875
raw_reversal,2023-05-31,1173,1172,1173,1172,100.0,99.9147485080989
raw_reversal,2023-06-01,1167,1166,1166,1165,99.91431019708655,99.8286203941731
raw_reversal,2023-06-02,1160,1160,1159,1159,99.91379310344827,99.91379310344827
raw_reversal,2023-06-05,1157,1157,1156,1156,99.91356957649093,99.91356957649093
raw_reversal,2023-06-06,1166,1166,1165,1165,99.91423670668954,99.91423670668954
raw_reversal,2023-06-07,1179,1179,1178,1178,99.91518235793045,99.91518235793045
raw_reversal,2023-06-08,1177,1176,1177,1176,100.0,99.91503823279524
raw_reversal,2023-06-09,1177,1177,1176,1176,99.91503823279524,99.91503823279524
raw_reversal,2023-06-12,1182,1181,1181,1180,99.91539763113367,99.83079526226734
raw_reversal,2023-06-13,1189,1189,1188,1188,99.91589571068124,99.91589571068124
raw_reversal,2023-06-14,1197,1196,1196,1195,99.91645781119465,99.83291562238931
raw_reversal,2023-06-15,1199,1198,1198,1197,99.91659716430358,99.83319432860718
raw_reversal,2023-06-16,1230,1230,1229,1229,99.91869918699187,99.91869918699187
raw_reversal,2023-06-20,1237,1237,1237,1237,100.0,100.0
raw_reversal,2023-06-21,1238,1238,1238,1238,100.0,100.0
raw_reversal,2023-06-22,1240,1240,1240,1240,100.0,100.0
raw_reversal,2023-06-23,1265,1263,1265,1263,100.0,99.84189723320158
raw_reversal,2023-06-26,1263,1261,1263,1261,100.0,99.84164687252573
raw_reversal,2023-06-27,1269,1266,1269,1266,100.0,99.76359338061465
raw_reversal,2023-06-28,1271,1269,1271,1269,100.0,99.8426435877262
raw_reversal,2023-06-29,1262,1260,1262,1260,100.0,99.84152139461173
raw_reversal,2023-06-30,1268,1267,1268,1267,100.0,99.9211356466877
raw_reversal,2023-07-03,1250,1250,1249,1249,99.92,99.92
raw_reversal,2023-07-05,1254,1254,1252,1252,99.84051036682615,99.84051036682615
raw_reversal,2023-07-06,1250,1250,1248,1248,99.84,99.84
raw_reversal,2023-07-07,1248,1248,1246,1246,99.83974358974359,99.83974358974359
raw_reversal,2023-07-10,1250,1249,1248,1247,99.84,99.76
raw_reversal,2023-07-11,1245,1245,1244,1244,99.91967871485944,99.91967871485944
raw_reversal,2023-07-12,1245,1244,1245,1244,100.0,99.91967871485944
raw_reversal,2023-07-13,1245,1244,1245,1244,100.0,99.91967871485944
raw_reversal,2023-07-14,1239,1238,1239,1238,100.0,99.91928974979822
raw_reversal,2023-07-17,1237,1236,1237,1236,100.0,99.91915925626516
raw_reversal,2023-07-18,1211,1210,1211,1210,100.0,99.91742361684558
raw_reversal,2023-07-19,1205,1205,1205,1205,100.0,100.0
raw_reversal,2023-07-20,1206,1206,1205,1205,99.91708126036484,99.91708126036484
raw_reversal,2023-07-21,1204,1204,1203,1203,99.91694352159469,99.91694352159469
raw_reversal,2023-07-24,1173,1173,1172,1172,99.9147485080989,99.9147485080989
raw_reversal,2023-07-25,1168,1168,1167,1167,99.91438356164383,99.91438356164383
raw_reversal,2023-07-26,1167,1167,1166,1166,99.91431019708655,99.91431019708655
raw_reversal,2023-07-27,1163,1159,1163,1159,100.0,99.6560619088564
raw_reversal,2023-07-28,1160,1156,1160,1156,100.0,99.65517241379311
raw_reversal,2023-07-31,1170,1165,1170,1165,100.0,99.57264957264957
raw_reversal,2023-08-01,1182,1178,1182,1178,100.0,99.66159052453469
raw_reversal,2023-08-02,1188,1184,1188,1184,100.0,99.66329966329967
raw_reversal,2023-08-03,1197,1195,1197,1195,100.0,99.83291562238931
raw_reversal,2023-08-04,1200,1198,1197,1195,99.75,99.58333333333333
raw_reversal,2023-08-07,1208,1207,1205,1204,99.75165562913908,99.66887417218543
raw_reversal,2023-08-08,1219,1217,1216,1214,99.75389663658737,99.58982772764561
raw_reversal,2023-08-09,1217,1216,1214,1213,99.75349219391947,99.67132292522597
raw_reversal,2023-08-10,1223,1222,1220,1219,99.75470155355683,99.67293540474243
raw_reversal,2023-08-11,1227,1227,1227,1227,100.0,100.0
raw_reversal,2023-08-14,1223,1223,1223,1223,100.0,100.0
raw_reversal,2023-08-15,1218,1218,1218,1218,100.0,100.0
raw_reversal,2023-08-16,1213,1213,1213,1213,100.0,100.0
raw_reversal,2023-08-17,1210,1209,1210,1209,100.0,99.91735537190083
raw_reversal,2023-08-18,1209,1208,1209,1208,100.0,99.9172870140612
raw_reversal,2023-08-21,1207,1207,1207,1207,100.0,100.0
raw_reversal,2023-08-22,1203,1203,1203,1203,100.0,100.0
raw_reversal,2023-08-23,1200,1200,1200,1200,100.0,100.0
raw_reversal,2023-08-24,1197,1195,1197,1195,100.0,99.83291562238931
raw_reversal,2023-08-25,1191,1189,1191,1189,100.0,99.8320738874895
raw_reversal,2023-08-28,1176,1174,1176,1174,100.0,99.82993197278911
raw_reversal,2023-08-29,1167,1165,1167,1165,100.0,99.8286203941731
raw_reversal,2023-08-30,1154,1151,1154,1151,100.0,99.74003466204506
raw_reversal,2023-08-31,1153,1150,1153,1150,100.0,99.7398091934085
raw_reversal,2023-09-01,1142,1141,1142,1141,100.0,99.91243432574431
raw_reversal,2023-09-05,1138,1137,1138,1137,100.0,99.91212653778558
raw_reversal,2023-09-06,1127,1127,1127,1127,100.0,100.0
raw_reversal,2023-09-07,1128,1128,1128,1128,100.0,100.0
raw_reversal,2023-09-08,1125,1125,1125,1125,100.0,100.0
raw_reversal,2023-09-11,1125,1125,1125,1125,100.0,100.0
raw_reversal,2023-09-12,1127,1126,1127,1126,100.0,99.91126885536823
raw_reversal,2023-09-13,1131,1131,1131,1131,100.0,100.0
raw_reversal,2023-09-14,1134,1134,1133,1133,99.91181657848324,99.91181657848324
raw_reversal,2023-09-15,1185,1185,1184,1184,99.915611814346,99.915611814346
raw_reversal,2023-09-18,1177,1177,1176,1176,99.91503823279524,99.91503823279524
raw_reversal,2023-09-19,1173,1173,1172,1172,99.9147485080989,99.9147485080989
raw_reversal,2023-09-20,1174,1173,1173,1172,99.91482112436115,99.82964224872232
raw_reversal,2023-09-21,1182,1182,1182,1182,100.0,100.0
raw_reversal,2023-09-22,1175,1172,1175,1172,100.0,99.74468085106383
raw_reversal,2023-09-25,1176,1172,1176,1172,100.0,99.65986394557824
raw_reversal,2023-09-26,1176,1173,1176,1173,100.0,99.74489795918367
raw_reversal,2023-09-27,1179,1175,1179,1175,100.0,99.6607294317218
raw_reversal,2023-09-28,1182,1179,1182,1179,100.0,99.74619289340102
raw_reversal,2023-09-29,1182,1182,1182,1182,100.0,100.0
raw_reversal,2023-10-02,1179,1179,1176,1176,99.74554707379134,99.74554707379134
raw_reversal,2023-10-03,1178,1178,1175,1175,99.7453310696095,99.7453310696095
raw_reversal,2023-10-04,1177,1177,1174,1174,99.74511469838572,99.74511469838572
raw_reversal,2023-10-05,1171,1171,1168,1168,99.74380871050384,99.74380871050384
raw_reversal,2023-10-06,1174,1174,1171,1171,99.74446337308348,99.74446337308348
raw_reversal,2023-10-09,1174,1173,1174,1173,100.0,99.91482112436115
raw_reversal,2023-10-10,1175,1173,1175,1173,100.0,99.82978723404256
raw_reversal,2023-10-11,1171,1170,1171,1170,100.0,99.91460290350128
raw_reversal,2023-10-12,1167,1165,1167,1165,100.0,99.8286203941731
raw_reversal,2023-10-13,1129,1128,1129,1128,100.0,99.91142604074402
raw_reversal,2023-10-16,1125,1124,1125,1124,100.0,99.91111111111111
raw_reversal,2023-10-17,1128,1127,1127,1126,99.91134751773049,99.822695035461
raw_reversal,2023-10-18,1121,1121,1120,1120,99.9107939339875,99.9107939339875
raw_reversal,2023-10-19,1126,1126,1125,1125,99.91119005328596,99.91119005328596
raw_reversal,2023-10-20,1133,1133,1132,1132,99.9117387466902,99.9117387466902
raw_reversal,2023-10-23,1135,1135,1134,1134,99.91189427312776,99.91189427312776
raw_reversal,2023-10-24,1137,1136,1137,1136,100.0,99.91204925241864
raw_reversal,2023-10-25,1134,1132,1134,1132,100.0,99.8236331569665
raw_reversal,2023-10-26,1136,1134,1136,1134,100.0,99.82394366197182
raw_reversal,2023-10-27,1134,1132,1134,1132,100.0,99.8236331569665
raw_reversal,2023-10-30,1132,1129,1132,1129,100.0,99.73498233215548
raw_reversal,2023-10-31,1132,1129,1132,1129,100.0,99.73498233215548
raw_reversal,2023-11-01,1136,1134,1136,1134,100.0,99.82394366197182
raw_reversal,2023-11-02,1152,1151,1152,1151,100.0,99.91319444444444
raw_reversal,2023-11-03,1159,1158,1159,1158,100.0,99.9137187230371
raw_reversal,2023-11-06,1159,1158,1159,1158,100.0,99.9137187230371
raw_reversal,2023-11-07,1161,1160,1161,1160,100.0,99.91386735572782
raw_reversal,2023-11-08,1163,1162,1163,1162,100.0,99.91401547721411
raw_reversal,2023-11-09,1156,1156,1156,1156,100.0,100.0
raw_reversal,2023-11-10,1155,1155,1155,1155,100.0,100.0
raw_reversal,2023-11-13,1157,1157,1157,1157,100.0,100.0
raw_reversal,2023-11-14,1170,1168,1170,1168,100.0,99.82905982905983
raw_reversal,2023-11-15,1173,1172,1173,1172,100.0,99.9147485080989
raw_reversal,2023-11-16,1170,1169,1170,1169,100.0,99.91452991452991
raw_reversal,2023-11-17,1174,1173,1174,1173,100.0,99.91482112436115
raw_reversal,2023-11-20,1175,1174,1175,1174,100.0,99.91489361702128
raw_reversal,2023-11-21,1168,1167,1168,1167,100.0,99.91438356164383
raw_reversal,2023-11-22,1167,1167,1167,1167,100.0,100.0
raw_reversal,2023-11-24,1154,1154,1154,1154,100.0,100.0
raw_reversal,2023-11-27,1148,1148,1148,1148,100.0,100.0
raw_reversal,2023-11-28,1155,1155,1155,1155,100.0,100.0
raw_reversal,2023-11-29,1160,1158,1160,1158,100.0,99.82758620689656
raw_reversal,2023-11-30,1157,1157,1157,1157,100.0,100.0
raw_reversal,2023-12-01,1153,1153,1152,1152,99.91326973113617,99.91326973113617
raw_reversal,2023-12-04,1151,1151,1150,1150,99.9131190269331,99.9131190269331
raw_reversal,2023-12-05,1153,1153,1152,1152,99.91326973113617,99.91326973113617
raw_reversal,2023-12-06,1158,1158,1157,1157,99.91364421416235,99.91364421416235
raw_reversal,2023-12-07,1158,1158,1157,1157,99.91364421416235,99.91364421416235
raw_reversal,2023-12-08,1165,1165,1165,1165,100.0,100.0
raw_reversal,2023-12-11,1164,1164,1164,1164,100.0,100.0
raw_reversal,2023-12-12,1174,1174,1174,1174,100.0,100.0
raw_reversal,2023-12-13,1178,1176,1178,1176,100.0,99.830220713073
raw_reversal,2023-12-14,1193,1192,1193,1192,100.0,99.91617770326907
raw_reversal,2023-12-15,1241,1240,1241,1240,100.0,99.91941982272361
raw_reversal,2023-12-18,1240,1239,1240,1239,100.0,99.91935483870968
raw_reversal,2023-12-19,1250,1249,1250,1249,100.0,99.92
raw_reversal,2023-12-20,1249,1249,1249,1249,100.0,100.0
raw_reversal,2023-12-21,1258,1258,1257,1257,99.92050874403816,99.92050874403816
raw_reversal,2023-12-22,1270,1270,1269,1269,99.92125984251969,99.92125984251969
raw_reversal,2023-12-26,1269,1266,1269,1266,100.0,99.76359338061465
raw_reversal,2023-12-27,1273,1271,1273,1271,100.0,99.84289080911233
raw_reversal,2023-12-28,1263,1261,1263,1261,100.0,99.84164687252573
raw_reversal,2023-12-29,1265,1263,1265,1263,100.0,99.84189723320158
raw_reversal,2024-01-02,1270,1269,1270,1269,100.0,99.92125984251969
raw_reversal,2024-01-03,1261,1260,1261,1260,100.0,99.92069785884219
raw_reversal,2024-01-04,1266,1266,1266,1266,100.0,100.0
raw_reversal,2024-01-05,1270,1270,1270,1270,100.0,100.0
raw_reversal,2024-01-08,1273,1273,1273,1273,100.0,100.0
raw_reversal,2024-01-09,1275,1275,1275,1275,100.0,100.0
raw_reversal,2024-01-10,1272,1272,1272,1272,100.0,100.0
raw_reversal,2024-01-11,1273,1273,1273,1273,100.0,100.0
raw_reversal,2024-01-12,1261,1260,1261,1260,100.0,99.92069785884219
raw_reversal,2024-01-16,1247,1246,1247,1246,100.0,99.91980753809142
raw_reversal,2024-01-17,1185,1184,1185,1184,100.0,99.915611814346
raw_reversal,2024-01-18,1181,1180,1181,1180,100.0,99.91532599491956
raw_reversal,2024-01-19,1181,1180,1181,1180,100.0,99.91532599491956
raw_reversal,2024-01-22,1179,1178,1179,1178,100.0,99.91518235793045
raw_reversal,2024-01-23,1179,1179,1179,1179,100.0,100.0
raw_reversal,2024-01-24,1185,1185,1185,1185,100.0,100.0
raw_reversal,2024-01-25,1191,1190,1191,1190,100.0,99.91603694374476
raw_reversal,2024-01-26,1191,1191,1191,1191,100.0,100.0
raw_reversal,2024-01-29,1196,1196,1196,1196,100.0,100.0
raw_reversal,2024-01-30,1196,1196,1196,1196,100.0,100.0
raw_reversal,2024-01-31,1197,1197,1197,1197,100.0,100.0
raw_reversal,2024-02-01,1198,1198,1198,1198,100.0,100.0
raw_reversal,2024-02-02,1200,1200,1200,1200,100.0,100.0
raw_reversal,2024-02-05,1199,1199,1199,1199,100.0,100.0
raw_reversal,2024-02-06,1200,1200,1200,1200,100.0,100.0
raw_reversal,2024-02-07,1202,1202,1202,1202,100.0,100.0
raw_reversal,2024-02-08,1199,1199,1199,1199,100.0,100.0
raw_reversal,2024-02-09,1205,1204,1205,1204,100.0,99.91701244813278
raw_reversal,2024-02-12,1214,1214,1214,1214,100.0,100.0
raw_reversal,2024-02-13,1219,1219,1219,1219,100.0,100.0
raw_reversal,2024-02-14,1226,1226,1226,1226,100.0,100.0
raw_reversal,2024-02-15,1234,1234,1234,1234,100.0,100.0
raw_reversal,2024-02-16,1234,1234,1234,1234,100.0,100.0
raw_reversal,2024-02-20,1234,1234,1234,1234,100.0,100.0
raw_reversal,2024-02-21,1241,1241,1241,1241,100.0,100.0
raw_reversal,2024-02-22,1244,1244,1244,1244,100.0,100.0
raw_reversal,2024-02-23,1247,1247,1247,1247,100.0,100.0
raw_reversal,2024-02-26,1251,1250,1251,1250,100.0,99.92006394884093
raw_reversal,2024-02-27,1259,1259,1259,1259,100.0,100.0
raw_reversal,2024-02-28,1271,1271,1271,1271,100.0,100.0
raw_reversal,2024-02-29,1278,1278,1278,1278,100.0,100.0
raw_reversal,2024-03-01,1276,1276,1276,1276,100.0,100.0
raw_reversal,2024-03-04,1279,1279,1279,1279,100.0,100.0
raw_reversal,2024-03-05,1282,1282,1282,1282,100.0,100.0
raw_reversal,2024-03-06,1282,1281,1282,1281,100.0,99.9219968798752
raw_reversal,2024-03-07,1276,1276,1276,1276,100.0,100.0
raw_reversal,2024-03-08,1279,1279,1279,1279,100.0,100.0
raw_reversal,2024-03-11,1278,1277,1278,1277,100.0,99.92175273865415
raw_reversal,2024-03-12,1276,1276,1276,1276,100.0,100.0
raw_reversal,2024-03-13,1269,1269,1269,1269,100.0,100.0
raw_reversal,2024-03-14,1268,1268,1268,1268,100.0,100.0
raw_reversal,2024-03-15,1302,1300,1302,1300,100.0,99.84639016897081
raw_reversal,2024-03-18,1300,1299,1300,1299,100.0,99.92307692307692
raw_reversal,2024-03-19,1297,1297,1297,1297,100.0,100.0
raw_reversal,2024-03-20,1290,1290,1290,1290,100.0,100.0
raw_reversal,2024-03-21,1290,1287,1290,1287,100.0,99.76744186046511
raw_reversal,2024-03-22,1287,1284,1287,1284,100.0,99.76689976689977
raw_reversal,2024-03-25,1281,1278,1281,1278,100.0,99.76580796252928
raw_reversal,2024-03-26,1284,1281,1284,1281,100.0,99.76635514018692
raw_reversal,2024-03-27,1284,1280,1284,1280,100.0,99.68847352024922
raw_reversal,2024-03-28,1280,1278,1280,1278,100.0,99.84375
raw_reversal,2024-04-01,1264,1264,1263,1263,99.92088607594937,99.92088607594937
raw_reversal,2024-04-02,1264,1264,1262,1262,99.84177215189874,99.84177215189874
raw_reversal,2024-04-03,1260,1260,1258,1258,99.84126984126983,99.84126984126983
raw_reversal,2024-04-04,1257,1257,1255,1255,99.84089101034209,99.84089101034209
raw_reversal,2024-04-05,1259,1259,1257,1257,99.84114376489278,99.84114376489278
raw_reversal,2024-04-08,1256,1256,1255,1255,99.92038216560509,99.92038216560509
raw_reversal,2024-04-09,1253,1253,1253,1253,100.0,100.0
raw_reversal,2024-04-10,1264,1264,1264,1264,100.0,100.0
raw_reversal,2024-04-11,1267,1267,1267,1267,100.0,100.0
raw_reversal,2024-04-12,1259,1259,1259,1259,100.0,100.0
raw_reversal,2024-04-15,1204,1204,1204,1204,100.0,100.0
raw_reversal,2024-04-16,1206,1206,1206,1206,100.0,100.0
raw_reversal,2024-04-17,1200,1200,1200,1200,100.0,100.0
raw_reversal,2024-04-18,1192,1191,1192,1191,100.0,99.91610738255034
raw_reversal,2024-04-19,1197,1197,1197,1197,100.0,100.0
raw_reversal,2024-04-22,1199,1199,1199,1199,100.0,100.0
raw_reversal,2024-04-23,1209,1209,1209,1209,100.0,100.0
raw_reversal,2024-04-24,1210,1210,1210,1210,100.0,100.0
raw_reversal,2024-04-25,1204,1202,1204,1202,100.0,99.83388704318936
raw_reversal,2024-04-26,1200,1198,1200,1198,100.0,99.83333333333333
raw_reversal,2024-04-29,1209,1207,1209,1207,100.0,99.83457402812242
raw_reversal,2024-04-30,1206,1204,1206,1204,100.0,99.83416252072969
raw_reversal,2024-05-01,1211,1209,1211,1209,100.0,99.83484723369116
raw_reversal,2024-05-02,1219,1217,1219,1217,100.0,99.83593109105824
raw_reversal,2024-05-03,1222,1222,1222,1222,100.0,100.0
raw_reversal,2024-05-06,1230,1229,1230,1229,100.0,99.91869918699187
raw_reversal,2024-05-07,1231,1231,1231,1231,100.0,100.0
raw_reversal,2024-05-08,1242,1242,1242,1242,100.0,100.0
raw_reversal,2024-05-09,1252,1252,1252,1252,100.0,100.0
raw_reversal,2024-05-10,1256,1256,1256,1256,100.0,100.0
raw_reversal,2024-05-13,1260,1260,1260,1260,100.0,100.0
raw_reversal,2024-05-14,1269,1269,1269,1269,100.0,100.0
raw_reversal,2024-05-15,1268,1267,1268,1267,100.0,99.9211356466877
raw_reversal,2024-05-16,1269,1269,1269,1269,100.0,100.0
raw_reversal,2024-05-17,1260,1259,1260,1259,100.0,99.92063492063492
raw_reversal,2024-05-20,1255,1255,1255,1255,100.0,100.0
raw_reversal,2024-05-21,1252,1252,1252,1252,100.0,100.0
raw_reversal,2024-05-22,1255,1254,1255,1254,100.0,99.9203187250996
raw_reversal,2024-05-23,1244,1244,1244,1244,100.0,100.0
raw_reversal,2024-05-24,1248,1247,1247,1246,99.9198717948718,99.83974358974359
raw_reversal,2024-05-28,1246,1245,1245,1244,99.91974317817015,99.83948635634029
raw_reversal,2024-05-29,1234,1233,1233,1232,99.91896272285251,99.83792544570503
raw_reversal,2024-05-30,1231,1230,1230,1229,99.91876523151909,99.83753046303818
raw_reversal,2024-05-31,1232,1232,1231,1231,99.91883116883118,99.91883116883118
raw_reversal,2024-06-03,1230,1230,1230,1230,100.0,100.0
raw_reversal,2024-06-04,1235,1235,1235,1235,100.0,100.0
raw_reversal,2024-06-05,1235,1235,1235,1235,100.0,100.0
raw_reversal,2024-06-06,1224,1224,1224,1224,100.0,100.0
raw_reversal,2024-06-07,1215,1215,1215,1215,100.0,100.0
raw_reversal,2024-06-10,1208,1207,1208,1207,100.0,99.91721854304636
raw_reversal,2024-06-11,1207,1207,1207,1207,100.0,100.0
raw_reversal,2024-06-12,1208,1208,1208,1208,100.0,100.0
raw_reversal,2024-06-13,1204,1204,1204,1204,100.0,100.0
raw_reversal,2024-06-14,1199,1198,1199,1198,100.0,99.91659716430358
raw_reversal,2024-06-17,1202,1201,1202,1201,100.0,99.91680532445923
raw_reversal,2024-06-18,1207,1206,1207,1206,100.0,99.91714995857498
raw_reversal,2024-06-20,1207,1206,1207,1206,100.0,99.91714995857498
raw_reversal,2024-06-21,1242,1241,1242,1241,100.0,99.9194847020934
raw_reversal,2024-06-24,1247,1246,1247,1246,100.0,99.91980753809142
raw_reversal,2024-06-25,1244,1243,1243,1242,99.91961414790997,99.83922829581994
raw_reversal,2024-06-26,1246,1244,1245,1243,99.91974317817015,99.75922953451044
raw_reversal,2024-06-27,1251,1249,1250,1248,99.92006394884093,99.76019184652279
raw_reversal,2024-06-28,1297,1295,1296,1294,99.92289899768697,99.76869699306091
raw_reversal,2024-07-01,1293,1289,1292,1288,99.92266047950503,99.61330239752513
raw_reversal,2024-07-02,1287,1286,1287,1286,100.0,99.92229992229993
raw_reversal,2024-07-03,1284,1283,1284,1283,100.0,99.9221183800623
raw_reversal,2024-07-05,1276,1275,1276,1275,100.0,99.92163009404389
raw_reversal,2024-07-08,1282,1282,1282,1282,100.0,100.0
raw_reversal,2024-07-09,1285,1285,1285,1285,100.0,100.0
raw_reversal,2024-07-10,1283,1283,1283,1283,100.0,100.0
raw_reversal,2024-07-11,1294,1294,1294,1294,100.0,100.0
raw_reversal,2024-07-12,1297,1296,1296,1295,99.92289899768697,99.84579799537394
raw_reversal,2024-07-15,1311,1310,1310,1309,99.92372234935164,99.84744469870328
raw_reversal,2024-07-16,1324,1323,1323,1322,99.92447129909365,99.8489425981873
raw_reversal,2024-07-17,1329,1328,1328,1327,99.9247554552295,99.84951091045899
raw_reversal,2024-07-18,1328,1327,1327,1326,99.92469879518072,99.84939759036145
raw_reversal,2024-07-19,1329,1328,1329,1328,100.0,99.9247554552295
raw_reversal,2024-07-22,1294,1294,1294,1294,100.0,100.0
raw_reversal,2024-07-23,1296,1296,1296,1296,100.0,100.0
raw_reversal,2024-07-24,1299,1298,1299,1298,100.0,99.92301770592763
raw_reversal,2024-07-25,1305,1305,1305,1305,100.0,100.0
raw_reversal,2024-07-26,1311,1310,1311,1310,100.0,99.92372234935164
raw_reversal,2024-07-29,1265,1265,1265,1265,100.0,100.0
raw_reversal,2024-07-30,1269,1268,1269,1268,100.0,99.92119779353821
raw_reversal,2024-07-31,1285,1283,1285,1283,100.0,99.8443579766537
raw_reversal,2024-08-01,1296,1296,1295,1295,99.92283950617283,99.92283950617283
raw_reversal,2024-08-02,1303,1303,1302,1302,99.92325402916347,99.92325402916347
raw_reversal,2024-08-05,1314,1314,1313,1313,99.92389649923896,99.92389649923896
raw_reversal,2024-08-06,1316,1316,1315,1315,99.92401215805471,99.92401215805471
raw_reversal,2024-08-07,1321,1321,1320,1320,99.92429977289932,99.92429977289932
raw_reversal,2024-08-08,1324,1324,1324,1324,100.0,100.0
raw_reversal,2024-08-09,1322,1322,1322,1322,100.0,100.0
raw_reversal,2024-08-12,1316,1316,1316,1316,100.0,100.0
raw_reversal,2024-08-13,1315,1315,1315,1315,100.0,100.0
raw_reversal,2024-08-14,1300,1300,1300,1300,100.0,100.0
raw_reversal,2024-08-15,1302,1301,1302,1301,100.0,99.92319508448541
raw_reversal,2024-08-16,1297,1297,1297,1297,100.0,100.0
raw_reversal,2024-08-19,1297,1297,1297,1297,100.0,100.0
raw_reversal,2024-08-20,1285,1285,1285,1285,100.0,100.0
raw_reversal,2024-08-21,1284,1284,1284,1284,100.0,100.0
raw_reversal,2024-08-22,1269,1269,1269,1269,100.0,100.0
raw_reversal,2024-08-23,1272,1272,1272,1272,100.0,100.0
raw_reversal,2024-08-26,1267,1266,1267,1266,100.0,99.92107340173638
raw_reversal,2024-08-27,1258,1257,1258,1257,100.0,99.92050874403816
raw_reversal,2024-08-28,1242,1241,1242,1241,100.0,99.9194847020934
raw_reversal,2024-08-29,1233,1232,1233,1232,100.0,99.91889699918897
raw_reversal,2024-08-30,1226,1224,1226,1224,100.0,99.836867862969
raw_reversal,2024-09-03,1216,1214,1216,1214,100.0,99.83552631578948
raw_reversal,2024-09-04,1206,1205,1206,1205,100.0,99.91708126036484
raw_reversal,2024-09-05,1198,1197,1198,1197,100.0,99.91652754590984
raw_reversal,2024-09-06,1194,1193,1194,1193,100.0,99.91624790619765
raw_reversal,2024-09-09,1191,1189,1191,1189,100.0,99.8320738874895
raw_reversal,2024-09-10,1189,1189,1189,1189,100.0,100.0
raw_reversal,2024-09-11,1197,1197,1197,1197,100.0,100.0
raw_reversal,2024-09-12,1198,1198,1198,1198,100.0,100.0
raw_reversal,2024-09-13,1204,1204,1204,1204,100.0,100.0
raw_reversal,2024-09-16,1201,1200,1201,1200,100.0,99.91673605328893
raw_reversal,2024-09-17,1207,1207,1207,1207,100.0,100.0
raw_reversal,2024-09-18,1224,1224,1224,1224,100.0,100.0
raw_reversal,2024-09-19,1233,1233,1233,1233,100.0,100.0
raw_reversal,2024-09-20,1285,1284,1285,1284,100.0,99.92217898832685
raw_reversal,2024-09-23,1290,1288,1290,1288,100.0,99.84496124031008
raw_reversal,2024-09-24,1295,1293,1295,1293,100.0,99.84555984555985
raw_reversal,2024-09-25,1292,1290,1292,1290,100.0,99.84520123839009
raw_reversal,2024-09-26,1299,1297,1299,1297,100.0,99.84603541185527
raw_reversal,2024-09-27,1304,1303,1304,1303,100.0,99.92331288343559
raw_reversal,2024-09-30,1304,1302,1303,1301,99.92331288343559,99.76993865030674
raw_reversal,2024-10-01,1301,1300,1300,1299,99.92313604919293,99.84627209838585
raw_reversal,2024-10-02,1302,1302,1301,1301,99.92319508448541,99.92319508448541
raw_reversal,2024-10-03,1302,1302,1301,1301,99.92319508448541,99.92319508448541
raw_reversal,2024-10-04,1303,1302,1302,1301,99.92325402916347,99.84650805832693
raw_reversal,2024-10-07,1300,1300,1300,1300,100.0,100.0
raw_reversal,2024-10-08,1297,1297,1297,1297,100.0,100.0
raw_reversal,2024-10-09,1294,1294,1294,1294,100.0,100.0
raw_reversal,2024-10-10,1292,1292,1292,1292,100.0,100.0
raw_reversal,2024-10-11,1288,1288,1288,1288,100.0,100.0
raw_reversal,2024-10-14,1286,1286,1286,1286,100.0,100.0
raw_reversal,2024-10-15,1283,1283,1283,1283,100.0,100.0
raw_reversal,2024-10-16,1288,1287,1288,1287,100.0,99.9223602484472
raw_reversal,2024-10-17,1281,1281,1281,1281,100.0,100.0
raw_reversal,2024-10-18,1239,1239,1239,1239,100.0,100.0
raw_reversal,2024-10-21,1236,1236,1236,1236,100.0,100.0
raw_reversal,2024-10-22,1232,1232,1232,1232,100.0,100.0
raw_reversal,2024-10-23,1230,1230,1230,1230,100.0,100.0
raw_reversal,2024-10-24,1226,1225,1226,1225,100.0,99.9184339314845
raw_reversal,2024-10-25,1225,1224,1225,1224,100.0,99.91836734693878
raw_reversal,2024-10-28,1224,1222,1224,1222,100.0,99.83660130718954
raw_reversal,2024-10-29,1223,1221,1223,1221,100.0,99.83646770237122
raw_reversal,2024-10-30,1231,1229,1231,1229,100.0,99.83753046303818
raw_reversal,2024-10-31,1234,1232,1234,1232,100.0,99.83792544570503
raw_reversal,2024-11-01,1236,1234,1235,1233,99.91909385113269,99.75728155339806
raw_reversal,2024-11-04,1244,1244,1243,1243,99.91961414790997,99.91961414790997
raw_reversal,2024-11-05,1256,1256,1254,1254,99.8407643312102,99.8407643312102
raw_reversal,2024-11-06,1285,1285,1283,1283,99.8443579766537,99.8443579766537
raw_reversal,2024-11-07,1298,1297,1296,1295,99.84591679506934,99.768875192604
raw_reversal,2024-11-08,1316,1316,1315,1315,99.92401215805471,99.92401215805471
raw_reversal,2024-11-11,1327,1327,1325,1325,99.8492840994725,99.8492840994725
raw_reversal,2024-11-12,1333,1333,1332,1332,99.92498124531133,99.92498124531133
raw_reversal,2024-11-13,1340,1340,1339,1339,99.92537313432835,99.92537313432835
raw_reversal,2024-11-14,1335,1333,1334,1332,99.9250936329588,99.7752808988764
raw_reversal,2024-11-15,1338,1337,1337,1336,99.9252615844544,99.85052316890882
raw_reversal,2024-11-18,1343,1340,1343,1340,100.0,99.77661950856292
raw_reversal,2024-11-19,1345,1342,1345,1342,100.0,99.77695167286245
raw_reversal,2024-11-20,1350,1347,1350,1347,100.0,99.77777777777777
raw_reversal,2024-11-21,1357,1354,1357,1354,100.0,99.7789240972734
raw_reversal,2024-11-22,1369,1366,1369,1366,100.0,99.7808619430241
raw_reversal,2024-11-25,1377,1376,1377,1376,100.0,99.92737835875091
raw_reversal,2024-11-26,1375,1374,1374,1373,99.92727272727272,99.85454545454546
raw_reversal,2024-11-27,1372,1372,1371,1371,99.92711370262391,99.92711370262391
raw_reversal,2024-11-29,1366,1365,1365,1364,99.9267935578331,99.85358711566617
raw_reversal,2024-12-02,1369,1368,1368,1367,99.92695398100804,99.85390796201607
raw_reversal,2024-12-03,1364,1364,1363,1363,99.9266862170088,99.9266862170088
raw_reversal,2024-12-04,1366,1366,1366,1366,100.0,100.0
raw_reversal,2024-12-05,1347,1347,1347,1347,100.0,100.0
raw_reversal,2024-12-06,1332,1332,1332,1332,100.0,100.0
raw_reversal,2024-12-09,1322,1322,1322,1322,100.0,100.0
raw_reversal,2024-12-10,1321,1321,1321,1321,100.0,100.0
raw_reversal,2024-12-11,1321,1321,1321,1321,100.0,100.0
raw_reversal,2024-12-12,1314,1314,1314,1314,100.0,100.0
raw_reversal,2024-12-13,1314,1314,1314,1314,100.0,100.0
raw_reversal,2024-12-16,1318,1318,1318,1318,100.0,100.0
raw_reversal,2024-12-17,1320,1319,1320,1319,100.0,99.92424242424242
raw_reversal,2024-12-18,1320,1320,1320,1320,100.0,100.0
raw_reversal,2024-12-19,1320,1320,1320,1320,100.0,100.0
raw_reversal,2024-12-20,1369,1368,1369,1368,100.0,99.92695398100804
raw_reversal,2024-12-23,1365,1364,1365,1364,100.0,99.92673992673993
raw_reversal,2024-12-24,1348,1347,1348,1347,100.0,99.92581602373888
raw_reversal,2024-12-26,1346,1345,1346,1345,100.0,99.92570579494799
raw_reversal,2024-12-27,1343,1343,1343,1343,100.0,100.0
raw_reversal,2024-12-30,1346,1346,1346,1346,100.0,100.0
raw_reversal,2024-12-31,1344,1343,1344,1343,100.0,99.92559523809524
raw_reversal,2025-01-02,1347,1347,1347,1347,100.0,100.0
raw_reversal,2025-01-03,1343,1341,1343,1341,100.0,99.85107967237528
raw_reversal,2025-01-06,1348,1347,1348,1347,100.0,99.92581602373888
raw_reversal,2025-01-07,1353,1352,1353,1352,100.0,99.9260901699926
raw_reversal,2025-01-08,1352,1351,1352,1351,100.0,99.92603550295858
raw_reversal,2025-01-10,1347,1345,1347,1345,100.0,99.85152190051967
raw_reversal,2025-01-13,1344,1342,1344,1342,100.0,99.85119047619048
raw_reversal,2025-01-14,1339,1338,1339,1338,100.0,99.92531740104556
raw_reversal,2025-01-15,1340,1339,1340,1339,100.0,99.92537313432835
raw_reversal,2025-01-16,1338,1337,1338,1337,100.0,99.9252615844544
raw_reversal,2025-01-17,1335,1335,1335,1335,100.0,100.0
raw_reversal,2025-01-21,1332,1331,1331,1330,99.92492492492492,99.84984984984985
raw_reversal,2025-01-22,1326,1326,1325,1325,99.92458521870286,99.92458521870286
raw_reversal,2025-01-23,1282,1282,1281,1281,99.9219968798752,99.9219968798752
raw_reversal,2025-01-24,1284,1283,1283,1282,99.9221183800623,99.84423676012462
raw_reversal,2025-01-27,1293,1293,1292,1292,99.92266047950503,99.92266047950503
raw_reversal,2025-01-28,1299,1299,1299,1299,100.0,100.0
raw_reversal,2025-01-29,1304,1304,1304,1304,100.0,100.0
raw_reversal,2025-01-30,1311,1311,1311,1311,100.0,100.0
raw_reversal,2025-01-31,1319,1318,1319,1318,100.0,99.92418498862774
raw_reversal,2025-02-03,1319,1319,1319,1319,100.0,100.0
raw_reversal,2025-02-04,1316,1316,1316,1316,100.0,100.0
raw_reversal,2025-02-05,1321,1321,1321,1321,100.0,100.0
raw_reversal,2025-02-06,1321,1321,1321,1321,100.0,100.0
raw_reversal,2025-02-07,1319,1319,1319,1319,100.0,100.0
raw_reversal,2025-02-10,1318,1317,1318,1317,100.0,99.92412746585735
raw_reversal,2025-02-11,1313,1313,1312,1312,99.92383853769992,99.92383853769992
raw_reversal,2025-02-12,1317,1317,1316,1316,99.92406985573272,99.92406985573272
raw_reversal,2025-02-13,1318,1316,1317,1315,99.92412746585735,99.77238239757207
raw_reversal,2025-02-14,1319,1318,1318,1317,99.92418498862774,99.8483699772555
raw_reversal,2025-02-18,1326,1324,1325,1323,99.92458521870286,99.77375565610859
raw_reversal,2025-02-19,1328,1327,1328,1327,100.0,99.92469879518072
raw_reversal,2025-02-20,1327,1325,1327,1325,100.0,99.8492840994725
raw_reversal,2025-02-21,1328,1327,1328,1327,100.0,99.92469879518072
raw_reversal,2025-02-24,1329,1328,1328,1327,99.9247554552295,99.84951091045899
raw_reversal,2025-02-25,1334,1333,1333,1332,99.92503748125937,99.85007496251875
raw_reversal,2025-02-26,1339,1337,1338,1336,99.92531740104556,99.77595220313667
raw_reversal,2025-02-27,1340,1339,1339,1338,99.92537313432835,99.85074626865672
raw_reversal,2025-02-28,1348,1348,1347,1347,99.92581602373888,99.92581602373888
raw_reversal,2025-03-03,1342,1342,1342,1342,100.0,100.0
raw_reversal,2025-03-04,1349,1349,1349,1349,100.0,100.0
raw_reversal,2025-03-05,1356,1356,1356,1356,100.0,100.0
raw_reversal,2025-03-06,1357,1357,1356,1356,99.92630803242447,99.92630803242447
raw_reversal,2025-03-07,1358,1358,1358,1358,100.0,100.0
raw_reversal,2025-03-10,1355,1355,1355,1355,100.0,100.0
raw_reversal,2025-03-11,1355,1354,1355,1354,100.0,99.92619926199262
raw_reversal,2025-03-12,1354,1354,1354,1354,100.0,100.0
raw_reversal,2025-03-13,1354,1354,1354,1354,100.0,100.0
raw_reversal,2025-03-14,1360,1360,1360,1360,100.0,100.0
raw_reversal,2025-03-17,1372,1372,1372,1372,100.0,100.0
raw_reversal,2025-03-18,1364,1364,1364,1364,100.0,100.0
raw_reversal,2025-03-19,1366,1366,1366,1366,100.0,100.0
raw_reversal,2025-03-20,1363,1363,1363,1363,100.0,100.0
raw_reversal,2025-03-21,1390,1389,1390,1389,100.0,99.92805755395683
raw_reversal,2025-03-24,1393,1392,1393,1392,100.0,99.92821249102656
raw_reversal,2025-03-25,1386,1384,1386,1384,100.0,99.85569985569985
raw_reversal,2025-03-26,1380,1379,1380,1379,100.0,99.92753623188406
raw_reversal,2025-03-27,1371,1370,1371,1370,100.0,99.927060539752
raw_reversal,2025-03-28,1353,1352,1353,1352,100.0,99.9260901699926
raw_reversal,2025-03-31,1353,1353,1353,1353,100.0,100.0
raw_reversal,2025-04-01,1345,1344,1344,1343,99.92565055762081,99.85130111524164
raw_reversal,2025-04-02,1346,1346,1345,1345,99.92570579494799,99.92570579494799
raw_reversal,2025-04-03,1334,1334,1333,1333,99.92503748125937,99.92503748125937
raw_reversal,2025-04-04,1330,1330,1329,1329,99.92481203007519,99.92481203007519
raw_reversal,2025-04-07,1338,1338,1337,1337,99.9252615844544,99.9252615844544
raw_reversal,2025-04-08,1339,1339,1339,1339,100.0,100.0
raw_reversal,2025-04-09,1359,1359,1359,1359,100.0,100.0
raw_reversal,2025-04-10,1353,1351,1353,1351,100.0,99.85218033998522
raw_reversal,2025-04-11,1356,1354,1356,1354,100.0,99.85250737463127
raw_reversal,2025-04-14,1359,1358,1359,1358,100.0,99.92641648270788
raw_reversal,2025-04-15,1354,1352,1354,1352,100.0,99.85228951255539
raw_reversal,2025-04-16,1349,1347,1349,1347,100.0,99.85174203113418
raw_reversal,2025-04-17,1346,1345,1346,1345,100.0,99.92570579494799
raw_reversal,2025-04-21,1318,1318,1318,1318,100.0,100.0
raw_reversal,2025-04-22,1321,1320,1321,1320,100.0,99.92429977289932
raw_reversal,2025-04-23,1323,1322,1323,1322,100.0,99.92441421012849
raw_reversal,2025-04-24,1329,1328,1329,1328,100.0,99.9247554552295
raw_reversal,2025-04-25,1329,1328,1329,1328,100.0,99.9247554552295
raw_reversal,2025-04-28,1328,1326,1328,1326,100.0,99.84939759036145
raw_reversal,2025-04-29,1326,1325,1326,1325,100.0,99.92458521870286
raw_reversal,2025-04-30,1324,1324,1324,1324,100.0,100.0
raw_reversal,2025-05-01,1327,1327,1327,1327,100.0,100.0
raw_reversal,2025-05-02,1325,1325,1325,1325,100.0,100.0
raw_reversal,2025-05-05,1315,1315,1315,1315,100.0,100.0
raw_reversal,2025-05-06,1305,1305,1305,1305,100.0,100.0
raw_reversal,2025-05-07,1307,1307,1307,1307,100.0,100.0
raw_reversal,2025-05-08,1303,1302,1303,1302,100.0,99.92325402916347
raw_reversal,2025-05-09,1299,1297,1299,1297,100.0,99.84603541185527
raw_reversal,2025-05-12,1313,1311,1313,1311,100.0,99.84767707539984
raw_reversal,2025-05-13,1319,1317,1319,1317,100.0,99.8483699772555
raw_reversal,2025-05-14,1322,1320,1322,1320,100.0,99.84871406959152
raw_reversal,2025-05-15,1322,1321,1322,1321,100.0,99.92435703479576
raw_reversal,2025-05-16,1327,1326,1326,1325,99.92464204973625,99.8492840994725
raw_reversal,2025-05-19,1322,1322,1321,1321,99.92435703479576,99.92435703479576
raw_reversal,2025-05-20,1324,1323,1323,1322,99.92447129909365,99.8489425981873
raw_reversal,2025-05-21,1311,1311,1310,1310,99.92372234935164,99.92372234935164
raw_reversal,2025-05-22,1309,1308,1308,1307,99.92360580595874,99.8472116119175
raw_reversal,2025-05-23,1310,1309,1310,1309,100.0,99.92366412213741
raw_reversal,2025-05-27,1317,1316,1317,1316,100.0,99.92406985573272
raw_reversal,2025-05-28,1320,1319,1320,1319,100.0,99.92424242424242
raw_reversal,2025-05-29,1316,1315,1316,1315,100.0,99.92401215805471
raw_reversal,2025-05-30,1313,1312,1313,1312,100.0,99.92383853769992
raw_reversal,2025-06-02,1310,1310,1310,1310,100.0,100.0
raw_reversal,2025-06-03,1317,1317,1317,1317,100.0,100.0
raw_reversal,2025-06-04,1314,1314,1314,1314,100.0,100.0
raw_reversal,2025-06-05,1309,1309,1309,1309,100.0,100.0
raw_reversal,2025-06-06,1314,1314,1314,1314,100.0,100.0
raw_reversal,2025-06-09,1313,1313,1313,1313,100.0,100.0
raw_reversal,2025-06-10,1308,1308,1308,1308,100.0,100.0
raw_reversal,2025-06-11,1304,1304,1304,1304,100.0,100.0
raw_reversal,2025-06-12,1298,1298,1298,1298,100.0,100.0
raw_reversal,2025-06-13,1293,1293,1293,1293,100.0,100.0
raw_reversal,2025-06-16,1297,1297,1297,1297,100.0,100.0
raw_reversal,2025-06-17,1297,1296,1297,1296,100.0,99.92289899768697
raw_reversal,2025-06-18,1301,1301,1301,1301,100.0,100.0
raw_reversal,2025-06-20,1324,1323,1324,1323,100.0,99.92447129909365
raw_reversal,2025-06-23,1327,1324,1327,1324,100.0,99.77392614920875
raw_reversal,2025-06-24,1336,1333,1336,1333,100.0,99.77544910179641
raw_reversal,2025-06-25,1334,1331,1334,1331,100.0,99.77511244377811
raw_reversal,2025-06-26,1343,1340,1343,1340,100.0,99.77661950856292
raw_reversal,2025-06-27,1378,1376,1378,1376,100.0,99.85486211901306
raw_reversal,2025-06-30,1380,1377,1379,1376,99.92753623188406,99.71014492753623
raw_reversal,2025-07-01,1384,1383,1383,1382,99.92774566473989,99.85549132947978
raw_reversal,2025-07-02,1394,1394,1393,1393,99.92826398852223,99.92826398852223
raw_reversal,2025-07-03,1394,1394,1393,1393,99.92826398852223,99.92826398852223
raw_reversal,2025-07-07,1395,1394,1394,1393,99.92831541218638,99.85663082437276
raw_reversal,2025-07-08,1403,1401,1403,1401,100.0,99.85744832501781
raw_reversal,2025-07-09,1404,1400,1404,1400,100.0,99.71509971509971
raw_reversal,2025-07-10,1409,1403,1409,1403,100.0,99.57416607523066
raw_reversal,2025-07-11,1406,1400,1406,1400,100.0,99.57325746799431
raw_reversal,2025-07-14,1415,1410,1415,1410,100.0,99.64664310954063
raw_reversal,2025-07-15,1413,1408,1412,1407,99.92922859164898,99.57537154989384
raw_reversal,2025-07-16,1413,1410,1412,1409,99.92922859164898,99.7169143665959
raw_reversal,2025-07-17,1415,1413,1413,1411,99.85865724381625,99.7173144876325
raw_reversal,2025-07-18,1414,1414,1412,1412,99.85855728429986,99.85855728429986
raw_reversal,2025-07-21,1395,1395,1393,1393,99.85663082437276,99.85663082437276
raw_reversal,2025-07-22,1402,1402,1401,1401,99.9286733238231,99.9286733238231
raw_reversal,2025-07-23,1404,1404,1403,1403,99.92877492877493,99.92877492877493
raw_reversal,2025-07-24,1407,1406,1407,1406,100.0,99.92892679459844
raw_reversal,2025-07-25,1407,1407,1407,1407,100.0,100.0
raw_reversal,2025-07-28,1378,1377,1378,1377,100.0,99.92743105950653
raw_reversal,2025-07-29,1370,1369,1370,1369,100.0,99.92700729927007
raw_reversal,2025-07-30,1366,1364,1366,1364,100.0,99.85358711566617
raw_reversal,2025-07-31,1368,1366,1368,1366,100.0,99.85380116959064
raw_reversal,2025-08-01,1383,1381,1383,1381,100.0,99.85538684020246
raw_reversal,2025-08-04,1383,1382,1383,1382,100.0,99.92769342010124
raw_reversal,2025-08-05,1392,1391,1392,1391,100.0,99.92816091954023
raw_reversal,2025-08-06,1392,1391,1392,1391,100.0,99.92816091954023
raw_reversal,2025-08-07,1393,1393,1393,1393,100.0,100.0
raw_reversal,2025-08-08,1401,1401,1401,1401,100.0,100.0
raw_reversal,2025-08-11,1404,1404,1404,1404,100.0,100.0
raw_reversal,2025-08-12,1411,1411,1411,1411,100.0,100.0
raw_reversal,2025-08-13,1419,1419,1419,1419,100.0,100.0
raw_reversal,2025-08-14,1421,1420,1421,1420,100.0,99.92962702322308
raw_reversal,2025-08-15,1427,1426,1427,1426,100.0,99.92992291520673
raw_reversal,2025-08-18,1429,1428,1429,1428,100.0,99.93002099370189
raw_reversal,2025-08-19,1425,1425,1425,1425,100.0,100.0
raw_reversal,2025-08-20,1422,1421,1422,1421,100.0,99.929676511955
raw_reversal,2025-08-21,1420,1419,1420,1419,100.0,99.92957746478874
raw_reversal,2025-08-22,1430,1429,1430,1429,100.0,99.93006993006993
raw_reversal,2025-08-25,1420,1418,1420,1418,100.0,99.85915492957747
raw_reversal,2025-08-26,1422,1421,1422,1421,100.0,99.929676511955
raw_reversal,2025-08-27,1423,1421,1423,1421,100.0,99.85945186226283
raw_reversal,2025-08-28,1418,1416,1418,1416,100.0,99.8589562764457
raw_reversal,2025-08-29,1407,1405,1407,1405,100.0,99.85785358919688
raw_reversal,2025-09-02,1408,1407,1408,1407,100.0,99.92897727272727
raw_reversal,2025-09-03,1400,1398,1400,1398,100.0,99.85714285714286
raw_reversal,2025-09-04,1399,1398,1399,1398,100.0,99.92852037169406
raw_reversal,2025-09-05,1390,1389,1390,1389,100.0,99.92805755395683
raw_reversal,2025-09-08,1389,1389,1389,1389,100.0,100.0
raw_reversal,2025-09-09,1384,1384,1384,1384,100.0,100.0
raw_reversal,2025-09-10,1382,1382,1382,1382,100.0,100.0
raw_reversal,2025-09-11,1383,1381,1383,1381,100.0,99.85538684020246
raw_reversal,2025-09-12,1378,1378,1378,1378,100.0,100.0
raw_reversal,2025-09-15,1375,1375,1375,1375,100.0,100.0
raw_reversal,2025-09-16,1375,1375,1375,1375,100.0,100.0
raw_reversal,2025-09-17,1387,1387,1387,1387,100.0,100.0
raw_reversal,2025-09-18,1396,1396,1396,1396,100.0,100.0
raw_reversal,2025-09-19,1425,1425,1425,1425,100.0,100.0
raw_reversal,2025-09-22,1425,1425,1425,1425,100.0,100.0
raw_reversal,2025-09-23,1426,1424,1426,1424,100.0,99.85974754558205
raw_reversal,2025-09-24,1423,1422,1423,1422,100.0,99.92972593113141
raw_reversal,2025-09-25,1424,1421,1424,1421,100.0,99.78932584269663
raw_reversal,2025-09-26,1425,1423,1425,1423,100.0,99.85964912280701
raw_reversal,2025-09-29,1431,1429,1431,1429,100.0,99.86023759608665
raw_reversal,2025-09-30,1426,1424,1426,1424,100.0,99.85974754558205
raw_reversal,2025-10-01,1429,1428,1429,1428,100.0,99.93002099370189
raw_reversal,2025-10-02,1435,1435,1435,1435,100.0,100.0
raw_reversal,2025-10-03,1439,1439,1438,1438,99.93050729673384,99.93050729673384
raw_reversal,2025-10-06,1444,1444,1443,1443,99.93074792243767,99.93074792243767
raw_reversal,2025-10-07,1444,1444,1443,1443,99.93074792243767,99.93074792243767
raw_reversal,2025-10-08,1442,1442,1441,1441,99.93065187239945,99.93065187239945
raw_reversal,2025-10-09,1438,1438,1437,1437,99.93045897079277,99.93045897079277
raw_reversal,2025-10-10,1439,1438,1439,1438,100.0,99.93050729673384
raw_reversal,2025-10-13,1443,1442,1443,1442,100.0,99.93069993069993
raw_reversal,2025-10-14,1445,1443,1445,1443,100.0,99.86159169550173
raw_reversal,2025-10-15,1441,1440,1441,1440,100.0,99.93060374739764
raw_reversal,2025-10-16,1435,1434,1435,1434,100.0,99.93031358885017
raw_reversal,2025-10-17,1405,1404,1405,1404,100.0,99.9288256227758
raw_reversal,2025-10-20,1403,1403,1403,1403,100.0,100.0
raw_reversal,2025-10-21,1403,1403,1403,1403,100.0,100.0
raw_reversal,2025-10-22,1402,1400,1402,1400,100.0,99.85734664764622
raw_reversal,2025-10-23,1406,1403,1406,1403,100.0,99.78662873399716
raw_reversal,2025-10-24,1404,1401,1404,1401,100.0,99.78632478632478
raw_reversal,2025-10-27,1402,1398,1402,1398,100.0,99.71469329529243
raw_reversal,2025-10-28,1393,1390,1393,1390,100.0,99.78463747307968
raw_reversal,2025-10-29,1399,1397,1399,1397,100.0,99.85704074338814
raw_reversal,2025-10-30,1395,1394,1394,1393,99.92831541218638,99.85663082437276
raw_reversal,2025-10-31,1399,1399,1398,1398,99.92852037169406,99.92852037169406
raw_reversal,2025-11-03,1399,1399,1397,1397,99.85704074338814,99.85704074338814
raw_reversal,2025-11-04,1399,1399,1397,1397,99.85704074338814,99.85704074338814
raw_reversal,2025-11-05,1407,1406,1405,1404,99.85785358919688,99.7867803837953
raw_reversal,2025-11-06,1410,1408,1409,1407,99.9290780141844,99.7872340425532
raw_reversal,2025-11-07,1418,1416,1417,1415,99.92947813822285,99.78843441466854
raw_reversal,2025-11-10,1423,1420,1423,1420,100.0,99.78917779339423
raw_reversal,2025-11-11,1425,1422,1425,1422,100.0,99.78947368421052
raw_reversal,2025-11-12,1426,1423,1426,1423,100.0,99.78962131837307
raw_reversal,2025-11-13,1416,1414,1416,1414,100.0,99.85875706214689
raw_reversal,2025-11-14,1422,1421,1422,1421,100.0,99.929676511955
raw_reversal,2025-11-17,1426,1425,1426,1425,100.0,99.92987377279103
raw_reversal,2025-11-18,1428,1428,1427,1427,99.92997198879551,99.92997198879551
raw_reversal,2025-11-19,1429,1428,1428,1427,99.93002099370189,99.86004198740378
raw_reversal,2025-11-20,1423,1421,1422,1420,99.92972593113141,99.78917779339423
raw_reversal,2025-11-21,1439,1437,1438,1436,99.93050729673384,99.79152189020152
raw_reversal,2025-11-24,1446,1443,1445,1442,99.93084370677731,99.72337482710927
raw_reversal,2025-11-25,1452,1449,1452,1449,100.0,99.79338842975207
raw_reversal,2025-11-26,1459,1457,1459,1457,100.0,99.86291980808772
raw_reversal,2025-11-28,1449,1447,1449,1447,100.0,99.86197377501725
raw_reversal,2025-12-01,1444,1442,1444,1442,100.0,99.86149584487535
raw_reversal,2025-12-02,1440,1437,1440,1437,100.0,99.79166666666667
raw_reversal,2025-12-03,1442,1439,1442,1439,100.0,99.79195561719834
raw_reversal,2025-12-04,1441,1438,1441,1438,100.0,99.79181124219292
raw_reversal,2025-12-05,1430,1427,1430,1427,100.0,99.79020979020979
raw_reversal,2025-12-08,1428,1424,1428,1424,100.0,99.71988795518207
raw_reversal,2025-12-09,1426,1422,1426,1422,100.0,99.71949509116409
raw_reversal,2025-12-10,1433,1430,1433,1430,100.0,99.79064898813678
raw_reversal,2025-12-11,1434,1432,1434,1432,100.0,99.860529986053
raw_reversal,2025-12-12,1435,1432,1435,1432,100.0,99.79094076655052
raw_reversal,2025-12-15,1440,1438,1440,1438,100.0,99.86111111111111
raw_reversal,2025-12-16,1442,1442,1442,1442,100.0,100.0
raw_reversal,2025-12-17,1439,1439,1438,1438,99.93050729673384,99.93050729673384
raw_reversal,2025-12-18,1446,1446,1445,1445,99.93084370677731,99.93084370677731
raw_reversal,2025-12-19,1475,1475,1474,1474,99.9322033898305,99.9322033898305
raw_reversal,2025-12-22,1472,1472,1471,1471,99.9320652173913,99.9320652173913
raw_reversal,2025-12-23,1463,0,1462,0,99.93164730006835,0.0
raw_reversal,2025-12-24,1454,0,1454,0,100.0,0.0
raw_reversal,2025-12-26,1441,0,1441,0,100.0,0.0
raw_reversal,2025-12-29,1448,0,1448,0,100.0,0.0
raw_reversal,2025-12-30,1441,0,1441,0,100.0,0.0
raw_reversal,2025-12-31,1439,0,1439,0,100.0,0.0
univariate_reversal_ridge,2020-01-02,1076,1075,1062,1061,98.69888475836431,98.60594795539033
univariate_reversal_ridge,2020-01-03,1081,1079,1077,1075,99.62997224791859,99.44495837187789
univariate_reversal_ridge,2020-01-06,1087,1087,1083,1083,99.63201471941122,99.63201471941122
univariate_reversal_ridge,2020-01-07,1085,1085,1075,1075,99.07834101382488,99.07834101382488
univariate_reversal_ridge,2020-01-08,1080,1080,1072,1072,99.25925925925925,99.25925925925925
univariate_reversal_ridge,2020-01-09,1079,1078,1063,1062,98.51714550509732,98.4244670991659
univariate_reversal_ridge,2020-01-10,1080,1080,1076,1076,99.62962962962963,99.62962962962963
univariate_reversal_ridge,2020-01-13,1081,1081,1077,1077,99.62997224791859,99.62997224791859
univariate_reversal_ridge,2020-01-14,1086,1085,1075,1074,98.98710865561694,98.89502762430939
univariate_reversal_ridge,2020-01-15,1079,1077,1074,1072,99.53660797034291,99.35125115848007
univariate_reversal_ridge,2020-01-16,1076,1075,1062,1061,98.69888475836431,98.60594795539033
univariate_reversal_ridge,2020-01-17,1072,1071,1068,1067,99.6268656716418,99.53358208955224
univariate_reversal_ridge,2020-01-21,1075,1074,1069,1068,99.44186046511628,99.34883720930233
univariate_reversal_ridge,2020-01-22,1037,1035,1032,1030,99.51783992285439,99.32497589199615
univariate_reversal_ridge,2020-01-23,1046,1045,1039,1038,99.33078393881453,99.23518164435947
univariate_reversal_ridge,2020-01-24,1055,1055,1051,1051,99.62085308056872,99.62085308056872
univariate_reversal_ridge,2020-01-27,1065,1065,1062,1062,99.71830985915493,99.71830985915493
univariate_reversal_ridge,2020-01-28,1069,1069,1062,1062,99.34518241347054,99.34518241347054
univariate_reversal_ridge,2020-01-29,1070,1070,1067,1067,99.7196261682243,99.7196261682243
univariate_reversal_ridge,2020-01-30,1073,1073,1054,1054,98.22926374650513,98.22926374650513
univariate_reversal_ridge,2020-01-31,1081,1081,1069,1069,98.88991674375578,98.88991674375578
univariate_reversal_ridge,2020-02-03,1084,1084,1081,1081,99.72324723247233,99.72324723247233
univariate_reversal_ridge,2020-02-04,1086,1086,1081,1081,99.53959484346224,99.53959484346224
univariate_reversal_ridge,2020-02-05,1090,1090,1085,1085,99.54128440366972,99.54128440366972
univariate_reversal_ridge,2020-02-06,1097,1097,1077,1077,98.17684594348222,98.17684594348222
univariate_reversal_ridge,2020-02-07,1096,1096,1075,1075,98.08394160583941,98.08394160583941
univariate_reversal_ridge,2020-02-10,1094,1094,1080,1080,98.72029250457038,98.72029250457038
univariate_reversal_ridge,2020-02-11,1092,1092,1082,1082,99.08424908424908,99.08424908424908
univariate_reversal_ridge,2020-02-12,1100,1100,1090,1090,99.0909090909091,99.0909090909091
univariate_reversal_ridge,2020-02-13,1098,1098,1056,1056,96.17486338797814,96.17486338797814
univariate_reversal_ridge,2020-02-14,1095,1095,1072,1072,97.89954337899543,97.89954337899543
univariate_reversal_ridge,2020-02-18,1100,1100,1090,1090,99.0909090909091,99.0909090909091
univariate_reversal_ridge,2020-02-19,1096,1095,1085,1084,98.9963503649635,98.9051094890511
univariate_reversal_ridge,2020-02-20,1099,1099,1083,1083,98.54413102820746,98.54413102820746
univariate_reversal_ridge,2020-02-21,1097,1097,1082,1082,98.63263445761167,98.63263445761167
univariate_reversal_ridge,2020-02-24,1097,1097,1081,1081,98.54147675478578,98.54147675478578
univariate_reversal_ridge,2020-02-25,1105,1105,1093,1093,98.91402714932127,98.91402714932127
univariate_reversal_ridge,2020-02-26,1108,1108,1100,1100,99.27797833935018,99.27797833935018
univariate_reversal_ridge,2020-02-27,1127,1127,1077,1077,95.56344276841172,95.56344276841172
univariate_reversal_ridge,2020-02-28,1145,1145,1104,1104,96.41921397379913,96.41921397379913
univariate_reversal_ridge,2020-03-02,1153,1153,1140,1140,98.87250650477017,98.87250650477017
univariate_reversal_ridge,2020-03-03,1154,1154,1138,1138,98.61351819757365,98.61351819757365
univariate_reversal_ridge,2020-03-04,1157,1157,1142,1142,98.70354364736387,98.70354364736387
univariate_reversal_ridge,2020-03-05,1153,1153,1119,1119,97.05117085862966,97.05117085862966
univariate_reversal_ridge,2020-03-06,1153,1152,1132,1131,98.1786643538595,98.09193408499566
univariate_reversal_ridge,2020-03-09,1141,1141,1119,1119,98.07186678352322,98.07186678352322
univariate_reversal_ridge,2020-03-10,1147,1147,1135,1135,98.9537925021796,98.9537925021796
univariate_reversal_ridge,2020-03-11,1140,1140,1130,1130,99.12280701754386,99.12280701754386
univariate_reversal_ridge,2020-03-12,1117,1117,1071,1071,95.88182632050135,95.88182632050135
univariate_reversal_ridge,2020-03-13,1132,1131,1109,1108,97.96819787985866,97.87985865724382
univariate_reversal_ridge,2020-03-16,1111,1111,1091,1091,98.1998199819982,98.1998199819982
univariate_reversal_ridge,2020-03-17,1116,1116,1107,1107,99.19354838709677,99.19354838709677
univariate_reversal_ridge,2020-03-18,1086,1086,1078,1078,99.2633517495396,99.2633517495396
univariate_reversal_ridge,2020-03-19,1118,1118,1104,1104,98.74776386404294,98.74776386404294
univariate_reversal_ridge,2020-03-20,1121,1121,1114,1114,99.37555753791258,99.37555753791258
univariate_reversal_ridge,2020-03-23,1116,1115,1111,1110,99.55197132616487,99.46236559139786
univariate_reversal_ridge,2020-03-24,1157,1156,1149,1148,99.3085566119274,99.22212618841833
univariate_reversal_ridge,2020-03-25,1163,1162,1153,1152,99.14015477214102,99.05417024935511
univariate_reversal_ridge,2020-03-26,1167,1164,1155,1152,98.97172236503856,98.7146529562982
univariate_reversal_ridge,2020-03-27,1146,1142,1140,1136,99.47643979057591,99.12739965095986
univariate_reversal_ridge,2020-03-30,1135,1132,1109,1106,97.70925110132158,97.44493392070484
univariate_reversal_ridge,2020-03-31,1130,1127,1115,1112,98.67256637168141,98.40707964601769
univariate_reversal_ridge,2020-04-01,1110,1107,1102,1099,99.27927927927928,99.009009009009
univariate_reversal_ridge,2020-04-02,1110,1109,1096,1095,98.73873873873873,98.64864864864865
univariate_reversal_ridge,2020-04-03,1101,1101,1092,1092,99.1825613079019,99.1825613079019
univariate_reversal_ridge,2020-04-06,1115,1114,1106,1105,99.19282511210763,99.10313901345292
univariate_reversal_ridge,2020-04-07,1113,1113,1104,1104,99.19137466307278,99.19137466307278
univariate_reversal_ridge,2020-04-08,1117,1117,1101,1101,98.56759176365264,98.56759176365264
univariate_reversal_ridge,2020-04-09,1110,1109,1098,1097,98.91891891891892,98.82882882882883
univariate_reversal_ridge,2020-04-13,1100,1099,1094,1093,99.45454545454545,99.36363636363636
univariate_reversal_ridge,2020-04-14,1098,1097,1087,1086,98.99817850637523,98.90710382513662
univariate_reversal_ridge,2020-04-15,1080,1078,1071,1069,99.16666666666667,98.98148148148148
univariate_reversal_ridge,2020-04-16,1066,1064,1056,1054,99.06191369606003,98.87429643527204
univariate_reversal_ridge,2020-04-17,1067,1067,1059,1059,99.2502343017807,99.2502343017807
univariate_reversal_ridge,2020-04-20,1053,1053,1047,1047,99.43019943019944,99.43019943019944
univariate_reversal_ridge,2020-04-21,1047,1047,1038,1038,99.14040114613181,99.14040114613181
univariate_reversal_ridge,2020-04-22,1040,1040,1033,1033,99.32692307692308,99.32692307692308
univariate_reversal_ridge,2020-04-23,1028,1028,1021,1021,99.31906614785993,99.31906614785993
univariate_reversal_ridge,2020-04-24,1026,1026,1016,1016,99.02534113060429,99.02534113060429
univariate_reversal_ridge,2020-04-27,1029,1029,1019,1019,99.02818270165209,99.02818270165209
univariate_reversal_ridge,2020-04-28,1031,1031,1022,1022,99.1270611057226,99.1270611057226
univariate_reversal_ridge,2020-04-29,1049,1049,1035,1035,98.6653956148713,98.6653956148713
univariate_reversal_ridge,2020-04-30,1056,1056,1040,1040,98.48484848484848,98.48484848484848
univariate_reversal_ridge,2020-05-01,1051,1051,1036,1036,98.57278782112274,98.57278782112274
univariate_reversal_ridge,2020-05-04,1048,1048,1042,1042,99.42748091603053,99.42748091603053
univariate_reversal_ridge,2020-05-05,1045,1045,1039,1039,99.42583732057416,99.42583732057416
univariate_reversal_ridge,2020-05-06,1044,1044,1032,1032,98.85057471264368,98.85057471264368
univariate_reversal_ridge,2020-05-07,1048,1048,1022,1022,97.51908396946565,97.51908396946565
univariate_reversal_ridge,2020-05-08,1052,1050,1031,1029,98.00380228136882,97.81368821292776
univariate_reversal_ridge,2020-05-11,1058,1056,1049,1047,99.14933837429112,98.96030245746692
univariate_reversal_ridge,2020-05-12,1057,1055,1044,1042,98.77010406811732,98.58088930936613
univariate_reversal_ridge,2020-05-13,1062,1060,1050,1048,98.87005649717514,98.68173258003766
univariate_reversal_ridge,2020-05-14,1067,1065,1028,1026,96.34489222118088,96.15745079662605
univariate_reversal_ridge,2020-05-15,1067,1067,1041,1041,97.56326148078725,97.56326148078725
univariate_reversal_ridge,2020-05-18,1076,1076,1063,1063,98.7918215613383,98.7918215613383
univariate_reversal_ridge,2020-05-19,1077,1077,1056,1056,98.05013927576601,98.05013927576601
univariate_reversal_ridge,2020-05-20,1083,1083,1065,1065,98.33795013850416,98.33795013850416
univariate_reversal_ridge,2020-05-21,1083,1083,1059,1059,97.78393351800554,97.78393351800554
univariate_reversal_ridge,2020-05-22,1082,1082,1062,1062,98.15157116451017,98.15157116451017
univariate_reversal_ridge,2020-05-26,1092,1092,1078,1078,98.71794871794872,98.71794871794872
univariate_reversal_ridge,2020-05-27,1104,1104,1089,1089,98.6413043478261,98.6413043478261
univariate_reversal_ridge,2020-05-28,1092,1091,1058,1057,96.88644688644689,96.7948717948718
univariate_reversal_ridge,2020-05-29,1093,1093,1053,1053,96.34034766697164,96.34034766697164
univariate_reversal_ridge,2020-06-01,1097,1097,1081,1081,98.54147675478578,98.54147675478578
univariate_reversal_ridge,2020-06-02,1102,1102,1090,1090,98.91107078039927,98.91107078039927
univariate_reversal_ridge,2020-06-03,1107,1107,1095,1095,98.9159891598916,98.9159891598916
univariate_reversal_ridge,2020-06-04,1109,1109,1076,1076,97.02434625788999,97.02434625788999
univariate_reversal_ridge,2020-06-05,1117,1117,1104,1104,98.83616830796777,98.83616830796777
univariate_reversal_ridge,2020-06-08,1128,1128,1116,1116,98.93617021276596,98.93617021276596
univariate_reversal_ridge,2020-06-09,1117,1117,1099,1099,98.38854073410923,98.38854073410923
univariate_reversal_ridge,2020-06-10,1116,1116,1104,1104,98.9247311827957,98.9247311827957
univariate_reversal_ridge,2020-06-11,1112,1112,1083,1083,97.39208633093526,97.39208633093526
univariate_reversal_ridge,2020-06-12,1121,1119,1071,1069,95.53969669937555,95.36128456735058
univariate_reversal_ridge,2020-06-15,1123,1122,1104,1103,98.30810329474622,98.21905609973285
univariate_reversal_ridge,2020-06-16,1128,1126,1113,1111,98.67021276595744,98.49290780141844
univariate_reversal_ridge,2020-06-17,1124,1122,1109,1107,98.66548042704626,98.48754448398577
univariate_reversal_ridge,2020-06-18,1126,1124,1111,1109,98.66785079928952,98.49023090586145
univariate_reversal_ridge,2020-06-19,1148,1146,1131,1129,98.5191637630662,98.34494773519164
univariate_reversal_ridge,2020-06-22,1155,1154,1142,1141,98.87445887445888,98.78787878787878
univariate_reversal_ridge,2020-06-23,1160,1159,1147,1146,98.87931034482759,98.79310344827586
univariate_reversal_ridge,2020-06-24,1157,1155,1142,1140,98.70354364736387,98.53068280034572
univariate_reversal_ridge,2020-06-25,1160,1158,1142,1140,98.44827586206897,98.27586206896552
univariate_reversal_ridge,2020-06-26,1165,1163,1151,1149,98.79828326180258,98.62660944206009
univariate_reversal_ridge,2020-06-29,1174,1171,1142,1139,97.27427597955707,97.01873935264055
univariate_reversal_ridge,2020-06-30,1185,1183,1164,1162,98.22784810126582,98.05907172995781
univariate_reversal_ridge,2020-07-01,1175,1173,1156,1154,98.38297872340425,98.2127659574468
univariate_reversal_ridge,2020-07-02,1167,1167,1148,1148,98.37189374464438,98.37189374464438
univariate_reversal_ridge,2020-07-06,1163,1163,1149,1149,98.79621668099742,98.79621668099742
univariate_reversal_ridge,2020-07-07,1159,1159,1146,1146,98.87834339948232,98.87834339948232
univariate_reversal_ridge,2020-07-08,1163,1163,1151,1151,98.96818572656922,98.96818572656922
univariate_reversal_ridge,2020-07-09,1153,1153,1130,1130,98.00520381613183,98.00520381613183
univariate_reversal_ridge,2020-07-10,1143,1143,1130,1130,98.86264216972879,98.86264216972879
univariate_reversal_ridge,2020-07-13,1144,1143,1132,1131,98.95104895104895,98.86363636363636
univariate_reversal_ridge,2020-07-14,1140,1139,1121,1120,98.33333333333333,98.24561403508773
univariate_reversal_ridge,2020-07-15,1149,1148,1133,1132,98.60748476936466,98.52045256744995
univariate_reversal_ridge,2020-07-16,1141,1140,1120,1119,98.15950920245399,98.07186678352322
univariate_reversal_ridge,2020-07-17,1138,1137,1121,1120,98.50615114235501,98.41827768014059
univariate_reversal_ridge,2020-07-20,1106,1105,1094,1093,98.91500904159132,98.8245931283906
univariate_reversal_ridge,2020-07-21,1104,1104,1090,1090,98.73188405797102,98.73188405797102
univariate_reversal_ridge,2020-07-22,1101,1101,1087,1087,98.72842870118075,98.72842870118075
univariate_reversal_ridge,2020-07-23,1101,1101,1084,1084,98.45594913714805,98.45594913714805
univariate_reversal_ridge,2020-07-24,1097,1096,1080,1079,98.4503190519599,98.359161349134
univariate_reversal_ridge,2020-07-27,1058,1057,1043,1042,98.58223062381853,98.48771266540643
univariate_reversal_ridge,2020-07-28,1057,1056,1039,1038,98.29706717123936,98.20245979186376
univariate_reversal_ridge,2020-07-29,1056,1054,1041,1039,98.57954545454545,98.39015151515152
univariate_reversal_ridge,2020-07-30,1051,1050,1026,1025,97.62131303520457,97.52616555661275
univariate_reversal_ridge,2020-07-31,1057,1056,1034,1033,97.8240302743614,97.7294228949858
univariate_reversal_ridge,2020-08-03,1061,1061,1045,1045,98.49198868991517,98.49198868991517
univariate_reversal_ridge,2020-08-04,1064,1064,1049,1049,98.59022556390977,98.59022556390977
univariate_reversal_ridge,2020-08-05,1072,1072,1056,1056,98.50746268656717,98.50746268656717
univariate_reversal_ridge,2020-08-06,1081,1081,1052,1052,97.3172987974098,97.3172987974098
univariate_reversal_ridge,2020-08-07,1094,1094,1065,1065,97.3491773308958,97.3491773308958
univariate_reversal_ridge,2020-08-10,1098,1098,1077,1077,98.08743169398907,98.08743169398907
univariate_reversal_ridge,2020-08-11,1099,1099,1080,1080,98.27115559599636,98.27115559599636
univariate_reversal_ridge,2020-08-12,1107,1107,1086,1086,98.1029810298103,98.1029810298103
univariate_reversal_ridge,2020-08-13,1109,1109,1055,1055,95.1307484220018,95.1307484220018
univariate_reversal_ridge,2020-08-14,1103,1102,1069,1068,96.91749773345421,96.82683590208522
univariate_reversal_ridge,2020-08-17,1105,1104,1083,1082,98.00904977375566,97.91855203619909
univariate_reversal_ridge,2020-08-18,1103,1102,1076,1075,97.55213055303717,97.46146872166818
univariate_reversal_ridge,2020-08-19,1103,1101,1077,1075,97.64279238440616,97.46146872166818
univariate_reversal_ridge,2020-08-20,1097,1095,1071,1069,97.62989972652689,97.44758432087511
univariate_reversal_ridge,2020-08-21,1100,1098,1075,1073,97.72727272727273,97.54545454545455
univariate_reversal_ridge,2020-08-24,1100,1099,1076,1075,97.81818181818181,97.72727272727273
univariate_reversal_ridge,2020-08-25,1096,1095,1078,1077,98.35766423357664,98.26642335766424
univariate_reversal_ridge,2020-08-26,1095,1095,1073,1073,97.99086757990868,97.99086757990868
univariate_reversal_ridge,2020-08-27,1090,1090,1058,1058,97.06422018348624,97.06422018348624
univariate_reversal_ridge,2020-08-28,1077,1076,1042,1041,96.7502321262767,96.65738161559888
univariate_reversal_ridge,2020-08-31,1074,1074,1024,1024,95.34450651769087,95.34450651769087
univariate_reversal_ridge,2020-09-01,1073,1073,1051,1051,97.94967381174278,97.94967381174278
univariate_reversal_ridge,2020-09-02,1071,1071,1052,1052,98.22595704948647,98.22595704948647
univariate_reversal_ridge,2020-09-03,1064,1064,1032,1032,96.99248120300751,96.99248120300751
univariate_reversal_ridge,2020-09-04,1060,1059,1043,1042,98.39622641509433,98.30188679245283
univariate_reversal_ridge,2020-09-08,1054,1053,1035,1034,98.19734345351044,98.10246679316889
univariate_reversal_ridge,2020-09-09,1057,1056,1034,1033,97.8240302743614,97.7294228949858
univariate_reversal_ridge,2020-09-10,1050,1049,1025,1024,97.61904761904762,97.52380952380952
univariate_reversal_ridge,2020-09-11,1045,1044,1027,1026,98.27751196172248,98.18181818181819
univariate_reversal_ridge,2020-09-14,1052,1052,1005,1005,95.53231939163499,95.53231939163499
univariate_reversal_ridge,2020-09-15,1051,1051,1028,1028,97.8116079923882,97.8116079923882
univariate_reversal_ridge,2020-09-16,1061,1061,1043,1043,98.30348727615457,98.30348727615457
univariate_reversal_ridge,2020-09-17,1066,1066,1048,1048,98.31144465290807,98.31144465290807
univariate_reversal_ridge,2020-09-18,1108,1108,1091,1091,98.46570397111914,98.46570397111914
univariate_reversal_ridge,2020-09-21,1111,1111,1096,1096,98.64986498649866,98.64986498649866
univariate_reversal_ridge,2020-09-22,1121,1121,1108,1108,98.84032114183765,98.84032114183765
univariate_reversal_ridge,2020-09-23,1118,1118,1104,1104,98.74776386404294,98.74776386404294
univariate_reversal_ridge,2020-09-24,1116,1115,1100,1099,98.5663082437276,98.47670250896057
univariate_reversal_ridge,2020-09-25,1125,1122,1111,1108,98.75555555555556,98.4888888888889
univariate_reversal_ridge,2020-09-28,1130,1127,1120,1117,99.11504424778761,98.84955752212389
univariate_reversal_ridge,2020-09-29,1122,1119,1093,1090,97.41532976827095,97.14795008912655
univariate_reversal_ridge,2020-09-30,1130,1125,1109,1104,98.14159292035399,97.69911504424779
univariate_reversal_ridge,2020-10-01,1132,1127,1116,1111,98.58657243816255,98.14487632508833
univariate_reversal_ridge,2020-10-02,1129,1125,1116,1112,98.84853852967228,98.49424269264836
univariate_reversal_ridge,2020-10-05,1134,1131,1118,1115,98.58906525573192,98.32451499118166
univariate_reversal_ridge,2020-10-06,1141,1139,1127,1125,98.77300613496932,98.5977212971078
univariate_reversal_ridge,2020-10-07,1146,1144,1131,1129,98.69109947643979,98.51657940663176
univariate_reversal_ridge,2020-10-08,1146,1146,1117,1117,97.4694589877836,97.4694589877836
univariate_reversal_ridge,2020-10-09,1137,1137,1122,1122,98.68073878627969,98.68073878627969
univariate_reversal_ridge,2020-10-12,1139,1138,1125,1124,98.77085162423178,98.68305531167691
univariate_reversal_ridge,2020-10-13,1133,1133,1117,1117,98.58781994704324,98.58781994704324
univariate_reversal_ridge,2020-10-14,1120,1120,1098,1098,98.03571428571429,98.03571428571429
univariate_reversal_ridge,2020-10-15,1116,1116,1093,1093,97.93906810035843,97.93906810035843
univariate_reversal_ridge,2020-10-16,1074,1074,1056,1056,98.32402234636872,98.32402234636872
univariate_reversal_ridge,2020-10-19,1065,1065,1051,1051,98.68544600938966,98.68544600938966
univariate_reversal_ridge,2020-10-20,1061,1061,1044,1044,98.39773798303487,98.39773798303487
univariate_reversal_ridge,2020-10-21,1053,1053,1036,1036,98.38556505223171,98.38556505223171
univariate_reversal_ridge,2020-10-22,1058,1056,1038,1036,98.10964083175803,97.92060491493383
univariate_reversal_ridge,2020-10-23,1061,1060,1043,1042,98.30348727615457,98.20923656927427
univariate_reversal_ridge,2020-10-26,1059,1058,1041,1040,98.30028328611898,98.20585457979226
univariate_reversal_ridge,2020-10-27,1065,1064,1045,1044,98.12206572769954,98.02816901408451
univariate_reversal_ridge,2020-10-28,1066,1065,1047,1046,98.21763602251407,98.12382739212008
univariate_reversal_ridge,2020-10-29,1075,1073,1048,1046,97.48837209302326,97.30232558139535
univariate_reversal_ridge,2020-10-30,1084,1084,1055,1055,97.32472324723247,97.32472324723247
univariate_reversal_ridge,2020-11-02,1084,1084,1069,1069,98.61623616236163,98.61623616236163
univariate_reversal_ridge,2020-11-03,1085,1085,1071,1071,98.70967741935483,98.70967741935483
univariate_reversal_ridge,2020-11-04,1083,1083,1065,1065,98.33795013850416,98.33795013850416
univariate_reversal_ridge,2020-11-05,1094,1093,1063,1062,97.16636197440585,97.07495429616088
univariate_reversal_ridge,2020-11-06,1101,1101,1078,1078,97.91099000908265,97.91099000908265
univariate_reversal_ridge,2020-11-09,1125,1124,1090,1089,96.88888888888889,96.8
univariate_reversal_ridge,2020-11-10,1139,1138,1110,1109,97.45390693590869,97.36611062335382
univariate_reversal_ridge,2020-11-11,1144,1143,1125,1124,98.33916083916084,98.25174825174825
univariate_reversal_ridge,2020-11-12,1146,1145,1094,1093,95.46247818499127,95.37521815008726
univariate_reversal_ridge,2020-11-13,1150,1149,1107,1106,96.26086956521739,96.17391304347827
univariate_reversal_ridge,2020-11-16,1163,1162,1139,1138,97.93637145313843,97.85038693035254
univariate_reversal_ridge,2020-11-17,1166,1166,1135,1135,97.34133790737565,97.34133790737565
univariate_reversal_ridge,2020-11-18,1179,1179,1146,1146,97.20101781170483,97.20101781170483
univariate_reversal_ridge,2020-11-19,1182,1182,1139,1139,96.36209813874788,96.36209813874788
univariate_reversal_ridge,2020-11-20,1190,1188,1157,1155,97.22689075630252,97.05882352941177
univariate_reversal_ridge,2020-11-23,1195,1193,1163,1161,97.32217573221757,97.15481171548117
univariate_reversal_ridge,2020-11-24,1197,1195,1163,1161,97.1595655806182,96.99248120300751
univariate_reversal_ridge,2020-11-25,1198,1196,1170,1168,97.6627712854758,97.49582637729549
univariate_reversal_ridge,2020-11-27,1192,1190,1145,1143,96.05704697986577,95.88926174496645
univariate_reversal_ridge,2020-11-30,1188,1188,1130,1130,95.11784511784512,95.11784511784512
univariate_reversal_ridge,2020-12-01,1192,1192,1155,1155,96.89597315436242,96.89597315436242
univariate_reversal_ridge,2020-12-02,1199,1199,1172,1172,97.74812343619683,97.74812343619683
univariate_reversal_ridge,2020-12-03,1200,1200,1155,1155,96.25,96.25
univariate_reversal_ridge,2020-12-04,1201,1201,1172,1172,97.58534554537886,97.58534554537886
univariate_reversal_ridge,2020-12-07,1209,1209,1186,1186,98.09760132340777,98.09760132340777
univariate_reversal_ridge,2020-12-08,1197,1197,1171,1171,97.82790309106099,97.82790309106099
univariate_reversal_ridge,2020-12-09,1197,1197,1167,1167,97.4937343358396,97.4937343358396
univariate_reversal_ridge,2020-12-10,1199,1199,1166,1166,97.24770642201835,97.24770642201835
univariate_reversal_ridge,2020-12-11,1198,1197,1169,1168,97.57929883138564,97.49582637729549
univariate_reversal_ridge,2020-12-14,1206,1204,1153,1151,95.60530679933665,95.43946932006634
univariate_reversal_ridge,2020-12-15,1203,1202,1176,1175,97.75561097256858,97.67248545303408
univariate_reversal_ridge,2020-12-16,1203,1202,1180,1179,98.08811305070657,98.00498753117208
univariate_reversal_ridge,2020-12-17,1206,1205,1182,1181,98.00995024875621,97.92703150912106
univariate_reversal_ridge,2020-12-18,1271,1270,1238,1237,97.4036191974823,97.3249409913454
univariate_reversal_ridge,2020-12-21,1277,1277,1251,1251,97.96397807361002,97.96397807361002
univariate_reversal_ridge,2020-12-22,1272,1272,1246,1246,97.95597484276729,97.95597484276729
univariate_reversal_ridge,2020-12-23,1266,1264,1238,1236,97.78830963665087,97.6303317535545
univariate_reversal_ridge,2020-12-24,1245,1244,1214,1213,97.51004016064257,97.429718875502
univariate_reversal_ridge,2020-12-28,1262,1261,1239,1238,98.17749603803486,98.09825673534073
univariate_reversal_ridge,2020-12-29,1248,1246,1226,1224,98.23717948717949,98.07692307692308
univariate_reversal_ridge,2020-12-30,1242,1240,1196,1194,96.29629629629629,96.13526570048309
univariate_reversal_ridge,2020-12-31,1244,1241,1209,1206,97.18649517684888,96.94533762057878
univariate_reversal_ridge,2021-01-04,1253,1252,1222,1221,97.52593774940144,97.44612928970471
univariate_reversal_ridge,2021-01-05,1259,1257,1231,1229,97.77601270849881,97.61715647339157
univariate_reversal_ridge,2021-01-06,1276,1273,1251,1248,98.04075235109718,97.80564263322884
univariate_reversal_ridge,2021-01-07,1280,1279,1238,1237,96.71875,96.640625
univariate_reversal_ridge,2021-01-08,1281,1279,1251,1249,97.65807962529274,97.50195160031225
univariate_reversal_ridge,2021-01-11,1287,1285,1261,1259,97.97979797979798,97.82439782439782
univariate_reversal_ridge,2021-01-12,1290,1288,1266,1264,98.13953488372093,97.98449612403101
univariate_reversal_ridge,2021-01-13,1286,1284,1263,1261,98.21150855365474,98.05598755832037
univariate_reversal_ridge,2021-01-14,1301,1300,1266,1265,97.3097617217525,97.23289777094543
univariate_reversal_ridge,2021-01-15,1297,1296,1273,1272,98.14957594448728,98.07247494217425
univariate_reversal_ridge,2021-01-19,1303,1303,1275,1275,97.85111281657713,97.85111281657713
univariate_reversal_ridge,2021-01-20,1258,1258,1235,1235,98.17170111287759,98.17170111287759
univariate_reversal_ridge,2021-01-21,1254,1254,1229,1229,98.00637958532695,98.00637958532695
univariate_reversal_ridge,2021-01-22,1253,1253,1235,1235,98.5634477254589,98.5634477254589
univariate_reversal_ridge,2021-01-25,1265,1264,1247,1246,98.57707509881423,98.49802371541502
univariate_reversal_ridge,2021-01-26,1279,1278,1260,1259,98.51446442533229,98.43627834245504
univariate_reversal_ridge,2021-01-27,1304,1303,1288,1287,98.77300613496932,98.6963190184049
univariate_reversal_ridge,2021-01-28,1314,1313,1290,1289,98.17351598173516,98.09741248097413
univariate_reversal_ridge,2021-01-29,1333,1332,1302,1301,97.67441860465117,97.5993998499625
univariate_reversal_ridge,2021-02-01,1350,1350,1330,1330,98.51851851851852,98.51851851851852
univariate_reversal_ridge,2021-02-02,1348,1348,1325,1325,98.29376854599407,98.29376854599407
univariate_reversal_ridge,2021-02-03,1356,1356,1335,1335,98.45132743362832,98.45132743362832
univariate_reversal_ridge,2021-02-04,1344,1344,1307,1307,97.24702380952381,97.24702380952381
univariate_reversal_ridge,2021-02-05,1341,1341,1312,1312,97.83743475018643,97.83743475018643
univariate_reversal_ridge,2021-02-08,1348,1347,1317,1316,97.70029673590504,97.62611275964392
univariate_reversal_ridge,2021-02-09,1350,1350,1318,1318,97.62962962962963,97.62962962962963
univariate_reversal_ridge,2021-02-10,1348,1347,1321,1320,97.99703264094956,97.92284866468843
univariate_reversal_ridge,2021-02-11,1349,1349,1291,1291,95.70051890289103,95.70051890289103
univariate_reversal_ridge,2021-02-12,1347,1347,1310,1310,97.25315515961395,97.25315515961395
univariate_reversal_ridge,2021-02-16,1352,1352,1322,1322,97.7810650887574,97.7810650887574
univariate_reversal_ridge,2021-02-17,1351,1351,1320,1320,97.70540340488527,97.70540340488527
univariate_reversal_ridge,2021-02-18,1349,1349,1317,1317,97.62787249814677,97.62787249814677
univariate_reversal_ridge,2021-02-19,1354,1353,1317,1316,97.26735598227474,97.19350073855244
univariate_reversal_ridge,2021-02-22,1356,1355,1332,1331,98.23008849557522,98.15634218289085
univariate_reversal_ridge,2021-02-23,1358,1357,1338,1337,98.52724594992637,98.45360824742268
univariate_reversal_ridge,2021-02-24,1364,1363,1342,1341,98.38709677419355,98.31378299120234
univariate_reversal_ridge,2021-02-25,1360,1359,1307,1306,96.1029411764706,96.02941176470588
univariate_reversal_ridge,2021-02-26,1359,1357,1304,1302,95.95290654893304,95.80573951434879
univariate_reversal_ridge,2021-03-01,1357,1357,1329,1329,97.93662490788505,97.93662490788505
univariate_reversal_ridge,2021-03-02,1362,1362,1335,1335,98.01762114537445,98.01762114537445
univariate_reversal_ridge,2021-03-03,1362,1362,1332,1332,97.79735682819383,97.79735682819383
univariate_reversal_ridge,2021-03-04,1368,1368,1321,1321,96.56432748538012,96.56432748538012
univariate_reversal_ridge,2021-03-05,1371,1371,1339,1339,97.66593727206418,97.66593727206418
univariate_reversal_ridge,2021-03-08,1379,1379,1356,1356,98.33212472806382,98.33212472806382
univariate_reversal_ridge,2021-03-09,1388,1388,1349,1349,97.19020172910663,97.19020172910663
univariate_reversal_ridge,2021-03-10,1393,1393,1371,1371,98.42067480258434,98.42067480258434
univariate_reversal_ridge,2021-03-11,1400,1400,1366,1366,97.57142857142857,97.57142857142857
univariate_reversal_ridge,2021-03-12,1403,1402,1355,1354,96.57875980042766,96.50748396293656
univariate_reversal_ridge,2021-03-15,1407,1407,1382,1382,98.22316986496091,98.22316986496091
univariate_reversal_ridge,2021-03-16,1408,1408,1379,1379,97.9403409090909,97.9403409090909
univariate_reversal_ridge,2021-03-17,1410,1410,1394,1394,98.86524822695036,98.86524822695036
univariate_reversal_ridge,2021-03-18,1412,1412,1396,1396,98.86685552407933,98.86685552407933
univariate_reversal_ridge,2021-03-19,1459,1459,1443,1443,98.90335846470185,98.90335846470185
univariate_reversal_ridge,2021-03-22,1455,1455,1440,1440,98.96907216494846,98.96907216494846
univariate_reversal_ridge,2021-03-23,1450,1449,1436,1435,99.03448275862068,98.96551724137932
univariate_reversal_ridge,2021-03-24,1453,1452,1434,1433,98.69236063317274,98.6235375086029
univariate_reversal_ridge,2021-03-25,1456,1455,1435,1434,98.5576923076923,98.48901098901099
univariate_reversal_ridge,2021-03-26,1446,1444,1432,1430,99.03181189488244,98.89349930843707
univariate_reversal_ridge,2021-03-29,1442,1441,1427,1426,98.95977808599167,98.89042995839112
univariate_reversal_ridge,2021-03-30,1441,1440,1405,1404,97.50173490631506,97.4323386537127
univariate_reversal_ridge,2021-03-31,1449,1448,1417,1416,97.79158040027605,97.72256728778468
univariate_reversal_ridge,2021-04-01,1433,1433,1414,1414,98.67411025819958,98.67411025819958
univariate_reversal_ridge,2021-04-05,1421,1420,1399,1398,98.45179451090782,98.3814215341309
univariate_reversal_ridge,2021-04-06,1416,1416,1397,1397,98.65819209039547,98.65819209039547
univariate_reversal_ridge,2021-04-07,1404,1404,1387,1387,98.78917378917379,98.78917378917379
univariate_reversal_ridge,2021-04-08,1406,1406,1381,1381,98.22190611664296,98.22190611664296
univariate_reversal_ridge,2021-04-09,1399,1399,1378,1378,98.4989278055754,98.4989278055754
univariate_reversal_ridge,2021-04-12,1393,1393,1378,1378,98.92318736539842,98.92318736539842
univariate_reversal_ridge,2021-04-13,1393,1392,1378,1377,98.92318736539842,98.85139985642498
univariate_reversal_ridge,2021-04-14,1382,1379,1361,1358,98.48046309696093,98.26338639652677
univariate_reversal_ridge,2021-04-15,1375,1373,1353,1351,98.4,98.25454545454545
univariate_reversal_ridge,2021-04-16,1360,1359,1347,1346,99.04411764705883,98.97058823529412
univariate_reversal_ridge,2021-04-19,1308,1307,1297,1296,99.15902140672783,99.08256880733946
univariate_reversal_ridge,2021-04-20,1304,1302,1286,1284,98.61963190184049,98.46625766871166
univariate_reversal_ridge,2021-04-21,1304,1302,1290,1288,98.92638036809817,98.77300613496932
univariate_reversal_ridge,2021-04-22,1295,1295,1278,1278,98.68725868725869,98.68725868725869
univariate_reversal_ridge,2021-04-23,1287,1287,1270,1270,98.67909867909867,98.67909867909867
univariate_reversal_ridge,2021-04-26,1289,1289,1278,1278,99.1466252909232,99.1466252909232
univariate_reversal_ridge,2021-04-27,1278,1278,1263,1263,98.82629107981221,98.82629107981221
univariate_reversal_ridge,2021-04-28,1280,1278,1267,1265,98.984375,98.828125
univariate_reversal_ridge,2021-04-29,1267,1267,1246,1246,98.34254143646409,98.34254143646409
univariate_reversal_ridge,2021-04-30,1270,1270,1251,1251,98.50393700787401,98.50393700787401
univariate_reversal_ridge,2021-05-03,1265,1265,1257,1257,99.36758893280633,99.36758893280633
univariate_reversal_ridge,2021-05-04,1274,1274,1263,1263,99.13657770800629,99.13657770800629
univariate_reversal_ridge,2021-05-05,1282,1281,1263,1262,98.5179407176287,98.4399375975039
univariate_reversal_ridge,2021-05-06,1295,1293,1260,1258,97.29729729729729,97.14285714285714
univariate_reversal_ridge,2021-05-07,1300,1299,1270,1269,97.6923076923077,97.61538461538461
univariate_reversal_ridge,2021-05-10,1310,1309,1294,1293,98.77862595419847,98.70229007633588
univariate_reversal_ridge,2021-05-11,1319,1318,1300,1299,98.55951478392721,98.48369977255497
univariate_reversal_ridge,2021-05-12,1324,1323,1299,1298,98.1117824773414,98.03625377643505
univariate_reversal_ridge,2021-05-13,1329,1328,1283,1282,96.53875094055681,96.46350639578631
univariate_reversal_ridge,2021-05-14,1337,1337,1295,1295,96.8586387434555,96.8586387434555
univariate_reversal_ridge,2021-05-17,1326,1325,1307,1306,98.56711915535445,98.49170437405732
univariate_reversal_ridge,2021-05-18,1331,1330,1307,1306,98.19684447783621,98.12171299774606
univariate_reversal_ridge,2021-05-19,1326,1325,1300,1299,98.03921568627452,97.96380090497738
univariate_reversal_ridge,2021-05-20,1331,1330,1301,1300,97.74605559729527,97.6709241172051
univariate_reversal_ridge,2021-05-21,1332,1331,1304,1303,97.89789789789789,97.82282282282283
univariate_reversal_ridge,2021-05-24,1327,1325,1305,1303,98.34212509419744,98.19140919366993
univariate_reversal_ridge,2021-05-25,1328,1326,1305,1303,98.26807228915662,98.11746987951807
univariate_reversal_ridge,2021-05-26,1332,1330,1311,1309,98.42342342342343,98.27327327327328
univariate_reversal_ridge,2021-05-27,1340,1337,1293,1290,96.49253731343283,96.26865671641791
univariate_reversal_ridge,2021-05-28,1334,1331,1278,1275,95.80209895052474,95.57721139430285
univariate_reversal_ridge,2021-06-01,1332,1328,1312,1308,98.49849849849849,98.1981981981982
univariate_reversal_ridge,2021-06-02,1336,1334,1316,1314,98.50299401197604,98.35329341317366
univariate_reversal_ridge,2021-06-03,1332,1328,1294,1290,97.14714714714715,96.84684684684684
univariate_reversal_ridge,2021-06-04,1322,1319,1309,1306,99.01664145234493,98.78971255673223
univariate_reversal_ridge,2021-06-07,1319,1316,1297,1294,98.33206974981046,98.1046247156937
univariate_reversal_ridge,2021-06-08,1324,1321,1305,1302,98.56495468277946,98.33836858006042
univariate_reversal_ridge,2021-06-09,1321,1319,1290,1288,97.65329295987888,97.50189250567752
univariate_reversal_ridge,2021-06-10,1315,1314,1283,1282,97.56653992395437,97.49049429657795
univariate_reversal_ridge,2021-06-11,1302,1301,1283,1282,98.54070660522274,98.46390168970814
univariate_reversal_ridge,2021-06-14,1308,1307,1254,1253,95.87155963302752,95.79510703363914
univariate_reversal_ridge,2021-06-15,1312,1312,1286,1286,98.01829268292683,98.01829268292683
univariate_reversal_ridge,2021-06-16,1312,1312,1289,1289,98.2469512195122,98.2469512195122
univariate_reversal_ridge,2021-06-17,1317,1317,1291,1291,98.02581624905088,98.02581624905088
univariate_reversal_ridge,2021-06-18,1336,1336,1311,1311,98.12874251497006,98.12874251497006
univariate_reversal_ridge,2021-06-21,1346,1345,1321,1320,98.14264487369985,98.06835066864785
univariate_reversal_ridge,2021-06-22,1352,1352,1331,1331,98.44674556213018,98.44674556213018
univariate_reversal_ridge,2021-06-23,1353,1351,1331,1329,98.3739837398374,98.22616407982261
univariate_reversal_ridge,2021-06-24,1352,1350,1321,1319,97.70710059171597,97.55917159763314
univariate_reversal_ridge,2021-06-25,1404,1402,1382,1380,98.43304843304843,98.2905982905983
univariate_reversal_ridge,2021-06-28,1406,1404,1388,1386,98.71977240398293,98.57752489331436
univariate_reversal_ridge,2021-06-29,1407,1405,1365,1363,97.01492537313433,96.8727789623312
univariate_reversal_ridge,2021-06-30,1406,1404,1370,1368,97.43954480796586,97.29729729729729
univariate_reversal_ridge,2021-07-01,1402,1402,1373,1373,97.93152639087019,97.93152639087019
univariate_reversal_ridge,2021-07-02,1397,1397,1369,1369,97.99570508231926,97.99570508231926
univariate_reversal_ridge,2021-07-06,1393,1393,1366,1366,98.06173725771716,98.06173725771716
univariate_reversal_ridge,2021-07-07,1391,1390,1366,1365,98.20273184759166,98.13084112149532
univariate_reversal_ridge,2021-07-08,1394,1394,1358,1358,97.41750358680058,97.41750358680058
univariate_reversal_ridge,2021-07-09,1397,1397,1367,1367,97.85254115962778,97.85254115962778
univariate_reversal_ridge,2021-07-12,1397,1397,1375,1375,98.4251968503937,98.4251968503937
univariate_reversal_ridge,2021-07-13,1384,1382,1365,1363,98.6271676300578,98.48265895953757
univariate_reversal_ridge,2021-07-14,1378,1374,1346,1342,97.677793904209,97.38751814223512
univariate_reversal_ridge,2021-07-15,1371,1369,1338,1336,97.59299781181619,97.4471188913202
univariate_reversal_ridge,2021-07-16,1353,1351,1330,1328,98.30007390983,98.15225424981523
univariate_reversal_ridge,2021-07-19,1327,1325,1307,1305,98.49284099472494,98.34212509419744
univariate_reversal_ridge,2021-07-20,1329,1327,1305,1303,98.1941309255079,98.0436418359669
univariate_reversal_ridge,2021-07-21,1327,1327,1304,1304,98.26676714393369,98.26676714393369
univariate_reversal_ridge,2021-07-22,1325,1324,1295,1294,97.73584905660377,97.66037735849056
univariate_reversal_ridge,2021-07-23,1316,1315,1286,1285,97.72036474164133,97.64437689969606
univariate_reversal_ridge,2021-07-26,1260,1258,1233,1231,97.85714285714286,97.6984126984127
univariate_reversal_ridge,2021-07-27,1255,1253,1231,1229,98.08764940239044,97.92828685258964
univariate_reversal_ridge,2021-07-28,1256,1254,1233,1231,98.1687898089172,98.00955414012739
univariate_reversal_ridge,2021-07-29,1246,1244,1212,1210,97.27126805778491,97.1107544141252
univariate_reversal_ridge,2021-07-30,1237,1236,1205,1204,97.41309620048504,97.3322554567502
univariate_reversal_ridge,2021-08-02,1247,1247,1225,1225,98.23576583801123,98.23576583801123
univariate_reversal_ridge,2021-08-03,1245,1245,1224,1224,98.3132530120482,98.3132530120482
univariate_reversal_ridge,2021-08-04,1245,1245,1217,1217,97.75100401606426,97.75100401606426
univariate_reversal_ridge,2021-08-05,1253,1253,1218,1218,97.20670391061452,97.20670391061452
univariate_reversal_ridge,2021-08-06,1263,1263,1232,1232,97.54552652414885,97.54552652414885
univariate_reversal_ridge,2021-08-09,1263,1263,1225,1225,96.99129057798892,96.99129057798892
univariate_reversal_ridge,2021-08-10,1271,1271,1243,1243,97.7970102281668,97.7970102281668
univariate_reversal_ridge,2021-08-11,1274,1274,1234,1234,96.86028257456829,96.86028257456829
univariate_reversal_ridge,2021-08-12,1274,1274,1216,1216,95.44740973312402,95.44740973312402
univariate_reversal_ridge,2021-08-13,1264,1264,1216,1216,96.20253164556962,96.20253164556962
univariate_reversal_ridge,2021-08-16,1254,1254,1225,1225,97.68740031897927,97.68740031897927
univariate_reversal_ridge,2021-08-17,1242,1242,1203,1203,96.85990338164251,96.85990338164251
univariate_reversal_ridge,2021-08-18,1241,1240,1208,1207,97.34085414987914,97.26027397260275
univariate_reversal_ridge,2021-08-19,1241,1240,1200,1199,96.69621273166801,96.61563255439162
univariate_reversal_ridge,2021-08-20,1249,1248,1215,1214,97.27782225780625,97.19775820656525
univariate_reversal_ridge,2021-08-23,1253,1252,1222,1221,97.52593774940144,97.44612928970471
univariate_reversal_ridge,2021-08-24,1246,1245,1217,1216,97.6725521669342,97.59229534510433
univariate_reversal_ridge,2021-08-25,1238,1235,1213,1210,97.98061389337641,97.73828756058158
univariate_reversal_ridge,2021-08-26,1236,1235,1204,1203,97.41100323624596,97.33009708737865
univariate_reversal_ridge,2021-08-27,1236,1235,1207,1206,97.6537216828479,97.57281553398059
univariate_reversal_ridge,2021-08-30,1231,1229,1193,1191,96.91307879772543,96.75060926076361
univariate_reversal_ridge,2021-08-31,1237,1236,1174,1173,94.90703314470493,94.82619240097009
univariate_reversal_ridge,2021-09-01,1238,1237,1214,1213,98.06138933764136,97.98061389337641
univariate_reversal_ridge,2021-09-02,1233,1233,1195,1195,96.91808596918086,96.91808596918086
univariate_reversal_ridge,2021-09-03,1232,1232,1206,1206,97.8896103896104,97.8896103896104
univariate_reversal_ridge,2021-09-07,1228,1228,1203,1203,97.9641693811075,97.9641693811075
univariate_reversal_ridge,2021-09-08,1224,1224,1200,1200,98.03921568627452,98.03921568627452
univariate_reversal_ridge,2021-09-09,1224,1224,1179,1179,96.32352941176471,96.32352941176471
univariate_reversal_ridge,2021-09-10,1231,1231,1205,1205,97.88789601949634,97.88789601949634
univariate_reversal_ridge,2021-09-13,1236,1235,1211,1210,97.97734627831716,97.89644012944984
univariate_reversal_ridge,2021-09-14,1239,1239,1180,1180,95.23809523809524,95.23809523809524
univariate_reversal_ridge,2021-09-15,1256,1256,1223,1223,97.37261146496816,97.37261146496816
univariate_reversal_ridge,2021-09-16,1262,1262,1234,1234,97.78129952456419,97.78129952456419
univariate_reversal_ridge,2021-09-17,1324,1324,1300,1300,98.18731117824774,98.18731117824774
univariate_reversal_ridge,2021-09-20,1330,1330,1306,1306,98.19548872180451,98.19548872180451
univariate_reversal_ridge,2021-09-21,1328,1327,1306,1305,98.3433734939759,98.26807228915662
univariate_reversal_ridge,2021-09-22,1321,1321,1297,1297,98.18319454958365,98.18319454958365
univariate_reversal_ridge,2021-09-23,1325,1323,1297,1295,97.88679245283019,97.73584905660377
univariate_reversal_ridge,2021-09-24,1336,1334,1314,1312,98.35329341317366,98.20359281437126
univariate_reversal_ridge,2021-09-27,1339,1336,1321,1318,98.65571321882001,98.43166542195668
univariate_reversal_ridge,2021-09-28,1342,1339,1327,1324,98.8822652757079,98.65871833084948
univariate_reversal_ridge,2021-09-29,1339,1336,1303,1300,97.31142643764002,97.0873786407767
univariate_reversal_ridge,2021-09-30,1350,1347,1321,1318,97.85185185185185,97.62962962962963
univariate_reversal_ridge,2021-10-01,1357,1355,1340,1338,98.74723655121592,98.59985261606485
univariate_reversal_ridge,2021-10-04,1352,1350,1332,1330,98.52071005917159,98.37278106508876
univariate_reversal_ridge,2021-10-05,1355,1354,1329,1328,98.08118081180812,98.00738007380073
univariate_reversal_ridge,2021-10-06,1351,1350,1331,1330,98.51961509992599,98.44559585492227
univariate_reversal_ridge,2021-10-07,1355,1354,1321,1320,97.49077490774907,97.41697416974169
univariate_reversal_ridge,2021-10-08,1348,1348,1325,1325,98.29376854599407,98.29376854599407
univariate_reversal_ridge,2021-10-11,1342,1342,1323,1323,98.58420268256334,98.58420268256334
univariate_reversal_ridge,2021-10-12,1340,1340,1317,1317,98.28358208955224,98.28358208955224
univariate_reversal_ridge,2021-10-13,1335,1335,1307,1307,97.90262172284645,97.90262172284645
univariate_reversal_ridge,2021-10-14,1332,1331,1294,1293,97.14714714714715,97.07207207207207
univariate_reversal_ridge,2021-10-15,1267,1267,1244,1244,98.18468823993686,98.18468823993686
univariate_reversal_ridge,2021-10-18,1263,1263,1243,1243,98.41646872525732,98.41646872525732
univariate_reversal_ridge,2021-10-19,1264,1264,1242,1242,98.25949367088607,98.25949367088607
univariate_reversal_ridge,2021-10-20,1263,1263,1241,1241,98.25811559778306,98.25811559778306
univariate_reversal_ridge,2021-10-21,1258,1257,1229,1228,97.69475357710652,97.61526232114467
univariate_reversal_ridge,2021-10-22,1252,1250,1232,1231,98.40255591054313,98.3226837060703
univariate_reversal_ridge,2021-10-25,1258,1255,1240,1237,98.5691573926868,98.33068362480127
univariate_reversal_ridge,2021-10-26,1260,1257,1240,1237,98.41269841269842,98.17460317460318
univariate_reversal_ridge,2021-10-27,1259,1255,1243,1239,98.72915011914218,98.41143764892772
univariate_reversal_ridge,2021-10-28,1252,1247,1223,1218,97.68370607028754,97.28434504792332
univariate_reversal_ridge,2021-10-29,1254,1251,1219,1216,97.20893141945774,96.96969696969697
univariate_reversal_ridge,2021-11-01,1259,1257,1241,1239,98.57029388403495,98.41143764892772
univariate_reversal_ridge,2021-11-02,1269,1266,1248,1245,98.3451536643026,98.10874704491725
univariate_reversal_ridge,2021-11-03,1286,1284,1267,1265,98.52255054432348,98.36702954898911
univariate_reversal_ridge,2021-11-04,1295,1293,1261,1259,97.37451737451738,97.22007722007721
univariate_reversal_ridge,2021-11-05,1300,1300,1274,1274,98.0,98.0
univariate_reversal_ridge,2021-11-08,1311,1310,1287,1286,98.16933638443936,98.093058733791
univariate_reversal_ridge,2021-11-09,1319,1319,1276,1276,96.73995451099317,96.73995451099317
univariate_reversal_ridge,2021-11-10,1325,1325,1283,1283,96.83018867924528,96.83018867924528
univariate_reversal_ridge,2021-11-11,1330,1330,1311,1311,98.57142857142857,98.57142857142857
univariate_reversal_ridge,2021-11-12,1328,1328,1275,1275,96.00903614457832,96.00903614457832
univariate_reversal_ridge,2021-11-15,1331,1331,1305,1305,98.0465815176559,98.0465815176559
univariate_reversal_ridge,2021-11-16,1338,1338,1308,1308,97.75784753363229,97.75784753363229
univariate_reversal_ridge,2021-11-17,1347,1347,1319,1319,97.92130660727543,97.92130660727543
univariate_reversal_ridge,2021-11-18,1351,1351,1303,1303,96.44707623982235,96.44707623982235
univariate_reversal_ridge,2021-11-19,1356,1355,1322,1321,97.49262536873157,97.4188790560472
univariate_reversal_ridge,2021-11-22,1359,1358,1325,1324,97.49816041206769,97.42457689477557
univariate_reversal_ridge,2021-11-23,1358,1357,1324,1323,97.49631811487481,97.42268041237114
univariate_reversal_ridge,2021-11-24,1360,1360,1324,1324,97.3529411764706,97.3529411764706
univariate_reversal_ridge,2021-11-26,1349,1349,1314,1314,97.40548554484803,97.40548554484803
univariate_reversal_ridge,2021-11-29,1347,1345,1303,1301,96.73348181143281,96.58500371195248
univariate_reversal_ridge,2021-11-30,1355,1354,1290,1289,95.20295202952029,95.12915129151291
univariate_reversal_ridge,2021-12-01,1356,1355,1323,1322,97.56637168141593,97.49262536873157
univariate_reversal_ridge,2021-12-02,1352,1352,1302,1302,96.30177514792899,96.30177514792899
univariate_reversal_ridge,2021-12-03,1345,1345,1315,1315,97.76951672862454,97.76951672862454
univariate_reversal_ridge,2021-12-06,1351,1350,1320,1319,97.70540340488527,97.63138415988156
univariate_reversal_ridge,2021-12-07,1356,1353,1323,1320,97.56637168141593,97.34513274336283
univariate_reversal_ridge,2021-12-08,1358,1357,1325,1324,97.5699558173785,97.49631811487481
univariate_reversal_ridge,2021-12-09,1346,1345,1301,1300,96.65676077265974,96.58246656760772
univariate_reversal_ridge,2021-12-10,1333,1331,1306,1304,97.97449362340585,97.82445611402851
univariate_reversal_ridge,2021-12-13,1335,1334,1310,1309,98.12734082397004,98.05243445692884
univariate_reversal_ridge,2021-12-14,1330,1330,1273,1273,95.71428571428571,95.71428571428571
univariate_reversal_ridge,2021-12-15,1344,1344,1316,1316,97.91666666666667,97.91666666666667
univariate_reversal_ridge,2021-12-16,1339,1339,1306,1306,97.53547423450335,97.53547423450335
univariate_reversal_ridge,2021-12-17,1390,1390,1364,1364,98.12949640287769,98.12949640287769
univariate_reversal_ridge,2021-12-20,1393,1393,1366,1366,98.06173725771716,98.06173725771716
univariate_reversal_ridge,2021-12-21,1395,1395,1372,1372,98.35125448028674,98.35125448028674
univariate_reversal_ridge,2021-12-22,1382,1382,1354,1354,97.9739507959479,97.9739507959479
univariate_reversal_ridge,2021-12-23,1379,1379,1359,1359,98.54967367657723,98.54967367657723
univariate_reversal_ridge,2021-12-27,1380,1378,1359,1357,98.47826086956522,98.33333333333333
univariate_reversal_ridge,2021-12-28,1365,1364,1352,1351,99.04761904761905,98.97435897435898
univariate_reversal_ridge,2021-12-29,1344,1343,1327,1326,98.73511904761905,98.66071428571429
univariate_reversal_ridge,2021-12-30,1339,1338,1300,1299,97.0873786407767,97.01269604182225
univariate_reversal_ridge,2021-12-31,1339,1338,1315,1314,98.20761762509335,98.13293502613891
univariate_reversal_ridge,2022-01-03,1335,1334,1316,1315,98.57677902621722,98.50187265917603
univariate_reversal_ridge,2022-01-04,1326,1326,1309,1309,98.71794871794872,98.71794871794872
univariate_reversal_ridge,2022-01-05,1326,1326,1307,1307,98.56711915535445,98.56711915535445
univariate_reversal_ridge,2022-01-06,1332,1332,1304,1304,97.89789789789789,97.89789789789789
univariate_reversal_ridge,2022-01-07,1331,1331,1311,1311,98.49737039819685,98.49737039819685
univariate_reversal_ridge,2022-01-10,1333,1333,1319,1319,98.9497374343586,98.9497374343586
univariate_reversal_ridge,2022-01-11,1332,1332,1319,1319,99.02402402402403,99.02402402402403
univariate_reversal_ridge,2022-01-12,1326,1326,1314,1314,99.09502262443439,99.09502262443439
univariate_reversal_ridge,2022-01-13,1310,1310,1282,1282,97.86259541984732,97.86259541984732
univariate_reversal_ridge,2022-01-14,1298,1298,1282,1282,98.7673343605547,98.7673343605547
univariate_reversal_ridge,2022-01-18,1241,1241,1229,1229,99.03303787268332,99.03303787268332
univariate_reversal_ridge,2022-01-19,1240,1240,1227,1227,98.95161290322581,98.95161290322581
univariate_reversal_ridge,2022-01-20,1244,1244,1228,1228,98.71382636655949,98.71382636655949
univariate_reversal_ridge,2022-01-21,1246,1246,1235,1235,99.11717495987159,99.11717495987159
univariate_reversal_ridge,2022-01-24,1258,1257,1249,1248,99.2845786963434,99.20508744038156
univariate_reversal_ridge,2022-01-25,1268,1266,1256,1254,99.05362776025237,98.89589905362776
univariate_reversal_ridge,2022-01-26,1276,1274,1264,1262,99.05956112852665,98.90282131661442
univariate_reversal_ridge,2022-01-27,1282,1280,1269,1267,98.98595943837753,98.82995319812792
univariate_reversal_ridge,2022-01-28,1290,1286,1271,1267,98.52713178294573,98.21705426356588
univariate_reversal_ridge,2022-01-31,1315,1312,1300,1297,98.85931558935361,98.63117870722434
univariate_reversal_ridge,2022-02-01,1322,1322,1313,1313,99.31921331316188,99.31921331316188
univariate_reversal_ridge,2022-02-02,1313,1313,1301,1301,99.08606245239909,99.08606245239909
univariate_reversal_ridge,2022-02-03,1308,1308,1293,1293,98.85321100917432,98.85321100917432
univariate_reversal_ridge,2022-02-04,1313,1312,1292,1292,98.4006092916984,98.4006092916984
univariate_reversal_ridge,2022-02-07,1305,1304,1294,1293,99.15708812260536,99.08045977011494
univariate_reversal_ridge,2022-02-08,1301,1300,1291,1290,99.23136049192928,99.15449654112221
univariate_reversal_ridge,2022-02-09,1307,1306,1290,1289,98.69931140015302,98.62280030604438
univariate_reversal_ridge,2022-02-10,1311,1310,1281,1280,97.7116704805492,97.63539282990084
univariate_reversal_ridge,2022-02-11,1306,1305,1281,1280,98.08575803981623,98.00918836140889
univariate_reversal_ridge,2022-02-14,1311,1311,1286,1286,98.093058733791,98.093058733791
univariate_reversal_ridge,2022-02-15,1313,1313,1301,1301,99.08606245239909,99.08606245239909
univariate_reversal_ridge,2022-02-16,1306,1306,1296,1296,99.23430321592649,99.23430321592649
univariate_reversal_ridge,2022-02-17,1303,1303,1271,1271,97.54412893323101,97.54412893323101
univariate_reversal_ridge,2022-02-18,1301,1300,1278,1277,98.23212913143736,98.15526518063028
univariate_reversal_ridge,2022-02-22,1284,1282,1276,1274,99.37694704049844,99.22118380062305
univariate_reversal_ridge,2022-02-23,1282,1281,1275,1274,99.45397815912636,99.37597503900156
univariate_reversal_ridge,2022-02-24,1288,1287,1263,1262,98.05900621118012,97.98136645962732
univariate_reversal_ridge,2022-02-25,1292,1290,1256,1254,97.21362229102168,97.05882352941177
univariate_reversal_ridge,2022-02-28,1298,1296,1258,1256,96.91833590138675,96.76425269645608
univariate_reversal_ridge,2022-03-01,1303,1302,1286,1285,98.69531849577898,98.61857252494244
univariate_reversal_ridge,2022-03-02,1306,1305,1288,1287,98.62174578866768,98.54517611026034
univariate_reversal_ridge,2022-03-03,1303,1300,1274,1271,97.7743668457406,97.54412893323101
univariate_reversal_ridge,2022-03-04,1302,1300,1282,1280,98.46390168970814,98.31029185867895
univariate_reversal_ridge,2022-03-07,1308,1307,1284,1283,98.1651376146789,98.08868501529052
univariate_reversal_ridge,2022-03-08,1321,1320,1304,1303,98.71309613928842,98.63739591218774
univariate_reversal_ridge,2022-03-09,1333,1331,1304,1302,97.82445611402851,97.67441860465117
univariate_reversal_ridge,2022-03-10,1324,1322,1290,1288,97.43202416918429,97.2809667673716
univariate_reversal_ridge,2022-03-11,1314,1314,1305,1305,99.31506849315069,99.31506849315069
univariate_reversal_ridge,2022-03-14,1306,1305,1259,1258,96.40122511485451,96.32465543644717
univariate_reversal_ridge,2022-03-15,1308,1308,1298,1298,99.2354740061162,99.2354740061162
univariate_reversal_ridge,2022-03-16,1323,1323,1307,1307,98.79062736205593,98.79062736205593
univariate_reversal_ridge,2022-03-17,1323,1323,1306,1306,98.71504157218443,98.71504157218443
univariate_reversal_ridge,2022-03-18,1359,1359,1349,1349,99.26416482707873,99.26416482707873
univariate_reversal_ridge,2022-03-21,1362,1361,1354,1353,99.41262848751836,99.33920704845815
univariate_reversal_ridge,2022-03-22,1360,1359,1354,1353,99.55882352941177,99.48529411764706
univariate_reversal_ridge,2022-03-23,1357,1356,1347,1346,99.26308032424465,99.18938835666913
univariate_reversal_ridge,2022-03-24,1343,1341,1327,1325,98.80863737900223,98.65971705137751
univariate_reversal_ridge,2022-03-25,1340,1337,1331,1328,99.32835820895522,99.1044776119403
univariate_reversal_ridge,2022-03-28,1335,1331,1328,1324,99.47565543071161,99.17602996254682
univariate_reversal_ridge,2022-03-29,1335,1331,1325,1321,99.25093632958801,98.95131086142322
univariate_reversal_ridge,2022-03-30,1329,1325,1299,1295,97.74266365688487,97.44168547780286
univariate_reversal_ridge,2022-03-31,1340,1336,1316,1312,98.2089552238806,97.91044776119404
univariate_reversal_ridge,2022-04-01,1339,1333,1329,1323,99.25317401045557,98.8050784167289
univariate_reversal_ridge,2022-04-04,1333,1328,1320,1315,99.02475618904727,98.6496624156039
univariate_reversal_ridge,2022-04-05,1322,1318,1301,1297,98.41149773071105,98.1089258698941
univariate_reversal_ridge,2022-04-06,1320,1315,1306,1301,98.93939393939394,98.56060606060606
univariate_reversal_ridge,2022-04-07,1324,1321,1301,1298,98.26283987915407,98.03625377643505
univariate_reversal_ridge,2022-04-08,1323,1321,1306,1304,98.71504157218443,98.56386999244143
univariate_reversal_ridge,2022-04-11,1317,1317,1305,1305,99.08883826879271,99.08883826879271
univariate_reversal_ridge,2022-04-12,1314,1314,1302,1302,99.08675799086758,99.08675799086758
univariate_reversal_ridge,2022-04-13,1311,1311,1284,1284,97.94050343249428,97.94050343249428
univariate_reversal_ridge,2022-04-14,1307,1307,1291,1291,98.77582249426167,98.77582249426167
univariate_reversal_ridge,2022-04-18,1260,1260,1250,1250,99.2063492063492,99.2063492063492
univariate_reversal_ridge,2022-04-19,1261,1261,1249,1249,99.04837430610627,99.04837430610627
univariate_reversal_ridge,2022-04-20,1255,1255,1243,1243,99.04382470119522,99.04382470119522
univariate_reversal_ridge,2022-04-21,1256,1256,1240,1240,98.72611464968153,98.72611464968153
univariate_reversal_ridge,2022-04-22,1257,1257,1246,1246,99.12490055688146,99.12490055688146
univariate_reversal_ridge,2022-04-25,1263,1263,1250,1250,98.97070467141727,98.97070467141727
univariate_reversal_ridge,2022-04-26,1267,1267,1251,1251,98.73717442778216,98.73717442778216
univariate_reversal_ridge,2022-04-27,1260,1260,1246,1246,98.88888888888889,98.88888888888889
univariate_reversal_ridge,2022-04-28,1261,1261,1237,1237,98.09674861221254,98.09674861221254
univariate_reversal_ridge,2022-04-29,1258,1257,1238,1237,98.41017488076312,98.33068362480127
univariate_reversal_ridge,2022-05-02,1266,1266,1254,1254,99.0521327014218,99.0521327014218
univariate_reversal_ridge,2022-05-03,1270,1270,1257,1257,98.97637795275591,98.97637795275591
univariate_reversal_ridge,2022-05-04,1274,1274,1258,1258,98.74411302982732,98.74411302982732
univariate_reversal_ridge,2022-05-05,1271,1271,1247,1247,98.1117230527144,98.1117230527144
univariate_reversal_ridge,2022-05-06,1268,1268,1244,1244,98.10725552050474,98.10725552050474
univariate_reversal_ridge,2022-05-09,1259,1258,1238,1237,98.33200953137411,98.2525814138205
univariate_reversal_ridge,2022-05-10,1264,1263,1248,1247,98.73417721518987,98.65506329113924
univariate_reversal_ridge,2022-05-11,1262,1261,1239,1238,98.17749603803486,98.09825673534073
univariate_reversal_ridge,2022-05-12,1268,1266,1226,1224,96.68769716088327,96.52996845425868
univariate_reversal_ridge,2022-05-13,1287,1285,1237,1235,96.11499611499612,95.95959595959596
univariate_reversal_ridge,2022-05-16,1287,1285,1265,1263,98.2905982905983,98.13519813519814
univariate_reversal_ridge,2022-05-17,1289,1288,1266,1265,98.2156710628394,98.13809154383243
univariate_reversal_ridge,2022-05-18,1286,1285,1264,1263,98.28926905132192,98.21150855365474
univariate_reversal_ridge,2022-05-19,1293,1292,1257,1256,97.21577726218098,97.138437741686
univariate_reversal_ridge,2022-05-20,1297,1296,1278,1277,98.53508095605243,98.4579799537394
univariate_reversal_ridge,2022-05-23,1293,1293,1275,1275,98.60788863109049,98.60788863109049
univariate_reversal_ridge,2022-05-24,1282,1281,1262,1261,98.4399375975039,98.3619344773791
univariate_reversal_ridge,2022-05-25,1277,1277,1260,1260,98.66875489428348,98.66875489428348
univariate_reversal_ridge,2022-05-26,1279,1279,1246,1246,97.41985926505082,97.41985926505082
univariate_reversal_ridge,2022-05-27,1271,1270,1231,1230,96.852871754524,96.7741935483871
univariate_reversal_ridge,2022-05-31,1273,1273,1223,1223,96.07227022780833,96.07227022780833
univariate_reversal_ridge,2022-06-01,1269,1269,1247,1247,98.26635145784081,98.26635145784081
univariate_reversal_ridge,2022-06-02,1263,1263,1232,1232,97.54552652414885,97.54552652414885
univariate_reversal_ridge,2022-06-03,1257,1257,1241,1241,98.72712808273667,98.72712808273667
univariate_reversal_ridge,2022-06-06,1244,1243,1229,1228,98.79421221864952,98.71382636655949
univariate_reversal_ridge,2022-06-07,1238,1237,1214,1213,98.06138933764136,97.98061389337641
univariate_reversal_ridge,2022-06-08,1218,1218,1200,1200,98.52216748768473,98.52216748768473
univariate_reversal_ridge,2022-06-09,1213,1212,1171,1170,96.53751030502886,96.45507007419621
univariate_reversal_ridge,2022-06-10,1201,1200,1188,1187,98.91756869275603,98.83430474604496
univariate_reversal_ridge,2022-06-13,1187,1187,1175,1175,98.98904802021904,98.98904802021904
univariate_reversal_ridge,2022-06-14,1187,1187,1137,1137,95.787700084246,95.787700084246
univariate_reversal_ridge,2022-06-15,1193,1193,1174,1174,98.40737636211232,98.40737636211232
univariate_reversal_ridge,2022-06-16,1185,1184,1168,1167,98.56540084388186,98.48101265822785
univariate_reversal_ridge,2022-06-17,1210,1210,1198,1198,99.00826446280992,99.00826446280992
univariate_reversal_ridge,2022-06-21,1207,1206,1195,1194,99.00579950289975,98.92294946147473
univariate_reversal_ridge,2022-06-22,1207,1206,1196,1195,99.08864954432477,99.00579950289975
univariate_reversal_ridge,2022-06-23,1213,1210,1198,1195,98.7633965375103,98.51607584501237
univariate_reversal_ridge,2022-06-24,1263,1260,1248,1245,98.812351543943,98.57482185273159
univariate_reversal_ridge,2022-06-27,1264,1259,1251,1246,98.97151898734177,98.57594936708861
univariate_reversal_ridge,2022-06-28,1252,1248,1241,1237,99.12140575079871,98.80191693290735
univariate_reversal_ridge,2022-06-29,1242,1238,1212,1208,97.58454106280193,97.26247987117553
univariate_reversal_ridge,2022-06-30,1245,1241,1214,1210,97.51004016064257,97.18875502008032
univariate_reversal_ridge,2022-07-01,1242,1241,1229,1228,98.95330112721417,98.87278582930757
univariate_reversal_ridge,2022-07-05,1250,1248,1237,1235,98.96,98.8
univariate_reversal_ridge,2022-07-06,1242,1242,1230,1230,99.03381642512078,99.03381642512078
univariate_reversal_ridge,2022-07-07,1250,1250,1234,1234,98.72,98.72
univariate_reversal_ridge,2022-07-08,1248,1248,1236,1236,99.03846153846153,99.03846153846153
univariate_reversal_ridge,2022-07-11,1234,1234,1227,1227,99.43273905996759,99.43273905996759
univariate_reversal_ridge,2022-07-12,1237,1237,1231,1231,99.51495553759095,99.51495553759095
univariate_reversal_ridge,2022-07-13,1231,1231,1225,1225,99.51259138911455,99.51259138911455
univariate_reversal_ridge,2022-07-14,1211,1211,1190,1190,98.26589595375722,98.26589595375722
univariate_reversal_ridge,2022-07-15,1212,1212,1205,1205,99.42244224422443,99.42244224422443
univariate_reversal_ridge,2022-07-18,1207,1206,1201,1200,99.50289975144987,99.42004971002486
univariate_reversal_ridge,2022-07-19,1187,1186,1179,1178,99.32603201347936,99.24178601516428
univariate_reversal_ridge,2022-07-20,1188,1186,1182,1180,99.4949494949495,99.32659932659932
univariate_reversal_ridge,2022-07-21,1181,1179,1171,1169,99.1532599491956,98.98391193903471
univariate_reversal_ridge,2022-07-22,1174,1172,1167,1165,99.40374787052811,99.23339011925043
univariate_reversal_ridge,2022-07-25,1121,1120,1116,1115,99.55396966993756,99.46476360392506
univariate_reversal_ridge,2022-07-26,1111,1111,1102,1102,99.18991899189919,99.18991899189919
univariate_reversal_ridge,2022-07-27,1116,1116,1110,1110,99.46236559139786,99.46236559139786
univariate_reversal_ridge,2022-07-28,1121,1120,1104,1103,98.48349687778769,98.3942908117752
univariate_reversal_ridge,2022-07-29,1125,1125,1106,1106,98.31111111111112,98.31111111111112
univariate_reversal_ridge,2022-08-01,1140,1140,1134,1134,99.47368421052632,99.47368421052632
univariate_reversal_ridge,2022-08-02,1129,1128,1120,1119,99.2028343666962,99.11426040744021
univariate_reversal_ridge,2022-08-03,1131,1131,1122,1122,99.20424403183024,99.20424403183024
univariate_reversal_ridge,2022-08-04,1138,1138,1124,1124,98.76977152899825,98.76977152899825
univariate_reversal_ridge,2022-08-05,1147,1147,1129,1129,98.4306887532694,98.4306887532694
univariate_reversal_ridge,2022-08-08,1159,1159,1148,1148,99.0509059534081,99.0509059534081
univariate_reversal_ridge,2022-08-09,1169,1169,1154,1154,98.71685201026519,98.71685201026519
univariate_reversal_ridge,2022-08-10,1179,1179,1161,1161,98.47328244274809,98.47328244274809
univariate_reversal_ridge,2022-08-11,1182,1182,1153,1153,97.54653130287647,97.54653130287647
univariate_reversal_ridge,2022-08-12,1192,1191,1152,1151,96.64429530201342,96.56040268456375
univariate_reversal_ridge,2022-08-15,1191,1189,1180,1178,99.07640638119227,98.90848026868179
univariate_reversal_ridge,2022-08-16,1196,1194,1175,1173,98.24414715719064,98.07692307692308
univariate_reversal_ridge,2022-08-17,1193,1192,1174,1173,98.40737636211232,98.32355406538139
univariate_reversal_ridge,2022-08-18,1194,1193,1171,1170,98.07370184254606,97.98994974874371
univariate_reversal_ridge,2022-08-19,1191,1191,1175,1175,98.65659109991604,98.65659109991604
univariate_reversal_ridge,2022-08-22,1188,1188,1179,1179,99.24242424242425,99.24242424242425
univariate_reversal_ridge,2022-08-23,1187,1187,1176,1176,99.07329401853411,99.07329401853411
univariate_reversal_ridge,2022-08-24,1186,1186,1172,1172,98.8195615514334,98.8195615514334
univariate_reversal_ridge,2022-08-25,1187,1187,1171,1171,98.65206402695873,98.65206402695873
univariate_reversal_ridge,2022-08-26,1166,1166,1156,1156,99.14236706689537,99.14236706689537
univariate_reversal_ridge,2022-08-29,1159,1159,1145,1145,98.79206212251941,98.79206212251941
univariate_reversal_ridge,2022-08-30,1156,1156,1129,1129,97.66435986159169,97.66435986159169
univariate_reversal_ridge,2022-08-31,1155,1155,1108,1108,95.93073593073593,95.93073593073593
univariate_reversal_ridge,2022-09-01,1150,1150,1128,1128,98.08695652173913,98.08695652173913
univariate_reversal_ridge,2022-09-02,1145,1145,1135,1135,99.12663755458516,99.12663755458516
univariate_reversal_ridge,2022-09-06,1132,1132,1116,1116,98.58657243816255,98.58657243816255
univariate_reversal_ridge,2022-09-07,1133,1133,1121,1121,98.94086496028244,98.94086496028244
univariate_reversal_ridge,2022-09-08,1132,1132,1109,1109,97.96819787985866,97.96819787985866
univariate_reversal_ridge,2022-09-09,1132,1131,1122,1121,99.11660777385158,99.02826855123675
univariate_reversal_ridge,2022-09-12,1137,1137,1134,1134,99.73614775725594,99.73614775725594
univariate_reversal_ridge,2022-09-13,1140,1139,1129,1128,99.03508771929825,98.94736842105263
univariate_reversal_ridge,2022-09-14,1142,1142,1101,1101,96.40980735551663,96.40980735551663
univariate_reversal_ridge,2022-09-15,1139,1139,1120,1120,98.33187006145742,98.33187006145742
univariate_reversal_ridge,2022-09-16,1182,1182,1176,1176,99.49238578680203,99.49238578680203
univariate_reversal_ridge,2022-09-19,1182,1182,1176,1176,99.49238578680203,99.49238578680203
univariate_reversal_ridge,2022-09-20,1182,1182,1178,1178,99.66159052453469,99.66159052453469
univariate_reversal_ridge,2022-09-21,1179,1179,1173,1173,99.4910941475827,99.4910941475827
univariate_reversal_ridge,2022-09-22,1177,1177,1171,1171,99.49022939677145,99.49022939677145
univariate_reversal_ridge,2022-09-23,1181,1181,1176,1176,99.5766299745978,99.5766299745978
univariate_reversal_ridge,2022-09-26,1186,1185,1183,1182,99.74704890387858,99.6627318718381
univariate_reversal_ridge,2022-09-27,1189,1189,1187,1187,99.8317914213625,99.8317914213625
univariate_reversal_ridge,2022-09-28,1198,1198,1195,1195,99.74958263772955,99.74958263772955
univariate_reversal_ridge,2022-09-29,1192,1191,1159,1158,97.23154362416108,97.14765100671141
univariate_reversal_ridge,2022-09-30,1192,1191,1180,1179,98.99328859060402,98.90939597315436
univariate_reversal_ridge,2022-10-03,1198,1198,1194,1194,99.6661101836394,99.6661101836394
univariate_reversal_ridge,2022-10-04,1207,1205,1200,1198,99.42004971002486,99.25434962717482
univariate_reversal_ridge,2022-10-05,1206,1205,1199,1198,99.4195688225539,99.33665008291874
univariate_reversal_ridge,2022-10-06,1205,1204,1182,1181,98.09128630705395,98.00829875518673
univariate_reversal_ridge,2022-10-07,1200,1199,1195,1194,99.58333333333333,99.5
univariate_reversal_ridge,2022-10-10,1191,1190,1189,1188,99.8320738874895,99.74811083123426
univariate_reversal_ridge,2022-10-11,1193,1192,1190,1189,99.74853310980721,99.66471081307628
univariate_reversal_ridge,2022-10-12,1183,1182,1180,1179,99.74640743871512,99.6618765849535
univariate_reversal_ridge,2022-10-13,1182,1182,1167,1167,98.73096446700508,98.73096446700508
univariate_reversal_ridge,2022-10-14,1149,1149,1137,1137,98.9556135770235,98.9556135770235
univariate_reversal_ridge,2022-10-17,1151,1150,1147,1146,99.65247610773241,99.56559513466551
univariate_reversal_ridge,2022-10-18,1145,1143,1141,1139,99.65065502183405,99.47598253275109
univariate_reversal_ridge,2022-10-19,1145,1144,1142,1141,99.73799126637554,99.65065502183405
univariate_reversal_ridge,2022-10-20,1140,1140,1130,1130,99.12280701754386,99.12280701754386
univariate_reversal_ridge,2022-10-21,1145,1145,1141,1141,99.65065502183405,99.65065502183405
univariate_reversal_ridge,2022-10-24,1148,1148,1145,1145,99.73867595818815,99.73867595818815
univariate_reversal_ridge,2022-10-25,1147,1147,1140,1140,99.3897122929381,99.3897122929381
univariate_reversal_ridge,2022-10-26,1146,1146,1138,1138,99.30191972076788,99.30191972076788
univariate_reversal_ridge,2022-10-27,1150,1149,1143,1142,99.3913043478261,99.30434782608695
univariate_reversal_ridge,2022-10-28,1148,1148,1136,1136,98.95470383275261,98.95470383275261
univariate_reversal_ridge,2022-10-31,1156,1156,1143,1143,98.87543252595155,98.87543252595155
univariate_reversal_ridge,2022-11-01,1152,1152,1145,1145,99.39236111111111,99.39236111111111
univariate_reversal_ridge,2022-11-02,1155,1154,1151,1150,99.65367965367966,99.56709956709956
univariate_reversal_ridge,2022-11-03,1155,1154,1140,1139,98.7012987012987,98.61471861471861
univariate_reversal_ridge,2022-11-04,1163,1162,1148,1147,98.71023215821153,98.62424763542562
univariate_reversal_ridge,2022-11-07,1171,1170,1161,1160,99.14602903501282,99.06063193851409
univariate_reversal_ridge,2022-11-08,1176,1174,1167,1165,99.23469387755102,99.06462585034014
univariate_reversal_ridge,2022-11-09,1182,1182,1143,1143,96.7005076142132,96.7005076142132
univariate_reversal_ridge,2022-11-10,1200,1200,1170,1170,97.5,97.5
univariate_reversal_ridge,2022-11-11,1209,1209,1206,1206,99.75186104218362,99.75186104218362
univariate_reversal_ridge,2022-11-14,1212,1212,1175,1175,96.94719471947195,96.94719471947195
univariate_reversal_ridge,2022-11-15,1218,1218,1204,1204,98.85057471264368,98.85057471264368
univariate_reversal_ridge,2022-11-16,1210,1209,1191,1190,98.4297520661157,98.34710743801652
univariate_reversal_ridge,2022-11-17,1209,1209,1186,1186,98.09760132340777,98.09760132340777
univariate_reversal_ridge,2022-11-18,1205,1205,1186,1186,98.42323651452283,98.42323651452283
univariate_reversal_ridge,2022-11-21,1204,1203,1191,1190,98.9202657807309,98.83720930232558
univariate_reversal_ridge,2022-11-22,1199,1196,1185,1182,98.83236030025022,98.58215179316096
univariate_reversal_ridge,2022-11-23,1189,1187,1172,1170,98.57022708158117,98.40201850294365
univariate_reversal_ridge,2022-11-25,1178,1176,1161,1159,98.55687606112055,98.38709677419355
univariate_reversal_ridge,2022-11-28,1174,1172,1165,1163,99.23339011925043,99.06303236797274
univariate_reversal_ridge,2022-11-29,1165,1163,1137,1135,97.59656652360515,97.42489270386267
univariate_reversal_ridge,2022-11-30,1172,1171,1119,1118,95.4778156996587,95.39249146757679
univariate_reversal_ridge,2022-12-01,1165,1165,1137,1137,97.59656652360515,97.59656652360515
univariate_reversal_ridge,2022-12-02,1159,1159,1143,1143,98.61949956859361,98.61949956859361
univariate_reversal_ridge,2022-12-05,1157,1155,1146,1144,99.04926534140017,98.87640449438203
univariate_reversal_ridge,2022-12-06,1156,1156,1138,1138,98.44290657439447,98.44290657439447
univariate_reversal_ridge,2022-12-07,1149,1148,1138,1137,99.04264577893821,98.9556135770235
univariate_reversal_ridge,2022-12-08,1149,1148,1125,1124,97.911227154047,97.82419495213229
univariate_reversal_ridge,2022-12-09,1128,1127,1119,1118,99.20212765957447,99.11347517730496
univariate_reversal_ridge,2022-12-12,1123,1121,1118,1116,99.55476402493322,99.3766696349065
univariate_reversal_ridge,2022-12-13,1126,1125,1114,1113,98.93428063943162,98.84547069271758
univariate_reversal_ridge,2022-12-14,1125,1124,1084,1083,96.35555555555555,96.26666666666667
univariate_reversal_ridge,2022-12-15,1122,1121,1101,1100,98.1283422459893,98.03921568627452
univariate_reversal_ridge,2022-12-16,1182,1181,1163,1162,98.39255499153977,98.30795262267344
univariate_reversal_ridge,2022-12-19,1175,1174,1162,1161,98.8936170212766,98.80851063829788
univariate_reversal_ridge,2022-12-20,1172,1171,1163,1162,99.2320819112628,99.1467576791809
univariate_reversal_ridge,2022-12-21,1167,1166,1154,1153,98.88603256212511,98.80034275921166
univariate_reversal_ridge,2022-12-22,1173,1173,1167,1167,99.48849104859335,99.48849104859335
univariate_reversal_ridge,2022-12-23,1179,1178,1169,1168,99.15182357930449,99.06700593723494
univariate_reversal_ridge,2022-12-27,1165,1163,1156,1154,99.2274678111588,99.05579399141631
univariate_reversal_ridge,2022-12-28,1161,1160,1152,1151,99.2248062015504,99.13867355727821
univariate_reversal_ridge,2022-12-29,1151,1150,1113,1112,96.69852302345787,96.61164205039097
univariate_reversal_ridge,2022-12-30,1149,1148,1131,1130,98.43342036553524,98.34638816362055
univariate_reversal_ridge,2023-01-03,1149,1149,1135,1135,98.78154917319408,98.78154917319408
univariate_reversal_ridge,2023-01-04,1156,1156,1143,1143,98.87543252595155,98.87543252595155
univariate_reversal_ridge,2023-01-05,1146,1146,1122,1122,97.90575916230367,97.90575916230367
univariate_reversal_ridge,2023-01-06,1144,1143,1133,1132,99.03846153846153,98.95104895104895
univariate_reversal_ridge,2023-01-09,1147,1146,1130,1129,98.51787271142109,98.4306887532694
univariate_reversal_ridge,2023-01-10,1155,1154,1145,1144,99.13419913419914,99.04761904761905
univariate_reversal_ridge,2023-01-11,1156,1154,1147,1145,99.22145328719724,99.0484429065744
univariate_reversal_ridge,2023-01-12,1151,1150,1131,1130,98.26238053866203,98.17549956559513
univariate_reversal_ridge,2023-01-13,1146,1146,1131,1131,98.69109947643979,98.69109947643979
univariate_reversal_ridge,2023-01-17,1142,1142,1131,1131,99.03677758318739,99.03677758318739
univariate_reversal_ridge,2023-01-18,1089,1089,1080,1080,99.17355371900827,99.17355371900827
univariate_reversal_ridge,2023-01-19,1085,1085,1067,1067,98.3410138248848,98.3410138248848
univariate_reversal_ridge,2023-01-20,1090,1090,1077,1077,98.80733944954129,98.80733944954129
univariate_reversal_ridge,2023-01-23,1101,1101,1094,1094,99.36421435059037,99.36421435059037
univariate_reversal_ridge,2023-01-24,1096,1096,1084,1084,98.9051094890511,98.9051094890511
univariate_reversal_ridge,2023-01-25,1112,1112,1102,1102,99.10071942446044,99.10071942446044
univariate_reversal_ridge,2023-01-26,1120,1120,1109,1109,99.01785714285714,99.01785714285714
univariate_reversal_ridge,2023-01-27,1125,1125,1115,1115,99.11111111111111,99.11111111111111
univariate_reversal_ridge,2023-01-30,1131,1130,1118,1117,98.85057471264368,98.76215738284704
univariate_reversal_ridge,2023-01-31,1151,1149,1138,1136,98.87054735013032,98.69678540399653
univariate_reversal_ridge,2023-02-01,1153,1153,1144,1144,99.2194275802255,99.2194275802255
univariate_reversal_ridge,2023-02-02,1165,1165,1152,1152,98.88412017167381,98.88412017167381
univariate_reversal_ridge,2023-02-03,1169,1169,1150,1150,98.37467921300257,98.37467921300257
univariate_reversal_ridge,2023-02-06,1168,1168,1153,1153,98.71575342465754,98.71575342465754
univariate_reversal_ridge,2023-02-07,1174,1174,1162,1162,98.9778534923339,98.9778534923339
univariate_reversal_ridge,2023-02-08,1170,1170,1158,1158,98.97435897435898,98.97435897435898
univariate_reversal_ridge,2023-02-09,1169,1169,1139,1139,97.43370402053037,97.43370402053037
univariate_reversal_ridge,2023-02-10,1169,1169,1150,1150,98.37467921300257,98.37467921300257
univariate_reversal_ridge,2023-02-13,1165,1164,1145,1144,98.28326180257511,98.19742489270386
univariate_reversal_ridge,2023-02-14,1168,1168,1144,1144,97.94520547945206,97.94520547945206
univariate_reversal_ridge,2023-02-15,1176,1176,1162,1162,98.80952380952381,98.80952380952381
univariate_reversal_ridge,2023-02-16,1176,1176,1149,1149,97.70408163265306,97.70408163265306
univariate_reversal_ridge,2023-02-17,1179,1179,1150,1150,97.54028837998304,97.54028837998304
univariate_reversal_ridge,2023-02-21,1184,1181,1170,1167,98.81756756756756,98.5641891891892
univariate_reversal_ridge,2023-02-22,1191,1189,1176,1175,98.74055415617129,98.65659109991604
univariate_reversal_ridge,2023-02-23,1196,1194,1170,1168,97.82608695652173,97.65886287625418
univariate_reversal_ridge,2023-02-24,1194,1193,1171,1170,98.07370184254606,97.98994974874371
univariate_reversal_ridge,2023-02-27,1196,1194,1166,1164,97.49163879598662,97.32441471571906
univariate_reversal_ridge,2023-02-28,1219,1216,1168,1166,95.81624282198523,95.65217391304348
univariate_reversal_ridge,2023-03-01,1210,1210,1192,1192,98.51239669421487,98.51239669421487
univariate_reversal_ridge,2023-03-02,1213,1212,1188,1187,97.93899422918385,97.85655399835119
univariate_reversal_ridge,2023-03-03,1203,1201,1184,1182,98.42061512884456,98.25436408977556
univariate_reversal_ridge,2023-03-06,1201,1199,1184,1182,98.58451290591174,98.4179850124896
univariate_reversal_ridge,2023-03-07,1199,1197,1180,1178,98.41534612176814,98.24854045037532
univariate_reversal_ridge,2023-03-08,1197,1195,1178,1176,98.41269841269842,98.24561403508773
univariate_reversal_ridge,2023-03-09,1201,1198,1157,1154,96.33638634471274,96.08659450457952
univariate_reversal_ridge,2023-03-10,1196,1194,1184,1183,98.99665551839465,98.91304347826087
univariate_reversal_ridge,2023-03-13,1212,1211,1200,1199,99.00990099009901,98.92739273927393
univariate_reversal_ridge,2023-03-14,1226,1225,1166,1165,95.10603588907014,95.02446982055464
univariate_reversal_ridge,2023-03-15,1232,1231,1221,1220,99.10714285714286,99.02597402597402
univariate_reversal_ridge,2023-03-16,1240,1239,1213,1212,97.8225806451613,97.74193548387096
univariate_reversal_ridge,2023-03-17,1262,1260,1251,1249,99.1283676703645,98.96988906497623
univariate_reversal_ridge,2023-03-20,1261,1260,1255,1254,99.52418715305313,99.44488501189532
univariate_reversal_ridge,2023-03-21,1262,1262,1255,1255,99.44532488114105,99.44532488114105
univariate_reversal_ridge,2023-03-22,1254,1254,1246,1246,99.36204146730462,99.36204146730462
univariate_reversal_ridge,2023-03-23,1251,1250,1244,1243,99.4404476418865,99.36051159072741
univariate_reversal_ridge,2023-03-24,1252,1251,1244,1243,99.36102236421725,99.28115015974441
univariate_reversal_ridge,2023-03-27,1251,1250,1245,1244,99.52038369304556,99.4404476418865
univariate_reversal_ridge,2023-03-28,1239,1237,1231,1229,99.3543179983858,99.19289749798224
univariate_reversal_ridge,2023-03-29,1228,1226,1223,1221,99.5928338762215,99.42996742671009
univariate_reversal_ridge,2023-03-30,1224,1223,1190,1189,97.22222222222223,97.140522875817
univariate_reversal_ridge,2023-03-31,1228,1227,1214,1213,98.8599348534202,98.7785016286645
univariate_reversal_ridge,2023-04-03,1229,1229,1226,1226,99.75589910496339,99.75589910496339
univariate_reversal_ridge,2023-04-04,1226,1226,1216,1216,99.18433931484502,99.18433931484502
univariate_reversal_ridge,2023-04-05,1223,1223,1202,1202,98.2829108748978,98.2829108748978
univariate_reversal_ridge,2023-04-06,1218,1218,1203,1203,98.76847290640394,98.76847290640394
univariate_reversal_ridge,2023-04-10,1212,1212,1205,1205,99.42244224422443,99.42244224422443
univariate_reversal_ridge,2023-04-11,1211,1211,1204,1204,99.42196531791907,99.42196531791907
univariate_reversal_ridge,2023-04-12,1190,1190,1186,1186,99.66386554621849,99.66386554621849
univariate_reversal_ridge,2023-04-13,1178,1178,1162,1162,98.64176570458405,98.64176570458405
univariate_reversal_ridge,2023-04-14,1169,1169,1160,1160,99.23011120615911,99.23011120615911
univariate_reversal_ridge,2023-04-17,1134,1134,1131,1131,99.73544973544973,99.73544973544973
univariate_reversal_ridge,2023-04-18,1126,1126,1124,1124,99.82238010657194,99.82238010657194
univariate_reversal_ridge,2023-04-19,1123,1123,1120,1120,99.73285841495994,99.73285841495994
univariate_reversal_ridge,2023-04-20,1120,1120,1109,1109,99.01785714285714,99.01785714285714
univariate_reversal_ridge,2023-04-21,1119,1118,1116,1115,99.73190348525469,99.64253798033958
univariate_reversal_ridge,2023-04-24,1115,1114,1112,1111,99.73094170403587,99.64125560538116
univariate_reversal_ridge,2023-04-25,1121,1120,1110,1109,99.01873327386262,98.92952720785013
univariate_reversal_ridge,2023-04-26,1124,1122,1120,1118,99.644128113879,99.4661921708185
univariate_reversal_ridge,2023-04-27,1123,1122,1111,1110,98.93143365983971,98.84238646482636
univariate_reversal_ridge,2023-04-28,1128,1128,1112,1112,98.58156028368795,98.58156028368795
univariate_reversal_ridge,2023-05-01,1126,1125,1121,1120,99.55595026642985,99.46714031971581
univariate_reversal_ridge,2023-05-02,1124,1123,1118,1117,99.4661921708185,99.37722419928825
univariate_reversal_ridge,2023-05-03,1131,1131,1121,1121,99.1158267020336,99.1158267020336
univariate_reversal_ridge,2023-05-04,1135,1134,1119,1118,98.59030837004406,98.50220264317181
univariate_reversal_ridge,2023-05-05,1144,1144,1131,1131,98.86363636363636,98.86363636363636
univariate_reversal_ridge,2023-05-08,1149,1149,1142,1142,99.39077458659705,99.39077458659705
univariate_reversal_ridge,2023-05-09,1149,1149,1135,1135,98.78154917319408,98.78154917319408
univariate_reversal_ridge,2023-05-10,1157,1157,1142,1142,98.70354364736387,98.70354364736387
univariate_reversal_ridge,2023-05-11,1161,1159,1138,1136,98.01894918173988,97.84668389319552
univariate_reversal_ridge,2023-05-12,1163,1162,1128,1127,96.99054170249354,96.90455717970765
univariate_reversal_ridge,2023-05-15,1163,1163,1151,1151,98.96818572656922,98.96818572656922
univariate_reversal_ridge,2023-05-16,1160,1159,1144,1143,98.62068965517241,98.53448275862068
univariate_reversal_ridge,2023-05-17,1169,1168,1150,1149,98.37467921300257,98.28913601368691
univariate_reversal_ridge,2023-05-18,1173,1172,1149,1148,97.9539641943734,97.8687127024723
univariate_reversal_ridge,2023-05-19,1178,1177,1163,1162,98.72665534804754,98.64176570458405
univariate_reversal_ridge,2023-05-22,1185,1184,1170,1169,98.73417721518987,98.64978902953587
univariate_reversal_ridge,2023-05-23,1184,1182,1174,1172,99.1554054054054,98.98648648648648
univariate_reversal_ridge,2023-05-24,1182,1181,1170,1169,98.98477157360406,98.90016920473774
univariate_reversal_ridge,2023-05-25,1181,1180,1158,1157,98.05249788314987,97.96782387806944
univariate_reversal_ridge,2023-05-26,1170,1169,1146,1145,97.94871794871794,97.86324786324786
univariate_reversal_ridge,2023-05-30,1165,1164,1140,1139,97.85407725321889,97.76824034334764
univariate_reversal_ridge,2023-05-31,1173,1172,1119,1118,95.39641943734016,95.31116794543904
univariate_reversal_ridge,2023-06-01,1167,1166,1142,1141,97.85775492716367,97.77206512425022
univariate_reversal_ridge,2023-06-02,1160,1160,1146,1146,98.79310344827586,98.79310344827586
univariate_reversal_ridge,2023-06-05,1157,1157,1145,1145,98.9628349178911,98.9628349178911
univariate_reversal_ridge,2023-06-06,1166,1166,1149,1149,98.54202401372213,98.54202401372213
univariate_reversal_ridge,2023-06-07,1179,1179,1165,1165,98.8125530110263,98.8125530110263
univariate_reversal_ridge,2023-06-08,1177,1176,1148,1147,97.53610875106202,97.45114698385727
univariate_reversal_ridge,2023-06-09,1177,1177,1165,1165,98.98045879354291,98.98045879354291
univariate_reversal_ridge,2023-06-12,1182,1181,1176,1175,99.49238578680203,99.4077834179357
univariate_reversal_ridge,2023-06-13,1189,1189,1176,1176,98.90664423885619,98.90664423885619
univariate_reversal_ridge,2023-06-14,1197,1196,1142,1141,95.40517961570593,95.32163742690058
univariate_reversal_ridge,2023-06-15,1199,1198,1170,1169,97.581317764804,97.4979149291076
univariate_reversal_ridge,2023-06-16,1230,1230,1220,1220,99.1869918699187,99.1869918699187
univariate_reversal_ridge,2023-06-20,1237,1237,1227,1227,99.19159256265158,99.19159256265158
univariate_reversal_ridge,2023-06-21,1238,1238,1229,1229,99.2730210016155,99.2730210016155
univariate_reversal_ridge,2023-06-22,1240,1240,1229,1229,99.11290322580645,99.11290322580645
univariate_reversal_ridge,2023-06-23,1265,1263,1252,1250,98.97233201581028,98.81422924901186
univariate_reversal_ridge,2023-06-26,1263,1261,1253,1251,99.20823436262866,99.04988123515439
univariate_reversal_ridge,2023-06-27,1269,1266,1261,1258,99.36958234830576,99.1331757289204
univariate_reversal_ridge,2023-06-28,1271,1269,1262,1260,99.2918961447679,99.1345397324941
univariate_reversal_ridge,2023-06-29,1262,1260,1228,1226,97.30586370839937,97.14738510301109
univariate_reversal_ridge,2023-06-30,1268,1267,1248,1247,98.42271293375394,98.34384858044164
univariate_reversal_ridge,2023-07-03,1250,1250,1237,1237,98.96,98.96
univariate_reversal_ridge,2023-07-05,1254,1254,1235,1235,98.48484848484848,98.48484848484848
univariate_reversal_ridge,2023-07-06,1250,1250,1224,1224,97.92,97.92
univariate_reversal_ridge,2023-07-07,1248,1248,1228,1228,98.3974358974359,98.3974358974359
univariate_reversal_ridge,2023-07-10,1250,1249,1234,1233,98.72,98.64
univariate_reversal_ridge,2023-07-11,1245,1245,1234,1234,99.11646586345381,99.11646586345381
univariate_reversal_ridge,2023-07-12,1245,1244,1236,1235,99.27710843373494,99.19678714859438
univariate_reversal_ridge,2023-07-13,1245,1244,1221,1220,98.07228915662651,97.99196787148594
univariate_reversal_ridge,2023-07-14,1239,1238,1220,1219,98.46650524616626,98.38579499596449
univariate_reversal_ridge,2023-07-17,1237,1236,1224,1223,98.94907033144705,98.86822958771221
univariate_reversal_ridge,2023-07-18,1211,1210,1202,1201,99.25681255161024,99.17423616845582
univariate_reversal_ridge,2023-07-19,1205,1205,1194,1194,99.08713692946058,99.08713692946058
univariate_reversal_ridge,2023-07-20,1206,1206,1185,1185,98.2587064676617,98.2587064676617
univariate_reversal_ridge,2023-07-21,1204,1204,1194,1194,99.16943521594685,99.16943521594685
univariate_reversal_ridge,2023-07-24,1173,1173,1160,1160,98.89173060528559,98.89173060528559
univariate_reversal_ridge,2023-07-25,1168,1168,1153,1153,98.71575342465754,98.71575342465754
univariate_reversal_ridge,2023-07-26,1167,1167,1152,1152,98.7146529562982,98.7146529562982
univariate_reversal_ridge,2023-07-27,1163,1159,1146,1143,98.53826311263973,98.28030954428203
univariate_reversal_ridge,2023-07-28,1160,1156,1138,1135,98.10344827586206,97.84482758620689
univariate_reversal_ridge,2023-07-31,1170,1165,1152,1148,98.46153846153847,98.11965811965813
univariate_reversal_ridge,2023-08-01,1182,1178,1167,1164,98.73096446700508,98.4771573604061
univariate_reversal_ridge,2023-08-02,1188,1184,1175,1172,98.9057239057239,98.65319865319866
univariate_reversal_ridge,2023-08-03,1197,1195,1178,1176,98.41269841269842,98.24561403508773
univariate_reversal_ridge,2023-08-04,1200,1198,1172,1170,97.66666666666667,97.5
univariate_reversal_ridge,2023-08-07,1208,1207,1189,1188,98.4271523178808,98.34437086092716
univariate_reversal_ridge,2023-08-08,1219,1217,1199,1197,98.35931091058245,98.1952420016407
univariate_reversal_ridge,2023-08-09,1217,1216,1184,1183,97.28841413311422,97.20624486442071
univariate_reversal_ridge,2023-08-10,1223,1222,1191,1190,97.38348323793949,97.3017170891251
univariate_reversal_ridge,2023-08-11,1227,1227,1198,1198,97.63651181744092,97.63651181744092
univariate_reversal_ridge,2023-08-14,1223,1223,1185,1185,96.89288634505314,96.89288634505314
univariate_reversal_ridge,2023-08-15,1218,1218,1193,1193,97.94745484400657,97.94745484400657
univariate_reversal_ridge,2023-08-16,1213,1213,1180,1180,97.27947238252267,97.27947238252267
univariate_reversal_ridge,2023-08-17,1210,1209,1173,1172,96.94214876033058,96.85950413223141
univariate_reversal_ridge,2023-08-18,1209,1208,1185,1184,98.01488833746899,97.93217535153019
univariate_reversal_ridge,2023-08-21,1207,1207,1190,1190,98.59154929577464,98.59154929577464
univariate_reversal_ridge,2023-08-22,1203,1203,1186,1186,98.58686616791356,98.58686616791356
univariate_reversal_ridge,2023-08-23,1200,1200,1184,1184,98.66666666666667,98.66666666666667
univariate_reversal_ridge,2023-08-24,1197,1195,1169,1167,97.6608187134503,97.4937343358396
univariate_reversal_ridge,2023-08-25,1191,1189,1168,1166,98.0688497061293,97.90092359361881
univariate_reversal_ridge,2023-08-28,1176,1174,1160,1158,98.63945578231292,98.46938775510205
univariate_reversal_ridge,2023-08-29,1167,1165,1153,1151,98.80034275921166,98.62896315338475
univariate_reversal_ridge,2023-08-30,1154,1151,1121,1118,97.14038128249567,96.88041594454073
univariate_reversal_ridge,2023-08-31,1153,1150,1090,1087,94.5359930615785,94.27580225498698
univariate_reversal_ridge,2023-09-01,1142,1141,1125,1124,98.51138353765324,98.42381786339755
univariate_reversal_ridge,2023-09-05,1138,1137,1116,1115,98.06678383128295,97.97891036906854
univariate_reversal_ridge,2023-09-06,1127,1127,1110,1110,98.49157054125999,98.49157054125999
univariate_reversal_ridge,2023-09-07,1128,1128,1095,1095,97.07446808510639,97.07446808510639
univariate_reversal_ridge,2023-09-08,1125,1125,1115,1115,99.11111111111111,99.11111111111111
univariate_reversal_ridge,2023-09-11,1125,1125,1118,1118,99.37777777777778,99.37777777777778
univariate_reversal_ridge,2023-09-12,1127,1126,1111,1110,98.58030168589175,98.49157054125999
univariate_reversal_ridge,2023-09-13,1131,1131,1121,1121,99.1158267020336,99.1158267020336
univariate_reversal_ridge,2023-09-14,1134,1134,1073,1073,94.62081128747795,94.62081128747795
univariate_reversal_ridge,2023-09-15,1185,1185,1173,1173,98.9873417721519,98.9873417721519
univariate_reversal_ridge,2023-09-18,1177,1177,1168,1168,99.23534409515717,99.23534409515717
univariate_reversal_ridge,2023-09-19,1173,1173,1165,1165,99.31798806479114,99.31798806479114
univariate_reversal_ridge,2023-09-20,1174,1173,1163,1162,99.06303236797274,98.9778534923339
univariate_reversal_ridge,2023-09-21,1182,1182,1173,1173,99.23857868020305,99.23857868020305
univariate_reversal_ridge,2023-09-22,1175,1172,1164,1161,99.06382978723404,98.80851063829788
univariate_reversal_ridge,2023-09-25,1176,1172,1169,1165,99.4047619047619,99.06462585034014
univariate_reversal_ridge,2023-09-26,1176,1173,1167,1164,99.23469387755102,98.9795918367347
univariate_reversal_ridge,2023-09-27,1179,1175,1172,1168,99.40627650551315,99.06700593723494
univariate_reversal_ridge,2023-09-28,1182,1179,1151,1148,97.37732656514382,97.12351945854483
univariate_reversal_ridge,2023-09-29,1182,1182,1169,1169,98.90016920473774,98.90016920473774
univariate_reversal_ridge,2023-10-02,1179,1179,1170,1170,99.23664122137404,99.23664122137404
univariate_reversal_ridge,2023-10-03,1178,1178,1167,1167,99.06621392190152,99.06621392190152
univariate_reversal_ridge,2023-10-04,1177,1177,1164,1164,98.89549702633815,98.89549702633815
univariate_reversal_ridge,2023-10-05,1171,1171,1145,1145,97.7796754910333,97.7796754910333
univariate_reversal_ridge,2023-10-06,1174,1174,1154,1154,98.29642248722317,98.29642248722317
univariate_reversal_ridge,2023-10-09,1174,1173,1166,1165,99.31856899488926,99.23339011925043
univariate_reversal_ridge,2023-10-10,1175,1173,1167,1165,99.31914893617021,99.14893617021276
univariate_reversal_ridge,2023-10-11,1171,1170,1160,1159,99.06063193851409,98.97523484201537
univariate_reversal_ridge,2023-10-12,1167,1165,1147,1145,98.28620394173093,98.11482433590403
univariate_reversal_ridge,2023-10-13,1129,1128,1116,1115,98.84853852967228,98.7599645704163
univariate_reversal_ridge,2023-10-16,1125,1124,1114,1113,99.02222222222223,98.93333333333334
univariate_reversal_ridge,2023-10-17,1128,1127,1117,1116,99.02482269503547,98.93617021276596
univariate_reversal_ridge,2023-10-18,1121,1121,1111,1111,99.10793933987512,99.10793933987512
univariate_reversal_ridge,2023-10-19,1126,1126,1110,1110,98.57904085257549,98.57904085257549
univariate_reversal_ridge,2023-10-20,1133,1133,1119,1119,98.76434245366285,98.76434245366285
univariate_reversal_ridge,2023-10-23,1135,1135,1120,1120,98.6784140969163,98.6784140969163
univariate_reversal_ridge,2023-10-24,1137,1136,1122,1121,98.68073878627969,98.59278803869833
univariate_reversal_ridge,2023-10-25,1134,1132,1119,1117,98.67724867724868,98.50088183421516
univariate_reversal_ridge,2023-10-26,1136,1134,1119,1117,98.50352112676056,98.3274647887324
univariate_reversal_ridge,2023-10-27,1134,1132,1122,1120,98.94179894179894,98.76543209876543
univariate_reversal_ridge,2023-10-30,1132,1129,1115,1112,98.4982332155477,98.23321554770318
univariate_reversal_ridge,2023-10-31,1132,1129,1107,1104,97.79151943462898,97.52650176678445
univariate_reversal_ridge,2023-11-01,1136,1134,1125,1123,99.03169014084507,98.8556338028169
univariate_reversal_ridge,2023-11-02,1152,1151,1133,1132,98.35069444444444,98.26388888888889
univariate_reversal_ridge,2023-11-03,1159,1158,1143,1142,98.61949956859361,98.53321829163072
univariate_reversal_ridge,2023-11-06,1159,1158,1146,1145,98.87834339948232,98.79206212251941
univariate_reversal_ridge,2023-11-07,1161,1160,1140,1139,98.19121447028424,98.10508182601205
univariate_reversal_ridge,2023-11-08,1163,1162,1139,1138,97.93637145313843,97.85038693035254
univariate_reversal_ridge,2023-11-09,1156,1156,1126,1126,97.40484429065744,97.40484429065744
univariate_reversal_ridge,2023-11-10,1155,1155,1125,1125,97.40259740259741,97.40259740259741
univariate_reversal_ridge,2023-11-13,1157,1157,1138,1138,98.35782195332757,98.35782195332757
univariate_reversal_ridge,2023-11-14,1170,1168,1130,1128,96.58119658119658,96.41025641025641
univariate_reversal_ridge,2023-11-15,1173,1172,1149,1148,97.9539641943734,97.8687127024723
univariate_reversal_ridge,2023-11-16,1170,1169,1134,1133,96.92307692307692,96.83760683760684
univariate_reversal_ridge,2023-11-17,1174,1173,1154,1153,98.29642248722317,98.21124361158432
univariate_reversal_ridge,2023-11-20,1175,1174,1156,1155,98.38297872340425,98.29787234042553
univariate_reversal_ridge,2023-11-21,1168,1167,1150,1149,98.45890410958904,98.37328767123287
univariate_reversal_ridge,2023-11-22,1167,1167,1143,1143,97.94344473007712,97.94344473007712
univariate_reversal_ridge,2023-11-24,1154,1154,1134,1134,98.26689774696708,98.26689774696708
univariate_reversal_ridge,2023-11-27,1148,1148,1131,1131,98.5191637630662,98.5191637630662
univariate_reversal_ridge,2023-11-28,1155,1155,1142,1142,98.87445887445888,98.87445887445888
univariate_reversal_ridge,2023-11-29,1160,1158,1128,1126,97.24137931034483,97.06896551724138
univariate_reversal_ridge,2023-11-30,1157,1157,1086,1086,93.86343993085566,93.86343993085566
univariate_reversal_ridge,2023-12-01,1153,1153,1138,1138,98.6990459670425,98.6990459670425
univariate_reversal_ridge,2023-12-04,1151,1151,1137,1137,98.78366637706343,98.78366637706343
univariate_reversal_ridge,2023-12-05,1153,1153,1130,1130,98.00520381613183,98.00520381613183
univariate_reversal_ridge,2023-12-06,1158,1158,1144,1144,98.79101899827289,98.79101899827289
univariate_reversal_ridge,2023-12-07,1158,1158,1126,1126,97.23661485319516,97.23661485319516
univariate_reversal_ridge,2023-12-08,1165,1165,1149,1149,98.62660944206009,98.62660944206009
univariate_reversal_ridge,2023-12-11,1164,1164,1155,1155,99.22680412371135,99.22680412371135
univariate_reversal_ridge,2023-12-12,1174,1174,1158,1158,98.63713798977854,98.63713798977854
univariate_reversal_ridge,2023-12-13,1178,1176,1165,1163,98.89643463497454,98.72665534804754
univariate_reversal_ridge,2023-12-14,1193,1192,1135,1134,95.13830678960603,95.0544844928751
univariate_reversal_ridge,2023-12-15,1241,1240,1224,1223,98.63013698630137,98.54955680902498
univariate_reversal_ridge,2023-12-18,1240,1239,1228,1227,99.03225806451613,98.95161290322581
univariate_reversal_ridge,2023-12-19,1250,1249,1240,1239,99.2,99.12
univariate_reversal_ridge,2023-12-20,1249,1249,1234,1234,98.79903923138511,98.79903923138511
univariate_reversal_ridge,2023-12-21,1258,1258,1247,1247,99.12559618441972,99.12559618441972
univariate_reversal_ridge,2023-12-22,1270,1270,1259,1259,99.13385826771653,99.13385826771653
univariate_reversal_ridge,2023-12-26,1269,1266,1259,1256,99.2119779353822,98.97557131599685
univariate_reversal_ridge,2023-12-27,1273,1271,1262,1260,99.13589945011783,98.97879025923017
univariate_reversal_ridge,2023-12-28,1263,1261,1228,1226,97.22882026920031,97.07046714172606
univariate_reversal_ridge,2023-12-29,1265,1263,1249,1247,98.73517786561264,98.57707509881423
univariate_reversal_ridge,2024-01-02,1270,1269,1262,1261,99.37007874015748,99.29133858267717
univariate_reversal_ridge,2024-01-03,1261,1260,1249,1248,99.04837430610627,98.96907216494846
univariate_reversal_ridge,2024-01-04,1266,1266,1248,1248,98.5781990521327,98.5781990521327
univariate_reversal_ridge,2024-01-05,1270,1270,1262,1262,99.37007874015748,99.37007874015748
univariate_reversal_ridge,2024-01-08,1273,1273,1264,1264,99.2930086410055,99.2930086410055
univariate_reversal_ridge,2024-01-09,1275,1275,1263,1263,99.05882352941177,99.05882352941177
univariate_reversal_ridge,2024-01-10,1272,1272,1267,1267,99.60691823899371,99.60691823899371
univariate_reversal_ridge,2024-01-11,1273,1273,1260,1260,98.97879025923017,98.97879025923017
univariate_reversal_ridge,2024-01-12,1261,1260,1252,1251,99.2862807295797,99.20697858842189
univariate_reversal_ridge,2024-01-16,1247,1246,1241,1240,99.51884522854851,99.43865276663993
univariate_reversal_ridge,2024-01-17,1185,1184,1183,1182,99.83122362869199,99.74683544303798
univariate_reversal_ridge,2024-01-18,1181,1180,1168,1167,98.89923793395428,98.81456392887384
univariate_reversal_ridge,2024-01-19,1181,1180,1174,1173,99.40728196443692,99.32260795935647
univariate_reversal_ridge,2024-01-22,1179,1178,1177,1176,99.8303647158609,99.74554707379134
univariate_reversal_ridge,2024-01-23,1179,1179,1174,1174,99.57591178965225,99.57591178965225
univariate_reversal_ridge,2024-01-24,1185,1185,1183,1183,99.83122362869199,99.83122362869199
univariate_reversal_ridge,2024-01-25,1191,1190,1185,1184,99.49622166246851,99.41225860621327
univariate_reversal_ridge,2024-01-26,1191,1191,1190,1190,99.91603694374476,99.91603694374476
univariate_reversal_ridge,2024-01-29,1196,1196,1191,1191,99.58193979933111,99.58193979933111
univariate_reversal_ridge,2024-01-30,1196,1196,1185,1185,99.08026755852843,99.08026755852843
univariate_reversal_ridge,2024-01-31,1197,1197,1187,1187,99.16457811194654,99.16457811194654
univariate_reversal_ridge,2024-02-01,1198,1198,1190,1190,99.3322203672788,99.3322203672788
univariate_reversal_ridge,2024-02-02,1200,1200,1191,1191,99.25,99.25
univariate_reversal_ridge,2024-02-05,1199,1199,1194,1194,99.58298582151794,99.58298582151794
univariate_reversal_ridge,2024-02-06,1200,1200,1195,1195,99.58333333333333,99.58333333333333
univariate_reversal_ridge,2024-02-07,1202,1202,1193,1193,99.25124792013311,99.25124792013311
univariate_reversal_ridge,2024-02-08,1199,1199,1180,1180,98.41534612176814,98.41534612176814
univariate_reversal_ridge,2024-02-09,1205,1204,1194,1193,99.08713692946058,99.00414937759336
univariate_reversal_ridge,2024-02-12,1214,1214,1207,1207,99.42339373970346,99.42339373970346
univariate_reversal_ridge,2024-02-13,1219,1219,1208,1208,99.09762100082034,99.09762100082034
univariate_reversal_ridge,2024-02-14,1226,1226,1200,1200,97.87928221859707,97.87928221859707
univariate_reversal_ridge,2024-02-15,1234,1234,1209,1209,97.9740680713128,97.9740680713128
univariate_reversal_ridge,2024-02-16,1234,1234,1206,1206,97.73095623987034,97.73095623987034
univariate_reversal_ridge,2024-02-20,1234,1234,1221,1221,98.94651539708266,98.94651539708266
univariate_reversal_ridge,2024-02-21,1241,1241,1228,1228,98.95245769540693,98.95245769540693
univariate_reversal_ridge,2024-02-22,1244,1244,1215,1215,97.66881028938907,97.66881028938907
univariate_reversal_ridge,2024-02-23,1247,1247,1226,1226,98.31595829991981,98.31595829991981
univariate_reversal_ridge,2024-02-26,1251,1250,1242,1241,99.28057553956835,99.20063948840927
univariate_reversal_ridge,2024-02-27,1259,1259,1252,1252,99.4440031771247,99.4440031771247
univariate_reversal_ridge,2024-02-28,1271,1271,1244,1244,97.8756884343037,97.8756884343037
univariate_reversal_ridge,2024-02-29,1278,1278,1224,1224,95.77464788732394,95.77464788732394
univariate_reversal_ridge,2024-03-01,1276,1276,1259,1259,98.66771159874608,98.66771159874608
univariate_reversal_ridge,2024-03-04,1279,1279,1266,1266,98.98358092259578,98.98358092259578
univariate_reversal_ridge,2024-03-05,1282,1282,1263,1263,98.5179407176287,98.5179407176287
univariate_reversal_ridge,2024-03-06,1282,1281,1268,1267,98.90795631825273,98.82995319812792
univariate_reversal_ridge,2024-03-07,1276,1276,1236,1236,96.86520376175548,96.86520376175548
univariate_reversal_ridge,2024-03-08,1279,1279,1265,1265,98.90539483971853,98.90539483971853
univariate_reversal_ridge,2024-03-11,1278,1277,1270,1269,99.37402190923318,99.29577464788733
univariate_reversal_ridge,2024-03-12,1276,1276,1267,1267,99.29467084639498,99.29467084639498
univariate_reversal_ridge,2024-03-13,1269,1269,1252,1252,98.66036249014972,98.66036249014972
univariate_reversal_ridge,2024-03-14,1268,1268,1202,1202,94.79495268138801,94.79495268138801
univariate_reversal_ridge,2024-03-15,1302,1300,1295,1293,99.46236559139786,99.30875576036867
univariate_reversal_ridge,2024-03-18,1300,1299,1294,1293,99.53846153846153,99.46153846153847
univariate_reversal_ridge,2024-03-19,1297,1297,1292,1292,99.61449498843486,99.61449498843486
univariate_reversal_ridge,2024-03-20,1290,1290,1282,1282,99.37984496124031,99.37984496124031
univariate_reversal_ridge,2024-03-21,1290,1287,1286,1283,99.68992248062015,99.45736434108527
univariate_reversal_ridge,2024-03-22,1287,1284,1283,1280,99.68919968919968,99.45609945609945
univariate_reversal_ridge,2024-03-25,1281,1278,1278,1275,99.76580796252928,99.53161592505855
univariate_reversal_ridge,2024-03-26,1284,1281,1281,1278,99.76635514018692,99.53271028037383
univariate_reversal_ridge,2024-03-27,1284,1280,1243,1239,96.80685358255452,96.49532710280374
univariate_reversal_ridge,2024-03-28,1280,1278,1265,1263,98.828125,98.671875
univariate_reversal_ridge,2024-04-01,1264,1264,1257,1257,99.44620253164557,99.44620253164557
univariate_reversal_ridge,2024-04-02,1264,1264,1259,1259,99.60443037974683,99.60443037974683
univariate_reversal_ridge,2024-04-03,1260,1260,1250,1250,99.2063492063492,99.2063492063492
univariate_reversal_ridge,2024-04-04,1257,1257,1240,1240,98.64757358790771,98.64757358790771
univariate_reversal_ridge,2024-04-05,1259,1259,1250,1250,99.28514694201748,99.28514694201748
univariate_reversal_ridge,2024-04-08,1256,1256,1244,1244,99.04458598726114,99.04458598726114
univariate_reversal_ridge,2024-04-09,1253,1253,1238,1238,98.80287310454908,98.80287310454908
univariate_reversal_ridge,2024-04-10,1264,1264,1259,1259,99.60443037974683,99.60443037974683
univariate_reversal_ridge,2024-04-11,1267,1267,1252,1252,98.81610102604577,98.81610102604577
univariate_reversal_ridge,2024-04-12,1259,1259,1243,1243,98.72915011914218,98.72915011914218
univariate_reversal_ridge,2024-04-15,1204,1204,1197,1197,99.4186046511628,99.4186046511628
univariate_reversal_ridge,2024-04-16,1206,1206,1200,1200,99.50248756218906,99.50248756218906
univariate_reversal_ridge,2024-04-17,1200,1200,1196,1196,99.66666666666667,99.66666666666667
univariate_reversal_ridge,2024-04-18,1192,1191,1179,1178,98.90939597315436,98.8255033557047
univariate_reversal_ridge,2024-04-19,1197,1197,1188,1188,99.24812030075188,99.24812030075188
univariate_reversal_ridge,2024-04-22,1199,1199,1191,1191,99.3327773144287,99.3327773144287
univariate_reversal_ridge,2024-04-23,1209,1209,1196,1196,98.9247311827957,98.9247311827957
univariate_reversal_ridge,2024-04-24,1210,1210,1201,1201,99.25619834710744,99.25619834710744
univariate_reversal_ridge,2024-04-25,1204,1202,1191,1189,98.9202657807309,98.75415282392026
univariate_reversal_ridge,2024-04-26,1200,1198,1191,1189,99.25,99.08333333333333
univariate_reversal_ridge,2024-04-29,1209,1207,1196,1194,98.9247311827957,98.75930521091811
univariate_reversal_ridge,2024-04-30,1206,1204,1190,1188,98.67330016583747,98.50746268656717
univariate_reversal_ridge,2024-05-01,1211,1209,1200,1198,99.0916597853014,98.92650701899257
univariate_reversal_ridge,2024-05-02,1219,1217,1204,1202,98.76948318293684,98.60541427399508
univariate_reversal_ridge,2024-05-03,1222,1222,1202,1202,98.3633387888707,98.3633387888707
univariate_reversal_ridge,2024-05-06,1230,1229,1216,1215,98.86178861788618,98.78048780487805
univariate_reversal_ridge,2024-05-07,1231,1231,1215,1215,98.70024370430544,98.70024370430544
univariate_reversal_ridge,2024-05-08,1242,1242,1224,1224,98.55072463768116,98.55072463768116
univariate_reversal_ridge,2024-05-09,1252,1252,1218,1218,97.28434504792332,97.28434504792332
univariate_reversal_ridge,2024-05-10,1256,1256,1226,1226,97.61146496815287,97.61146496815287
univariate_reversal_ridge,2024-05-13,1260,1260,1242,1242,98.57142857142857,98.57142857142857
univariate_reversal_ridge,2024-05-14,1269,1269,1233,1233,97.16312056737588,97.16312056737588
univariate_reversal_ridge,2024-05-15,1268,1267,1238,1237,97.63406940063092,97.55520504731861
univariate_reversal_ridge,2024-05-16,1269,1269,1234,1234,97.24192277383767,97.24192277383767
univariate_reversal_ridge,2024-05-17,1260,1259,1232,1231,97.77777777777777,97.6984126984127
univariate_reversal_ridge,2024-05-20,1255,1255,1234,1234,98.32669322709164,98.32669322709164
univariate_reversal_ridge,2024-05-21,1252,1252,1235,1235,98.64217252396166,98.64217252396166
univariate_reversal_ridge,2024-05-22,1255,1254,1240,1239,98.80478087649402,98.72509960159363
univariate_reversal_ridge,2024-05-23,1244,1244,1220,1220,98.07073954983923,98.07073954983923
univariate_reversal_ridge,2024-05-24,1248,1247,1224,1223,98.07692307692308,97.99679487179488
univariate_reversal_ridge,2024-05-28,1246,1245,1238,1237,99.35794542536115,99.2776886035313
univariate_reversal_ridge,2024-05-29,1234,1233,1219,1218,98.78444084278769,98.7034035656402
univariate_reversal_ridge,2024-05-30,1231,1230,1215,1214,98.70024370430544,98.61900893582454
univariate_reversal_ridge,2024-05-31,1232,1232,1187,1187,96.34740259740259,96.34740259740259
univariate_reversal_ridge,2024-06-03,1230,1230,1186,1186,96.42276422764228,96.42276422764228
univariate_reversal_ridge,2024-06-04,1235,1235,1214,1214,98.29959514170041,98.29959514170041
univariate_reversal_ridge,2024-06-05,1235,1235,1217,1217,98.5425101214575,98.5425101214575
univariate_reversal_ridge,2024-06-06,1224,1224,1204,1204,98.36601307189542,98.36601307189542
univariate_reversal_ridge,2024-06-07,1215,1215,1185,1185,97.53086419753086,97.53086419753086
univariate_reversal_ridge,2024-06-10,1208,1207,1179,1178,97.59933774834437,97.51655629139073
univariate_reversal_ridge,2024-06-11,1207,1207,1197,1197,99.1714995857498,99.1714995857498
univariate_reversal_ridge,2024-06-12,1208,1208,1191,1191,98.59271523178808,98.59271523178808
univariate_reversal_ridge,2024-06-13,1204,1204,1188,1188,98.67109634551495,98.67109634551495
univariate_reversal_ridge,2024-06-14,1199,1198,1130,1129,94.24520433694745,94.16180150125105
univariate_reversal_ridge,2024-06-17,1202,1201,1183,1182,98.41930116472545,98.33610648918469
univariate_reversal_ridge,2024-06-18,1207,1206,1192,1191,98.75724937862469,98.67439933719967
univariate_reversal_ridge,2024-06-20,1207,1206,1198,1197,99.25434962717482,99.1714995857498
univariate_reversal_ridge,2024-06-21,1242,1241,1233,1232,99.27536231884058,99.19484702093398
univariate_reversal_ridge,2024-06-24,1247,1246,1237,1236,99.19807538091419,99.11788291900561
univariate_reversal_ridge,2024-06-25,1244,1243,1236,1235,99.35691318327974,99.27652733118971
univariate_reversal_ridge,2024-06-26,1246,1244,1239,1237,99.43820224719101,99.2776886035313
univariate_reversal_ridge,2024-06-27,1251,1249,1246,1244,99.60031974420464,99.4404476418865
univariate_reversal_ridge,2024-06-28,1297,1295,1257,1255,96.9159599074788,96.76175790285274
univariate_reversal_ridge,2024-07-01,1293,1289,1270,1266,98.22119102861562,97.91183294663573
univariate_reversal_ridge,2024-07-02,1287,1286,1279,1278,99.37839937839938,99.3006993006993
univariate_reversal_ridge,2024-07-03,1284,1283,1271,1270,98.98753894080997,98.90965732087227
univariate_reversal_ridge,2024-07-05,1276,1275,1256,1255,98.43260188087774,98.35423197492163
univariate_reversal_ridge,2024-07-08,1282,1282,1267,1267,98.82995319812792,98.82995319812792
univariate_reversal_ridge,2024-07-09,1285,1285,1270,1270,98.83268482490273,98.83268482490273
univariate_reversal_ridge,2024-07-10,1283,1283,1268,1268,98.83086515978177,98.83086515978177
univariate_reversal_ridge,2024-07-11,1294,1294,1284,1284,99.22720247295209,99.22720247295209
univariate_reversal_ridge,2024-07-12,1297,1296,1281,1280,98.76638396299153,98.68928296067848
univariate_reversal_ridge,2024-07-15,1311,1310,1292,1291,98.55072463768116,98.4744469870328
univariate_reversal_ridge,2024-07-16,1324,1323,1316,1315,99.39577039274924,99.3202416918429
univariate_reversal_ridge,2024-07-17,1329,1328,1319,1318,99.24755455229496,99.17231000752446
univariate_reversal_ridge,2024-07-18,1328,1327,1318,1317,99.24698795180723,99.17168674698796
univariate_reversal_ridge,2024-07-19,1329,1328,1313,1312,98.79608728367194,98.72084273890142
univariate_reversal_ridge,2024-07-22,1294,1294,1282,1282,99.0726429675425,99.0726429675425
univariate_reversal_ridge,2024-07-23,1296,1296,1287,1287,99.30555555555556,99.30555555555556
univariate_reversal_ridge,2024-07-24,1299,1298,1289,1288,99.23017705927637,99.153194765204
univariate_reversal_ridge,2024-07-25,1305,1305,1296,1296,99.3103448275862,99.3103448275862
univariate_reversal_ridge,2024-07-26,1311,1310,1296,1295,98.8558352402746,98.77955758962624
univariate_reversal_ridge,2024-07-29,1265,1265,1255,1255,99.2094861660079,99.2094861660079
univariate_reversal_ridge,2024-07-30,1269,1268,1261,1260,99.36958234830576,99.29078014184397
univariate_reversal_ridge,2024-07-31,1285,1283,1268,1266,98.67704280155642,98.52140077821012
univariate_reversal_ridge,2024-08-01,1296,1296,1278,1278,98.61111111111111,98.61111111111111
univariate_reversal_ridge,2024-08-02,1303,1303,1287,1287,98.7720644666155,98.7720644666155
univariate_reversal_ridge,2024-08-05,1314,1314,1299,1299,98.85844748858447,98.85844748858447
univariate_reversal_ridge,2024-08-06,1316,1316,1303,1303,99.01215805471125,99.01215805471125
univariate_reversal_ridge,2024-08-07,1321,1321,1309,1309,99.09159727479182,99.09159727479182
univariate_reversal_ridge,2024-08-08,1324,1324,1307,1307,98.71601208459215,98.71601208459215
univariate_reversal_ridge,2024-08-09,1322,1322,1294,1294,97.88199697428139,97.88199697428139
univariate_reversal_ridge,2024-08-12,1316,1316,1290,1290,98.02431610942249,98.02431610942249
univariate_reversal_ridge,2024-08-13,1315,1315,1299,1299,98.78326996197718,98.78326996197718
univariate_reversal_ridge,2024-08-14,1300,1300,1278,1278,98.3076923076923,98.3076923076923
univariate_reversal_ridge,2024-08-15,1302,1301,1250,1249,96.00614439324117,95.92933947772657
univariate_reversal_ridge,2024-08-16,1297,1297,1262,1262,97.30146491904395,97.30146491904395
univariate_reversal_ridge,2024-08-19,1297,1297,1268,1268,97.76407093292212,97.76407093292212
univariate_reversal_ridge,2024-08-20,1285,1285,1261,1261,98.13229571984436,98.13229571984436
univariate_reversal_ridge,2024-08-21,1284,1284,1262,1262,98.28660436137072,98.28660436137072
univariate_reversal_ridge,2024-08-22,1269,1269,1253,1253,98.73916469661151,98.73916469661151
univariate_reversal_ridge,2024-08-23,1272,1272,1253,1253,98.50628930817611,98.50628930817611
univariate_reversal_ridge,2024-08-26,1267,1266,1249,1248,98.57932123125494,98.50039463299132
univariate_reversal_ridge,2024-08-27,1258,1257,1238,1237,98.41017488076312,98.33068362480127
univariate_reversal_ridge,2024-08-28,1242,1241,1231,1230,99.11433172302738,99.03381642512078
univariate_reversal_ridge,2024-08-29,1233,1232,1220,1219,98.94566098945661,98.86455798864559
univariate_reversal_ridge,2024-08-30,1226,1224,1172,1170,95.59543230016313,95.43230016313214
univariate_reversal_ridge,2024-09-03,1216,1214,1174,1172,96.54605263157895,96.38157894736842
univariate_reversal_ridge,2024-09-04,1206,1205,1188,1187,98.50746268656717,98.424543946932
univariate_reversal_ridge,2024-09-05,1198,1197,1176,1175,98.1636060100167,98.08013355592655
univariate_reversal_ridge,2024-09-06,1194,1193,1167,1166,97.73869346733669,97.65494137353434
univariate_reversal_ridge,2024-09-09,1191,1189,1176,1174,98.74055415617129,98.57262804366079
univariate_reversal_ridge,2024-09-10,1189,1189,1170,1170,98.40201850294365,98.40201850294365
univariate_reversal_ridge,2024-09-11,1197,1197,1184,1184,98.9139515455305,98.9139515455305
univariate_reversal_ridge,2024-09-12,1198,1198,1186,1186,98.9983305509182,98.9983305509182
univariate_reversal_ridge,2024-09-13,1204,1204,1155,1155,95.93023255813954,95.93023255813954
univariate_reversal_ridge,2024-09-16,1201,1200,1164,1163,96.91923397169026,96.83597002497919
univariate_reversal_ridge,2024-09-17,1207,1207,1192,1192,98.75724937862469,98.75724937862469
univariate_reversal_ridge,2024-09-18,1224,1224,1218,1218,99.50980392156863,99.50980392156863
univariate_reversal_ridge,2024-09-19,1233,1233,1222,1222,99.10786699107867,99.10786699107867
univariate_reversal_ridge,2024-09-20,1285,1284,1276,1275,99.29961089494164,99.22178988326849
univariate_reversal_ridge,2024-09-23,1290,1288,1283,1281,99.45736434108527,99.30232558139535
univariate_reversal_ridge,2024-09-24,1295,1293,1290,1288,99.61389961389962,99.45945945945945
univariate_reversal_ridge,2024-09-25,1292,1290,1288,1286,99.69040247678019,99.53560371517028
univariate_reversal_ridge,2024-09-26,1299,1297,1293,1291,99.53810623556582,99.38414164742109
univariate_reversal_ridge,2024-09-27,1304,1303,1286,1285,98.61963190184049,98.54294478527608
univariate_reversal_ridge,2024-09-30,1304,1302,1275,1273,97.7760736196319,97.62269938650307
univariate_reversal_ridge,2024-10-01,1301,1300,1282,1281,98.53958493466564,98.46272098385857
univariate_reversal_ridge,2024-10-02,1302,1302,1294,1294,99.38556067588326,99.38556067588326
univariate_reversal_ridge,2024-10-03,1302,1302,1293,1293,99.30875576036867,99.30875576036867
univariate_reversal_ridge,2024-10-04,1303,1302,1288,1287,98.84881043745203,98.7720644666155
univariate_reversal_ridge,2024-10-07,1300,1300,1292,1292,99.38461538461539,99.38461538461539
univariate_reversal_ridge,2024-10-08,1297,1297,1291,1291,99.53739398612181,99.53739398612181
univariate_reversal_ridge,2024-10-09,1294,1294,1286,1286,99.38176197836167,99.38176197836167
univariate_reversal_ridge,2024-10-10,1292,1292,1281,1281,99.14860681114551,99.14860681114551
univariate_reversal_ridge,2024-10-11,1288,1288,1276,1276,99.06832298136646,99.06832298136646
univariate_reversal_ridge,2024-10-14,1286,1286,1284,1284,99.84447900466563,99.84447900466563
univariate_reversal_ridge,2024-10-15,1283,1283,1273,1273,99.22057677318784,99.22057677318784
univariate_reversal_ridge,2024-10-16,1288,1287,1284,1283,99.68944099378882,99.61180124223603
univariate_reversal_ridge,2024-10-17,1281,1281,1276,1276,99.60967993754879,99.60967993754879
univariate_reversal_ridge,2024-10-18,1239,1239,1226,1226,98.95076674737692,98.95076674737692
univariate_reversal_ridge,2024-10-21,1236,1236,1230,1230,99.51456310679612,99.51456310679612
univariate_reversal_ridge,2024-10-22,1232,1232,1226,1226,99.51298701298701,99.51298701298701
univariate_reversal_ridge,2024-10-23,1230,1230,1223,1223,99.4308943089431,99.4308943089431
univariate_reversal_ridge,2024-10-24,1226,1225,1222,1221,99.67373572593802,99.59216965742252
univariate_reversal_ridge,2024-10-25,1225,1224,1215,1214,99.18367346938776,99.10204081632654
univariate_reversal_ridge,2024-10-28,1224,1222,1217,1215,99.4281045751634,99.26470588235294
univariate_reversal_ridge,2024-10-29,1223,1221,1217,1215,99.50940310711366,99.34587080948488
univariate_reversal_ridge,2024-10-30,1231,1229,1223,1221,99.35012185215272,99.1876523151909
univariate_reversal_ridge,2024-10-31,1234,1232,1219,1217,98.78444084278769,98.62236628849271
univariate_reversal_ridge,2024-11-01,1236,1234,1219,1217,98.62459546925567,98.46278317152104
univariate_reversal_ridge,2024-11-04,1244,1244,1228,1228,98.71382636655949,98.71382636655949
univariate_reversal_ridge,2024-11-05,1256,1256,1244,1244,99.04458598726114,99.04458598726114
univariate_reversal_ridge,2024-11-06,1285,1285,1273,1273,99.06614785992218,99.06614785992218
univariate_reversal_ridge,2024-11-07,1298,1297,1283,1282,98.84437596302003,98.7673343605547
univariate_reversal_ridge,2024-11-08,1316,1316,1283,1283,97.49240121580547,97.49240121580547
univariate_reversal_ridge,2024-11-11,1327,1327,1321,1321,99.54785229841748,99.54785229841748
univariate_reversal_ridge,2024-11-12,1333,1333,1313,1313,98.49962490622656,98.49962490622656
univariate_reversal_ridge,2024-11-13,1340,1340,1318,1318,98.35820895522389,98.35820895522389
univariate_reversal_ridge,2024-11-14,1335,1333,1307,1305,97.90262172284645,97.75280898876404
univariate_reversal_ridge,2024-11-15,1338,1337,1282,1282,95.81464872944693,95.81464872944693
univariate_reversal_ridge,2024-11-18,1343,1340,1311,1308,97.61727475800447,97.39389426656739
univariate_reversal_ridge,2024-11-19,1345,1342,1331,1328,98.95910780669145,98.7360594795539
univariate_reversal_ridge,2024-11-20,1350,1347,1332,1329,98.66666666666667,98.44444444444444
univariate_reversal_ridge,2024-11-21,1357,1354,1333,1330,98.23139277818717,98.01031687546057
univariate_reversal_ridge,2024-11-22,1369,1366,1346,1343,98.31994156318481,98.1008035062089
univariate_reversal_ridge,2024-11-25,1377,1376,1356,1355,98.47494553376906,98.40232389251997
univariate_reversal_ridge,2024-11-26,1375,1374,1357,1356,98.69090909090909,98.61818181818182
univariate_reversal_ridge,2024-11-27,1372,1372,1354,1354,98.68804664723032,98.68804664723032
univariate_reversal_ridge,2024-11-29,1366,1365,1316,1315,96.33967789165446,96.26647144948755
univariate_reversal_ridge,2024-12-02,1369,1368,1317,1316,96.20160701241782,96.12856099342586
univariate_reversal_ridge,2024-12-03,1364,1364,1344,1344,98.53372434017595,98.53372434017595
univariate_reversal_ridge,2024-12-04,1366,1366,1348,1348,98.68228404099561,98.68228404099561
univariate_reversal_ridge,2024-12-05,1347,1347,1324,1324,98.29250185597624,98.29250185597624
univariate_reversal_ridge,2024-12-06,1332,1332,1294,1294,97.14714714714715,97.14714714714715
univariate_reversal_ridge,2024-12-09,1322,1322,1299,1299,98.26021180030257,98.26021180030257
univariate_reversal_ridge,2024-12-10,1321,1321,1299,1299,98.33459500378501,98.33459500378501
univariate_reversal_ridge,2024-12-11,1321,1321,1305,1305,98.7887963663891,98.7887963663891
univariate_reversal_ridge,2024-12-12,1314,1314,1302,1302,99.08675799086758,99.08675799086758
univariate_reversal_ridge,2024-12-13,1314,1314,1260,1260,95.89041095890411,95.89041095890411
univariate_reversal_ridge,2024-12-16,1318,1318,1282,1282,97.26858877086495,97.26858877086495
univariate_reversal_ridge,2024-12-17,1320,1319,1301,1300,98.56060606060606,98.48484848484848
univariate_reversal_ridge,2024-12-18,1320,1320,1307,1307,99.01515151515152,99.01515151515152
univariate_reversal_ridge,2024-12-19,1320,1320,1307,1307,99.01515151515152,99.01515151515152
univariate_reversal_ridge,2024-12-20,1369,1368,1347,1346,98.39298758217677,98.31994156318481
univariate_reversal_ridge,2024-12-23,1365,1364,1351,1350,98.97435897435898,98.9010989010989
univariate_reversal_ridge,2024-12-24,1348,1347,1340,1339,99.40652818991099,99.33234421364985
univariate_reversal_ridge,2024-12-26,1346,1345,1332,1331,98.95988112927192,98.88558692421991
univariate_reversal_ridge,2024-12-27,1343,1343,1328,1328,98.8830975428146,98.8830975428146
univariate_reversal_ridge,2024-12-30,1346,1346,1334,1334,99.10846953937593,99.10846953937593
univariate_reversal_ridge,2024-12-31,1344,1343,1307,1306,97.24702380952381,97.17261904761905
univariate_reversal_ridge,2025-01-02,1347,1347,1321,1321,98.06978470675575,98.06978470675575
univariate_reversal_ridge,2025-01-03,1343,1341,1321,1320,98.36187639612807,98.2874162323157
univariate_reversal_ridge,2025-01-06,1348,1347,1333,1332,98.88724035608308,98.81305637982196
univariate_reversal_ridge,2025-01-07,1353,1352,1342,1341,99.1869918699187,99.1130820399113
univariate_reversal_ridge,2025-01-08,1352,1351,1341,1340,99.18639053254438,99.11242603550296
univariate_reversal_ridge,2025-01-10,1347,1345,1322,1320,98.14402375649591,97.99554565701558
univariate_reversal_ridge,2025-01-13,1344,1342,1336,1334,99.4047619047619,99.25595238095238
univariate_reversal_ridge,2025-01-14,1339,1338,1329,1328,99.25317401045557,99.17849141150111
univariate_reversal_ridge,2025-01-15,1340,1339,1324,1323,98.80597014925372,98.73134328358209
univariate_reversal_ridge,2025-01-16,1338,1337,1328,1327,99.2526158445441,99.1778774289985
univariate_reversal_ridge,2025-01-17,1335,1335,1316,1316,98.57677902621722,98.57677902621722
univariate_reversal_ridge,2025-01-21,1332,1331,1321,1320,99.17417417417417,99.09909909909909
univariate_reversal_ridge,2025-01-22,1326,1326,1316,1316,99.24585218702866,99.24585218702866
univariate_reversal_ridge,2025-01-23,1282,1282,1272,1272,99.21996879875195,99.21996879875195
univariate_reversal_ridge,2025-01-24,1284,1283,1270,1269,98.90965732087227,98.83177570093459
univariate_reversal_ridge,2025-01-27,1293,1293,1284,1284,99.30394431554524,99.30394431554524
univariate_reversal_ridge,2025-01-28,1299,1299,1291,1291,99.38414164742109,99.38414164742109
univariate_reversal_ridge,2025-01-29,1304,1304,1292,1292,99.079754601227,99.079754601227
univariate_reversal_ridge,2025-01-30,1311,1311,1302,1302,99.31350114416476,99.31350114416476
univariate_reversal_ridge,2025-01-31,1319,1318,1301,1300,98.63532979529947,98.55951478392721
univariate_reversal_ridge,2025-02-03,1319,1319,1302,1302,98.71114480667173,98.71114480667173
univariate_reversal_ridge,2025-02-04,1316,1316,1311,1311,99.62006079027356,99.62006079027356
univariate_reversal_ridge,2025-02-05,1321,1321,1314,1314,99.47009841029524,99.47009841029524
univariate_reversal_ridge,2025-02-06,1321,1321,1312,1312,99.31869795609387,99.31869795609387
univariate_reversal_ridge,2025-02-07,1319,1319,1296,1296,98.25625473843822,98.25625473843822
univariate_reversal_ridge,2025-02-10,1318,1317,1301,1300,98.71016691957512,98.63429438543247
univariate_reversal_ridge,2025-02-11,1313,1313,1304,1304,99.31454683929931,99.31454683929931
univariate_reversal_ridge,2025-02-12,1317,1317,1304,1304,99.01290812452544,99.01290812452544
univariate_reversal_ridge,2025-02-13,1318,1316,1310,1308,99.39301972685888,99.2412746585736
univariate_reversal_ridge,2025-02-14,1319,1318,1273,1272,96.51250947687642,96.43669446550417
univariate_reversal_ridge,2025-02-18,1326,1324,1289,1287,97.20965309200604,97.05882352941177
univariate_reversal_ridge,2025-02-19,1328,1327,1317,1316,99.17168674698796,99.09638554216868
univariate_reversal_ridge,2025-02-20,1327,1325,1315,1313,99.09570459683496,98.94498869630746
univariate_reversal_ridge,2025-02-21,1328,1327,1306,1305,98.3433734939759,98.26807228915662
univariate_reversal_ridge,2025-02-24,1329,1328,1304,1303,98.1188863807374,98.0436418359669
univariate_reversal_ridge,2025-02-25,1334,1333,1319,1318,98.87556221889055,98.80059970014993
univariate_reversal_ridge,2025-02-26,1339,1337,1327,1325,99.10380881254667,98.9544436146378
univariate_reversal_ridge,2025-02-27,1340,1339,1326,1325,98.95522388059702,98.88059701492537
univariate_reversal_ridge,2025-02-28,1348,1348,1294,1294,95.99406528189911,95.99406528189911
univariate_reversal_ridge,2025-03-03,1342,1342,1298,1298,96.72131147540983,96.72131147540983
univariate_reversal_ridge,2025-03-04,1349,1349,1332,1332,98.73980726464048,98.73980726464048
univariate_reversal_ridge,2025-03-05,1356,1356,1330,1330,98.08259587020649,98.08259587020649
univariate_reversal_ridge,2025-03-06,1357,1357,1330,1330,98.01031687546057,98.01031687546057
univariate_reversal_ridge,2025-03-07,1358,1358,1321,1321,97.27540500736377,97.27540500736377
univariate_reversal_ridge,2025-03-10,1355,1355,1314,1314,96.97416974169742,96.97416974169742
univariate_reversal_ridge,2025-03-11,1355,1354,1336,1335,98.59778597785977,98.5239852398524
univariate_reversal_ridge,2025-03-12,1354,1354,1338,1338,98.81831610044313,98.81831610044313
univariate_reversal_ridge,2025-03-13,1354,1354,1333,1333,98.44903988183161,98.44903988183161
univariate_reversal_ridge,2025-03-14,1360,1360,1299,1299,95.51470588235294,95.51470588235294
univariate_reversal_ridge,2025-03-17,1372,1372,1337,1337,97.44897959183673,97.44897959183673
univariate_reversal_ridge,2025-03-18,1364,1364,1344,1344,98.53372434017595,98.53372434017595
univariate_reversal_ridge,2025-03-19,1366,1366,1358,1358,99.41434846266472,99.41434846266472
univariate_reversal_ridge,2025-03-20,1363,1363,1350,1350,99.04622157006602,99.04622157006602
univariate_reversal_ridge,2025-03-21,1390,1389,1378,1377,99.13669064748201,99.06474820143885
univariate_reversal_ridge,2025-03-24,1393,1392,1383,1382,99.28212491026561,99.21033740129218
univariate_reversal_ridge,2025-03-25,1386,1384,1376,1374,99.27849927849928,99.13419913419914
univariate_reversal_ridge,2025-03-26,1380,1379,1373,1372,99.4927536231884,99.42028985507247
univariate_reversal_ridge,2025-03-27,1371,1370,1362,1361,99.34354485776805,99.27060539752006
univariate_reversal_ridge,2025-03-28,1353,1352,1335,1334,98.66962305986696,98.59571322985957
univariate_reversal_ridge,2025-03-31,1353,1353,1315,1315,97.19142645971914,97.19142645971914
univariate_reversal_ridge,2025-04-01,1345,1344,1326,1325,98.58736059479554,98.51301115241635
univariate_reversal_ridge,2025-04-02,1346,1346,1334,1334,99.10846953937593,99.10846953937593
univariate_reversal_ridge,2025-04-03,1334,1334,1316,1316,98.65067466266866,98.65067466266866
univariate_reversal_ridge,2025-04-04,1330,1330,1312,1312,98.64661654135338,98.64661654135338
univariate_reversal_ridge,2025-04-07,1338,1338,1325,1325,99.02840059790732,99.02840059790732
univariate_reversal_ridge,2025-04-08,1339,1339,1326,1326,99.02912621359224,99.02912621359224
univariate_reversal_ridge,2025-04-09,1359,1359,1344,1344,98.8962472406181,98.8962472406181
univariate_reversal_ridge,2025-04-10,1353,1351,1337,1335,98.81744271988174,98.66962305986696
univariate_reversal_ridge,2025-04-11,1356,1354,1340,1338,98.82005899705015,98.67256637168141
univariate_reversal_ridge,2025-04-14,1359,1358,1347,1346,99.11699779249449,99.04341427520235
univariate_reversal_ridge,2025-04-15,1354,1352,1338,1336,98.81831610044313,98.67060561299853
univariate_reversal_ridge,2025-04-16,1349,1347,1338,1336,99.18458117123795,99.03632320237213
univariate_reversal_ridge,2025-04-17,1346,1345,1328,1327,98.6627043090639,98.58841010401188
univariate_reversal_ridge,2025-04-21,1318,1318,1305,1305,99.01365705614568,99.01365705614568
univariate_reversal_ridge,2025-04-22,1321,1320,1307,1306,98.94019682059046,98.86449659348978
univariate_reversal_ridge,2025-04-23,1323,1322,1311,1310,99.09297052154194,99.01738473167045
univariate_reversal_ridge,2025-04-24,1329,1328,1319,1318,99.24755455229496,99.17231000752446
univariate_reversal_ridge,2025-04-25,1329,1328,1312,1311,98.72084273890142,98.64559819413093
univariate_reversal_ridge,2025-04-28,1328,1326,1317,1315,99.17168674698796,99.0210843373494
univariate_reversal_ridge,2025-04-29,1326,1325,1317,1316,99.32126696832579,99.24585218702866
univariate_reversal_ridge,2025-04-30,1324,1324,1305,1305,98.56495468277946,98.56495468277946
univariate_reversal_ridge,2025-05-01,1327,1327,1314,1314,99.02034664657121,99.02034664657121
univariate_reversal_ridge,2025-05-02,1325,1325,1308,1308,98.71698113207547,98.71698113207547
univariate_reversal_ridge,2025-05-05,1315,1315,1297,1297,98.63117870722434,98.63117870722434
univariate_reversal_ridge,2025-05-06,1305,1305,1294,1294,99.15708812260536,99.15708812260536
univariate_reversal_ridge,2025-05-07,1307,1307,1298,1298,99.31140015302219,99.31140015302219
univariate_reversal_ridge,2025-05-08,1303,1302,1288,1287,98.84881043745203,98.7720644666155
univariate_reversal_ridge,2025-05-09,1299,1297,1270,1268,97.76751347190147,97.61354888375674
univariate_reversal_ridge,2025-05-12,1313,1311,1289,1287,98.17212490479817,98.01980198019803
univariate_reversal_ridge,2025-05-13,1319,1317,1305,1303,98.93858984078848,98.78695981804397
univariate_reversal_ridge,2025-05-14,1322,1320,1305,1303,98.71406959152799,98.56278366111951
univariate_reversal_ridge,2025-05-15,1322,1321,1280,1279,96.82299546142208,96.74735249621786
univariate_reversal_ridge,2025-05-16,1327,1326,1294,1293,97.51318764129616,97.4378296910324
univariate_reversal_ridge,2025-05-19,1322,1322,1289,1289,97.50378214826021,97.50378214826021
univariate_reversal_ridge,2025-05-20,1324,1323,1311,1310,99.01812688821752,98.94259818731118
univariate_reversal_ridge,2025-05-21,1311,1311,1297,1297,98.93211289092297,98.93211289092297
univariate_reversal_ridge,2025-05-22,1309,1308,1293,1292,98.77769289533995,98.7012987012987
univariate_reversal_ridge,2025-05-23,1310,1309,1284,1283,98.01526717557252,97.93893129770993
univariate_reversal_ridge,2025-05-27,1317,1316,1295,1294,98.32953682611996,98.2536066818527
univariate_reversal_ridge,2025-05-28,1320,1319,1310,1309,99.24242424242425,99.16666666666667
univariate_reversal_ridge,2025-05-29,1316,1315,1301,1300,98.86018237082067,98.78419452887537
univariate_reversal_ridge,2025-05-30,1313,1312,1267,1266,96.49657273419649,96.42041127189643
univariate_reversal_ridge,2025-06-02,1310,1310,1260,1260,96.18320610687023,96.18320610687023
univariate_reversal_ridge,2025-06-03,1317,1317,1305,1305,99.08883826879271,99.08883826879271
univariate_reversal_ridge,2025-06-04,1314,1314,1297,1297,98.7062404870624,98.7062404870624
univariate_reversal_ridge,2025-06-05,1309,1309,1291,1291,98.62490450725745,98.62490450725745
univariate_reversal_ridge,2025-06-06,1314,1314,1281,1281,97.48858447488584,97.48858447488584
univariate_reversal_ridge,2025-06-09,1313,1313,1295,1295,98.62909367859864,98.62909367859864
univariate_reversal_ridge,2025-06-10,1308,1308,1286,1286,98.31804281345566,98.31804281345566
univariate_reversal_ridge,2025-06-11,1304,1304,1294,1294,99.23312883435582,99.23312883435582
univariate_reversal_ridge,2025-06-12,1298,1298,1286,1286,99.07550077041603,99.07550077041603
univariate_reversal_ridge,2025-06-13,1293,1293,1241,1241,95.9783449342614,95.9783449342614
univariate_reversal_ridge,2025-06-16,1297,1297,1261,1261,97.22436391673092,97.22436391673092
univariate_reversal_ridge,2025-06-17,1297,1296,1287,1286,99.2289899768697,99.15188897455667
univariate_reversal_ridge,2025-06-18,1301,1301,1285,1285,98.77017678708685,98.77017678708685
univariate_reversal_ridge,2025-06-20,1324,1323,1314,1313,99.24471299093656,99.16918429003022
univariate_reversal_ridge,2025-06-23,1327,1324,1317,1314,99.24642049736248,99.02034664657121
univariate_reversal_ridge,2025-06-24,1336,1333,1327,1324,99.32634730538922,99.10179640718563
univariate_reversal_ridge,2025-06-25,1334,1331,1329,1326,99.62518740629685,99.40029985007496
univariate_reversal_ridge,2025-06-26,1343,1340,1336,1333,99.47877885331347,99.2553983618764
univariate_reversal_ridge,2025-06-27,1378,1376,1362,1360,98.8388969521045,98.69375907111757
univariate_reversal_ridge,2025-06-30,1380,1377,1348,1345,97.68115942028986,97.46376811594203
univariate_reversal_ridge,2025-07-01,1384,1383,1360,1359,98.26589595375722,98.19364161849711
univariate_reversal_ridge,2025-07-02,1394,1394,1383,1383,99.21090387374461,99.21090387374461
univariate_reversal_ridge,2025-07-03,1394,1394,1368,1368,98.1348637015782,98.1348637015782
univariate_reversal_ridge,2025-07-07,1395,1394,1380,1379,98.9247311827957,98.85304659498208
univariate_reversal_ridge,2025-07-08,1403,1401,1390,1388,99.07341411261582,98.93086243763364
univariate_reversal_ridge,2025-07-09,1404,1400,1390,1386,99.002849002849,98.71794871794872
univariate_reversal_ridge,2025-07-10,1409,1403,1390,1384,98.65152590489708,98.22569198012775
univariate_reversal_ridge,2025-07-11,1406,1400,1386,1380,98.57752489331436,98.15078236130867
univariate_reversal_ridge,2025-07-14,1415,1410,1404,1399,99.2226148409894,98.86925795053004
univariate_reversal_ridge,2025-07-15,1413,1408,1390,1385,98.3722576079264,98.01840056617127
univariate_reversal_ridge,2025-07-16,1413,1410,1399,1396,99.00920028308563,98.79688605803256
univariate_reversal_ridge,2025-07-17,1415,1413,1398,1396,98.79858657243817,98.65724381625442
univariate_reversal_ridge,2025-07-18,1414,1414,1393,1393,98.51485148514851,98.51485148514851
univariate_reversal_ridge,2025-07-21,1395,1395,1377,1377,98.70967741935483,98.70967741935483
univariate_reversal_ridge,2025-07-22,1402,1402,1388,1388,99.00142653352354,99.00142653352354
univariate_reversal_ridge,2025-07-23,1404,1404,1389,1389,98.93162393162393,98.93162393162393
univariate_reversal_ridge,2025-07-24,1407,1406,1392,1391,98.93390191897655,98.86282871357498
univariate_reversal_ridge,2025-07-25,1407,1407,1386,1386,98.50746268656717,98.50746268656717
univariate_reversal_ridge,2025-07-28,1378,1377,1367,1366,99.20174165457185,99.12917271407838
univariate_reversal_ridge,2025-07-29,1370,1369,1357,1356,99.05109489051095,98.97810218978103
univariate_reversal_ridge,2025-07-30,1366,1364,1351,1349,98.90190336749635,98.75549048316252
univariate_reversal_ridge,2025-07-31,1368,1366,1344,1342,98.24561403508773,98.09941520467837
univariate_reversal_ridge,2025-08-01,1383,1381,1362,1360,98.48156182212581,98.33694866232827
univariate_reversal_ridge,2025-08-04,1383,1382,1361,1360,98.40925524222705,98.33694866232827
univariate_reversal_ridge,2025-08-05,1392,1391,1372,1371,98.5632183908046,98.49137931034483
univariate_reversal_ridge,2025-08-06,1392,1391,1378,1377,98.99425287356321,98.92241379310344
univariate_reversal_ridge,2025-08-07,1393,1393,1369,1369,98.27709978463747,98.27709978463747
univariate_reversal_ridge,2025-08-08,1401,1401,1365,1365,97.4304068522484,97.4304068522484
univariate_reversal_ridge,2025-08-11,1404,1404,1375,1375,97.93447293447294,97.93447293447294
univariate_reversal_ridge,2025-08-12,1411,1411,1384,1384,98.08646350106308,98.08646350106308
univariate_reversal_ridge,2025-08-13,1419,1419,1394,1394,98.23819591261451,98.23819591261451
univariate_reversal_ridge,2025-08-14,1421,1420,1386,1385,97.53694581280789,97.46657283603096
univariate_reversal_ridge,2025-08-15,1427,1426,1363,1362,95.51506657323056,95.44498948843729
univariate_reversal_ridge,2025-08-18,1429,1428,1390,1389,97.27081875437369,97.20083974807558
univariate_reversal_ridge,2025-08-19,1425,1425,1402,1402,98.3859649122807,98.3859649122807
univariate_reversal_ridge,2025-08-20,1422,1421,1394,1393,98.0309423347398,97.9606188466948
univariate_reversal_ridge,2025-08-21,1420,1419,1395,1394,98.2394366197183,98.16901408450704
univariate_reversal_ridge,2025-08-22,1430,1429,1401,1400,97.97202797202797,97.9020979020979
univariate_reversal_ridge,2025-08-25,1420,1418,1398,1396,98.45070422535211,98.30985915492958
univariate_reversal_ridge,2025-08-26,1422,1421,1405,1404,98.80450070323488,98.73417721518987
univariate_reversal_ridge,2025-08-27,1423,1421,1407,1405,98.8756148981026,98.73506676036543
univariate_reversal_ridge,2025-08-28,1418,1416,1399,1397,98.66008462623414,98.51904090267983
univariate_reversal_ridge,2025-08-29,1407,1405,1349,1347,95.87775408670932,95.73560767590618
univariate_reversal_ridge,2025-09-02,1408,1407,1350,1349,95.88068181818181,95.8096590909091
univariate_reversal_ridge,2025-09-03,1400,1398,1374,1372,98.14285714285714,98.0
univariate_reversal_ridge,2025-09-04,1399,1398,1374,1373,98.21300929235169,98.14152966404575
univariate_reversal_ridge,2025-09-05,1390,1389,1348,1347,96.97841726618705,96.90647482014388
univariate_reversal_ridge,2025-09-08,1389,1389,1373,1373,98.84809215262779,98.84809215262779
univariate_reversal_ridge,2025-09-09,1384,1384,1370,1370,98.98843930635839,98.98843930635839
univariate_reversal_ridge,2025-09-10,1382,1382,1358,1358,98.26338639652677,98.26338639652677
univariate_reversal_ridge,2025-09-11,1383,1381,1365,1363,98.69848156182212,98.55386840202459
univariate_reversal_ridge,2025-09-12,1378,1378,1350,1350,97.96806966618287,97.96806966618287
univariate_reversal_ridge,2025-09-15,1375,1375,1320,1320,96.0,96.0
univariate_reversal_ridge,2025-09-16,1375,1375,1351,1351,98.25454545454545,98.25454545454545
univariate_reversal_ridge,2025-09-17,1387,1387,1375,1375,99.13482335976929,99.13482335976929
univariate_reversal_ridge,2025-09-18,1396,1396,1383,1383,99.06876790830945,99.06876790830945
univariate_reversal_ridge,2025-09-19,1425,1425,1413,1413,99.15789473684211,99.15789473684211
univariate_reversal_ridge,2025-09-22,1425,1425,1410,1410,98.94736842105263,98.94736842105263
univariate_reversal_ridge,2025-09-23,1426,1424,1416,1414,99.29873772791024,99.15848527349229
univariate_reversal_ridge,2025-09-24,1423,1422,1416,1415,99.50808151791989,99.4378074490513
univariate_reversal_ridge,2025-09-25,1424,1421,1417,1414,99.50842696629213,99.29775280898876
univariate_reversal_ridge,2025-09-26,1425,1423,1408,1406,98.80701754385964,98.66666666666667
univariate_reversal_ridge,2025-09-29,1431,1429,1420,1419,99.2313067784766,99.16142557651992
univariate_reversal_ridge,2025-09-30,1426,1424,1391,1389,97.54558204768584,97.40532959326788
univariate_reversal_ridge,2025-10-01,1429,1428,1405,1404,98.32050384884535,98.25052484254724
univariate_reversal_ridge,2025-10-02,1435,1435,1419,1419,98.88501742160278,98.88501742160278
univariate_reversal_ridge,2025-10-03,1439,1439,1415,1415,98.33217512161222,98.33217512161222
univariate_reversal_ridge,2025-10-06,1444,1444,1428,1428,98.89196675900277,98.89196675900277
univariate_reversal_ridge,2025-10-07,1444,1444,1427,1427,98.82271468144044,98.82271468144044
univariate_reversal_ridge,2025-10-08,1442,1442,1425,1425,98.82108183079058,98.82108183079058
univariate_reversal_ridge,2025-10-09,1438,1438,1420,1420,98.74826147426982,98.74826147426982
univariate_reversal_ridge,2025-10-10,1439,1438,1413,1412,98.19318971507991,98.12369701181376
univariate_reversal_ridge,2025-10-13,1443,1442,1433,1432,99.3069993069993,99.23769923769923
univariate_reversal_ridge,2025-10-14,1445,1443,1431,1429,99.03114186851211,98.89273356401384
univariate_reversal_ridge,2025-10-15,1441,1440,1422,1421,98.68147120055517,98.6120749479528
univariate_reversal_ridge,2025-10-16,1435,1434,1420,1419,98.95470383275261,98.88501742160278
univariate_reversal_ridge,2025-10-17,1405,1404,1389,1388,98.86120996441281,98.79003558718861
univariate_reversal_ridge,2025-10-20,1403,1403,1387,1387,98.85958660014255,98.85958660014255
univariate_reversal_ridge,2025-10-21,1403,1403,1391,1391,99.14468995010691,99.14468995010691
univariate_reversal_ridge,2025-10-22,1402,1400,1388,1386,99.00142653352354,98.85877318116975
univariate_reversal_ridge,2025-10-23,1406,1403,1392,1389,99.00426742532005,98.79089615931721
univariate_reversal_ridge,2025-10-24,1404,1401,1388,1385,98.86039886039886,98.64672364672364
univariate_reversal_ridge,2025-10-27,1402,1398,1391,1387,99.21540656205421,98.93009985734665
univariate_reversal_ridge,2025-10-28,1393,1390,1382,1379,99.21033740129218,98.99497487437186
univariate_reversal_ridge,2025-10-29,1399,1397,1387,1385,99.14224446032881,98.99928520371694
univariate_reversal_ridge,2025-10-30,1395,1394,1383,1382,99.13978494623656,99.06810035842294
univariate_reversal_ridge,2025-10-31,1399,1399,1379,1379,98.57040743388134,98.57040743388134
univariate_reversal_ridge,2025-11-03,1399,1399,1380,1380,98.64188706218728,98.64188706218728
univariate_reversal_ridge,2025-11-04,1399,1399,1386,1386,99.07076483202287,99.07076483202287
univariate_reversal_ridge,2025-11-05,1407,1406,1394,1393,99.07604832977967,99.0049751243781
univariate_reversal_ridge,2025-11-06,1410,1408,1395,1393,98.93617021276596,98.79432624113475
univariate_reversal_ridge,2025-11-07,1418,1416,1390,1388,98.02538787023977,97.88434414668548
univariate_reversal_ridge,2025-11-10,1423,1420,1384,1381,97.25931131412509,97.04848910751933
univariate_reversal_ridge,2025-11-11,1425,1422,1417,1414,99.43859649122807,99.2280701754386
univariate_reversal_ridge,2025-11-12,1426,1423,1402,1399,98.31697054698458,98.10659186535764
univariate_reversal_ridge,2025-11-13,1416,1414,1390,1388,98.1638418079096,98.0225988700565
univariate_reversal_ridge,2025-11-14,1422,1421,1374,1373,96.62447257383967,96.55414908579465
univariate_reversal_ridge,2025-11-17,1426,1425,1383,1382,96.98457223001402,96.91444600280505
univariate_reversal_ridge,2025-11-18,1428,1428,1411,1411,98.80952380952381,98.80952380952381
univariate_reversal_ridge,2025-11-19,1429,1428,1406,1405,98.39048285514346,98.32050384884535
univariate_reversal_ridge,2025-11-20,1423,1421,1399,1397,98.3134223471539,98.17287420941672
univariate_reversal_ridge,2025-11-21,1439,1437,1407,1405,97.77623349548297,97.63724808895066
univariate_reversal_ridge,2025-11-24,1446,1443,1417,1414,97.99446749654219,97.78699861687413
univariate_reversal_ridge,2025-11-25,1452,1449,1428,1425,98.34710743801652,98.14049586776859
univariate_reversal_ridge,2025-11-26,1459,1457,1437,1435,98.49211788896504,98.35503769705278
univariate_reversal_ridge,2025-11-28,1449,1447,1403,1401,96.82539682539682,96.68737060041408
univariate_reversal_ridge,2025-12-01,1444,1442,1383,1381,95.77562326869806,95.6371191135734
univariate_reversal_ridge,2025-12-02,1440,1437,1417,1414,98.40277777777777,98.19444444444444
univariate_reversal_ridge,2025-12-03,1442,1439,1417,1414,98.26629680998613,98.05825242718447
univariate_reversal_ridge,2025-12-04,1441,1438,1414,1411,98.12630117973629,97.91811242192921
univariate_reversal_ridge,2025-12-05,1430,1427,1379,1376,96.43356643356644,96.22377622377623
univariate_reversal_ridge,2025-12-08,1428,1424,1405,1401,98.38935574229691,98.10924369747899
univariate_reversal_ridge,2025-12-09,1426,1422,1408,1404,98.73772791023843,98.45722300140253
univariate_reversal_ridge,2025-12-10,1433,1430,1411,1408,98.46475924633636,98.25540823447314
univariate_reversal_ridge,2025-12-11,1434,1432,1418,1416,98.88423988842399,98.74476987447699
univariate_reversal_ridge,2025-12-12,1435,1432,1406,1403,97.97909407665506,97.77003484320558
univariate_reversal_ridge,2025-12-15,1440,1438,1378,1376,95.69444444444444,95.55555555555556
univariate_reversal_ridge,2025-12-16,1442,1442,1423,1423,98.68238557558946,98.68238557558946
univariate_reversal_ridge,2025-12-17,1439,1439,1421,1421,98.74913134120918,98.74913134120918
univariate_reversal_ridge,2025-12-18,1446,1446,1427,1427,98.68603042876902,98.68603042876902
univariate_reversal_ridge,2025-12-19,1475,1475,1457,1457,98.77966101694915,98.77966101694915
univariate_reversal_ridge,2025-12-22,1472,1472,1454,1454,98.77717391304348,98.77717391304348
univariate_reversal_ridge,2025-12-23,1463,0,1450,0,99.11141490088859,0.0
univariate_reversal_ridge,2025-12-24,1454,0,1441,0,99.10591471801926,0.0
univariate_reversal_ridge,2025-12-26,1441,0,1420,0,98.54267869535045,0.0
univariate_reversal_ridge,2025-12-29,1448,0,1430,0,98.75690607734806,0.0
univariate_reversal_ridge,2025-12-30,1441,0,1426,0,98.9590562109646,0.0
univariate_reversal_ridge,2025-12-31,1439,0,1402,0,97.4287699791522,0.0
ridge,2020-01-02,1076,1075,1062,1061,98.69888475836431,98.60594795539033
ridge,2020-01-03,1081,1079,1077,1075,99.62997224791859,99.44495837187789
ridge,2020-01-06,1087,1087,1083,1083,99.63201471941122,99.63201471941122
ridge,2020-01-07,1085,1085,1075,1075,99.07834101382488,99.07834101382488
ridge,2020-01-08,1080,1080,1072,1072,99.25925925925925,99.25925925925925
ridge,2020-01-09,1079,1078,1063,1062,98.51714550509732,98.4244670991659
ridge,2020-01-10,1080,1080,1076,1076,99.62962962962963,99.62962962962963
ridge,2020-01-13,1081,1081,1077,1077,99.62997224791859,99.62997224791859
ridge,2020-01-14,1086,1085,1075,1074,98.98710865561694,98.89502762430939
ridge,2020-01-15,1079,1077,1074,1072,99.53660797034291,99.35125115848007
ridge,2020-01-16,1076,1075,1062,1061,98.69888475836431,98.60594795539033
ridge,2020-01-17,1072,1071,1068,1067,99.6268656716418,99.53358208955224
ridge,2020-01-21,1075,1074,1069,1068,99.44186046511628,99.34883720930233
ridge,2020-01-22,1037,1035,1032,1030,99.51783992285439,99.32497589199615
ridge,2020-01-23,1046,1045,1039,1038,99.33078393881453,99.23518164435947
ridge,2020-01-24,1055,1055,1051,1051,99.62085308056872,99.62085308056872
ridge,2020-01-27,1065,1065,1062,1062,99.71830985915493,99.71830985915493
ridge,2020-01-28,1069,1069,1062,1062,99.34518241347054,99.34518241347054
ridge,2020-01-29,1070,1070,1067,1067,99.7196261682243,99.7196261682243
ridge,2020-01-30,1073,1073,1054,1054,98.22926374650513,98.22926374650513
ridge,2020-01-31,1081,1081,1069,1069,98.88991674375578,98.88991674375578
ridge,2020-02-03,1084,1084,1081,1081,99.72324723247233,99.72324723247233
ridge,2020-02-04,1086,1086,1081,1081,99.53959484346224,99.53959484346224
ridge,2020-02-05,1090,1090,1085,1085,99.54128440366972,99.54128440366972
ridge,2020-02-06,1097,1097,1077,1077,98.17684594348222,98.17684594348222
ridge,2020-02-07,1096,1096,1075,1075,98.08394160583941,98.08394160583941
ridge,2020-02-10,1094,1094,1080,1080,98.72029250457038,98.72029250457038
ridge,2020-02-11,1092,1092,1082,1082,99.08424908424908,99.08424908424908
ridge,2020-02-12,1100,1100,1090,1090,99.0909090909091,99.0909090909091
ridge,2020-02-13,1098,1098,1056,1056,96.17486338797814,96.17486338797814
ridge,2020-02-14,1095,1095,1072,1072,97.89954337899543,97.89954337899543
ridge,2020-02-18,1100,1100,1090,1090,99.0909090909091,99.0909090909091
ridge,2020-02-19,1096,1095,1085,1084,98.9963503649635,98.9051094890511
ridge,2020-02-20,1099,1099,1083,1083,98.54413102820746,98.54413102820746
ridge,2020-02-21,1097,1097,1082,1082,98.63263445761167,98.63263445761167
ridge,2020-02-24,1097,1097,1081,1081,98.54147675478578,98.54147675478578
ridge,2020-02-25,1105,1105,1093,1093,98.91402714932127,98.91402714932127
ridge,2020-02-26,1108,1108,1100,1100,99.27797833935018,99.27797833935018
ridge,2020-02-27,1127,1127,1077,1077,95.56344276841172,95.56344276841172
ridge,2020-02-28,1145,1145,1104,1104,96.41921397379913,96.41921397379913
ridge,2020-03-02,1153,1153,1140,1140,98.87250650477017,98.87250650477017
ridge,2020-03-03,1154,1154,1138,1138,98.61351819757365,98.61351819757365
ridge,2020-03-04,1157,1157,1142,1142,98.70354364736387,98.70354364736387
ridge,2020-03-05,1153,1153,1119,1119,97.05117085862966,97.05117085862966
ridge,2020-03-06,1153,1152,1132,1131,98.1786643538595,98.09193408499566
ridge,2020-03-09,1141,1141,1119,1119,98.07186678352322,98.07186678352322
ridge,2020-03-10,1147,1147,1135,1135,98.9537925021796,98.9537925021796
ridge,2020-03-11,1140,1140,1130,1130,99.12280701754386,99.12280701754386
ridge,2020-03-12,1117,1117,1071,1071,95.88182632050135,95.88182632050135
ridge,2020-03-13,1132,1131,1109,1108,97.96819787985866,97.87985865724382
ridge,2020-03-16,1111,1111,1091,1091,98.1998199819982,98.1998199819982
ridge,2020-03-17,1116,1116,1107,1107,99.19354838709677,99.19354838709677
ridge,2020-03-18,1086,1086,1078,1078,99.2633517495396,99.2633517495396
ridge,2020-03-19,1118,1118,1104,1104,98.74776386404294,98.74776386404294
ridge,2020-03-20,1121,1121,1114,1114,99.37555753791258,99.37555753791258
ridge,2020-03-23,1116,1115,1111,1110,99.55197132616487,99.46236559139786
ridge,2020-03-24,1157,1156,1149,1148,99.3085566119274,99.22212618841833
ridge,2020-03-25,1163,1162,1153,1152,99.14015477214102,99.05417024935511
ridge,2020-03-26,1167,1164,1155,1152,98.97172236503856,98.7146529562982
ridge,2020-03-27,1146,1142,1140,1136,99.47643979057591,99.12739965095986
ridge,2020-03-30,1135,1132,1109,1106,97.70925110132158,97.44493392070484
ridge,2020-03-31,1130,1127,1115,1112,98.67256637168141,98.40707964601769
ridge,2020-04-01,1110,1107,1102,1099,99.27927927927928,99.009009009009
ridge,2020-04-02,1110,1109,1096,1095,98.73873873873873,98.64864864864865
ridge,2020-04-03,1101,1101,1092,1092,99.1825613079019,99.1825613079019
ridge,2020-04-06,1115,1114,1106,1105,99.19282511210763,99.10313901345292
ridge,2020-04-07,1113,1113,1104,1104,99.19137466307278,99.19137466307278
ridge,2020-04-08,1117,1117,1101,1101,98.56759176365264,98.56759176365264
ridge,2020-04-09,1110,1109,1098,1097,98.91891891891892,98.82882882882883
ridge,2020-04-13,1100,1099,1094,1093,99.45454545454545,99.36363636363636
ridge,2020-04-14,1098,1097,1087,1086,98.99817850637523,98.90710382513662
ridge,2020-04-15,1080,1078,1071,1069,99.16666666666667,98.98148148148148
ridge,2020-04-16,1066,1064,1056,1054,99.06191369606003,98.87429643527204
ridge,2020-04-17,1067,1067,1059,1059,99.2502343017807,99.2502343017807
ridge,2020-04-20,1053,1053,1047,1047,99.43019943019944,99.43019943019944
ridge,2020-04-21,1047,1047,1038,1038,99.14040114613181,99.14040114613181
ridge,2020-04-22,1040,1040,1033,1033,99.32692307692308,99.32692307692308
ridge,2020-04-23,1028,1028,1021,1021,99.31906614785993,99.31906614785993
ridge,2020-04-24,1026,1026,1016,1016,99.02534113060429,99.02534113060429
ridge,2020-04-27,1029,1029,1019,1019,99.02818270165209,99.02818270165209
ridge,2020-04-28,1031,1031,1022,1022,99.1270611057226,99.1270611057226
ridge,2020-04-29,1049,1049,1035,1035,98.6653956148713,98.6653956148713
ridge,2020-04-30,1056,1056,1040,1040,98.48484848484848,98.48484848484848
ridge,2020-05-01,1051,1051,1036,1036,98.57278782112274,98.57278782112274
ridge,2020-05-04,1048,1048,1042,1042,99.42748091603053,99.42748091603053
ridge,2020-05-05,1045,1045,1039,1039,99.42583732057416,99.42583732057416
ridge,2020-05-06,1044,1044,1032,1032,98.85057471264368,98.85057471264368
ridge,2020-05-07,1048,1048,1022,1022,97.51908396946565,97.51908396946565
ridge,2020-05-08,1052,1050,1031,1029,98.00380228136882,97.81368821292776
ridge,2020-05-11,1058,1056,1049,1047,99.14933837429112,98.96030245746692
ridge,2020-05-12,1057,1055,1044,1042,98.77010406811732,98.58088930936613
ridge,2020-05-13,1062,1060,1050,1048,98.87005649717514,98.68173258003766
ridge,2020-05-14,1067,1065,1028,1026,96.34489222118088,96.15745079662605
ridge,2020-05-15,1067,1067,1041,1041,97.56326148078725,97.56326148078725
ridge,2020-05-18,1076,1076,1063,1063,98.7918215613383,98.7918215613383
ridge,2020-05-19,1077,1077,1056,1056,98.05013927576601,98.05013927576601
ridge,2020-05-20,1083,1083,1065,1065,98.33795013850416,98.33795013850416
ridge,2020-05-21,1083,1083,1059,1059,97.78393351800554,97.78393351800554
ridge,2020-05-22,1082,1082,1062,1062,98.15157116451017,98.15157116451017
ridge,2020-05-26,1092,1092,1078,1078,98.71794871794872,98.71794871794872
ridge,2020-05-27,1104,1104,1089,1089,98.6413043478261,98.6413043478261
ridge,2020-05-28,1092,1091,1058,1057,96.88644688644689,96.7948717948718
ridge,2020-05-29,1093,1093,1053,1053,96.34034766697164,96.34034766697164
ridge,2020-06-01,1097,1097,1081,1081,98.54147675478578,98.54147675478578
ridge,2020-06-02,1102,1102,1090,1090,98.91107078039927,98.91107078039927
ridge,2020-06-03,1107,1107,1095,1095,98.9159891598916,98.9159891598916
ridge,2020-06-04,1109,1109,1076,1076,97.02434625788999,97.02434625788999
ridge,2020-06-05,1117,1117,1104,1104,98.83616830796777,98.83616830796777
ridge,2020-06-08,1128,1128,1116,1116,98.93617021276596,98.93617021276596
ridge,2020-06-09,1117,1117,1099,1099,98.38854073410923,98.38854073410923
ridge,2020-06-10,1116,1116,1104,1104,98.9247311827957,98.9247311827957
ridge,2020-06-11,1112,1112,1083,1083,97.39208633093526,97.39208633093526
ridge,2020-06-12,1121,1119,1071,1069,95.53969669937555,95.36128456735058
ridge,2020-06-15,1123,1122,1104,1103,98.30810329474622,98.21905609973285
ridge,2020-06-16,1128,1126,1113,1111,98.67021276595744,98.49290780141844
ridge,2020-06-17,1124,1122,1109,1107,98.66548042704626,98.48754448398577
ridge,2020-06-18,1126,1124,1111,1109,98.66785079928952,98.49023090586145
ridge,2020-06-19,1148,1146,1131,1129,98.5191637630662,98.34494773519164
ridge,2020-06-22,1155,1154,1142,1141,98.87445887445888,98.78787878787878
ridge,2020-06-23,1160,1159,1147,1146,98.87931034482759,98.79310344827586
ridge,2020-06-24,1157,1155,1142,1140,98.70354364736387,98.53068280034572
ridge,2020-06-25,1160,1158,1142,1140,98.44827586206897,98.27586206896552
ridge,2020-06-26,1165,1163,1151,1149,98.79828326180258,98.62660944206009
ridge,2020-06-29,1174,1171,1142,1139,97.27427597955707,97.01873935264055
ridge,2020-06-30,1185,1183,1164,1162,98.22784810126582,98.05907172995781
ridge,2020-07-01,1175,1173,1156,1154,98.38297872340425,98.2127659574468
ridge,2020-07-02,1167,1167,1148,1148,98.37189374464438,98.37189374464438
ridge,2020-07-06,1163,1163,1149,1149,98.79621668099742,98.79621668099742
ridge,2020-07-07,1159,1159,1146,1146,98.87834339948232,98.87834339948232
ridge,2020-07-08,1163,1163,1151,1151,98.96818572656922,98.96818572656922
ridge,2020-07-09,1153,1153,1130,1130,98.00520381613183,98.00520381613183
ridge,2020-07-10,1143,1143,1130,1130,98.86264216972879,98.86264216972879
ridge,2020-07-13,1144,1143,1132,1131,98.95104895104895,98.86363636363636
ridge,2020-07-14,1140,1139,1121,1120,98.33333333333333,98.24561403508773
ridge,2020-07-15,1149,1148,1133,1132,98.60748476936466,98.52045256744995
ridge,2020-07-16,1141,1140,1120,1119,98.15950920245399,98.07186678352322
ridge,2020-07-17,1138,1137,1121,1120,98.50615114235501,98.41827768014059
ridge,2020-07-20,1106,1105,1094,1093,98.91500904159132,98.8245931283906
ridge,2020-07-21,1104,1104,1090,1090,98.73188405797102,98.73188405797102
ridge,2020-07-22,1101,1101,1087,1087,98.72842870118075,98.72842870118075
ridge,2020-07-23,1101,1101,1084,1084,98.45594913714805,98.45594913714805
ridge,2020-07-24,1097,1096,1080,1079,98.4503190519599,98.359161349134
ridge,2020-07-27,1058,1057,1043,1042,98.58223062381853,98.48771266540643
ridge,2020-07-28,1057,1056,1039,1038,98.29706717123936,98.20245979186376
ridge,2020-07-29,1056,1054,1041,1039,98.57954545454545,98.39015151515152
ridge,2020-07-30,1051,1050,1026,1025,97.62131303520457,97.52616555661275
ridge,2020-07-31,1057,1056,1034,1033,97.8240302743614,97.7294228949858
ridge,2020-08-03,1061,1061,1045,1045,98.49198868991517,98.49198868991517
ridge,2020-08-04,1064,1064,1049,1049,98.59022556390977,98.59022556390977
ridge,2020-08-05,1072,1072,1056,1056,98.50746268656717,98.50746268656717
ridge,2020-08-06,1081,1081,1052,1052,97.3172987974098,97.3172987974098
ridge,2020-08-07,1094,1094,1065,1065,97.3491773308958,97.3491773308958
ridge,2020-08-10,1098,1098,1077,1077,98.08743169398907,98.08743169398907
ridge,2020-08-11,1099,1099,1080,1080,98.27115559599636,98.27115559599636
ridge,2020-08-12,1107,1107,1086,1086,98.1029810298103,98.1029810298103
ridge,2020-08-13,1109,1109,1055,1055,95.1307484220018,95.1307484220018
ridge,2020-08-14,1103,1102,1069,1068,96.91749773345421,96.82683590208522
ridge,2020-08-17,1105,1104,1083,1082,98.00904977375566,97.91855203619909
ridge,2020-08-18,1103,1102,1076,1075,97.55213055303717,97.46146872166818
ridge,2020-08-19,1103,1101,1077,1075,97.64279238440616,97.46146872166818
ridge,2020-08-20,1097,1095,1071,1069,97.62989972652689,97.44758432087511
ridge,2020-08-21,1100,1098,1075,1073,97.72727272727273,97.54545454545455
ridge,2020-08-24,1100,1099,1076,1075,97.81818181818181,97.72727272727273
ridge,2020-08-25,1096,1095,1078,1077,98.35766423357664,98.26642335766424
ridge,2020-08-26,1095,1095,1073,1073,97.99086757990868,97.99086757990868
ridge,2020-08-27,1090,1090,1058,1058,97.06422018348624,97.06422018348624
ridge,2020-08-28,1077,1076,1042,1041,96.7502321262767,96.65738161559888
ridge,2020-08-31,1074,1074,1024,1024,95.34450651769087,95.34450651769087
ridge,2020-09-01,1073,1073,1051,1051,97.94967381174278,97.94967381174278
ridge,2020-09-02,1071,1071,1052,1052,98.22595704948647,98.22595704948647
ridge,2020-09-03,1064,1064,1032,1032,96.99248120300751,96.99248120300751
ridge,2020-09-04,1060,1059,1043,1042,98.39622641509433,98.30188679245283
ridge,2020-09-08,1054,1053,1035,1034,98.19734345351044,98.10246679316889
ridge,2020-09-09,1057,1056,1034,1033,97.8240302743614,97.7294228949858
ridge,2020-09-10,1050,1049,1025,1024,97.61904761904762,97.52380952380952
ridge,2020-09-11,1045,1044,1027,1026,98.27751196172248,98.18181818181819
ridge,2020-09-14,1052,1052,1005,1005,95.53231939163499,95.53231939163499
ridge,2020-09-15,1051,1051,1028,1028,97.8116079923882,97.8116079923882
ridge,2020-09-16,1061,1061,1043,1043,98.30348727615457,98.30348727615457
ridge,2020-09-17,1066,1066,1048,1048,98.31144465290807,98.31144465290807
ridge,2020-09-18,1108,1108,1091,1091,98.46570397111914,98.46570397111914
ridge,2020-09-21,1111,1111,1096,1096,98.64986498649866,98.64986498649866
ridge,2020-09-22,1121,1121,1108,1108,98.84032114183765,98.84032114183765
ridge,2020-09-23,1118,1118,1104,1104,98.74776386404294,98.74776386404294
ridge,2020-09-24,1116,1115,1100,1099,98.5663082437276,98.47670250896057
ridge,2020-09-25,1125,1122,1111,1108,98.75555555555556,98.4888888888889
ridge,2020-09-28,1130,1127,1120,1117,99.11504424778761,98.84955752212389
ridge,2020-09-29,1122,1119,1093,1090,97.41532976827095,97.14795008912655
ridge,2020-09-30,1130,1125,1109,1104,98.14159292035399,97.69911504424779
ridge,2020-10-01,1132,1127,1116,1111,98.58657243816255,98.14487632508833
ridge,2020-10-02,1129,1125,1116,1112,98.84853852967228,98.49424269264836
ridge,2020-10-05,1134,1131,1118,1115,98.58906525573192,98.32451499118166
ridge,2020-10-06,1141,1139,1127,1125,98.77300613496932,98.5977212971078
ridge,2020-10-07,1146,1144,1131,1129,98.69109947643979,98.51657940663176
ridge,2020-10-08,1146,1146,1117,1117,97.4694589877836,97.4694589877836
ridge,2020-10-09,1137,1137,1122,1122,98.68073878627969,98.68073878627969
ridge,2020-10-12,1139,1138,1125,1124,98.77085162423178,98.68305531167691
ridge,2020-10-13,1133,1133,1117,1117,98.58781994704324,98.58781994704324
ridge,2020-10-14,1120,1120,1098,1098,98.03571428571429,98.03571428571429
ridge,2020-10-15,1116,1116,1093,1093,97.93906810035843,97.93906810035843
ridge,2020-10-16,1074,1074,1056,1056,98.32402234636872,98.32402234636872
ridge,2020-10-19,1065,1065,1051,1051,98.68544600938966,98.68544600938966
ridge,2020-10-20,1061,1061,1044,1044,98.39773798303487,98.39773798303487
ridge,2020-10-21,1053,1053,1036,1036,98.38556505223171,98.38556505223171
ridge,2020-10-22,1058,1056,1038,1036,98.10964083175803,97.92060491493383
ridge,2020-10-23,1061,1060,1043,1042,98.30348727615457,98.20923656927427
ridge,2020-10-26,1059,1058,1041,1040,98.30028328611898,98.20585457979226
ridge,2020-10-27,1065,1064,1045,1044,98.12206572769954,98.02816901408451
ridge,2020-10-28,1066,1065,1047,1046,98.21763602251407,98.12382739212008
ridge,2020-10-29,1075,1073,1048,1046,97.48837209302326,97.30232558139535
ridge,2020-10-30,1084,1084,1055,1055,97.32472324723247,97.32472324723247
ridge,2020-11-02,1084,1084,1069,1069,98.61623616236163,98.61623616236163
ridge,2020-11-03,1085,1085,1071,1071,98.70967741935483,98.70967741935483
ridge,2020-11-04,1083,1083,1065,1065,98.33795013850416,98.33795013850416
ridge,2020-11-05,1094,1093,1063,1062,97.16636197440585,97.07495429616088
ridge,2020-11-06,1101,1101,1078,1078,97.91099000908265,97.91099000908265
ridge,2020-11-09,1125,1124,1090,1089,96.88888888888889,96.8
ridge,2020-11-10,1139,1138,1110,1109,97.45390693590869,97.36611062335382
ridge,2020-11-11,1144,1143,1125,1124,98.33916083916084,98.25174825174825
ridge,2020-11-12,1146,1145,1094,1093,95.46247818499127,95.37521815008726
ridge,2020-11-13,1150,1149,1107,1106,96.26086956521739,96.17391304347827
ridge,2020-11-16,1163,1162,1139,1138,97.93637145313843,97.85038693035254
ridge,2020-11-17,1166,1166,1135,1135,97.34133790737565,97.34133790737565
ridge,2020-11-18,1179,1179,1146,1146,97.20101781170483,97.20101781170483
ridge,2020-11-19,1182,1182,1139,1139,96.36209813874788,96.36209813874788
ridge,2020-11-20,1190,1188,1157,1155,97.22689075630252,97.05882352941177
ridge,2020-11-23,1195,1193,1163,1161,97.32217573221757,97.15481171548117
ridge,2020-11-24,1197,1195,1163,1161,97.1595655806182,96.99248120300751
ridge,2020-11-25,1198,1196,1170,1168,97.6627712854758,97.49582637729549
ridge,2020-11-27,1192,1190,1145,1143,96.05704697986577,95.88926174496645
ridge,2020-11-30,1188,1188,1130,1130,95.11784511784512,95.11784511784512
ridge,2020-12-01,1192,1192,1155,1155,96.89597315436242,96.89597315436242
ridge,2020-12-02,1199,1199,1172,1172,97.74812343619683,97.74812343619683
ridge,2020-12-03,1200,1200,1155,1155,96.25,96.25
ridge,2020-12-04,1201,1201,1172,1172,97.58534554537886,97.58534554537886
ridge,2020-12-07,1209,1209,1186,1186,98.09760132340777,98.09760132340777
ridge,2020-12-08,1197,1197,1171,1171,97.82790309106099,97.82790309106099
ridge,2020-12-09,1197,1197,1167,1167,97.4937343358396,97.4937343358396
ridge,2020-12-10,1199,1199,1166,1166,97.24770642201835,97.24770642201835
ridge,2020-12-11,1198,1197,1169,1168,97.57929883138564,97.49582637729549
ridge,2020-12-14,1206,1204,1153,1151,95.60530679933665,95.43946932006634
ridge,2020-12-15,1203,1202,1176,1175,97.75561097256858,97.67248545303408
ridge,2020-12-16,1203,1202,1180,1179,98.08811305070657,98.00498753117208
ridge,2020-12-17,1206,1205,1182,1181,98.00995024875621,97.92703150912106
ridge,2020-12-18,1271,1270,1238,1237,97.4036191974823,97.3249409913454
ridge,2020-12-21,1277,1277,1251,1251,97.96397807361002,97.96397807361002
ridge,2020-12-22,1272,1272,1246,1246,97.95597484276729,97.95597484276729
ridge,2020-12-23,1266,1264,1238,1236,97.78830963665087,97.6303317535545
ridge,2020-12-24,1245,1244,1214,1213,97.51004016064257,97.429718875502
ridge,2020-12-28,1262,1261,1239,1238,98.17749603803486,98.09825673534073
ridge,2020-12-29,1248,1246,1226,1224,98.23717948717949,98.07692307692308
ridge,2020-12-30,1242,1240,1196,1194,96.29629629629629,96.13526570048309
ridge,2020-12-31,1244,1241,1209,1206,97.18649517684888,96.94533762057878
ridge,2021-01-04,1253,1252,1222,1221,97.52593774940144,97.44612928970471
ridge,2021-01-05,1259,1257,1231,1229,97.77601270849881,97.61715647339157
ridge,2021-01-06,1276,1273,1251,1248,98.04075235109718,97.80564263322884
ridge,2021-01-07,1280,1279,1238,1237,96.71875,96.640625
ridge,2021-01-08,1281,1279,1251,1249,97.65807962529274,97.50195160031225
ridge,2021-01-11,1287,1285,1261,1259,97.97979797979798,97.82439782439782
ridge,2021-01-12,1290,1288,1266,1264,98.13953488372093,97.98449612403101
ridge,2021-01-13,1286,1284,1263,1261,98.21150855365474,98.05598755832037
ridge,2021-01-14,1301,1300,1266,1265,97.3097617217525,97.23289777094543
ridge,2021-01-15,1297,1296,1273,1272,98.14957594448728,98.07247494217425
ridge,2021-01-19,1303,1303,1275,1275,97.85111281657713,97.85111281657713
ridge,2021-01-20,1258,1258,1235,1235,98.17170111287759,98.17170111287759
ridge,2021-01-21,1254,1254,1229,1229,98.00637958532695,98.00637958532695
ridge,2021-01-22,1253,1253,1235,1235,98.5634477254589,98.5634477254589
ridge,2021-01-25,1265,1264,1247,1246,98.57707509881423,98.49802371541502
ridge,2021-01-26,1279,1278,1260,1259,98.51446442533229,98.43627834245504
ridge,2021-01-27,1304,1303,1288,1287,98.77300613496932,98.6963190184049
ridge,2021-01-28,1314,1313,1290,1289,98.17351598173516,98.09741248097413
ridge,2021-01-29,1333,1332,1302,1301,97.67441860465117,97.5993998499625
ridge,2021-02-01,1350,1350,1330,1330,98.51851851851852,98.51851851851852
ridge,2021-02-02,1348,1348,1325,1325,98.29376854599407,98.29376854599407
ridge,2021-02-03,1356,1356,1335,1335,98.45132743362832,98.45132743362832
ridge,2021-02-04,1344,1344,1307,1307,97.24702380952381,97.24702380952381
ridge,2021-02-05,1341,1341,1312,1312,97.83743475018643,97.83743475018643
ridge,2021-02-08,1348,1347,1317,1316,97.70029673590504,97.62611275964392
ridge,2021-02-09,1350,1350,1318,1318,97.62962962962963,97.62962962962963
ridge,2021-02-10,1348,1347,1321,1320,97.99703264094956,97.92284866468843
ridge,2021-02-11,1349,1349,1291,1291,95.70051890289103,95.70051890289103
ridge,2021-02-12,1347,1347,1310,1310,97.25315515961395,97.25315515961395
ridge,2021-02-16,1352,1352,1322,1322,97.7810650887574,97.7810650887574
ridge,2021-02-17,1351,1351,1320,1320,97.70540340488527,97.70540340488527
ridge,2021-02-18,1349,1349,1317,1317,97.62787249814677,97.62787249814677
ridge,2021-02-19,1354,1353,1317,1316,97.26735598227474,97.19350073855244
ridge,2021-02-22,1356,1355,1332,1331,98.23008849557522,98.15634218289085
ridge,2021-02-23,1358,1357,1338,1337,98.52724594992637,98.45360824742268
ridge,2021-02-24,1364,1363,1342,1341,98.38709677419355,98.31378299120234
ridge,2021-02-25,1360,1359,1307,1306,96.1029411764706,96.02941176470588
ridge,2021-02-26,1359,1357,1304,1302,95.95290654893304,95.80573951434879
ridge,2021-03-01,1357,1357,1329,1329,97.93662490788505,97.93662490788505
ridge,2021-03-02,1362,1362,1335,1335,98.01762114537445,98.01762114537445
ridge,2021-03-03,1362,1362,1332,1332,97.79735682819383,97.79735682819383
ridge,2021-03-04,1368,1368,1321,1321,96.56432748538012,96.56432748538012
ridge,2021-03-05,1371,1371,1339,1339,97.66593727206418,97.66593727206418
ridge,2021-03-08,1379,1379,1356,1356,98.33212472806382,98.33212472806382
ridge,2021-03-09,1388,1388,1349,1349,97.19020172910663,97.19020172910663
ridge,2021-03-10,1393,1393,1371,1371,98.42067480258434,98.42067480258434
ridge,2021-03-11,1400,1400,1366,1366,97.57142857142857,97.57142857142857
ridge,2021-03-12,1403,1402,1355,1354,96.57875980042766,96.50748396293656
ridge,2021-03-15,1407,1407,1382,1382,98.22316986496091,98.22316986496091
ridge,2021-03-16,1408,1408,1379,1379,97.9403409090909,97.9403409090909
ridge,2021-03-17,1410,1410,1394,1394,98.86524822695036,98.86524822695036
ridge,2021-03-18,1412,1412,1396,1396,98.86685552407933,98.86685552407933
ridge,2021-03-19,1459,1459,1443,1443,98.90335846470185,98.90335846470185
ridge,2021-03-22,1455,1455,1440,1440,98.96907216494846,98.96907216494846
ridge,2021-03-23,1450,1449,1436,1435,99.03448275862068,98.96551724137932
ridge,2021-03-24,1453,1452,1434,1433,98.69236063317274,98.6235375086029
ridge,2021-03-25,1456,1455,1435,1434,98.5576923076923,98.48901098901099
ridge,2021-03-26,1446,1444,1432,1430,99.03181189488244,98.89349930843707
ridge,2021-03-29,1442,1441,1427,1426,98.95977808599167,98.89042995839112
ridge,2021-03-30,1441,1440,1405,1404,97.50173490631506,97.4323386537127
ridge,2021-03-31,1449,1448,1417,1416,97.79158040027605,97.72256728778468
ridge,2021-04-01,1433,1433,1414,1414,98.67411025819958,98.67411025819958
ridge,2021-04-05,1421,1420,1399,1398,98.45179451090782,98.3814215341309
ridge,2021-04-06,1416,1416,1397,1397,98.65819209039547,98.65819209039547
ridge,2021-04-07,1404,1404,1387,1387,98.78917378917379,98.78917378917379
ridge,2021-04-08,1406,1406,1381,1381,98.22190611664296,98.22190611664296
ridge,2021-04-09,1399,1399,1378,1378,98.4989278055754,98.4989278055754
ridge,2021-04-12,1393,1393,1378,1378,98.92318736539842,98.92318736539842
ridge,2021-04-13,1393,1392,1378,1377,98.92318736539842,98.85139985642498
ridge,2021-04-14,1382,1379,1361,1358,98.48046309696093,98.26338639652677
ridge,2021-04-15,1375,1373,1353,1351,98.4,98.25454545454545
ridge,2021-04-16,1360,1359,1347,1346,99.04411764705883,98.97058823529412
ridge,2021-04-19,1308,1307,1297,1296,99.15902140672783,99.08256880733946
ridge,2021-04-20,1304,1302,1286,1284,98.61963190184049,98.46625766871166
ridge,2021-04-21,1304,1302,1290,1288,98.92638036809817,98.77300613496932
ridge,2021-04-22,1295,1295,1278,1278,98.68725868725869,98.68725868725869
ridge,2021-04-23,1287,1287,1270,1270,98.67909867909867,98.67909867909867
ridge,2021-04-26,1289,1289,1278,1278,99.1466252909232,99.1466252909232
ridge,2021-04-27,1278,1278,1263,1263,98.82629107981221,98.82629107981221
ridge,2021-04-28,1280,1278,1267,1265,98.984375,98.828125
ridge,2021-04-29,1267,1267,1246,1246,98.34254143646409,98.34254143646409
ridge,2021-04-30,1270,1270,1251,1251,98.50393700787401,98.50393700787401
ridge,2021-05-03,1265,1265,1257,1257,99.36758893280633,99.36758893280633
ridge,2021-05-04,1274,1274,1263,1263,99.13657770800629,99.13657770800629
ridge,2021-05-05,1282,1281,1263,1262,98.5179407176287,98.4399375975039
ridge,2021-05-06,1295,1293,1260,1258,97.29729729729729,97.14285714285714
ridge,2021-05-07,1300,1299,1270,1269,97.6923076923077,97.61538461538461
ridge,2021-05-10,1310,1309,1294,1293,98.77862595419847,98.70229007633588
ridge,2021-05-11,1319,1318,1300,1299,98.55951478392721,98.48369977255497
ridge,2021-05-12,1324,1323,1299,1298,98.1117824773414,98.03625377643505
ridge,2021-05-13,1329,1328,1283,1282,96.53875094055681,96.46350639578631
ridge,2021-05-14,1337,1337,1295,1295,96.8586387434555,96.8586387434555
ridge,2021-05-17,1326,1325,1307,1306,98.56711915535445,98.49170437405732
ridge,2021-05-18,1331,1330,1307,1306,98.19684447783621,98.12171299774606
ridge,2021-05-19,1326,1325,1300,1299,98.03921568627452,97.96380090497738
ridge,2021-05-20,1331,1330,1301,1300,97.74605559729527,97.6709241172051
ridge,2021-05-21,1332,1331,1304,1303,97.89789789789789,97.82282282282283
ridge,2021-05-24,1327,1325,1305,1303,98.34212509419744,98.19140919366993
ridge,2021-05-25,1328,1326,1305,1303,98.26807228915662,98.11746987951807
ridge,2021-05-26,1332,1330,1311,1309,98.42342342342343,98.27327327327328
ridge,2021-05-27,1340,1337,1293,1290,96.49253731343283,96.26865671641791
ridge,2021-05-28,1334,1331,1278,1275,95.80209895052474,95.57721139430285
ridge,2021-06-01,1332,1328,1312,1308,98.49849849849849,98.1981981981982
ridge,2021-06-02,1336,1334,1316,1314,98.50299401197604,98.35329341317366
ridge,2021-06-03,1332,1328,1294,1290,97.14714714714715,96.84684684684684
ridge,2021-06-04,1322,1319,1309,1306,99.01664145234493,98.78971255673223
ridge,2021-06-07,1319,1316,1297,1294,98.33206974981046,98.1046247156937
ridge,2021-06-08,1324,1321,1305,1302,98.56495468277946,98.33836858006042
ridge,2021-06-09,1321,1319,1290,1288,97.65329295987888,97.50189250567752
ridge,2021-06-10,1315,1314,1283,1282,97.56653992395437,97.49049429657795
ridge,2021-06-11,1302,1301,1283,1282,98.54070660522274,98.46390168970814
ridge,2021-06-14,1308,1307,1254,1253,95.87155963302752,95.79510703363914
ridge,2021-06-15,1312,1312,1286,1286,98.01829268292683,98.01829268292683
ridge,2021-06-16,1312,1312,1289,1289,98.2469512195122,98.2469512195122
ridge,2021-06-17,1317,1317,1291,1291,98.02581624905088,98.02581624905088
ridge,2021-06-18,1336,1336,1311,1311,98.12874251497006,98.12874251497006
ridge,2021-06-21,1346,1345,1321,1320,98.14264487369985,98.06835066864785
ridge,2021-06-22,1352,1352,1331,1331,98.44674556213018,98.44674556213018
ridge,2021-06-23,1353,1351,1331,1329,98.3739837398374,98.22616407982261
ridge,2021-06-24,1352,1350,1321,1319,97.70710059171597,97.55917159763314
ridge,2021-06-25,1404,1402,1382,1380,98.43304843304843,98.2905982905983
ridge,2021-06-28,1406,1404,1388,1386,98.71977240398293,98.57752489331436
ridge,2021-06-29,1407,1405,1365,1363,97.01492537313433,96.8727789623312
ridge,2021-06-30,1406,1404,1370,1368,97.43954480796586,97.29729729729729
ridge,2021-07-01,1402,1402,1373,1373,97.93152639087019,97.93152639087019
ridge,2021-07-02,1397,1397,1369,1369,97.99570508231926,97.99570508231926
ridge,2021-07-06,1393,1393,1366,1366,98.06173725771716,98.06173725771716
ridge,2021-07-07,1391,1390,1366,1365,98.20273184759166,98.13084112149532
ridge,2021-07-08,1394,1394,1358,1358,97.41750358680058,97.41750358680058
ridge,2021-07-09,1397,1397,1367,1367,97.85254115962778,97.85254115962778
ridge,2021-07-12,1397,1397,1375,1375,98.4251968503937,98.4251968503937
ridge,2021-07-13,1384,1382,1365,1363,98.6271676300578,98.48265895953757
ridge,2021-07-14,1378,1374,1346,1342,97.677793904209,97.38751814223512
ridge,2021-07-15,1371,1369,1338,1336,97.59299781181619,97.4471188913202
ridge,2021-07-16,1353,1351,1330,1328,98.30007390983,98.15225424981523
ridge,2021-07-19,1327,1325,1307,1305,98.49284099472494,98.34212509419744
ridge,2021-07-20,1329,1327,1305,1303,98.1941309255079,98.0436418359669
ridge,2021-07-21,1327,1327,1304,1304,98.26676714393369,98.26676714393369
ridge,2021-07-22,1325,1324,1295,1294,97.73584905660377,97.66037735849056
ridge,2021-07-23,1316,1315,1286,1285,97.72036474164133,97.64437689969606
ridge,2021-07-26,1260,1258,1233,1231,97.85714285714286,97.6984126984127
ridge,2021-07-27,1255,1253,1231,1229,98.08764940239044,97.92828685258964
ridge,2021-07-28,1256,1254,1233,1231,98.1687898089172,98.00955414012739
ridge,2021-07-29,1246,1244,1212,1210,97.27126805778491,97.1107544141252
ridge,2021-07-30,1237,1236,1205,1204,97.41309620048504,97.3322554567502
ridge,2021-08-02,1247,1247,1225,1225,98.23576583801123,98.23576583801123
ridge,2021-08-03,1245,1245,1224,1224,98.3132530120482,98.3132530120482
ridge,2021-08-04,1245,1245,1217,1217,97.75100401606426,97.75100401606426
ridge,2021-08-05,1253,1253,1218,1218,97.20670391061452,97.20670391061452
ridge,2021-08-06,1263,1263,1232,1232,97.54552652414885,97.54552652414885
ridge,2021-08-09,1263,1263,1225,1225,96.99129057798892,96.99129057798892
ridge,2021-08-10,1271,1271,1243,1243,97.7970102281668,97.7970102281668
ridge,2021-08-11,1274,1274,1234,1234,96.86028257456829,96.86028257456829
ridge,2021-08-12,1274,1274,1216,1216,95.44740973312402,95.44740973312402
ridge,2021-08-13,1264,1264,1216,1216,96.20253164556962,96.20253164556962
ridge,2021-08-16,1254,1254,1225,1225,97.68740031897927,97.68740031897927
ridge,2021-08-17,1242,1242,1203,1203,96.85990338164251,96.85990338164251
ridge,2021-08-18,1241,1240,1208,1207,97.34085414987914,97.26027397260275
ridge,2021-08-19,1241,1240,1200,1199,96.69621273166801,96.61563255439162
ridge,2021-08-20,1249,1248,1215,1214,97.27782225780625,97.19775820656525
ridge,2021-08-23,1253,1252,1222,1221,97.52593774940144,97.44612928970471
ridge,2021-08-24,1246,1245,1217,1216,97.6725521669342,97.59229534510433
ridge,2021-08-25,1238,1235,1213,1210,97.98061389337641,97.73828756058158
ridge,2021-08-26,1236,1235,1204,1203,97.41100323624596,97.33009708737865
ridge,2021-08-27,1236,1235,1207,1206,97.6537216828479,97.57281553398059
ridge,2021-08-30,1231,1229,1193,1191,96.91307879772543,96.75060926076361
ridge,2021-08-31,1237,1236,1174,1173,94.90703314470493,94.82619240097009
ridge,2021-09-01,1238,1237,1214,1213,98.06138933764136,97.98061389337641
ridge,2021-09-02,1233,1233,1195,1195,96.91808596918086,96.91808596918086
ridge,2021-09-03,1232,1232,1206,1206,97.8896103896104,97.8896103896104
ridge,2021-09-07,1228,1228,1203,1203,97.9641693811075,97.9641693811075
ridge,2021-09-08,1224,1224,1200,1200,98.03921568627452,98.03921568627452
ridge,2021-09-09,1224,1224,1179,1179,96.32352941176471,96.32352941176471
ridge,2021-09-10,1231,1231,1205,1205,97.88789601949634,97.88789601949634
ridge,2021-09-13,1236,1235,1211,1210,97.97734627831716,97.89644012944984
ridge,2021-09-14,1239,1239,1180,1180,95.23809523809524,95.23809523809524
ridge,2021-09-15,1256,1256,1223,1223,97.37261146496816,97.37261146496816
ridge,2021-09-16,1262,1262,1234,1234,97.78129952456419,97.78129952456419
ridge,2021-09-17,1324,1324,1300,1300,98.18731117824774,98.18731117824774
ridge,2021-09-20,1330,1330,1306,1306,98.19548872180451,98.19548872180451
ridge,2021-09-21,1328,1327,1306,1305,98.3433734939759,98.26807228915662
ridge,2021-09-22,1321,1321,1297,1297,98.18319454958365,98.18319454958365
ridge,2021-09-23,1325,1323,1297,1295,97.88679245283019,97.73584905660377
ridge,2021-09-24,1336,1334,1314,1312,98.35329341317366,98.20359281437126
ridge,2021-09-27,1339,1336,1321,1318,98.65571321882001,98.43166542195668
ridge,2021-09-28,1342,1339,1327,1324,98.8822652757079,98.65871833084948
ridge,2021-09-29,1339,1336,1303,1300,97.31142643764002,97.0873786407767
ridge,2021-09-30,1350,1347,1321,1318,97.85185185185185,97.62962962962963
ridge,2021-10-01,1357,1355,1340,1338,98.74723655121592,98.59985261606485
ridge,2021-10-04,1352,1350,1332,1330,98.52071005917159,98.37278106508876
ridge,2021-10-05,1355,1354,1329,1328,98.08118081180812,98.00738007380073
ridge,2021-10-06,1351,1350,1331,1330,98.51961509992599,98.44559585492227
ridge,2021-10-07,1355,1354,1321,1320,97.49077490774907,97.41697416974169
ridge,2021-10-08,1348,1348,1325,1325,98.29376854599407,98.29376854599407
ridge,2021-10-11,1342,1342,1323,1323,98.58420268256334,98.58420268256334
ridge,2021-10-12,1340,1340,1317,1317,98.28358208955224,98.28358208955224
ridge,2021-10-13,1335,1335,1307,1307,97.90262172284645,97.90262172284645
ridge,2021-10-14,1332,1331,1294,1293,97.14714714714715,97.07207207207207
ridge,2021-10-15,1267,1267,1244,1244,98.18468823993686,98.18468823993686
ridge,2021-10-18,1263,1263,1243,1243,98.41646872525732,98.41646872525732
ridge,2021-10-19,1264,1264,1242,1242,98.25949367088607,98.25949367088607
ridge,2021-10-20,1263,1263,1241,1241,98.25811559778306,98.25811559778306
ridge,2021-10-21,1258,1257,1229,1228,97.69475357710652,97.61526232114467
ridge,2021-10-22,1252,1250,1232,1231,98.40255591054313,98.3226837060703
ridge,2021-10-25,1258,1255,1240,1237,98.5691573926868,98.33068362480127
ridge,2021-10-26,1260,1257,1240,1237,98.41269841269842,98.17460317460318
ridge,2021-10-27,1259,1255,1243,1239,98.72915011914218,98.41143764892772
ridge,2021-10-28,1252,1247,1223,1218,97.68370607028754,97.28434504792332
ridge,2021-10-29,1254,1251,1219,1216,97.20893141945774,96.96969696969697
ridge,2021-11-01,1259,1257,1241,1239,98.57029388403495,98.41143764892772
ridge,2021-11-02,1269,1266,1248,1245,98.3451536643026,98.10874704491725
ridge,2021-11-03,1286,1284,1267,1265,98.52255054432348,98.36702954898911
ridge,2021-11-04,1295,1293,1261,1259,97.37451737451738,97.22007722007721
ridge,2021-11-05,1300,1300,1274,1274,98.0,98.0
ridge,2021-11-08,1311,1310,1287,1286,98.16933638443936,98.093058733791
ridge,2021-11-09,1319,1319,1276,1276,96.73995451099317,96.73995451099317
ridge,2021-11-10,1325,1325,1283,1283,96.83018867924528,96.83018867924528
ridge,2021-11-11,1330,1330,1311,1311,98.57142857142857,98.57142857142857
ridge,2021-11-12,1328,1328,1275,1275,96.00903614457832,96.00903614457832
ridge,2021-11-15,1331,1331,1305,1305,98.0465815176559,98.0465815176559
ridge,2021-11-16,1338,1338,1308,1308,97.75784753363229,97.75784753363229
ridge,2021-11-17,1347,1347,1319,1319,97.92130660727543,97.92130660727543
ridge,2021-11-18,1351,1351,1303,1303,96.44707623982235,96.44707623982235
ridge,2021-11-19,1356,1355,1322,1321,97.49262536873157,97.4188790560472
ridge,2021-11-22,1359,1358,1325,1324,97.49816041206769,97.42457689477557
ridge,2021-11-23,1358,1357,1324,1323,97.49631811487481,97.42268041237114
ridge,2021-11-24,1360,1360,1324,1324,97.3529411764706,97.3529411764706
ridge,2021-11-26,1349,1349,1314,1314,97.40548554484803,97.40548554484803
ridge,2021-11-29,1347,1345,1303,1301,96.73348181143281,96.58500371195248
ridge,2021-11-30,1355,1354,1290,1289,95.20295202952029,95.12915129151291
ridge,2021-12-01,1356,1355,1323,1322,97.56637168141593,97.49262536873157
ridge,2021-12-02,1352,1352,1302,1302,96.30177514792899,96.30177514792899
ridge,2021-12-03,1345,1345,1315,1315,97.76951672862454,97.76951672862454
ridge,2021-12-06,1351,1350,1320,1319,97.70540340488527,97.63138415988156
ridge,2021-12-07,1356,1353,1323,1320,97.56637168141593,97.34513274336283
ridge,2021-12-08,1358,1357,1325,1324,97.5699558173785,97.49631811487481
ridge,2021-12-09,1346,1345,1301,1300,96.65676077265974,96.58246656760772
ridge,2021-12-10,1333,1331,1306,1304,97.97449362340585,97.82445611402851
ridge,2021-12-13,1335,1334,1310,1309,98.12734082397004,98.05243445692884
ridge,2021-12-14,1330,1330,1273,1273,95.71428571428571,95.71428571428571
ridge,2021-12-15,1344,1344,1316,1316,97.91666666666667,97.91666666666667
ridge,2021-12-16,1339,1339,1306,1306,97.53547423450335,97.53547423450335
ridge,2021-12-17,1390,1390,1364,1364,98.12949640287769,98.12949640287769
ridge,2021-12-20,1393,1393,1366,1366,98.06173725771716,98.06173725771716
ridge,2021-12-21,1395,1395,1372,1372,98.35125448028674,98.35125448028674
ridge,2021-12-22,1382,1382,1354,1354,97.9739507959479,97.9739507959479
ridge,2021-12-23,1379,1379,1359,1359,98.54967367657723,98.54967367657723
ridge,2021-12-27,1380,1378,1359,1357,98.47826086956522,98.33333333333333
ridge,2021-12-28,1365,1364,1352,1351,99.04761904761905,98.97435897435898
ridge,2021-12-29,1344,1343,1327,1326,98.73511904761905,98.66071428571429
ridge,2021-12-30,1339,1338,1300,1299,97.0873786407767,97.01269604182225
ridge,2021-12-31,1339,1338,1315,1314,98.20761762509335,98.13293502613891
ridge,2022-01-03,1335,1334,1316,1315,98.57677902621722,98.50187265917603
ridge,2022-01-04,1326,1326,1309,1309,98.71794871794872,98.71794871794872
ridge,2022-01-05,1326,1326,1307,1307,98.56711915535445,98.56711915535445
ridge,2022-01-06,1332,1332,1304,1304,97.89789789789789,97.89789789789789
ridge,2022-01-07,1331,1331,1311,1311,98.49737039819685,98.49737039819685
ridge,2022-01-10,1333,1333,1319,1319,98.9497374343586,98.9497374343586
ridge,2022-01-11,1332,1332,1319,1319,99.02402402402403,99.02402402402403
ridge,2022-01-12,1326,1326,1314,1314,99.09502262443439,99.09502262443439
ridge,2022-01-13,1310,1310,1282,1282,97.86259541984732,97.86259541984732
ridge,2022-01-14,1298,1298,1282,1282,98.7673343605547,98.7673343605547
ridge,2022-01-18,1241,1241,1229,1229,99.03303787268332,99.03303787268332
ridge,2022-01-19,1240,1240,1227,1227,98.95161290322581,98.95161290322581
ridge,2022-01-20,1244,1244,1228,1228,98.71382636655949,98.71382636655949
ridge,2022-01-21,1246,1246,1235,1235,99.11717495987159,99.11717495987159
ridge,2022-01-24,1258,1257,1249,1248,99.2845786963434,99.20508744038156
ridge,2022-01-25,1268,1266,1256,1254,99.05362776025237,98.89589905362776
ridge,2022-01-26,1276,1274,1264,1262,99.05956112852665,98.90282131661442
ridge,2022-01-27,1282,1280,1269,1267,98.98595943837753,98.82995319812792
ridge,2022-01-28,1290,1286,1271,1267,98.52713178294573,98.21705426356588
ridge,2022-01-31,1315,1312,1300,1297,98.85931558935361,98.63117870722434
ridge,2022-02-01,1322,1322,1313,1313,99.31921331316188,99.31921331316188
ridge,2022-02-02,1313,1313,1301,1301,99.08606245239909,99.08606245239909
ridge,2022-02-03,1308,1308,1293,1293,98.85321100917432,98.85321100917432
ridge,2022-02-04,1313,1312,1292,1292,98.4006092916984,98.4006092916984
ridge,2022-02-07,1305,1304,1294,1293,99.15708812260536,99.08045977011494
ridge,2022-02-08,1301,1300,1291,1290,99.23136049192928,99.15449654112221
ridge,2022-02-09,1307,1306,1290,1289,98.69931140015302,98.62280030604438
ridge,2022-02-10,1311,1310,1281,1280,97.7116704805492,97.63539282990084
ridge,2022-02-11,1306,1305,1281,1280,98.08575803981623,98.00918836140889
ridge,2022-02-14,1311,1311,1286,1286,98.093058733791,98.093058733791
ridge,2022-02-15,1313,1313,1301,1301,99.08606245239909,99.08606245239909
ridge,2022-02-16,1306,1306,1296,1296,99.23430321592649,99.23430321592649
ridge,2022-02-17,1303,1303,1271,1271,97.54412893323101,97.54412893323101
ridge,2022-02-18,1301,1300,1278,1277,98.23212913143736,98.15526518063028
ridge,2022-02-22,1284,1282,1276,1274,99.37694704049844,99.22118380062305
ridge,2022-02-23,1282,1281,1275,1274,99.45397815912636,99.37597503900156
ridge,2022-02-24,1288,1287,1263,1262,98.05900621118012,97.98136645962732
ridge,2022-02-25,1292,1290,1256,1254,97.21362229102168,97.05882352941177
ridge,2022-02-28,1298,1296,1258,1256,96.91833590138675,96.76425269645608
ridge,2022-03-01,1303,1302,1286,1285,98.69531849577898,98.61857252494244
ridge,2022-03-02,1306,1305,1288,1287,98.62174578866768,98.54517611026034
ridge,2022-03-03,1303,1300,1274,1271,97.7743668457406,97.54412893323101
ridge,2022-03-04,1302,1300,1282,1280,98.46390168970814,98.31029185867895
ridge,2022-03-07,1308,1307,1284,1283,98.1651376146789,98.08868501529052
ridge,2022-03-08,1321,1320,1304,1303,98.71309613928842,98.63739591218774
ridge,2022-03-09,1333,1331,1304,1302,97.82445611402851,97.67441860465117
ridge,2022-03-10,1324,1322,1290,1288,97.43202416918429,97.2809667673716
ridge,2022-03-11,1314,1314,1305,1305,99.31506849315069,99.31506849315069
ridge,2022-03-14,1306,1305,1259,1258,96.40122511485451,96.32465543644717
ridge,2022-03-15,1308,1308,1298,1298,99.2354740061162,99.2354740061162
ridge,2022-03-16,1323,1323,1307,1307,98.79062736205593,98.79062736205593
ridge,2022-03-17,1323,1323,1306,1306,98.71504157218443,98.71504157218443
ridge,2022-03-18,1359,1359,1349,1349,99.26416482707873,99.26416482707873
ridge,2022-03-21,1362,1361,1354,1353,99.41262848751836,99.33920704845815
ridge,2022-03-22,1360,1359,1354,1353,99.55882352941177,99.48529411764706
ridge,2022-03-23,1357,1356,1347,1346,99.26308032424465,99.18938835666913
ridge,2022-03-24,1343,1341,1327,1325,98.80863737900223,98.65971705137751
ridge,2022-03-25,1340,1337,1331,1328,99.32835820895522,99.1044776119403
ridge,2022-03-28,1335,1331,1328,1324,99.47565543071161,99.17602996254682
ridge,2022-03-29,1335,1331,1325,1321,99.25093632958801,98.95131086142322
ridge,2022-03-30,1329,1325,1299,1295,97.74266365688487,97.44168547780286
ridge,2022-03-31,1340,1336,1316,1312,98.2089552238806,97.91044776119404
ridge,2022-04-01,1339,1333,1329,1323,99.25317401045557,98.8050784167289
ridge,2022-04-04,1333,1328,1320,1315,99.02475618904727,98.6496624156039
ridge,2022-04-05,1322,1318,1301,1297,98.41149773071105,98.1089258698941
ridge,2022-04-06,1320,1315,1306,1301,98.93939393939394,98.56060606060606
ridge,2022-04-07,1324,1321,1301,1298,98.26283987915407,98.03625377643505
ridge,2022-04-08,1323,1321,1306,1304,98.71504157218443,98.56386999244143
ridge,2022-04-11,1317,1317,1305,1305,99.08883826879271,99.08883826879271
ridge,2022-04-12,1314,1314,1302,1302,99.08675799086758,99.08675799086758
ridge,2022-04-13,1311,1311,1284,1284,97.94050343249428,97.94050343249428
ridge,2022-04-14,1307,1307,1291,1291,98.77582249426167,98.77582249426167
ridge,2022-04-18,1260,1260,1250,1250,99.2063492063492,99.2063492063492
ridge,2022-04-19,1261,1261,1249,1249,99.04837430610627,99.04837430610627
ridge,2022-04-20,1255,1255,1243,1243,99.04382470119522,99.04382470119522
ridge,2022-04-21,1256,1256,1240,1240,98.72611464968153,98.72611464968153
ridge,2022-04-22,1257,1257,1246,1246,99.12490055688146,99.12490055688146
ridge,2022-04-25,1263,1263,1250,1250,98.97070467141727,98.97070467141727
ridge,2022-04-26,1267,1267,1251,1251,98.73717442778216,98.73717442778216
ridge,2022-04-27,1260,1260,1246,1246,98.88888888888889,98.88888888888889
ridge,2022-04-28,1261,1261,1237,1237,98.09674861221254,98.09674861221254
ridge,2022-04-29,1258,1257,1238,1237,98.41017488076312,98.33068362480127
ridge,2022-05-02,1266,1266,1254,1254,99.0521327014218,99.0521327014218
ridge,2022-05-03,1270,1270,1257,1257,98.97637795275591,98.97637795275591
ridge,2022-05-04,1274,1274,1258,1258,98.74411302982732,98.74411302982732
ridge,2022-05-05,1271,1271,1247,1247,98.1117230527144,98.1117230527144
ridge,2022-05-06,1268,1268,1244,1244,98.10725552050474,98.10725552050474
ridge,2022-05-09,1259,1258,1238,1237,98.33200953137411,98.2525814138205
ridge,2022-05-10,1264,1263,1248,1247,98.73417721518987,98.65506329113924
ridge,2022-05-11,1262,1261,1239,1238,98.17749603803486,98.09825673534073
ridge,2022-05-12,1268,1266,1226,1224,96.68769716088327,96.52996845425868
ridge,2022-05-13,1287,1285,1237,1235,96.11499611499612,95.95959595959596
ridge,2022-05-16,1287,1285,1265,1263,98.2905982905983,98.13519813519814
ridge,2022-05-17,1289,1288,1266,1265,98.2156710628394,98.13809154383243
ridge,2022-05-18,1286,1285,1264,1263,98.28926905132192,98.21150855365474
ridge,2022-05-19,1293,1292,1257,1256,97.21577726218098,97.138437741686
ridge,2022-05-20,1297,1296,1278,1277,98.53508095605243,98.4579799537394
ridge,2022-05-23,1293,1293,1275,1275,98.60788863109049,98.60788863109049
ridge,2022-05-24,1282,1281,1262,1261,98.4399375975039,98.3619344773791
ridge,2022-05-25,1277,1277,1260,1260,98.66875489428348,98.66875489428348
ridge,2022-05-26,1279,1279,1246,1246,97.41985926505082,97.41985926505082
ridge,2022-05-27,1271,1270,1231,1230,96.852871754524,96.7741935483871
ridge,2022-05-31,1273,1273,1223,1223,96.07227022780833,96.07227022780833
ridge,2022-06-01,1269,1269,1247,1247,98.26635145784081,98.26635145784081
ridge,2022-06-02,1263,1263,1232,1232,97.54552652414885,97.54552652414885
ridge,2022-06-03,1257,1257,1241,1241,98.72712808273667,98.72712808273667
ridge,2022-06-06,1244,1243,1229,1228,98.79421221864952,98.71382636655949
ridge,2022-06-07,1238,1237,1214,1213,98.06138933764136,97.98061389337641
ridge,2022-06-08,1218,1218,1200,1200,98.52216748768473,98.52216748768473
ridge,2022-06-09,1213,1212,1171,1170,96.53751030502886,96.45507007419621
ridge,2022-06-10,1201,1200,1188,1187,98.91756869275603,98.83430474604496
ridge,2022-06-13,1187,1187,1175,1175,98.98904802021904,98.98904802021904
ridge,2022-06-14,1187,1187,1137,1137,95.787700084246,95.787700084246
ridge,2022-06-15,1193,1193,1174,1174,98.40737636211232,98.40737636211232
ridge,2022-06-16,1185,1184,1168,1167,98.56540084388186,98.48101265822785
ridge,2022-06-17,1210,1210,1198,1198,99.00826446280992,99.00826446280992
ridge,2022-06-21,1207,1206,1195,1194,99.00579950289975,98.92294946147473
ridge,2022-06-22,1207,1206,1196,1195,99.08864954432477,99.00579950289975
ridge,2022-06-23,1213,1210,1198,1195,98.7633965375103,98.51607584501237
ridge,2022-06-24,1263,1260,1248,1245,98.812351543943,98.57482185273159
ridge,2022-06-27,1264,1259,1251,1246,98.97151898734177,98.57594936708861
ridge,2022-06-28,1252,1248,1241,1237,99.12140575079871,98.80191693290735
ridge,2022-06-29,1242,1238,1212,1208,97.58454106280193,97.26247987117553
ridge,2022-06-30,1245,1241,1214,1210,97.51004016064257,97.18875502008032
ridge,2022-07-01,1242,1241,1229,1228,98.95330112721417,98.87278582930757
ridge,2022-07-05,1250,1248,1237,1235,98.96,98.8
ridge,2022-07-06,1242,1242,1230,1230,99.03381642512078,99.03381642512078
ridge,2022-07-07,1250,1250,1234,1234,98.72,98.72
ridge,2022-07-08,1248,1248,1236,1236,99.03846153846153,99.03846153846153
ridge,2022-07-11,1234,1234,1227,1227,99.43273905996759,99.43273905996759
ridge,2022-07-12,1237,1237,1231,1231,99.51495553759095,99.51495553759095
ridge,2022-07-13,1231,1231,1225,1225,99.51259138911455,99.51259138911455
ridge,2022-07-14,1211,1211,1190,1190,98.26589595375722,98.26589595375722
ridge,2022-07-15,1212,1212,1205,1205,99.42244224422443,99.42244224422443
ridge,2022-07-18,1207,1206,1201,1200,99.50289975144987,99.42004971002486
ridge,2022-07-19,1187,1186,1179,1178,99.32603201347936,99.24178601516428
ridge,2022-07-20,1188,1186,1182,1180,99.4949494949495,99.32659932659932
ridge,2022-07-21,1181,1179,1171,1169,99.1532599491956,98.98391193903471
ridge,2022-07-22,1174,1172,1167,1165,99.40374787052811,99.23339011925043
ridge,2022-07-25,1121,1120,1116,1115,99.55396966993756,99.46476360392506
ridge,2022-07-26,1111,1111,1102,1102,99.18991899189919,99.18991899189919
ridge,2022-07-27,1116,1116,1110,1110,99.46236559139786,99.46236559139786
ridge,2022-07-28,1121,1120,1104,1103,98.48349687778769,98.3942908117752
ridge,2022-07-29,1125,1125,1106,1106,98.31111111111112,98.31111111111112
ridge,2022-08-01,1140,1140,1134,1134,99.47368421052632,99.47368421052632
ridge,2022-08-02,1129,1128,1120,1119,99.2028343666962,99.11426040744021
ridge,2022-08-03,1131,1131,1122,1122,99.20424403183024,99.20424403183024
ridge,2022-08-04,1138,1138,1124,1124,98.76977152899825,98.76977152899825
ridge,2022-08-05,1147,1147,1129,1129,98.4306887532694,98.4306887532694
ridge,2022-08-08,1159,1159,1148,1148,99.0509059534081,99.0509059534081
ridge,2022-08-09,1169,1169,1154,1154,98.71685201026519,98.71685201026519
ridge,2022-08-10,1179,1179,1161,1161,98.47328244274809,98.47328244274809
ridge,2022-08-11,1182,1182,1153,1153,97.54653130287647,97.54653130287647
ridge,2022-08-12,1192,1191,1152,1151,96.64429530201342,96.56040268456375
ridge,2022-08-15,1191,1189,1180,1178,99.07640638119227,98.90848026868179
ridge,2022-08-16,1196,1194,1175,1173,98.24414715719064,98.07692307692308
ridge,2022-08-17,1193,1192,1174,1173,98.40737636211232,98.32355406538139
ridge,2022-08-18,1194,1193,1171,1170,98.07370184254606,97.98994974874371
ridge,2022-08-19,1191,1191,1175,1175,98.65659109991604,98.65659109991604
ridge,2022-08-22,1188,1188,1179,1179,99.24242424242425,99.24242424242425
ridge,2022-08-23,1187,1187,1176,1176,99.07329401853411,99.07329401853411
ridge,2022-08-24,1186,1186,1172,1172,98.8195615514334,98.8195615514334
ridge,2022-08-25,1187,1187,1171,1171,98.65206402695873,98.65206402695873
ridge,2022-08-26,1166,1166,1156,1156,99.14236706689537,99.14236706689537
ridge,2022-08-29,1159,1159,1145,1145,98.79206212251941,98.79206212251941
ridge,2022-08-30,1156,1156,1129,1129,97.66435986159169,97.66435986159169
ridge,2022-08-31,1155,1155,1108,1108,95.93073593073593,95.93073593073593
ridge,2022-09-01,1150,1150,1128,1128,98.08695652173913,98.08695652173913
ridge,2022-09-02,1145,1145,1135,1135,99.12663755458516,99.12663755458516
ridge,2022-09-06,1132,1132,1116,1116,98.58657243816255,98.58657243816255
ridge,2022-09-07,1133,1133,1121,1121,98.94086496028244,98.94086496028244
ridge,2022-09-08,1132,1132,1109,1109,97.96819787985866,97.96819787985866
ridge,2022-09-09,1132,1131,1122,1121,99.11660777385158,99.02826855123675
ridge,2022-09-12,1137,1137,1134,1134,99.73614775725594,99.73614775725594
ridge,2022-09-13,1140,1139,1129,1128,99.03508771929825,98.94736842105263
ridge,2022-09-14,1142,1142,1101,1101,96.40980735551663,96.40980735551663
ridge,2022-09-15,1139,1139,1120,1120,98.33187006145742,98.33187006145742
ridge,2022-09-16,1182,1182,1176,1176,99.49238578680203,99.49238578680203
ridge,2022-09-19,1182,1182,1176,1176,99.49238578680203,99.49238578680203
ridge,2022-09-20,1182,1182,1178,1178,99.66159052453469,99.66159052453469
ridge,2022-09-21,1179,1179,1173,1173,99.4910941475827,99.4910941475827
ridge,2022-09-22,1177,1177,1171,1171,99.49022939677145,99.49022939677145
ridge,2022-09-23,1181,1181,1176,1176,99.5766299745978,99.5766299745978
ridge,2022-09-26,1186,1185,1183,1182,99.74704890387858,99.6627318718381
ridge,2022-09-27,1189,1189,1187,1187,99.8317914213625,99.8317914213625
ridge,2022-09-28,1198,1198,1195,1195,99.74958263772955,99.74958263772955
ridge,2022-09-29,1192,1191,1159,1158,97.23154362416108,97.14765100671141
ridge,2022-09-30,1192,1191,1180,1179,98.99328859060402,98.90939597315436
ridge,2022-10-03,1198,1198,1194,1194,99.6661101836394,99.6661101836394
ridge,2022-10-04,1207,1205,1200,1198,99.42004971002486,99.25434962717482
ridge,2022-10-05,1206,1205,1199,1198,99.4195688225539,99.33665008291874
ridge,2022-10-06,1205,1204,1182,1181,98.09128630705395,98.00829875518673
ridge,2022-10-07,1200,1199,1195,1194,99.58333333333333,99.5
ridge,2022-10-10,1191,1190,1189,1188,99.8320738874895,99.74811083123426
ridge,2022-10-11,1193,1192,1190,1189,99.74853310980721,99.66471081307628
ridge,2022-10-12,1183,1182,1180,1179,99.74640743871512,99.6618765849535
ridge,2022-10-13,1182,1182,1167,1167,98.73096446700508,98.73096446700508
ridge,2022-10-14,1149,1149,1137,1137,98.9556135770235,98.9556135770235
ridge,2022-10-17,1151,1150,1147,1146,99.65247610773241,99.56559513466551
ridge,2022-10-18,1145,1143,1141,1139,99.65065502183405,99.47598253275109
ridge,2022-10-19,1145,1144,1142,1141,99.73799126637554,99.65065502183405
ridge,2022-10-20,1140,1140,1130,1130,99.12280701754386,99.12280701754386
ridge,2022-10-21,1145,1145,1141,1141,99.65065502183405,99.65065502183405
ridge,2022-10-24,1148,1148,1145,1145,99.73867595818815,99.73867595818815
ridge,2022-10-25,1147,1147,1140,1140,99.3897122929381,99.3897122929381
ridge,2022-10-26,1146,1146,1138,1138,99.30191972076788,99.30191972076788
ridge,2022-10-27,1150,1149,1143,1142,99.3913043478261,99.30434782608695
ridge,2022-10-28,1148,1148,1136,1136,98.95470383275261,98.95470383275261
ridge,2022-10-31,1156,1156,1143,1143,98.87543252595155,98.87543252595155
ridge,2022-11-01,1152,1152,1145,1145,99.39236111111111,99.39236111111111
ridge,2022-11-02,1155,1154,1151,1150,99.65367965367966,99.56709956709956
ridge,2022-11-03,1155,1154,1140,1139,98.7012987012987,98.61471861471861
ridge,2022-11-04,1163,1162,1148,1147,98.71023215821153,98.62424763542562
ridge,2022-11-07,1171,1170,1161,1160,99.14602903501282,99.06063193851409
ridge,2022-11-08,1176,1174,1167,1165,99.23469387755102,99.06462585034014
ridge,2022-11-09,1182,1182,1143,1143,96.7005076142132,96.7005076142132
ridge,2022-11-10,1200,1200,1170,1170,97.5,97.5
ridge,2022-11-11,1209,1209,1206,1206,99.75186104218362,99.75186104218362
ridge,2022-11-14,1212,1212,1175,1175,96.94719471947195,96.94719471947195
ridge,2022-11-15,1218,1218,1204,1204,98.85057471264368,98.85057471264368
ridge,2022-11-16,1210,1209,1191,1190,98.4297520661157,98.34710743801652
ridge,2022-11-17,1209,1209,1186,1186,98.09760132340777,98.09760132340777
ridge,2022-11-18,1205,1205,1186,1186,98.42323651452283,98.42323651452283
ridge,2022-11-21,1204,1203,1191,1190,98.9202657807309,98.83720930232558
ridge,2022-11-22,1199,1196,1185,1182,98.83236030025022,98.58215179316096
ridge,2022-11-23,1189,1187,1172,1170,98.57022708158117,98.40201850294365
ridge,2022-11-25,1178,1176,1161,1159,98.55687606112055,98.38709677419355
ridge,2022-11-28,1174,1172,1165,1163,99.23339011925043,99.06303236797274
ridge,2022-11-29,1165,1163,1137,1135,97.59656652360515,97.42489270386267
ridge,2022-11-30,1172,1171,1119,1118,95.4778156996587,95.39249146757679
ridge,2022-12-01,1165,1165,1137,1137,97.59656652360515,97.59656652360515
ridge,2022-12-02,1159,1159,1143,1143,98.61949956859361,98.61949956859361
ridge,2022-12-05,1157,1155,1146,1144,99.04926534140017,98.87640449438203
ridge,2022-12-06,1156,1156,1138,1138,98.44290657439447,98.44290657439447
ridge,2022-12-07,1149,1148,1138,1137,99.04264577893821,98.9556135770235
ridge,2022-12-08,1149,1148,1125,1124,97.911227154047,97.82419495213229
ridge,2022-12-09,1128,1127,1119,1118,99.20212765957447,99.11347517730496
ridge,2022-12-12,1123,1121,1118,1116,99.55476402493322,99.3766696349065
ridge,2022-12-13,1126,1125,1114,1113,98.93428063943162,98.84547069271758
ridge,2022-12-14,1125,1124,1084,1083,96.35555555555555,96.26666666666667
ridge,2022-12-15,1122,1121,1101,1100,98.1283422459893,98.03921568627452
ridge,2022-12-16,1182,1181,1163,1162,98.39255499153977,98.30795262267344
ridge,2022-12-19,1175,1174,1162,1161,98.8936170212766,98.80851063829788
ridge,2022-12-20,1172,1171,1163,1162,99.2320819112628,99.1467576791809
ridge,2022-12-21,1167,1166,1154,1153,98.88603256212511,98.80034275921166
ridge,2022-12-22,1173,1173,1167,1167,99.48849104859335,99.48849104859335
ridge,2022-12-23,1179,1178,1169,1168,99.15182357930449,99.06700593723494
ridge,2022-12-27,1165,1163,1156,1154,99.2274678111588,99.05579399141631
ridge,2022-12-28,1161,1160,1152,1151,99.2248062015504,99.13867355727821
ridge,2022-12-29,1151,1150,1113,1112,96.69852302345787,96.61164205039097
ridge,2022-12-30,1149,1148,1131,1130,98.43342036553524,98.34638816362055
ridge,2023-01-03,1149,1149,1135,1135,98.78154917319408,98.78154917319408
ridge,2023-01-04,1156,1156,1143,1143,98.87543252595155,98.87543252595155
ridge,2023-01-05,1146,1146,1122,1122,97.90575916230367,97.90575916230367
ridge,2023-01-06,1144,1143,1133,1132,99.03846153846153,98.95104895104895
ridge,2023-01-09,1147,1146,1130,1129,98.51787271142109,98.4306887532694
ridge,2023-01-10,1155,1154,1145,1144,99.13419913419914,99.04761904761905
ridge,2023-01-11,1156,1154,1147,1145,99.22145328719724,99.0484429065744
ridge,2023-01-12,1151,1150,1131,1130,98.26238053866203,98.17549956559513
ridge,2023-01-13,1146,1146,1131,1131,98.69109947643979,98.69109947643979
ridge,2023-01-17,1142,1142,1131,1131,99.03677758318739,99.03677758318739
ridge,2023-01-18,1089,1089,1080,1080,99.17355371900827,99.17355371900827
ridge,2023-01-19,1085,1085,1067,1067,98.3410138248848,98.3410138248848
ridge,2023-01-20,1090,1090,1077,1077,98.80733944954129,98.80733944954129
ridge,2023-01-23,1101,1101,1094,1094,99.36421435059037,99.36421435059037
ridge,2023-01-24,1096,1096,1084,1084,98.9051094890511,98.9051094890511
ridge,2023-01-25,1112,1112,1102,1102,99.10071942446044,99.10071942446044
ridge,2023-01-26,1120,1120,1109,1109,99.01785714285714,99.01785714285714
ridge,2023-01-27,1125,1125,1115,1115,99.11111111111111,99.11111111111111
ridge,2023-01-30,1131,1130,1118,1117,98.85057471264368,98.76215738284704
ridge,2023-01-31,1151,1149,1138,1136,98.87054735013032,98.69678540399653
ridge,2023-02-01,1153,1153,1144,1144,99.2194275802255,99.2194275802255
ridge,2023-02-02,1165,1165,1152,1152,98.88412017167381,98.88412017167381
ridge,2023-02-03,1169,1169,1150,1150,98.37467921300257,98.37467921300257
ridge,2023-02-06,1168,1168,1153,1153,98.71575342465754,98.71575342465754
ridge,2023-02-07,1174,1174,1162,1162,98.9778534923339,98.9778534923339
ridge,2023-02-08,1170,1170,1158,1158,98.97435897435898,98.97435897435898
ridge,2023-02-09,1169,1169,1139,1139,97.43370402053037,97.43370402053037
ridge,2023-02-10,1169,1169,1150,1150,98.37467921300257,98.37467921300257
ridge,2023-02-13,1165,1164,1145,1144,98.28326180257511,98.19742489270386
ridge,2023-02-14,1168,1168,1144,1144,97.94520547945206,97.94520547945206
ridge,2023-02-15,1176,1176,1162,1162,98.80952380952381,98.80952380952381
ridge,2023-02-16,1176,1176,1149,1149,97.70408163265306,97.70408163265306
ridge,2023-02-17,1179,1179,1150,1150,97.54028837998304,97.54028837998304
ridge,2023-02-21,1184,1181,1170,1167,98.81756756756756,98.5641891891892
ridge,2023-02-22,1191,1189,1176,1175,98.74055415617129,98.65659109991604
ridge,2023-02-23,1196,1194,1170,1168,97.82608695652173,97.65886287625418
ridge,2023-02-24,1194,1193,1171,1170,98.07370184254606,97.98994974874371
ridge,2023-02-27,1196,1194,1166,1164,97.49163879598662,97.32441471571906
ridge,2023-02-28,1219,1216,1168,1166,95.81624282198523,95.65217391304348
ridge,2023-03-01,1210,1210,1192,1192,98.51239669421487,98.51239669421487
ridge,2023-03-02,1213,1212,1188,1187,97.93899422918385,97.85655399835119
ridge,2023-03-03,1203,1201,1184,1182,98.42061512884456,98.25436408977556
ridge,2023-03-06,1201,1199,1184,1182,98.58451290591174,98.4179850124896
ridge,2023-03-07,1199,1197,1180,1178,98.41534612176814,98.24854045037532
ridge,2023-03-08,1197,1195,1178,1176,98.41269841269842,98.24561403508773
ridge,2023-03-09,1201,1198,1157,1154,96.33638634471274,96.08659450457952
ridge,2023-03-10,1196,1194,1184,1183,98.99665551839465,98.91304347826087
ridge,2023-03-13,1212,1211,1200,1199,99.00990099009901,98.92739273927393
ridge,2023-03-14,1226,1225,1166,1165,95.10603588907014,95.02446982055464
ridge,2023-03-15,1232,1231,1221,1220,99.10714285714286,99.02597402597402
ridge,2023-03-16,1240,1239,1213,1212,97.8225806451613,97.74193548387096
ridge,2023-03-17,1262,1260,1251,1249,99.1283676703645,98.96988906497623
ridge,2023-03-20,1261,1260,1255,1254,99.52418715305313,99.44488501189532
ridge,2023-03-21,1262,1262,1255,1255,99.44532488114105,99.44532488114105
ridge,2023-03-22,1254,1254,1246,1246,99.36204146730462,99.36204146730462
ridge,2023-03-23,1251,1250,1244,1243,99.4404476418865,99.36051159072741
ridge,2023-03-24,1252,1251,1244,1243,99.36102236421725,99.28115015974441
ridge,2023-03-27,1251,1250,1245,1244,99.52038369304556,99.4404476418865
ridge,2023-03-28,1239,1237,1231,1229,99.3543179983858,99.19289749798224
ridge,2023-03-29,1228,1226,1223,1221,99.5928338762215,99.42996742671009
ridge,2023-03-30,1224,1223,1190,1189,97.22222222222223,97.140522875817
ridge,2023-03-31,1228,1227,1214,1213,98.8599348534202,98.7785016286645
ridge,2023-04-03,1229,1229,1226,1226,99.75589910496339,99.75589910496339
ridge,2023-04-04,1226,1226,1216,1216,99.18433931484502,99.18433931484502
ridge,2023-04-05,1223,1223,1202,1202,98.2829108748978,98.2829108748978
ridge,2023-04-06,1218,1218,1203,1203,98.76847290640394,98.76847290640394
ridge,2023-04-10,1212,1212,1205,1205,99.42244224422443,99.42244224422443
ridge,2023-04-11,1211,1211,1204,1204,99.42196531791907,99.42196531791907
ridge,2023-04-12,1190,1190,1186,1186,99.66386554621849,99.66386554621849
ridge,2023-04-13,1178,1178,1162,1162,98.64176570458405,98.64176570458405
ridge,2023-04-14,1169,1169,1160,1160,99.23011120615911,99.23011120615911
ridge,2023-04-17,1134,1134,1131,1131,99.73544973544973,99.73544973544973
ridge,2023-04-18,1126,1126,1124,1124,99.82238010657194,99.82238010657194
ridge,2023-04-19,1123,1123,1120,1120,99.73285841495994,99.73285841495994
ridge,2023-04-20,1120,1120,1109,1109,99.01785714285714,99.01785714285714
ridge,2023-04-21,1119,1118,1116,1115,99.73190348525469,99.64253798033958
ridge,2023-04-24,1115,1114,1112,1111,99.73094170403587,99.64125560538116
ridge,2023-04-25,1121,1120,1110,1109,99.01873327386262,98.92952720785013
ridge,2023-04-26,1124,1122,1120,1118,99.644128113879,99.4661921708185
ridge,2023-04-27,1123,1122,1111,1110,98.93143365983971,98.84238646482636
ridge,2023-04-28,1128,1128,1112,1112,98.58156028368795,98.58156028368795
ridge,2023-05-01,1126,1125,1121,1120,99.55595026642985,99.46714031971581
ridge,2023-05-02,1124,1123,1118,1117,99.4661921708185,99.37722419928825
ridge,2023-05-03,1131,1131,1121,1121,99.1158267020336,99.1158267020336
ridge,2023-05-04,1135,1134,1119,1118,98.59030837004406,98.50220264317181
ridge,2023-05-05,1144,1144,1131,1131,98.86363636363636,98.86363636363636
ridge,2023-05-08,1149,1149,1142,1142,99.39077458659705,99.39077458659705
ridge,2023-05-09,1149,1149,1135,1135,98.78154917319408,98.78154917319408
ridge,2023-05-10,1157,1157,1142,1142,98.70354364736387,98.70354364736387
ridge,2023-05-11,1161,1159,1138,1136,98.01894918173988,97.84668389319552
ridge,2023-05-12,1163,1162,1128,1127,96.99054170249354,96.90455717970765
ridge,2023-05-15,1163,1163,1151,1151,98.96818572656922,98.96818572656922
ridge,2023-05-16,1160,1159,1144,1143,98.62068965517241,98.53448275862068
ridge,2023-05-17,1169,1168,1150,1149,98.37467921300257,98.28913601368691
ridge,2023-05-18,1173,1172,1149,1148,97.9539641943734,97.8687127024723
ridge,2023-05-19,1178,1177,1163,1162,98.72665534804754,98.64176570458405
ridge,2023-05-22,1185,1184,1170,1169,98.73417721518987,98.64978902953587
ridge,2023-05-23,1184,1182,1174,1172,99.1554054054054,98.98648648648648
ridge,2023-05-24,1182,1181,1170,1169,98.98477157360406,98.90016920473774
ridge,2023-05-25,1181,1180,1158,1157,98.05249788314987,97.96782387806944
ridge,2023-05-26,1170,1169,1146,1145,97.94871794871794,97.86324786324786
ridge,2023-05-30,1165,1164,1140,1139,97.85407725321889,97.76824034334764
ridge,2023-05-31,1173,1172,1119,1118,95.39641943734016,95.31116794543904
ridge,2023-06-01,1167,1166,1142,1141,97.85775492716367,97.77206512425022
ridge,2023-06-02,1160,1160,1146,1146,98.79310344827586,98.79310344827586
ridge,2023-06-05,1157,1157,1145,1145,98.9628349178911,98.9628349178911
ridge,2023-06-06,1166,1166,1149,1149,98.54202401372213,98.54202401372213
ridge,2023-06-07,1179,1179,1165,1165,98.8125530110263,98.8125530110263
ridge,2023-06-08,1177,1176,1148,1147,97.53610875106202,97.45114698385727
ridge,2023-06-09,1177,1177,1165,1165,98.98045879354291,98.98045879354291
ridge,2023-06-12,1182,1181,1176,1175,99.49238578680203,99.4077834179357
ridge,2023-06-13,1189,1189,1176,1176,98.90664423885619,98.90664423885619
ridge,2023-06-14,1197,1196,1142,1141,95.40517961570593,95.32163742690058
ridge,2023-06-15,1199,1198,1170,1169,97.581317764804,97.4979149291076
ridge,2023-06-16,1230,1230,1220,1220,99.1869918699187,99.1869918699187
ridge,2023-06-20,1237,1237,1227,1227,99.19159256265158,99.19159256265158
ridge,2023-06-21,1238,1238,1229,1229,99.2730210016155,99.2730210016155
ridge,2023-06-22,1240,1240,1229,1229,99.11290322580645,99.11290322580645
ridge,2023-06-23,1265,1263,1252,1250,98.97233201581028,98.81422924901186
ridge,2023-06-26,1263,1261,1253,1251,99.20823436262866,99.04988123515439
ridge,2023-06-27,1269,1266,1261,1258,99.36958234830576,99.1331757289204
ridge,2023-06-28,1271,1269,1262,1260,99.2918961447679,99.1345397324941
ridge,2023-06-29,1262,1260,1228,1226,97.30586370839937,97.14738510301109
ridge,2023-06-30,1268,1267,1248,1247,98.42271293375394,98.34384858044164
ridge,2023-07-03,1250,1250,1237,1237,98.96,98.96
ridge,2023-07-05,1254,1254,1235,1235,98.48484848484848,98.48484848484848
ridge,2023-07-06,1250,1250,1224,1224,97.92,97.92
ridge,2023-07-07,1248,1248,1228,1228,98.3974358974359,98.3974358974359
ridge,2023-07-10,1250,1249,1234,1233,98.72,98.64
ridge,2023-07-11,1245,1245,1234,1234,99.11646586345381,99.11646586345381
ridge,2023-07-12,1245,1244,1236,1235,99.27710843373494,99.19678714859438
ridge,2023-07-13,1245,1244,1221,1220,98.07228915662651,97.99196787148594
ridge,2023-07-14,1239,1238,1220,1219,98.46650524616626,98.38579499596449
ridge,2023-07-17,1237,1236,1224,1223,98.94907033144705,98.86822958771221
ridge,2023-07-18,1211,1210,1202,1201,99.25681255161024,99.17423616845582
ridge,2023-07-19,1205,1205,1194,1194,99.08713692946058,99.08713692946058
ridge,2023-07-20,1206,1206,1185,1185,98.2587064676617,98.2587064676617
ridge,2023-07-21,1204,1204,1194,1194,99.16943521594685,99.16943521594685
ridge,2023-07-24,1173,1173,1160,1160,98.89173060528559,98.89173060528559
ridge,2023-07-25,1168,1168,1153,1153,98.71575342465754,98.71575342465754
ridge,2023-07-26,1167,1167,1152,1152,98.7146529562982,98.7146529562982
ridge,2023-07-27,1163,1159,1146,1143,98.53826311263973,98.28030954428203
ridge,2023-07-28,1160,1156,1138,1135,98.10344827586206,97.84482758620689
ridge,2023-07-31,1170,1165,1152,1148,98.46153846153847,98.11965811965813
ridge,2023-08-01,1182,1178,1167,1164,98.73096446700508,98.4771573604061
ridge,2023-08-02,1188,1184,1175,1172,98.9057239057239,98.65319865319866
ridge,2023-08-03,1197,1195,1178,1176,98.41269841269842,98.24561403508773
ridge,2023-08-04,1200,1198,1172,1170,97.66666666666667,97.5
ridge,2023-08-07,1208,1207,1189,1188,98.4271523178808,98.34437086092716
ridge,2023-08-08,1219,1217,1199,1197,98.35931091058245,98.1952420016407
ridge,2023-08-09,1217,1216,1184,1183,97.28841413311422,97.20624486442071
ridge,2023-08-10,1223,1222,1191,1190,97.38348323793949,97.3017170891251
ridge,2023-08-11,1227,1227,1198,1198,97.63651181744092,97.63651181744092
ridge,2023-08-14,1223,1223,1185,1185,96.89288634505314,96.89288634505314
ridge,2023-08-15,1218,1218,1193,1193,97.94745484400657,97.94745484400657
ridge,2023-08-16,1213,1213,1180,1180,97.27947238252267,97.27947238252267
ridge,2023-08-17,1210,1209,1173,1172,96.94214876033058,96.85950413223141
ridge,2023-08-18,1209,1208,1185,1184,98.01488833746899,97.93217535153019
ridge,2023-08-21,1207,1207,1190,1190,98.59154929577464,98.59154929577464
ridge,2023-08-22,1203,1203,1186,1186,98.58686616791356,98.58686616791356
ridge,2023-08-23,1200,1200,1184,1184,98.66666666666667,98.66666666666667
ridge,2023-08-24,1197,1195,1169,1167,97.6608187134503,97.4937343358396
ridge,2023-08-25,1191,1189,1168,1166,98.0688497061293,97.90092359361881
ridge,2023-08-28,1176,1174,1160,1158,98.63945578231292,98.46938775510205
ridge,2023-08-29,1167,1165,1153,1151,98.80034275921166,98.62896315338475
ridge,2023-08-30,1154,1151,1121,1118,97.14038128249567,96.88041594454073
ridge,2023-08-31,1153,1150,1090,1087,94.5359930615785,94.27580225498698
ridge,2023-09-01,1142,1141,1125,1124,98.51138353765324,98.42381786339755
ridge,2023-09-05,1138,1137,1116,1115,98.06678383128295,97.97891036906854
ridge,2023-09-06,1127,1127,1110,1110,98.49157054125999,98.49157054125999
ridge,2023-09-07,1128,1128,1095,1095,97.07446808510639,97.07446808510639
ridge,2023-09-08,1125,1125,1115,1115,99.11111111111111,99.11111111111111
ridge,2023-09-11,1125,1125,1118,1118,99.37777777777778,99.37777777777778
ridge,2023-09-12,1127,1126,1111,1110,98.58030168589175,98.49157054125999
ridge,2023-09-13,1131,1131,1121,1121,99.1158267020336,99.1158267020336
ridge,2023-09-14,1134,1134,1073,1073,94.62081128747795,94.62081128747795
ridge,2023-09-15,1185,1185,1173,1173,98.9873417721519,98.9873417721519
ridge,2023-09-18,1177,1177,1168,1168,99.23534409515717,99.23534409515717
ridge,2023-09-19,1173,1173,1165,1165,99.31798806479114,99.31798806479114
ridge,2023-09-20,1174,1173,1163,1162,99.06303236797274,98.9778534923339
ridge,2023-09-21,1182,1182,1173,1173,99.23857868020305,99.23857868020305
ridge,2023-09-22,1175,1172,1164,1161,99.06382978723404,98.80851063829788
ridge,2023-09-25,1176,1172,1169,1165,99.4047619047619,99.06462585034014
ridge,2023-09-26,1176,1173,1167,1164,99.23469387755102,98.9795918367347
ridge,2023-09-27,1179,1175,1172,1168,99.40627650551315,99.06700593723494
ridge,2023-09-28,1182,1179,1151,1148,97.37732656514382,97.12351945854483
ridge,2023-09-29,1182,1182,1169,1169,98.90016920473774,98.90016920473774
ridge,2023-10-02,1179,1179,1170,1170,99.23664122137404,99.23664122137404
ridge,2023-10-03,1178,1178,1167,1167,99.06621392190152,99.06621392190152
ridge,2023-10-04,1177,1177,1164,1164,98.89549702633815,98.89549702633815
ridge,2023-10-05,1171,1171,1145,1145,97.7796754910333,97.7796754910333
ridge,2023-10-06,1174,1174,1154,1154,98.29642248722317,98.29642248722317
ridge,2023-10-09,1174,1173,1166,1165,99.31856899488926,99.23339011925043
ridge,2023-10-10,1175,1173,1167,1165,99.31914893617021,99.14893617021276
ridge,2023-10-11,1171,1170,1160,1159,99.06063193851409,98.97523484201537
ridge,2023-10-12,1167,1165,1147,1145,98.28620394173093,98.11482433590403
ridge,2023-10-13,1129,1128,1116,1115,98.84853852967228,98.7599645704163
ridge,2023-10-16,1125,1124,1114,1113,99.02222222222223,98.93333333333334
ridge,2023-10-17,1128,1127,1117,1116,99.02482269503547,98.93617021276596
ridge,2023-10-18,1121,1121,1111,1111,99.10793933987512,99.10793933987512
ridge,2023-10-19,1126,1126,1110,1110,98.57904085257549,98.57904085257549
ridge,2023-10-20,1133,1133,1119,1119,98.76434245366285,98.76434245366285
ridge,2023-10-23,1135,1135,1120,1120,98.6784140969163,98.6784140969163
ridge,2023-10-24,1137,1136,1122,1121,98.68073878627969,98.59278803869833
ridge,2023-10-25,1134,1132,1119,1117,98.67724867724868,98.50088183421516
ridge,2023-10-26,1136,1134,1119,1117,98.50352112676056,98.3274647887324
ridge,2023-10-27,1134,1132,1122,1120,98.94179894179894,98.76543209876543
ridge,2023-10-30,1132,1129,1115,1112,98.4982332155477,98.23321554770318
ridge,2023-10-31,1132,1129,1107,1104,97.79151943462898,97.52650176678445
ridge,2023-11-01,1136,1134,1125,1123,99.03169014084507,98.8556338028169
ridge,2023-11-02,1152,1151,1133,1132,98.35069444444444,98.26388888888889
ridge,2023-11-03,1159,1158,1143,1142,98.61949956859361,98.53321829163072
ridge,2023-11-06,1159,1158,1146,1145,98.87834339948232,98.79206212251941
ridge,2023-11-07,1161,1160,1140,1139,98.19121447028424,98.10508182601205
ridge,2023-11-08,1163,1162,1139,1138,97.93637145313843,97.85038693035254
ridge,2023-11-09,1156,1156,1126,1126,97.40484429065744,97.40484429065744
ridge,2023-11-10,1155,1155,1125,1125,97.40259740259741,97.40259740259741
ridge,2023-11-13,1157,1157,1138,1138,98.35782195332757,98.35782195332757
ridge,2023-11-14,1170,1168,1130,1128,96.58119658119658,96.41025641025641
ridge,2023-11-15,1173,1172,1149,1148,97.9539641943734,97.8687127024723
ridge,2023-11-16,1170,1169,1134,1133,96.92307692307692,96.83760683760684
ridge,2023-11-17,1174,1173,1154,1153,98.29642248722317,98.21124361158432
ridge,2023-11-20,1175,1174,1156,1155,98.38297872340425,98.29787234042553
ridge,2023-11-21,1168,1167,1150,1149,98.45890410958904,98.37328767123287
ridge,2023-11-22,1167,1167,1143,1143,97.94344473007712,97.94344473007712
ridge,2023-11-24,1154,1154,1134,1134,98.26689774696708,98.26689774696708
ridge,2023-11-27,1148,1148,1131,1131,98.5191637630662,98.5191637630662
ridge,2023-11-28,1155,1155,1142,1142,98.87445887445888,98.87445887445888
ridge,2023-11-29,1160,1158,1128,1126,97.24137931034483,97.06896551724138
ridge,2023-11-30,1157,1157,1086,1086,93.86343993085566,93.86343993085566
ridge,2023-12-01,1153,1153,1138,1138,98.6990459670425,98.6990459670425
ridge,2023-12-04,1151,1151,1137,1137,98.78366637706343,98.78366637706343
ridge,2023-12-05,1153,1153,1130,1130,98.00520381613183,98.00520381613183
ridge,2023-12-06,1158,1158,1144,1144,98.79101899827289,98.79101899827289
ridge,2023-12-07,1158,1158,1126,1126,97.23661485319516,97.23661485319516
ridge,2023-12-08,1165,1165,1149,1149,98.62660944206009,98.62660944206009
ridge,2023-12-11,1164,1164,1155,1155,99.22680412371135,99.22680412371135
ridge,2023-12-12,1174,1174,1158,1158,98.63713798977854,98.63713798977854
ridge,2023-12-13,1178,1176,1165,1163,98.89643463497454,98.72665534804754
ridge,2023-12-14,1193,1192,1135,1134,95.13830678960603,95.0544844928751
ridge,2023-12-15,1241,1240,1224,1223,98.63013698630137,98.54955680902498
ridge,2023-12-18,1240,1239,1228,1227,99.03225806451613,98.95161290322581
ridge,2023-12-19,1250,1249,1240,1239,99.2,99.12
ridge,2023-12-20,1249,1249,1234,1234,98.79903923138511,98.79903923138511
ridge,2023-12-21,1258,1258,1247,1247,99.12559618441972,99.12559618441972
ridge,2023-12-22,1270,1270,1259,1259,99.13385826771653,99.13385826771653
ridge,2023-12-26,1269,1266,1259,1256,99.2119779353822,98.97557131599685
ridge,2023-12-27,1273,1271,1262,1260,99.13589945011783,98.97879025923017
ridge,2023-12-28,1263,1261,1228,1226,97.22882026920031,97.07046714172606
ridge,2023-12-29,1265,1263,1249,1247,98.73517786561264,98.57707509881423
ridge,2024-01-02,1270,1269,1262,1261,99.37007874015748,99.29133858267717
ridge,2024-01-03,1261,1260,1249,1248,99.04837430610627,98.96907216494846
ridge,2024-01-04,1266,1266,1248,1248,98.5781990521327,98.5781990521327
ridge,2024-01-05,1270,1270,1262,1262,99.37007874015748,99.37007874015748
ridge,2024-01-08,1273,1273,1264,1264,99.2930086410055,99.2930086410055
ridge,2024-01-09,1275,1275,1263,1263,99.05882352941177,99.05882352941177
ridge,2024-01-10,1272,1272,1267,1267,99.60691823899371,99.60691823899371
ridge,2024-01-11,1273,1273,1260,1260,98.97879025923017,98.97879025923017
ridge,2024-01-12,1261,1260,1252,1251,99.2862807295797,99.20697858842189
ridge,2024-01-16,1247,1246,1241,1240,99.51884522854851,99.43865276663993
ridge,2024-01-17,1185,1184,1183,1182,99.83122362869199,99.74683544303798
ridge,2024-01-18,1181,1180,1168,1167,98.89923793395428,98.81456392887384
ridge,2024-01-19,1181,1180,1174,1173,99.40728196443692,99.32260795935647
ridge,2024-01-22,1179,1178,1177,1176,99.8303647158609,99.74554707379134
ridge,2024-01-23,1179,1179,1174,1174,99.57591178965225,99.57591178965225
ridge,2024-01-24,1185,1185,1183,1183,99.83122362869199,99.83122362869199
ridge,2024-01-25,1191,1190,1185,1184,99.49622166246851,99.41225860621327
ridge,2024-01-26,1191,1191,1190,1190,99.91603694374476,99.91603694374476
ridge,2024-01-29,1196,1196,1191,1191,99.58193979933111,99.58193979933111
ridge,2024-01-30,1196,1196,1185,1185,99.08026755852843,99.08026755852843
ridge,2024-01-31,1197,1197,1187,1187,99.16457811194654,99.16457811194654
ridge,2024-02-01,1198,1198,1190,1190,99.3322203672788,99.3322203672788
ridge,2024-02-02,1200,1200,1191,1191,99.25,99.25
ridge,2024-02-05,1199,1199,1194,1194,99.58298582151794,99.58298582151794
ridge,2024-02-06,1200,1200,1195,1195,99.58333333333333,99.58333333333333
ridge,2024-02-07,1202,1202,1193,1193,99.25124792013311,99.25124792013311
ridge,2024-02-08,1199,1199,1180,1180,98.41534612176814,98.41534612176814
ridge,2024-02-09,1205,1204,1194,1193,99.08713692946058,99.00414937759336
ridge,2024-02-12,1214,1214,1207,1207,99.42339373970346,99.42339373970346
ridge,2024-02-13,1219,1219,1208,1208,99.09762100082034,99.09762100082034
ridge,2024-02-14,1226,1226,1200,1200,97.87928221859707,97.87928221859707
ridge,2024-02-15,1234,1234,1209,1209,97.9740680713128,97.9740680713128
ridge,2024-02-16,1234,1234,1206,1206,97.73095623987034,97.73095623987034
ridge,2024-02-20,1234,1234,1221,1221,98.94651539708266,98.94651539708266
ridge,2024-02-21,1241,1241,1228,1228,98.95245769540693,98.95245769540693
ridge,2024-02-22,1244,1244,1215,1215,97.66881028938907,97.66881028938907
ridge,2024-02-23,1247,1247,1226,1226,98.31595829991981,98.31595829991981
ridge,2024-02-26,1251,1250,1242,1241,99.28057553956835,99.20063948840927
ridge,2024-02-27,1259,1259,1252,1252,99.4440031771247,99.4440031771247
ridge,2024-02-28,1271,1271,1244,1244,97.8756884343037,97.8756884343037
ridge,2024-02-29,1278,1278,1224,1224,95.77464788732394,95.77464788732394
ridge,2024-03-01,1276,1276,1259,1259,98.66771159874608,98.66771159874608
ridge,2024-03-04,1279,1279,1266,1266,98.98358092259578,98.98358092259578
ridge,2024-03-05,1282,1282,1263,1263,98.5179407176287,98.5179407176287
ridge,2024-03-06,1282,1281,1268,1267,98.90795631825273,98.82995319812792
ridge,2024-03-07,1276,1276,1236,1236,96.86520376175548,96.86520376175548
ridge,2024-03-08,1279,1279,1265,1265,98.90539483971853,98.90539483971853
ridge,2024-03-11,1278,1277,1270,1269,99.37402190923318,99.29577464788733
ridge,2024-03-12,1276,1276,1267,1267,99.29467084639498,99.29467084639498
ridge,2024-03-13,1269,1269,1252,1252,98.66036249014972,98.66036249014972
ridge,2024-03-14,1268,1268,1202,1202,94.79495268138801,94.79495268138801
ridge,2024-03-15,1302,1300,1295,1293,99.46236559139786,99.30875576036867
ridge,2024-03-18,1300,1299,1294,1293,99.53846153846153,99.46153846153847
ridge,2024-03-19,1297,1297,1292,1292,99.61449498843486,99.61449498843486
ridge,2024-03-20,1290,1290,1282,1282,99.37984496124031,99.37984496124031
ridge,2024-03-21,1290,1287,1286,1283,99.68992248062015,99.45736434108527
ridge,2024-03-22,1287,1284,1283,1280,99.68919968919968,99.45609945609945
ridge,2024-03-25,1281,1278,1278,1275,99.76580796252928,99.53161592505855
ridge,2024-03-26,1284,1281,1281,1278,99.76635514018692,99.53271028037383
ridge,2024-03-27,1284,1280,1243,1239,96.80685358255452,96.49532710280374
ridge,2024-03-28,1280,1278,1265,1263,98.828125,98.671875
ridge,2024-04-01,1264,1264,1257,1257,99.44620253164557,99.44620253164557
ridge,2024-04-02,1264,1264,1259,1259,99.60443037974683,99.60443037974683
ridge,2024-04-03,1260,1260,1250,1250,99.2063492063492,99.2063492063492
ridge,2024-04-04,1257,1257,1240,1240,98.64757358790771,98.64757358790771
ridge,2024-04-05,1259,1259,1250,1250,99.28514694201748,99.28514694201748
ridge,2024-04-08,1256,1256,1244,1244,99.04458598726114,99.04458598726114
ridge,2024-04-09,1253,1253,1238,1238,98.80287310454908,98.80287310454908
ridge,2024-04-10,1264,1264,1259,1259,99.60443037974683,99.60443037974683
ridge,2024-04-11,1267,1267,1252,1252,98.81610102604577,98.81610102604577
ridge,2024-04-12,1259,1259,1243,1243,98.72915011914218,98.72915011914218
ridge,2024-04-15,1204,1204,1197,1197,99.4186046511628,99.4186046511628
ridge,2024-04-16,1206,1206,1200,1200,99.50248756218906,99.50248756218906
ridge,2024-04-17,1200,1200,1196,1196,99.66666666666667,99.66666666666667
ridge,2024-04-18,1192,1191,1179,1178,98.90939597315436,98.8255033557047
ridge,2024-04-19,1197,1197,1188,1188,99.24812030075188,99.24812030075188
ridge,2024-04-22,1199,1199,1191,1191,99.3327773144287,99.3327773144287
ridge,2024-04-23,1209,1209,1196,1196,98.9247311827957,98.9247311827957
ridge,2024-04-24,1210,1210,1201,1201,99.25619834710744,99.25619834710744
ridge,2024-04-25,1204,1202,1191,1189,98.9202657807309,98.75415282392026
ridge,2024-04-26,1200,1198,1191,1189,99.25,99.08333333333333
ridge,2024-04-29,1209,1207,1196,1194,98.9247311827957,98.75930521091811
ridge,2024-04-30,1206,1204,1190,1188,98.67330016583747,98.50746268656717
ridge,2024-05-01,1211,1209,1200,1198,99.0916597853014,98.92650701899257
ridge,2024-05-02,1219,1217,1204,1202,98.76948318293684,98.60541427399508
ridge,2024-05-03,1222,1222,1202,1202,98.3633387888707,98.3633387888707
ridge,2024-05-06,1230,1229,1216,1215,98.86178861788618,98.78048780487805
ridge,2024-05-07,1231,1231,1215,1215,98.70024370430544,98.70024370430544
ridge,2024-05-08,1242,1242,1224,1224,98.55072463768116,98.55072463768116
ridge,2024-05-09,1252,1252,1218,1218,97.28434504792332,97.28434504792332
ridge,2024-05-10,1256,1256,1226,1226,97.61146496815287,97.61146496815287
ridge,2024-05-13,1260,1260,1242,1242,98.57142857142857,98.57142857142857
ridge,2024-05-14,1269,1269,1233,1233,97.16312056737588,97.16312056737588
ridge,2024-05-15,1268,1267,1238,1237,97.63406940063092,97.55520504731861
ridge,2024-05-16,1269,1269,1234,1234,97.24192277383767,97.24192277383767
ridge,2024-05-17,1260,1259,1232,1231,97.77777777777777,97.6984126984127
ridge,2024-05-20,1255,1255,1234,1234,98.32669322709164,98.32669322709164
ridge,2024-05-21,1252,1252,1235,1235,98.64217252396166,98.64217252396166
ridge,2024-05-22,1255,1254,1240,1239,98.80478087649402,98.72509960159363
ridge,2024-05-23,1244,1244,1220,1220,98.07073954983923,98.07073954983923
ridge,2024-05-24,1248,1247,1224,1223,98.07692307692308,97.99679487179488
ridge,2024-05-28,1246,1245,1238,1237,99.35794542536115,99.2776886035313
ridge,2024-05-29,1234,1233,1219,1218,98.78444084278769,98.7034035656402
ridge,2024-05-30,1231,1230,1215,1214,98.70024370430544,98.61900893582454
ridge,2024-05-31,1232,1232,1187,1187,96.34740259740259,96.34740259740259
ridge,2024-06-03,1230,1230,1186,1186,96.42276422764228,96.42276422764228
ridge,2024-06-04,1235,1235,1214,1214,98.29959514170041,98.29959514170041
ridge,2024-06-05,1235,1235,1217,1217,98.5425101214575,98.5425101214575
ridge,2024-06-06,1224,1224,1204,1204,98.36601307189542,98.36601307189542
ridge,2024-06-07,1215,1215,1185,1185,97.53086419753086,97.53086419753086
ridge,2024-06-10,1208,1207,1179,1178,97.59933774834437,97.51655629139073
ridge,2024-06-11,1207,1207,1197,1197,99.1714995857498,99.1714995857498
ridge,2024-06-12,1208,1208,1191,1191,98.59271523178808,98.59271523178808
ridge,2024-06-13,1204,1204,1188,1188,98.67109634551495,98.67109634551495
ridge,2024-06-14,1199,1198,1130,1129,94.24520433694745,94.16180150125105
ridge,2024-06-17,1202,1201,1183,1182,98.41930116472545,98.33610648918469
ridge,2024-06-18,1207,1206,1192,1191,98.75724937862469,98.67439933719967
ridge,2024-06-20,1207,1206,1198,1197,99.25434962717482,99.1714995857498
ridge,2024-06-21,1242,1241,1233,1232,99.27536231884058,99.19484702093398
ridge,2024-06-24,1247,1246,1237,1236,99.19807538091419,99.11788291900561
ridge,2024-06-25,1244,1243,1236,1235,99.35691318327974,99.27652733118971
ridge,2024-06-26,1246,1244,1239,1237,99.43820224719101,99.2776886035313
ridge,2024-06-27,1251,1249,1246,1244,99.60031974420464,99.4404476418865
ridge,2024-06-28,1297,1295,1257,1255,96.9159599074788,96.76175790285274
ridge,2024-07-01,1293,1289,1270,1266,98.22119102861562,97.91183294663573
ridge,2024-07-02,1287,1286,1279,1278,99.37839937839938,99.3006993006993
ridge,2024-07-03,1284,1283,1271,1270,98.98753894080997,98.90965732087227
ridge,2024-07-05,1276,1275,1256,1255,98.43260188087774,98.35423197492163
ridge,2024-07-08,1282,1282,1267,1267,98.82995319812792,98.82995319812792
ridge,2024-07-09,1285,1285,1270,1270,98.83268482490273,98.83268482490273
ridge,2024-07-10,1283,1283,1268,1268,98.83086515978177,98.83086515978177
ridge,2024-07-11,1294,1294,1284,1284,99.22720247295209,99.22720247295209
ridge,2024-07-12,1297,1296,1281,1280,98.76638396299153,98.68928296067848
ridge,2024-07-15,1311,1310,1292,1291,98.55072463768116,98.4744469870328
ridge,2024-07-16,1324,1323,1316,1315,99.39577039274924,99.3202416918429
ridge,2024-07-17,1329,1328,1319,1318,99.24755455229496,99.17231000752446
ridge,2024-07-18,1328,1327,1318,1317,99.24698795180723,99.17168674698796
ridge,2024-07-19,1329,1328,1313,1312,98.79608728367194,98.72084273890142
ridge,2024-07-22,1294,1294,1282,1282,99.0726429675425,99.0726429675425
ridge,2024-07-23,1296,1296,1287,1287,99.30555555555556,99.30555555555556
ridge,2024-07-24,1299,1298,1289,1288,99.23017705927637,99.153194765204
ridge,2024-07-25,1305,1305,1296,1296,99.3103448275862,99.3103448275862
ridge,2024-07-26,1311,1310,1296,1295,98.8558352402746,98.77955758962624
ridge,2024-07-29,1265,1265,1255,1255,99.2094861660079,99.2094861660079
ridge,2024-07-30,1269,1268,1261,1260,99.36958234830576,99.29078014184397
ridge,2024-07-31,1285,1283,1268,1266,98.67704280155642,98.52140077821012
ridge,2024-08-01,1296,1296,1278,1278,98.61111111111111,98.61111111111111
ridge,2024-08-02,1303,1303,1287,1287,98.7720644666155,98.7720644666155
ridge,2024-08-05,1314,1314,1299,1299,98.85844748858447,98.85844748858447
ridge,2024-08-06,1316,1316,1303,1303,99.01215805471125,99.01215805471125
ridge,2024-08-07,1321,1321,1309,1309,99.09159727479182,99.09159727479182
ridge,2024-08-08,1324,1324,1307,1307,98.71601208459215,98.71601208459215
ridge,2024-08-09,1322,1322,1294,1294,97.88199697428139,97.88199697428139
ridge,2024-08-12,1316,1316,1290,1290,98.02431610942249,98.02431610942249
ridge,2024-08-13,1315,1315,1299,1299,98.78326996197718,98.78326996197718
ridge,2024-08-14,1300,1300,1278,1278,98.3076923076923,98.3076923076923
ridge,2024-08-15,1302,1301,1250,1249,96.00614439324117,95.92933947772657
ridge,2024-08-16,1297,1297,1262,1262,97.30146491904395,97.30146491904395
ridge,2024-08-19,1297,1297,1268,1268,97.76407093292212,97.76407093292212
ridge,2024-08-20,1285,1285,1261,1261,98.13229571984436,98.13229571984436
ridge,2024-08-21,1284,1284,1262,1262,98.28660436137072,98.28660436137072
ridge,2024-08-22,1269,1269,1253,1253,98.73916469661151,98.73916469661151
ridge,2024-08-23,1272,1272,1253,1253,98.50628930817611,98.50628930817611
ridge,2024-08-26,1267,1266,1249,1248,98.57932123125494,98.50039463299132
ridge,2024-08-27,1258,1257,1238,1237,98.41017488076312,98.33068362480127
ridge,2024-08-28,1242,1241,1231,1230,99.11433172302738,99.03381642512078
ridge,2024-08-29,1233,1232,1220,1219,98.94566098945661,98.86455798864559
ridge,2024-08-30,1226,1224,1172,1170,95.59543230016313,95.43230016313214
ridge,2024-09-03,1216,1214,1174,1172,96.54605263157895,96.38157894736842
ridge,2024-09-04,1206,1205,1188,1187,98.50746268656717,98.424543946932
ridge,2024-09-05,1198,1197,1176,1175,98.1636060100167,98.08013355592655
ridge,2024-09-06,1194,1193,1167,1166,97.73869346733669,97.65494137353434
ridge,2024-09-09,1191,1189,1176,1174,98.74055415617129,98.57262804366079
ridge,2024-09-10,1189,1189,1170,1170,98.40201850294365,98.40201850294365
ridge,2024-09-11,1197,1197,1184,1184,98.9139515455305,98.9139515455305
ridge,2024-09-12,1198,1198,1186,1186,98.9983305509182,98.9983305509182
ridge,2024-09-13,1204,1204,1155,1155,95.93023255813954,95.93023255813954
ridge,2024-09-16,1201,1200,1164,1163,96.91923397169026,96.83597002497919
ridge,2024-09-17,1207,1207,1192,1192,98.75724937862469,98.75724937862469
ridge,2024-09-18,1224,1224,1218,1218,99.50980392156863,99.50980392156863
ridge,2024-09-19,1233,1233,1222,1222,99.10786699107867,99.10786699107867
ridge,2024-09-20,1285,1284,1276,1275,99.29961089494164,99.22178988326849
ridge,2024-09-23,1290,1288,1283,1281,99.45736434108527,99.30232558139535
ridge,2024-09-24,1295,1293,1290,1288,99.61389961389962,99.45945945945945
ridge,2024-09-25,1292,1290,1288,1286,99.69040247678019,99.53560371517028
ridge,2024-09-26,1299,1297,1293,1291,99.53810623556582,99.38414164742109
ridge,2024-09-27,1304,1303,1286,1285,98.61963190184049,98.54294478527608
ridge,2024-09-30,1304,1302,1275,1273,97.7760736196319,97.62269938650307
ridge,2024-10-01,1301,1300,1282,1281,98.53958493466564,98.46272098385857
ridge,2024-10-02,1302,1302,1294,1294,99.38556067588326,99.38556067588326
ridge,2024-10-03,1302,1302,1293,1293,99.30875576036867,99.30875576036867
ridge,2024-10-04,1303,1302,1288,1287,98.84881043745203,98.7720644666155
ridge,2024-10-07,1300,1300,1292,1292,99.38461538461539,99.38461538461539
ridge,2024-10-08,1297,1297,1291,1291,99.53739398612181,99.53739398612181
ridge,2024-10-09,1294,1294,1286,1286,99.38176197836167,99.38176197836167
ridge,2024-10-10,1292,1292,1281,1281,99.14860681114551,99.14860681114551
ridge,2024-10-11,1288,1288,1276,1276,99.06832298136646,99.06832298136646
ridge,2024-10-14,1286,1286,1284,1284,99.84447900466563,99.84447900466563
ridge,2024-10-15,1283,1283,1273,1273,99.22057677318784,99.22057677318784
ridge,2024-10-16,1288,1287,1284,1283,99.68944099378882,99.61180124223603
ridge,2024-10-17,1281,1281,1276,1276,99.60967993754879,99.60967993754879
ridge,2024-10-18,1239,1239,1226,1226,98.95076674737692,98.95076674737692
ridge,2024-10-21,1236,1236,1230,1230,99.51456310679612,99.51456310679612
ridge,2024-10-22,1232,1232,1226,1226,99.51298701298701,99.51298701298701
ridge,2024-10-23,1230,1230,1223,1223,99.4308943089431,99.4308943089431
ridge,2024-10-24,1226,1225,1222,1221,99.67373572593802,99.59216965742252
ridge,2024-10-25,1225,1224,1215,1214,99.18367346938776,99.10204081632654
ridge,2024-10-28,1224,1222,1217,1215,99.4281045751634,99.26470588235294
ridge,2024-10-29,1223,1221,1217,1215,99.50940310711366,99.34587080948488
ridge,2024-10-30,1231,1229,1223,1221,99.35012185215272,99.1876523151909
ridge,2024-10-31,1234,1232,1219,1217,98.78444084278769,98.62236628849271
ridge,2024-11-01,1236,1234,1219,1217,98.62459546925567,98.46278317152104
ridge,2024-11-04,1244,1244,1228,1228,98.71382636655949,98.71382636655949
ridge,2024-11-05,1256,1256,1244,1244,99.04458598726114,99.04458598726114
ridge,2024-11-06,1285,1285,1273,1273,99.06614785992218,99.06614785992218
ridge,2024-11-07,1298,1297,1283,1282,98.84437596302003,98.7673343605547
ridge,2024-11-08,1316,1316,1283,1283,97.49240121580547,97.49240121580547
ridge,2024-11-11,1327,1327,1321,1321,99.54785229841748,99.54785229841748
ridge,2024-11-12,1333,1333,1313,1313,98.49962490622656,98.49962490622656
ridge,2024-11-13,1340,1340,1318,1318,98.35820895522389,98.35820895522389
ridge,2024-11-14,1335,1333,1307,1305,97.90262172284645,97.75280898876404
ridge,2024-11-15,1338,1337,1282,1282,95.81464872944693,95.81464872944693
ridge,2024-11-18,1343,1340,1311,1308,97.61727475800447,97.39389426656739
ridge,2024-11-19,1345,1342,1331,1328,98.95910780669145,98.7360594795539
ridge,2024-11-20,1350,1347,1332,1329,98.66666666666667,98.44444444444444
ridge,2024-11-21,1357,1354,1333,1330,98.23139277818717,98.01031687546057
ridge,2024-11-22,1369,1366,1346,1343,98.31994156318481,98.1008035062089
ridge,2024-11-25,1377,1376,1356,1355,98.47494553376906,98.40232389251997
ridge,2024-11-26,1375,1374,1357,1356,98.69090909090909,98.61818181818182
ridge,2024-11-27,1372,1372,1354,1354,98.68804664723032,98.68804664723032
ridge,2024-11-29,1366,1365,1316,1315,96.33967789165446,96.26647144948755
ridge,2024-12-02,1369,1368,1317,1316,96.20160701241782,96.12856099342586
ridge,2024-12-03,1364,1364,1344,1344,98.53372434017595,98.53372434017595
ridge,2024-12-04,1366,1366,1348,1348,98.68228404099561,98.68228404099561
ridge,2024-12-05,1347,1347,1324,1324,98.29250185597624,98.29250185597624
ridge,2024-12-06,1332,1332,1294,1294,97.14714714714715,97.14714714714715
ridge,2024-12-09,1322,1322,1299,1299,98.26021180030257,98.26021180030257
ridge,2024-12-10,1321,1321,1299,1299,98.33459500378501,98.33459500378501
ridge,2024-12-11,1321,1321,1305,1305,98.7887963663891,98.7887963663891
ridge,2024-12-12,1314,1314,1302,1302,99.08675799086758,99.08675799086758
ridge,2024-12-13,1314,1314,1260,1260,95.89041095890411,95.89041095890411
ridge,2024-12-16,1318,1318,1282,1282,97.26858877086495,97.26858877086495
ridge,2024-12-17,1320,1319,1301,1300,98.56060606060606,98.48484848484848
ridge,2024-12-18,1320,1320,1307,1307,99.01515151515152,99.01515151515152
ridge,2024-12-19,1320,1320,1307,1307,99.01515151515152,99.01515151515152
ridge,2024-12-20,1369,1368,1347,1346,98.39298758217677,98.31994156318481
ridge,2024-12-23,1365,1364,1351,1350,98.97435897435898,98.9010989010989
ridge,2024-12-24,1348,1347,1340,1339,99.40652818991099,99.33234421364985
ridge,2024-12-26,1346,1345,1332,1331,98.95988112927192,98.88558692421991
ridge,2024-12-27,1343,1343,1328,1328,98.8830975428146,98.8830975428146
ridge,2024-12-30,1346,1346,1334,1334,99.10846953937593,99.10846953937593
ridge,2024-12-31,1344,1343,1307,1306,97.24702380952381,97.17261904761905
ridge,2025-01-02,1347,1347,1321,1321,98.06978470675575,98.06978470675575
ridge,2025-01-03,1343,1341,1321,1320,98.36187639612807,98.2874162323157
ridge,2025-01-06,1348,1347,1333,1332,98.88724035608308,98.81305637982196
ridge,2025-01-07,1353,1352,1342,1341,99.1869918699187,99.1130820399113
ridge,2025-01-08,1352,1351,1341,1340,99.18639053254438,99.11242603550296
ridge,2025-01-10,1347,1345,1322,1320,98.14402375649591,97.99554565701558
ridge,2025-01-13,1344,1342,1336,1334,99.4047619047619,99.25595238095238
ridge,2025-01-14,1339,1338,1329,1328,99.25317401045557,99.17849141150111
ridge,2025-01-15,1340,1339,1324,1323,98.80597014925372,98.73134328358209
ridge,2025-01-16,1338,1337,1328,1327,99.2526158445441,99.1778774289985
ridge,2025-01-17,1335,1335,1316,1316,98.57677902621722,98.57677902621722
ridge,2025-01-21,1332,1331,1321,1320,99.17417417417417,99.09909909909909
ridge,2025-01-22,1326,1326,1316,1316,99.24585218702866,99.24585218702866
ridge,2025-01-23,1282,1282,1272,1272,99.21996879875195,99.21996879875195
ridge,2025-01-24,1284,1283,1270,1269,98.90965732087227,98.83177570093459
ridge,2025-01-27,1293,1293,1284,1284,99.30394431554524,99.30394431554524
ridge,2025-01-28,1299,1299,1291,1291,99.38414164742109,99.38414164742109
ridge,2025-01-29,1304,1304,1292,1292,99.079754601227,99.079754601227
ridge,2025-01-30,1311,1311,1302,1302,99.31350114416476,99.31350114416476
ridge,2025-01-31,1319,1318,1301,1300,98.63532979529947,98.55951478392721
ridge,2025-02-03,1319,1319,1302,1302,98.71114480667173,98.71114480667173
ridge,2025-02-04,1316,1316,1311,1311,99.62006079027356,99.62006079027356
ridge,2025-02-05,1321,1321,1314,1314,99.47009841029524,99.47009841029524
ridge,2025-02-06,1321,1321,1312,1312,99.31869795609387,99.31869795609387
ridge,2025-02-07,1319,1319,1296,1296,98.25625473843822,98.25625473843822
ridge,2025-02-10,1318,1317,1301,1300,98.71016691957512,98.63429438543247
ridge,2025-02-11,1313,1313,1304,1304,99.31454683929931,99.31454683929931
ridge,2025-02-12,1317,1317,1304,1304,99.01290812452544,99.01290812452544
ridge,2025-02-13,1318,1316,1310,1308,99.39301972685888,99.2412746585736
ridge,2025-02-14,1319,1318,1273,1272,96.51250947687642,96.43669446550417
ridge,2025-02-18,1326,1324,1289,1287,97.20965309200604,97.05882352941177
ridge,2025-02-19,1328,1327,1317,1316,99.17168674698796,99.09638554216868
ridge,2025-02-20,1327,1325,1315,1313,99.09570459683496,98.94498869630746
ridge,2025-02-21,1328,1327,1306,1305,98.3433734939759,98.26807228915662
ridge,2025-02-24,1329,1328,1304,1303,98.1188863807374,98.0436418359669
ridge,2025-02-25,1334,1333,1319,1318,98.87556221889055,98.80059970014993
ridge,2025-02-26,1339,1337,1327,1325,99.10380881254667,98.9544436146378
ridge,2025-02-27,1340,1339,1326,1325,98.95522388059702,98.88059701492537
ridge,2025-02-28,1348,1348,1294,1294,95.99406528189911,95.99406528189911
ridge,2025-03-03,1342,1342,1298,1298,96.72131147540983,96.72131147540983
ridge,2025-03-04,1349,1349,1332,1332,98.73980726464048,98.73980726464048
ridge,2025-03-05,1356,1356,1330,1330,98.08259587020649,98.08259587020649
ridge,2025-03-06,1357,1357,1330,1330,98.01031687546057,98.01031687546057
ridge,2025-03-07,1358,1358,1321,1321,97.27540500736377,97.27540500736377
ridge,2025-03-10,1355,1355,1314,1314,96.97416974169742,96.97416974169742
ridge,2025-03-11,1355,1354,1336,1335,98.59778597785977,98.5239852398524
ridge,2025-03-12,1354,1354,1338,1338,98.81831610044313,98.81831610044313
ridge,2025-03-13,1354,1354,1333,1333,98.44903988183161,98.44903988183161
ridge,2025-03-14,1360,1360,1299,1299,95.51470588235294,95.51470588235294
ridge,2025-03-17,1372,1372,1337,1337,97.44897959183673,97.44897959183673
ridge,2025-03-18,1364,1364,1344,1344,98.53372434017595,98.53372434017595
ridge,2025-03-19,1366,1366,1358,1358,99.41434846266472,99.41434846266472
ridge,2025-03-20,1363,1363,1350,1350,99.04622157006602,99.04622157006602
ridge,2025-03-21,1390,1389,1378,1377,99.13669064748201,99.06474820143885
ridge,2025-03-24,1393,1392,1383,1382,99.28212491026561,99.21033740129218
ridge,2025-03-25,1386,1384,1376,1374,99.27849927849928,99.13419913419914
ridge,2025-03-26,1380,1379,1373,1372,99.4927536231884,99.42028985507247
ridge,2025-03-27,1371,1370,1362,1361,99.34354485776805,99.27060539752006
ridge,2025-03-28,1353,1352,1335,1334,98.66962305986696,98.59571322985957
ridge,2025-03-31,1353,1353,1315,1315,97.19142645971914,97.19142645971914
ridge,2025-04-01,1345,1344,1326,1325,98.58736059479554,98.51301115241635
ridge,2025-04-02,1346,1346,1334,1334,99.10846953937593,99.10846953937593
ridge,2025-04-03,1334,1334,1316,1316,98.65067466266866,98.65067466266866
ridge,2025-04-04,1330,1330,1312,1312,98.64661654135338,98.64661654135338
ridge,2025-04-07,1338,1338,1325,1325,99.02840059790732,99.02840059790732
ridge,2025-04-08,1339,1339,1326,1326,99.02912621359224,99.02912621359224
ridge,2025-04-09,1359,1359,1344,1344,98.8962472406181,98.8962472406181
ridge,2025-04-10,1353,1351,1337,1335,98.81744271988174,98.66962305986696
ridge,2025-04-11,1356,1354,1340,1338,98.82005899705015,98.67256637168141
ridge,2025-04-14,1359,1358,1347,1346,99.11699779249449,99.04341427520235
ridge,2025-04-15,1354,1352,1338,1336,98.81831610044313,98.67060561299853
ridge,2025-04-16,1349,1347,1338,1336,99.18458117123795,99.03632320237213
ridge,2025-04-17,1346,1345,1328,1327,98.6627043090639,98.58841010401188
ridge,2025-04-21,1318,1318,1305,1305,99.01365705614568,99.01365705614568
ridge,2025-04-22,1321,1320,1307,1306,98.94019682059046,98.86449659348978
ridge,2025-04-23,1323,1322,1311,1310,99.09297052154194,99.01738473167045
ridge,2025-04-24,1329,1328,1319,1318,99.24755455229496,99.17231000752446
ridge,2025-04-25,1329,1328,1312,1311,98.72084273890142,98.64559819413093
ridge,2025-04-28,1328,1326,1317,1315,99.17168674698796,99.0210843373494
ridge,2025-04-29,1326,1325,1317,1316,99.32126696832579,99.24585218702866
ridge,2025-04-30,1324,1324,1305,1305,98.56495468277946,98.56495468277946
ridge,2025-05-01,1327,1327,1314,1314,99.02034664657121,99.02034664657121
ridge,2025-05-02,1325,1325,1308,1308,98.71698113207547,98.71698113207547
ridge,2025-05-05,1315,1315,1297,1297,98.63117870722434,98.63117870722434
ridge,2025-05-06,1305,1305,1294,1294,99.15708812260536,99.15708812260536
ridge,2025-05-07,1307,1307,1298,1298,99.31140015302219,99.31140015302219
ridge,2025-05-08,1303,1302,1288,1287,98.84881043745203,98.7720644666155
ridge,2025-05-09,1299,1297,1270,1268,97.76751347190147,97.61354888375674
ridge,2025-05-12,1313,1311,1289,1287,98.17212490479817,98.01980198019803
ridge,2025-05-13,1319,1317,1305,1303,98.93858984078848,98.78695981804397
ridge,2025-05-14,1322,1320,1305,1303,98.71406959152799,98.56278366111951
ridge,2025-05-15,1322,1321,1280,1279,96.82299546142208,96.74735249621786
ridge,2025-05-16,1327,1326,1294,1293,97.51318764129616,97.4378296910324
ridge,2025-05-19,1322,1322,1289,1289,97.50378214826021,97.50378214826021
ridge,2025-05-20,1324,1323,1311,1310,99.01812688821752,98.94259818731118
ridge,2025-05-21,1311,1311,1297,1297,98.93211289092297,98.93211289092297
ridge,2025-05-22,1309,1308,1293,1292,98.77769289533995,98.7012987012987
ridge,2025-05-23,1310,1309,1284,1283,98.01526717557252,97.93893129770993
ridge,2025-05-27,1317,1316,1295,1294,98.32953682611996,98.2536066818527
ridge,2025-05-28,1320,1319,1310,1309,99.24242424242425,99.16666666666667
ridge,2025-05-29,1316,1315,1301,1300,98.86018237082067,98.78419452887537
ridge,2025-05-30,1313,1312,1267,1266,96.49657273419649,96.42041127189643
ridge,2025-06-02,1310,1310,1260,1260,96.18320610687023,96.18320610687023
ridge,2025-06-03,1317,1317,1305,1305,99.08883826879271,99.08883826879271
ridge,2025-06-04,1314,1314,1297,1297,98.7062404870624,98.7062404870624
ridge,2025-06-05,1309,1309,1291,1291,98.62490450725745,98.62490450725745
ridge,2025-06-06,1314,1314,1281,1281,97.48858447488584,97.48858447488584
ridge,2025-06-09,1313,1313,1295,1295,98.62909367859864,98.62909367859864
ridge,2025-06-10,1308,1308,1286,1286,98.31804281345566,98.31804281345566
ridge,2025-06-11,1304,1304,1294,1294,99.23312883435582,99.23312883435582
ridge,2025-06-12,1298,1298,1286,1286,99.07550077041603,99.07550077041603
ridge,2025-06-13,1293,1293,1241,1241,95.9783449342614,95.9783449342614
ridge,2025-06-16,1297,1297,1261,1261,97.22436391673092,97.22436391673092
ridge,2025-06-17,1297,1296,1287,1286,99.2289899768697,99.15188897455667
ridge,2025-06-18,1301,1301,1285,1285,98.77017678708685,98.77017678708685
ridge,2025-06-20,1324,1323,1314,1313,99.24471299093656,99.16918429003022
ridge,2025-06-23,1327,1324,1317,1314,99.24642049736248,99.02034664657121
ridge,2025-06-24,1336,1333,1327,1324,99.32634730538922,99.10179640718563
ridge,2025-06-25,1334,1331,1329,1326,99.62518740629685,99.40029985007496
ridge,2025-06-26,1343,1340,1336,1333,99.47877885331347,99.2553983618764
ridge,2025-06-27,1378,1376,1362,1360,98.8388969521045,98.69375907111757
ridge,2025-06-30,1380,1377,1348,1345,97.68115942028986,97.46376811594203
ridge,2025-07-01,1384,1383,1360,1359,98.26589595375722,98.19364161849711
ridge,2025-07-02,1394,1394,1383,1383,99.21090387374461,99.21090387374461
ridge,2025-07-03,1394,1394,1368,1368,98.1348637015782,98.1348637015782
ridge,2025-07-07,1395,1394,1380,1379,98.9247311827957,98.85304659498208
ridge,2025-07-08,1403,1401,1390,1388,99.07341411261582,98.93086243763364
ridge,2025-07-09,1404,1400,1390,1386,99.002849002849,98.71794871794872
ridge,2025-07-10,1409,1403,1390,1384,98.65152590489708,98.22569198012775
ridge,2025-07-11,1406,1400,1386,1380,98.57752489331436,98.15078236130867
ridge,2025-07-14,1415,1410,1404,1399,99.2226148409894,98.86925795053004
ridge,2025-07-15,1413,1408,1390,1385,98.3722576079264,98.01840056617127
ridge,2025-07-16,1413,1410,1399,1396,99.00920028308563,98.79688605803256
ridge,2025-07-17,1415,1413,1398,1396,98.79858657243817,98.65724381625442
ridge,2025-07-18,1414,1414,1393,1393,98.51485148514851,98.51485148514851
ridge,2025-07-21,1395,1395,1377,1377,98.70967741935483,98.70967741935483
ridge,2025-07-22,1402,1402,1388,1388,99.00142653352354,99.00142653352354
ridge,2025-07-23,1404,1404,1389,1389,98.93162393162393,98.93162393162393
ridge,2025-07-24,1407,1406,1392,1391,98.93390191897655,98.86282871357498
ridge,2025-07-25,1407,1407,1386,1386,98.50746268656717,98.50746268656717
ridge,2025-07-28,1378,1377,1367,1366,99.20174165457185,99.12917271407838
ridge,2025-07-29,1370,1369,1357,1356,99.05109489051095,98.97810218978103
ridge,2025-07-30,1366,1364,1351,1349,98.90190336749635,98.75549048316252
ridge,2025-07-31,1368,1366,1344,1342,98.24561403508773,98.09941520467837
ridge,2025-08-01,1383,1381,1362,1360,98.48156182212581,98.33694866232827
ridge,2025-08-04,1383,1382,1361,1360,98.40925524222705,98.33694866232827
ridge,2025-08-05,1392,1391,1372,1371,98.5632183908046,98.49137931034483
ridge,2025-08-06,1392,1391,1378,1377,98.99425287356321,98.92241379310344
ridge,2025-08-07,1393,1393,1369,1369,98.27709978463747,98.27709978463747
ridge,2025-08-08,1401,1401,1365,1365,97.4304068522484,97.4304068522484
ridge,2025-08-11,1404,1404,1375,1375,97.93447293447294,97.93447293447294
ridge,2025-08-12,1411,1411,1384,1384,98.08646350106308,98.08646350106308
ridge,2025-08-13,1419,1419,1394,1394,98.23819591261451,98.23819591261451
ridge,2025-08-14,1421,1420,1386,1385,97.53694581280789,97.46657283603096
ridge,2025-08-15,1427,1426,1363,1362,95.51506657323056,95.44498948843729
ridge,2025-08-18,1429,1428,1390,1389,97.27081875437369,97.20083974807558
ridge,2025-08-19,1425,1425,1402,1402,98.3859649122807,98.3859649122807
ridge,2025-08-20,1422,1421,1394,1393,98.0309423347398,97.9606188466948
ridge,2025-08-21,1420,1419,1395,1394,98.2394366197183,98.16901408450704
ridge,2025-08-22,1430,1429,1401,1400,97.97202797202797,97.9020979020979
ridge,2025-08-25,1420,1418,1398,1396,98.45070422535211,98.30985915492958
ridge,2025-08-26,1422,1421,1405,1404,98.80450070323488,98.73417721518987
ridge,2025-08-27,1423,1421,1407,1405,98.8756148981026,98.73506676036543
ridge,2025-08-28,1418,1416,1399,1397,98.66008462623414,98.51904090267983
ridge,2025-08-29,1407,1405,1349,1347,95.87775408670932,95.73560767590618
ridge,2025-09-02,1408,1407,1350,1349,95.88068181818181,95.8096590909091
ridge,2025-09-03,1400,1398,1374,1372,98.14285714285714,98.0
ridge,2025-09-04,1399,1398,1374,1373,98.21300929235169,98.14152966404575
ridge,2025-09-05,1390,1389,1348,1347,96.97841726618705,96.90647482014388
ridge,2025-09-08,1389,1389,1373,1373,98.84809215262779,98.84809215262779
ridge,2025-09-09,1384,1384,1370,1370,98.98843930635839,98.98843930635839
ridge,2025-09-10,1382,1382,1358,1358,98.26338639652677,98.26338639652677
ridge,2025-09-11,1383,1381,1365,1363,98.69848156182212,98.55386840202459
ridge,2025-09-12,1378,1378,1350,1350,97.96806966618287,97.96806966618287
ridge,2025-09-15,1375,1375,1320,1320,96.0,96.0
ridge,2025-09-16,1375,1375,1351,1351,98.25454545454545,98.25454545454545
ridge,2025-09-17,1387,1387,1375,1375,99.13482335976929,99.13482335976929
ridge,2025-09-18,1396,1396,1383,1383,99.06876790830945,99.06876790830945
ridge,2025-09-19,1425,1425,1413,1413,99.15789473684211,99.15789473684211
ridge,2025-09-22,1425,1425,1410,1410,98.94736842105263,98.94736842105263
ridge,2025-09-23,1426,1424,1416,1414,99.29873772791024,99.15848527349229
ridge,2025-09-24,1423,1422,1416,1415,99.50808151791989,99.4378074490513
ridge,2025-09-25,1424,1421,1417,1414,99.50842696629213,99.29775280898876
ridge,2025-09-26,1425,1423,1408,1406,98.80701754385964,98.66666666666667
ridge,2025-09-29,1431,1429,1420,1419,99.2313067784766,99.16142557651992
ridge,2025-09-30,1426,1424,1391,1389,97.54558204768584,97.40532959326788
ridge,2025-10-01,1429,1428,1405,1404,98.32050384884535,98.25052484254724
ridge,2025-10-02,1435,1435,1419,1419,98.88501742160278,98.88501742160278
ridge,2025-10-03,1439,1439,1415,1415,98.33217512161222,98.33217512161222
ridge,2025-10-06,1444,1444,1428,1428,98.89196675900277,98.89196675900277
ridge,2025-10-07,1444,1444,1427,1427,98.82271468144044,98.82271468144044
ridge,2025-10-08,1442,1442,1425,1425,98.82108183079058,98.82108183079058
ridge,2025-10-09,1438,1438,1420,1420,98.74826147426982,98.74826147426982
ridge,2025-10-10,1439,1438,1413,1412,98.19318971507991,98.12369701181376
ridge,2025-10-13,1443,1442,1433,1432,99.3069993069993,99.23769923769923
ridge,2025-10-14,1445,1443,1431,1429,99.03114186851211,98.89273356401384
ridge,2025-10-15,1441,1440,1422,1421,98.68147120055517,98.6120749479528
ridge,2025-10-16,1435,1434,1420,1419,98.95470383275261,98.88501742160278
ridge,2025-10-17,1405,1404,1389,1388,98.86120996441281,98.79003558718861
ridge,2025-10-20,1403,1403,1387,1387,98.85958660014255,98.85958660014255
ridge,2025-10-21,1403,1403,1391,1391,99.14468995010691,99.14468995010691
ridge,2025-10-22,1402,1400,1388,1386,99.00142653352354,98.85877318116975
ridge,2025-10-23,1406,1403,1392,1389,99.00426742532005,98.79089615931721
ridge,2025-10-24,1404,1401,1388,1385,98.86039886039886,98.64672364672364
ridge,2025-10-27,1402,1398,1391,1387,99.21540656205421,98.93009985734665
ridge,2025-10-28,1393,1390,1382,1379,99.21033740129218,98.99497487437186
ridge,2025-10-29,1399,1397,1387,1385,99.14224446032881,98.99928520371694
ridge,2025-10-30,1395,1394,1383,1382,99.13978494623656,99.06810035842294
ridge,2025-10-31,1399,1399,1379,1379,98.57040743388134,98.57040743388134
ridge,2025-11-03,1399,1399,1380,1380,98.64188706218728,98.64188706218728
ridge,2025-11-04,1399,1399,1386,1386,99.07076483202287,99.07076483202287
ridge,2025-11-05,1407,1406,1394,1393,99.07604832977967,99.0049751243781
ridge,2025-11-06,1410,1408,1395,1393,98.93617021276596,98.79432624113475
ridge,2025-11-07,1418,1416,1390,1388,98.02538787023977,97.88434414668548
ridge,2025-11-10,1423,1420,1384,1381,97.25931131412509,97.04848910751933
ridge,2025-11-11,1425,1422,1417,1414,99.43859649122807,99.2280701754386
ridge,2025-11-12,1426,1423,1402,1399,98.31697054698458,98.10659186535764
ridge,2025-11-13,1416,1414,1390,1388,98.1638418079096,98.0225988700565
ridge,2025-11-14,1422,1421,1374,1373,96.62447257383967,96.55414908579465
ridge,2025-11-17,1426,1425,1383,1382,96.98457223001402,96.91444600280505
ridge,2025-11-18,1428,1428,1411,1411,98.80952380952381,98.80952380952381
ridge,2025-11-19,1429,1428,1406,1405,98.39048285514346,98.32050384884535
ridge,2025-11-20,1423,1421,1399,1397,98.3134223471539,98.17287420941672
ridge,2025-11-21,1439,1437,1407,1405,97.77623349548297,97.63724808895066
ridge,2025-11-24,1446,1443,1417,1414,97.99446749654219,97.78699861687413
ridge,2025-11-25,1452,1449,1428,1425,98.34710743801652,98.14049586776859
ridge,2025-11-26,1459,1457,1437,1435,98.49211788896504,98.35503769705278
ridge,2025-11-28,1449,1447,1403,1401,96.82539682539682,96.68737060041408
ridge,2025-12-01,1444,1442,1383,1381,95.77562326869806,95.6371191135734
ridge,2025-12-02,1440,1437,1417,1414,98.40277777777777,98.19444444444444
ridge,2025-12-03,1442,1439,1417,1414,98.26629680998613,98.05825242718447
ridge,2025-12-04,1441,1438,1414,1411,98.12630117973629,97.91811242192921
ridge,2025-12-05,1430,1427,1379,1376,96.43356643356644,96.22377622377623
ridge,2025-12-08,1428,1424,1405,1401,98.38935574229691,98.10924369747899
ridge,2025-12-09,1426,1422,1408,1404,98.73772791023843,98.45722300140253
ridge,2025-12-10,1433,1430,1411,1408,98.46475924633636,98.25540823447314
ridge,2025-12-11,1434,1432,1418,1416,98.88423988842399,98.74476987447699
ridge,2025-12-12,1435,1432,1406,1403,97.97909407665506,97.77003484320558
ridge,2025-12-15,1440,1438,1378,1376,95.69444444444444,95.55555555555556
ridge,2025-12-16,1442,1442,1423,1423,98.68238557558946,98.68238557558946
ridge,2025-12-17,1439,1439,1421,1421,98.74913134120918,98.74913134120918
ridge,2025-12-18,1446,1446,1427,1427,98.68603042876902,98.68603042876902
ridge,2025-12-19,1475,1475,1457,1457,98.77966101694915,98.77966101694915
ridge,2025-12-22,1472,1472,1454,1454,98.77717391304348,98.77717391304348
ridge,2025-12-23,1463,0,1450,0,99.11141490088859,0.0
ridge,2025-12-24,1454,0,1441,0,99.10591471801926,0.0
ridge,2025-12-26,1441,0,1420,0,98.54267869535045,0.0
ridge,2025-12-29,1448,0,1430,0,98.75690607734806,0.0
ridge,2025-12-30,1441,0,1426,0,98.9590562109646,0.0
ridge,2025-12-31,1439,0,1402,0,97.4287699791522,0.0
