signal_date,model,sample,ic,ic_reason,n_pairs,eligible,numeric_labels,predictions,td
2020-01-02,raw_reversal,primary_available,-0.10321718530724579,observed,1075,1076,1075,1076,6799
2020-01-02,raw_reversal,matched_complete8,-0.09947970281361468,observed,1061,1076,1075,1076,6799
2020-01-02,univariate_reversal_ridge,primary_available,-0.09947970281361468,observed,1061,1076,1075,1062,6799
2020-01-02,univariate_reversal_ridge,matched_complete8,-0.09947970281361468,observed,1061,1076,1075,1062,6799
2020-01-02,ridge,primary_available,-0.17609438694509644,observed,1061,1076,1075,1062,6799
2020-01-02,ridge,matched_complete8,-0.17609438694509644,observed,1061,1076,1075,1062,6799
2020-01-03,raw_reversal,primary_available,-0.055785549083516905,observed,1079,1081,1079,1081,6800
2020-01-03,raw_reversal,matched_complete8,-0.05858386471906016,observed,1075,1081,1079,1081,6800
2020-01-03,univariate_reversal_ridge,primary_available,-0.05858386471906016,observed,1075,1081,1079,1077,6800
2020-01-03,univariate_reversal_ridge,matched_complete8,-0.05858386471906016,observed,1075,1081,1079,1077,6800
2020-01-03,ridge,primary_available,-0.11499405491817787,observed,1075,1081,1079,1077,6800
2020-01-03,ridge,matched_complete8,-0.11499405491817787,observed,1075,1081,1079,1077,6800
2020-01-06,raw_reversal,primary_available,-0.08090843806061435,observed,1087,1087,1087,1087,6801
2020-01-06,raw_reversal,matched_complete8,-0.08285072079942628,observed,1083,1087,1087,1087,6801
2020-01-06,univariate_reversal_ridge,primary_available,-0.08285072079942628,observed,1083,1087,1087,1083,6801
2020-01-06,univariate_reversal_ridge,matched_complete8,-0.08285072079942628,observed,1083,1087,1087,1083,6801
2020-01-06,ridge,primary_available,-0.10302576564047572,observed,1083,1087,1087,1083,6801
2020-01-06,ridge,matched_complete8,-0.10302576564047572,observed,1083,1087,1087,1083,6801
2020-01-07,raw_reversal,primary_available,-0.15999035330103537,observed,1085,1085,1085,1085,6802
2020-01-07,raw_reversal,matched_complete8,-0.15951218713523796,observed,1075,1085,1085,1085,6802
2020-01-07,univariate_reversal_ridge,primary_available,-0.15951218713523796,observed,1075,1085,1085,1075,6802
2020-01-07,univariate_reversal_ridge,matched_complete8,-0.15951218713523796,observed,1075,1085,1085,1075,6802
2020-01-07,ridge,primary_available,-0.18500863248553062,observed,1075,1085,1085,1075,6802
2020-01-07,ridge,matched_complete8,-0.18500863248553062,observed,1075,1085,1085,1075,6802
2020-01-08,raw_reversal,primary_available,-0.10361374820116262,observed,1080,1080,1080,1080,6803
2020-01-08,raw_reversal,matched_complete8,-0.10190614458917885,observed,1072,1080,1080,1080,6803
2020-01-08,univariate_reversal_ridge,primary_available,-0.10190614458917885,observed,1072,1080,1080,1072,6803
2020-01-08,univariate_reversal_ridge,matched_complete8,-0.10190614458917885,observed,1072,1080,1080,1072,6803
2020-01-08,ridge,primary_available,-0.1380674468590737,observed,1072,1080,1080,1072,6803
2020-01-08,ridge,matched_complete8,-0.1380674468590737,observed,1072,1080,1080,1072,6803
2020-01-09,raw_reversal,primary_available,-0.10234283867737348,observed,1078,1079,1078,1079,6804
2020-01-09,raw_reversal,matched_complete8,-0.09920449983395377,observed,1062,1079,1078,1079,6804
2020-01-09,univariate_reversal_ridge,primary_available,-0.09920449983395377,observed,1062,1079,1078,1063,6804
2020-01-09,univariate_reversal_ridge,matched_complete8,-0.09920449983395377,observed,1062,1079,1078,1063,6804
2020-01-09,ridge,primary_available,-0.09450601648681811,observed,1062,1079,1078,1063,6804
2020-01-09,ridge,matched_complete8,-0.09450601648681811,observed,1062,1079,1078,1063,6804
2020-01-10,raw_reversal,primary_available,-0.04915880206429443,observed,1080,1080,1080,1080,6805
2020-01-10,raw_reversal,matched_complete8,-0.04636767954556051,observed,1076,1080,1080,1080,6805
2020-01-10,univariate_reversal_ridge,primary_available,-0.04636767954556051,observed,1076,1080,1080,1076,6805
2020-01-10,univariate_reversal_ridge,matched_complete8,-0.04636767954556051,observed,1076,1080,1080,1076,6805
2020-01-10,ridge,primary_available,-0.0802095349084219,observed,1076,1080,1080,1076,6805
2020-01-10,ridge,matched_complete8,-0.0802095349084219,observed,1076,1080,1080,1076,6805
2020-01-13,raw_reversal,primary_available,-0.13105140120669403,observed,1081,1081,1081,1081,6806
2020-01-13,raw_reversal,matched_complete8,-0.13077077206199958,observed,1077,1081,1081,1081,6806
2020-01-13,univariate_reversal_ridge,primary_available,-0.13077077206199958,observed,1077,1081,1081,1077,6806
2020-01-13,univariate_reversal_ridge,matched_complete8,-0.13077077206199958,observed,1077,1081,1081,1077,6806
2020-01-13,ridge,primary_available,-0.1255523383630027,observed,1077,1081,1081,1077,6806
2020-01-13,ridge,matched_complete8,-0.1255523383630027,observed,1077,1081,1081,1077,6806
2020-01-14,raw_reversal,primary_available,-0.17743917875480322,observed,1085,1086,1085,1086,6807
2020-01-14,raw_reversal,matched_complete8,-0.1768965844789694,observed,1074,1086,1085,1086,6807
2020-01-14,univariate_reversal_ridge,primary_available,-0.1768965844789694,observed,1074,1086,1085,1075,6807
2020-01-14,univariate_reversal_ridge,matched_complete8,-0.1768965844789694,observed,1074,1086,1085,1075,6807
2020-01-14,ridge,primary_available,-0.0853161317763623,observed,1074,1086,1085,1075,6807
2020-01-14,ridge,matched_complete8,-0.0853161317763623,observed,1074,1086,1085,1075,6807
2020-01-15,raw_reversal,primary_available,-0.11519675016277242,observed,1077,1079,1077,1079,6808
2020-01-15,raw_reversal,matched_complete8,-0.11170325344252498,observed,1072,1079,1077,1079,6808
2020-01-15,univariate_reversal_ridge,primary_available,-0.11170325344252498,observed,1072,1079,1077,1074,6808
2020-01-15,univariate_reversal_ridge,matched_complete8,-0.11170325344252498,observed,1072,1079,1077,1074,6808
2020-01-15,ridge,primary_available,-0.1311721210839758,observed,1072,1079,1077,1074,6808
2020-01-15,ridge,matched_complete8,-0.1311721210839758,observed,1072,1079,1077,1074,6808
2020-01-16,raw_reversal,primary_available,-0.09057375210407799,observed,1075,1076,1075,1076,6809
2020-01-16,raw_reversal,matched_complete8,-0.09324097828861472,observed,1061,1076,1075,1076,6809
2020-01-16,univariate_reversal_ridge,primary_available,-0.09324097828861472,observed,1061,1076,1075,1062,6809
2020-01-16,univariate_reversal_ridge,matched_complete8,-0.09324097828861472,observed,1061,1076,1075,1062,6809
2020-01-16,ridge,primary_available,-0.05945819070255153,observed,1061,1076,1075,1062,6809
2020-01-16,ridge,matched_complete8,-0.05945819070255153,observed,1061,1076,1075,1062,6809
2020-01-17,raw_reversal,primary_available,-0.09247310983487259,observed,1071,1072,1071,1072,6810
2020-01-17,raw_reversal,matched_complete8,-0.0907859667952007,observed,1067,1072,1071,1072,6810
2020-01-17,univariate_reversal_ridge,primary_available,-0.0907859667952007,observed,1067,1072,1071,1068,6810
2020-01-17,univariate_reversal_ridge,matched_complete8,-0.0907859667952007,observed,1067,1072,1071,1068,6810
2020-01-17,ridge,primary_available,-0.08687213881476519,observed,1067,1072,1071,1068,6810
2020-01-17,ridge,matched_complete8,-0.08687213881476519,observed,1067,1072,1071,1068,6810
2020-01-21,raw_reversal,primary_available,-0.1462045070127647,observed,1074,1075,1074,1075,6811
2020-01-21,raw_reversal,matched_complete8,-0.14558432414926156,observed,1068,1075,1074,1075,6811
2020-01-21,univariate_reversal_ridge,primary_available,-0.14558432414926156,observed,1068,1075,1074,1069,6811
2020-01-21,univariate_reversal_ridge,matched_complete8,-0.14558432414926156,observed,1068,1075,1074,1069,6811
2020-01-21,ridge,primary_available,-0.19434421612428213,observed,1068,1075,1074,1069,6811
2020-01-21,ridge,matched_complete8,-0.19434421612428213,observed,1068,1075,1074,1069,6811
2020-01-22,raw_reversal,primary_available,-0.2325082079645701,observed,1035,1037,1035,1037,6812
2020-01-22,raw_reversal,matched_complete8,-0.23187853838185096,observed,1030,1037,1035,1037,6812
2020-01-22,univariate_reversal_ridge,primary_available,-0.23187853838185096,observed,1030,1037,1035,1032,6812
2020-01-22,univariate_reversal_ridge,matched_complete8,-0.23187853838185096,observed,1030,1037,1035,1032,6812
2020-01-22,ridge,primary_available,-0.2095056646530667,observed,1030,1037,1035,1032,6812
2020-01-22,ridge,matched_complete8,-0.2095056646530667,observed,1030,1037,1035,1032,6812
2020-01-23,raw_reversal,primary_available,-0.19800169623173275,observed,1045,1046,1045,1046,6813
2020-01-23,raw_reversal,matched_complete8,-0.193318655127788,observed,1038,1046,1045,1046,6813
2020-01-23,univariate_reversal_ridge,primary_available,-0.193318655127788,observed,1038,1046,1045,1039,6813
2020-01-23,univariate_reversal_ridge,matched_complete8,-0.193318655127788,observed,1038,1046,1045,1039,6813
2020-01-23,ridge,primary_available,-0.17000142686895833,observed,1038,1046,1045,1039,6813
2020-01-23,ridge,matched_complete8,-0.17000142686895833,observed,1038,1046,1045,1039,6813
2020-01-24,raw_reversal,primary_available,-0.16358920953525063,observed,1055,1055,1055,1055,6814
2020-01-24,raw_reversal,matched_complete8,-0.16101992622090297,observed,1051,1055,1055,1055,6814
2020-01-24,univariate_reversal_ridge,primary_available,-0.16101992622090297,observed,1051,1055,1055,1051,6814
2020-01-24,univariate_reversal_ridge,matched_complete8,-0.16101992622090297,observed,1051,1055,1055,1051,6814
2020-01-24,ridge,primary_available,-0.1519785327431125,observed,1051,1055,1055,1051,6814
2020-01-24,ridge,matched_complete8,-0.1519785327431125,observed,1051,1055,1055,1051,6814
2020-01-27,raw_reversal,primary_available,-0.09405529049795167,observed,1065,1065,1065,1065,6815
2020-01-27,raw_reversal,matched_complete8,-0.0903839586824015,observed,1062,1065,1065,1065,6815
2020-01-27,univariate_reversal_ridge,primary_available,-0.0903839586824015,observed,1062,1065,1065,1062,6815
2020-01-27,univariate_reversal_ridge,matched_complete8,-0.0903839586824015,observed,1062,1065,1065,1062,6815
2020-01-27,ridge,primary_available,-0.09080582348556852,observed,1062,1065,1065,1062,6815
2020-01-27,ridge,matched_complete8,-0.09080582348556852,observed,1062,1065,1065,1062,6815
2020-01-28,raw_reversal,primary_available,-0.08642079172877938,observed,1069,1069,1069,1069,6816
2020-01-28,raw_reversal,matched_complete8,-0.08618635139816756,observed,1062,1069,1069,1069,6816
2020-01-28,univariate_reversal_ridge,primary_available,-0.08618635139816756,observed,1062,1069,1069,1062,6816
2020-01-28,univariate_reversal_ridge,matched_complete8,-0.08618635139816756,observed,1062,1069,1069,1062,6816
2020-01-28,ridge,primary_available,-0.11658489540102232,observed,1062,1069,1069,1062,6816
2020-01-28,ridge,matched_complete8,-0.11658489540102232,observed,1062,1069,1069,1062,6816
2020-01-29,raw_reversal,primary_available,0.23182253574840206,observed,1070,1070,1070,1070,6817
2020-01-29,raw_reversal,matched_complete8,0.23177635464814325,observed,1067,1070,1070,1070,6817
2020-01-29,univariate_reversal_ridge,primary_available,0.23177635464814325,observed,1067,1070,1070,1067,6817
2020-01-29,univariate_reversal_ridge,matched_complete8,0.23177635464814325,observed,1067,1070,1070,1067,6817
2020-01-29,ridge,primary_available,0.1748788238242631,observed,1067,1070,1070,1067,6817
2020-01-29,ridge,matched_complete8,0.1748788238242631,observed,1067,1070,1070,1067,6817
2020-01-30,raw_reversal,primary_available,0.11134623916998379,observed,1073,1073,1073,1073,6818
2020-01-30,raw_reversal,matched_complete8,0.10972995457906652,observed,1054,1073,1073,1073,6818
2020-01-30,univariate_reversal_ridge,primary_available,0.10972995457906652,observed,1054,1073,1073,1054,6818
2020-01-30,univariate_reversal_ridge,matched_complete8,0.10972995457906652,observed,1054,1073,1073,1054,6818
2020-01-30,ridge,primary_available,0.05898227382271152,observed,1054,1073,1073,1054,6818
2020-01-30,ridge,matched_complete8,0.05898227382271152,observed,1054,1073,1073,1054,6818
2020-01-31,raw_reversal,primary_available,0.030914354663840897,observed,1081,1081,1081,1081,6819
2020-01-31,raw_reversal,matched_complete8,0.027171880393861557,observed,1069,1081,1081,1081,6819
2020-01-31,univariate_reversal_ridge,primary_available,0.027171880393861557,observed,1069,1081,1081,1069,6819
2020-01-31,univariate_reversal_ridge,matched_complete8,0.027171880393861557,observed,1069,1081,1081,1069,6819
2020-01-31,ridge,primary_available,0.032076323004016465,observed,1069,1081,1081,1069,6819
2020-01-31,ridge,matched_complete8,0.032076323004016465,observed,1069,1081,1081,1069,6819
2020-02-03,raw_reversal,primary_available,-0.029212892410826415,observed,1084,1084,1084,1084,6820
2020-02-03,raw_reversal,matched_complete8,-0.026665765598634435,observed,1081,1084,1084,1084,6820
2020-02-03,univariate_reversal_ridge,primary_available,-0.026665765598634435,observed,1081,1084,1084,1081,6820
2020-02-03,univariate_reversal_ridge,matched_complete8,-0.026665765598634435,observed,1081,1084,1084,1081,6820
2020-02-03,ridge,primary_available,-0.021197207831290865,observed,1081,1084,1084,1081,6820
2020-02-03,ridge,matched_complete8,-0.021197207831290865,observed,1081,1084,1084,1081,6820
2020-02-04,raw_reversal,primary_available,0.05920054732869803,observed,1086,1086,1086,1086,6821
2020-02-04,raw_reversal,matched_complete8,0.061562339715183344,observed,1081,1086,1086,1086,6821
2020-02-04,univariate_reversal_ridge,primary_available,0.061562339715183344,observed,1081,1086,1086,1081,6821
2020-02-04,univariate_reversal_ridge,matched_complete8,0.061562339715183344,observed,1081,1086,1086,1081,6821
2020-02-04,ridge,primary_available,0.04167847029431484,observed,1081,1086,1086,1081,6821
2020-02-04,ridge,matched_complete8,0.04167847029431484,observed,1081,1086,1086,1081,6821
2020-02-05,raw_reversal,primary_available,0.04754354966199777,observed,1090,1090,1090,1090,6822
2020-02-05,raw_reversal,matched_complete8,0.04590823499068964,observed,1085,1090,1090,1090,6822
2020-02-05,univariate_reversal_ridge,primary_available,0.04590823499068964,observed,1085,1090,1090,1085,6822
2020-02-05,univariate_reversal_ridge,matched_complete8,0.04590823499068964,observed,1085,1090,1090,1085,6822
2020-02-05,ridge,primary_available,0.1641126682272061,observed,1085,1090,1090,1085,6822
2020-02-05,ridge,matched_complete8,0.1641126682272061,observed,1085,1090,1090,1085,6822
2020-02-06,raw_reversal,primary_available,0.01653412635634323,observed,1097,1097,1097,1097,6823
2020-02-06,raw_reversal,matched_complete8,0.011280406743964768,observed,1077,1097,1097,1097,6823
2020-02-06,univariate_reversal_ridge,primary_available,0.011280406743964768,observed,1077,1097,1097,1077,6823
2020-02-06,univariate_reversal_ridge,matched_complete8,0.011280406743964768,observed,1077,1097,1097,1077,6823
2020-02-06,ridge,primary_available,0.04246338911616423,observed,1077,1097,1097,1077,6823
2020-02-06,ridge,matched_complete8,0.04246338911616423,observed,1077,1097,1097,1077,6823
2020-02-07,raw_reversal,primary_available,0.05279980510956517,observed,1096,1096,1096,1096,6824
2020-02-07,raw_reversal,matched_complete8,0.05799048736655677,observed,1075,1096,1096,1096,6824
2020-02-07,univariate_reversal_ridge,primary_available,0.05799048736655677,observed,1075,1096,1096,1075,6824
2020-02-07,univariate_reversal_ridge,matched_complete8,0.05799048736655677,observed,1075,1096,1096,1075,6824
2020-02-07,ridge,primary_available,0.09006546310499705,observed,1075,1096,1096,1075,6824
2020-02-07,ridge,matched_complete8,0.09006546310499705,observed,1075,1096,1096,1075,6824
2020-02-10,raw_reversal,primary_available,0.057543121787092345,observed,1094,1094,1094,1094,6825
2020-02-10,raw_reversal,matched_complete8,0.05790653669207527,observed,1080,1094,1094,1094,6825
2020-02-10,univariate_reversal_ridge,primary_available,0.05790653669207527,observed,1080,1094,1094,1080,6825
2020-02-10,univariate_reversal_ridge,matched_complete8,0.05790653669207527,observed,1080,1094,1094,1080,6825
2020-02-10,ridge,primary_available,0.04409258763294499,observed,1080,1094,1094,1080,6825
2020-02-10,ridge,matched_complete8,0.04409258763294499,observed,1080,1094,1094,1080,6825
2020-02-11,raw_reversal,primary_available,0.04684583484664107,observed,1092,1092,1092,1092,6826
2020-02-11,raw_reversal,matched_complete8,0.04822187019839156,observed,1082,1092,1092,1092,6826
2020-02-11,univariate_reversal_ridge,primary_available,0.04822187019839156,observed,1082,1092,1092,1082,6826
2020-02-11,univariate_reversal_ridge,matched_complete8,0.04822187019839156,observed,1082,1092,1092,1082,6826
2020-02-11,ridge,primary_available,0.10963592851795773,observed,1082,1092,1092,1082,6826
2020-02-11,ridge,matched_complete8,0.10963592851795773,observed,1082,1092,1092,1082,6826
2020-02-12,raw_reversal,primary_available,-0.08102982026010482,observed,1100,1100,1100,1100,6827
2020-02-12,raw_reversal,matched_complete8,-0.0853609891765936,observed,1090,1100,1100,1100,6827
2020-02-12,univariate_reversal_ridge,primary_available,-0.0853609891765936,observed,1090,1100,1100,1090,6827
2020-02-12,univariate_reversal_ridge,matched_complete8,-0.0853609891765936,observed,1090,1100,1100,1090,6827
2020-02-12,ridge,primary_available,-0.007533961371242359,observed,1090,1100,1100,1090,6827
2020-02-12,ridge,matched_complete8,-0.007533961371242359,observed,1090,1100,1100,1090,6827
2020-02-13,raw_reversal,primary_available,0.033659017604384694,observed,1098,1098,1098,1098,6828
2020-02-13,raw_reversal,matched_complete8,0.03481141809183429,observed,1056,1098,1098,1098,6828
2020-02-13,univariate_reversal_ridge,primary_available,0.03481141809183429,observed,1056,1098,1098,1056,6828
2020-02-13,univariate_reversal_ridge,matched_complete8,0.03481141809183429,observed,1056,1098,1098,1056,6828
2020-02-13,ridge,primary_available,0.04818061747386198,observed,1056,1098,1098,1056,6828
2020-02-13,ridge,matched_complete8,0.04818061747386198,observed,1056,1098,1098,1056,6828
2020-02-14,raw_reversal,primary_available,0.03593700010306318,observed,1095,1095,1095,1095,6829
2020-02-14,raw_reversal,matched_complete8,0.03254887798518066,observed,1072,1095,1095,1095,6829
2020-02-14,univariate_reversal_ridge,primary_available,0.03254887798518066,observed,1072,1095,1095,1072,6829
2020-02-14,univariate_reversal_ridge,matched_complete8,0.03254887798518066,observed,1072,1095,1095,1072,6829
2020-02-14,ridge,primary_available,0.014832498947968934,observed,1072,1095,1095,1072,6829
2020-02-14,ridge,matched_complete8,0.014832498947968934,observed,1072,1095,1095,1072,6829
2020-02-18,raw_reversal,primary_available,0.018857340283723253,observed,1100,1100,1100,1100,6830
2020-02-18,raw_reversal,matched_complete8,0.02113519407894305,observed,1090,1100,1100,1100,6830
2020-02-18,univariate_reversal_ridge,primary_available,0.02113519407894305,observed,1090,1100,1100,1090,6830
2020-02-18,univariate_reversal_ridge,matched_complete8,0.02113519407894305,observed,1090,1100,1100,1090,6830
2020-02-18,ridge,primary_available,0.037580628330789734,observed,1090,1100,1100,1090,6830
2020-02-18,ridge,matched_complete8,0.037580628330789734,observed,1090,1100,1100,1090,6830
2020-02-19,raw_reversal,primary_available,0.0702399983398706,observed,1095,1096,1095,1096,6831
2020-02-19,raw_reversal,matched_complete8,0.06949165803945874,observed,1084,1096,1095,1096,6831
2020-02-19,univariate_reversal_ridge,primary_available,0.06949165803945874,observed,1084,1096,1095,1085,6831
2020-02-19,univariate_reversal_ridge,matched_complete8,0.06949165803945874,observed,1084,1096,1095,1085,6831
2020-02-19,ridge,primary_available,0.21163337917314423,observed,1084,1096,1095,1085,6831
2020-02-19,ridge,matched_complete8,0.21163337917314423,observed,1084,1096,1095,1085,6831
2020-02-20,raw_reversal,primary_available,-0.04601542723166893,observed,1099,1099,1099,1099,6832
2020-02-20,raw_reversal,matched_complete8,-0.04213705480384031,observed,1083,1099,1099,1099,6832
2020-02-20,univariate_reversal_ridge,primary_available,-0.04213705480384031,observed,1083,1099,1099,1083,6832
2020-02-20,univariate_reversal_ridge,matched_complete8,-0.04213705480384031,observed,1083,1099,1099,1083,6832
2020-02-20,ridge,primary_available,0.08369152633110202,observed,1083,1099,1099,1083,6832
2020-02-20,ridge,matched_complete8,0.08369152633110202,observed,1083,1099,1099,1083,6832
2020-02-21,raw_reversal,primary_available,0.09003876508290545,observed,1097,1097,1097,1097,6833
2020-02-21,raw_reversal,matched_complete8,0.0857195350607446,observed,1082,1097,1097,1097,6833
2020-02-21,univariate_reversal_ridge,primary_available,0.0857195350607446,observed,1082,1097,1097,1082,6833
2020-02-21,univariate_reversal_ridge,matched_complete8,0.0857195350607446,observed,1082,1097,1097,1082,6833
2020-02-21,ridge,primary_available,0.09535591472657468,observed,1082,1097,1097,1082,6833
2020-02-21,ridge,matched_complete8,0.09535591472657468,observed,1082,1097,1097,1082,6833
2020-02-24,raw_reversal,primary_available,-0.010798786213489854,observed,1097,1097,1097,1097,6834
2020-02-24,raw_reversal,matched_complete8,-0.009911067662090075,observed,1081,1097,1097,1097,6834
2020-02-24,univariate_reversal_ridge,primary_available,-0.009911067662090075,observed,1081,1097,1097,1081,6834
2020-02-24,univariate_reversal_ridge,matched_complete8,-0.009911067662090075,observed,1081,1097,1097,1081,6834
2020-02-24,ridge,primary_available,-0.0422552845704545,observed,1081,1097,1097,1081,6834
2020-02-24,ridge,matched_complete8,-0.0422552845704545,observed,1081,1097,1097,1081,6834
2020-02-25,raw_reversal,primary_available,-0.12001150425236606,observed,1105,1105,1105,1105,6835
2020-02-25,raw_reversal,matched_complete8,-0.12284713976084731,observed,1093,1105,1105,1105,6835
2020-02-25,univariate_reversal_ridge,primary_available,-0.12284713976084731,observed,1093,1105,1105,1093,6835
2020-02-25,univariate_reversal_ridge,matched_complete8,-0.12284713976084731,observed,1093,1105,1105,1093,6835
2020-02-25,ridge,primary_available,-0.13541839452866095,observed,1093,1105,1105,1093,6835
2020-02-25,ridge,matched_complete8,-0.13541839452866095,observed,1093,1105,1105,1093,6835
2020-02-26,raw_reversal,primary_available,-0.14295929401840873,observed,1108,1108,1108,1108,6836
2020-02-26,raw_reversal,matched_complete8,-0.14257721427696107,observed,1100,1108,1108,1108,6836
2020-02-26,univariate_reversal_ridge,primary_available,-0.14257721427696107,observed,1100,1108,1108,1100,6836
2020-02-26,univariate_reversal_ridge,matched_complete8,-0.14257721427696107,observed,1100,1108,1108,1100,6836
2020-02-26,ridge,primary_available,-0.17061794388439555,observed,1100,1108,1108,1100,6836
2020-02-26,ridge,matched_complete8,-0.17061794388439555,observed,1100,1108,1108,1100,6836
2020-02-27,raw_reversal,primary_available,-0.2864075718163391,observed,1127,1127,1127,1127,6837
2020-02-27,raw_reversal,matched_complete8,-0.29064245215085016,observed,1077,1127,1127,1127,6837
2020-02-27,univariate_reversal_ridge,primary_available,-0.29064245215085016,observed,1077,1127,1127,1077,6837
2020-02-27,univariate_reversal_ridge,matched_complete8,-0.29064245215085016,observed,1077,1127,1127,1077,6837
2020-02-27,ridge,primary_available,-0.13883867232254876,observed,1077,1127,1127,1077,6837
2020-02-27,ridge,matched_complete8,-0.13883867232254876,observed,1077,1127,1127,1077,6837
2020-02-28,raw_reversal,primary_available,-0.3845256731839655,observed,1145,1145,1145,1145,6838
2020-02-28,raw_reversal,matched_complete8,-0.3850383934921752,observed,1104,1145,1145,1145,6838
2020-02-28,univariate_reversal_ridge,primary_available,-0.3850383934921752,observed,1104,1145,1145,1104,6838
2020-02-28,univariate_reversal_ridge,matched_complete8,-0.3850383934921752,observed,1104,1145,1145,1104,6838
2020-02-28,ridge,primary_available,-0.052431513808367296,observed,1104,1145,1145,1104,6838
2020-02-28,ridge,matched_complete8,-0.052431513808367296,observed,1104,1145,1145,1104,6838
2020-03-02,raw_reversal,primary_available,-0.4203638725368669,observed,1153,1153,1153,1153,6839
2020-03-02,raw_reversal,matched_complete8,-0.4258816070234405,observed,1140,1153,1153,1153,6839
2020-03-02,univariate_reversal_ridge,primary_available,-0.4258816070234405,observed,1140,1153,1153,1140,6839
2020-03-02,univariate_reversal_ridge,matched_complete8,-0.4258816070234405,observed,1140,1153,1153,1140,6839
2020-03-02,ridge,primary_available,-0.34873766598032335,observed,1140,1153,1153,1140,6839
2020-03-02,ridge,matched_complete8,-0.34873766598032335,observed,1140,1153,1153,1140,6839
2020-03-03,raw_reversal,primary_available,-0.3809418055275313,observed,1154,1154,1154,1154,6840
2020-03-03,raw_reversal,matched_complete8,-0.38356354024681916,observed,1138,1154,1154,1154,6840
2020-03-03,univariate_reversal_ridge,primary_available,-0.38356354024681916,observed,1138,1154,1154,1138,6840
2020-03-03,univariate_reversal_ridge,matched_complete8,-0.38356354024681916,observed,1138,1154,1154,1138,6840
2020-03-03,ridge,primary_available,-0.3251011701755017,observed,1138,1154,1154,1138,6840
2020-03-03,ridge,matched_complete8,-0.3251011701755017,observed,1138,1154,1154,1138,6840
2020-03-04,raw_reversal,primary_available,-0.33771607775110474,observed,1157,1157,1157,1157,6841
2020-03-04,raw_reversal,matched_complete8,-0.3406299206161276,observed,1142,1157,1157,1157,6841
2020-03-04,univariate_reversal_ridge,primary_available,-0.3406299206161276,observed,1142,1157,1157,1142,6841
2020-03-04,univariate_reversal_ridge,matched_complete8,-0.3406299206161276,observed,1142,1157,1157,1142,6841
2020-03-04,ridge,primary_available,-0.2722157675451894,observed,1142,1157,1157,1142,6841
2020-03-04,ridge,matched_complete8,-0.2722157675451894,observed,1142,1157,1157,1142,6841
2020-03-05,raw_reversal,primary_available,-0.18912854935700807,observed,1153,1153,1153,1153,6842
2020-03-05,raw_reversal,matched_complete8,-0.1951975568588972,observed,1119,1153,1153,1153,6842
2020-03-05,univariate_reversal_ridge,primary_available,-0.1951975568588972,observed,1119,1153,1153,1119,6842
2020-03-05,univariate_reversal_ridge,matched_complete8,-0.1951975568588972,observed,1119,1153,1153,1119,6842
2020-03-05,ridge,primary_available,-0.16445246099993902,observed,1119,1153,1153,1119,6842
2020-03-05,ridge,matched_complete8,-0.16445246099993902,observed,1119,1153,1153,1119,6842
2020-03-06,raw_reversal,primary_available,-0.2798251994891524,observed,1152,1153,1152,1153,6843
2020-03-06,raw_reversal,matched_complete8,-0.28683704732319015,observed,1131,1153,1152,1153,6843
2020-03-06,univariate_reversal_ridge,primary_available,-0.28683704732319015,observed,1131,1153,1152,1132,6843
2020-03-06,univariate_reversal_ridge,matched_complete8,-0.28683704732319015,observed,1131,1153,1152,1132,6843
2020-03-06,ridge,primary_available,-0.2414636468668782,observed,1131,1153,1152,1132,6843
2020-03-06,ridge,matched_complete8,-0.2414636468668782,observed,1131,1153,1152,1132,6843
2020-03-09,raw_reversal,primary_available,-0.28214040612879243,observed,1141,1141,1141,1141,6844
2020-03-09,raw_reversal,matched_complete8,-0.2840058969892314,observed,1119,1141,1141,1141,6844
2020-03-09,univariate_reversal_ridge,primary_available,-0.2840058969892314,observed,1119,1141,1141,1119,6844
2020-03-09,univariate_reversal_ridge,matched_complete8,-0.2840058969892314,observed,1119,1141,1141,1119,6844
2020-03-09,ridge,primary_available,-0.2594390972827908,observed,1119,1141,1141,1119,6844
2020-03-09,ridge,matched_complete8,-0.2594390972827908,observed,1119,1141,1141,1119,6844
2020-03-10,raw_reversal,primary_available,-0.40318168449336095,observed,1147,1147,1147,1147,6845
2020-03-10,raw_reversal,matched_complete8,-0.40504906366517873,observed,1135,1147,1147,1147,6845
2020-03-10,univariate_reversal_ridge,primary_available,-0.40504906366517873,observed,1135,1147,1147,1135,6845
2020-03-10,univariate_reversal_ridge,matched_complete8,-0.40504906366517873,observed,1135,1147,1147,1135,6845
2020-03-10,ridge,primary_available,-0.22776460525266135,observed,1135,1147,1147,1135,6845
2020-03-10,ridge,matched_complete8,-0.22776460525266135,observed,1135,1147,1147,1135,6845
2020-03-11,raw_reversal,primary_available,-0.42511657172068557,observed,1140,1140,1140,1140,6846
2020-03-11,raw_reversal,matched_complete8,-0.42982060823836615,observed,1130,1140,1140,1140,6846
2020-03-11,univariate_reversal_ridge,primary_available,-0.42982060823836615,observed,1130,1140,1140,1130,6846
2020-03-11,univariate_reversal_ridge,matched_complete8,-0.42982060823836615,observed,1130,1140,1140,1130,6846
2020-03-11,ridge,primary_available,-0.3827811649360393,observed,1130,1140,1140,1130,6846
2020-03-11,ridge,matched_complete8,-0.3827811649360393,observed,1130,1140,1140,1130,6846
2020-03-12,raw_reversal,primary_available,-0.309411491756888,observed,1117,1117,1117,1117,6847
2020-03-12,raw_reversal,matched_complete8,-0.3120996827030578,observed,1071,1117,1117,1117,6847
2020-03-12,univariate_reversal_ridge,primary_available,-0.3120996827030578,observed,1071,1117,1117,1071,6847
2020-03-12,univariate_reversal_ridge,matched_complete8,-0.3120996827030578,observed,1071,1117,1117,1071,6847
2020-03-12,ridge,primary_available,-0.24994226034673883,observed,1071,1117,1117,1071,6847
2020-03-12,ridge,matched_complete8,-0.24994226034673883,observed,1071,1117,1117,1071,6847
2020-03-13,raw_reversal,primary_available,-0.16051455513141033,observed,1131,1132,1131,1132,6848
2020-03-13,raw_reversal,matched_complete8,-0.15882568578629733,observed,1108,1132,1131,1132,6848
2020-03-13,univariate_reversal_ridge,primary_available,-0.15882568578629733,observed,1108,1132,1131,1109,6848
2020-03-13,univariate_reversal_ridge,matched_complete8,-0.15882568578629733,observed,1108,1132,1131,1109,6848
2020-03-13,ridge,primary_available,-0.051189701330630034,observed,1108,1132,1131,1109,6848
2020-03-13,ridge,matched_complete8,-0.051189701330630034,observed,1108,1132,1131,1109,6848
2020-03-16,raw_reversal,primary_available,0.12290659134052818,observed,1111,1111,1111,1111,6849
2020-03-16,raw_reversal,matched_complete8,0.12397444717757058,observed,1091,1111,1111,1111,6849
2020-03-16,univariate_reversal_ridge,primary_available,0.12397444717757058,observed,1091,1111,1111,1091,6849
2020-03-16,univariate_reversal_ridge,matched_complete8,0.12397444717757058,observed,1091,1111,1111,1091,6849
2020-03-16,ridge,primary_available,0.15998214316901826,observed,1091,1111,1111,1091,6849
2020-03-16,ridge,matched_complete8,0.15998214316901826,observed,1091,1111,1111,1091,6849
2020-03-17,raw_reversal,primary_available,0.5509968394013266,observed,1116,1116,1116,1116,6850
2020-03-17,raw_reversal,matched_complete8,0.553688601534037,observed,1107,1116,1116,1116,6850
2020-03-17,univariate_reversal_ridge,primary_available,0.553688601534037,observed,1107,1116,1116,1107,6850
2020-03-17,univariate_reversal_ridge,matched_complete8,0.553688601534037,observed,1107,1116,1116,1107,6850
2020-03-17,ridge,primary_available,0.4578847462999687,observed,1107,1116,1116,1107,6850
2020-03-17,ridge,matched_complete8,0.4578847462999687,observed,1107,1116,1116,1107,6850
2020-03-18,raw_reversal,primary_available,0.8158859654255612,observed,1086,1086,1086,1086,6851
2020-03-18,raw_reversal,matched_complete8,0.8156462355937806,observed,1078,1086,1086,1086,6851
2020-03-18,univariate_reversal_ridge,primary_available,0.8156462355937806,observed,1078,1086,1086,1078,6851
2020-03-18,univariate_reversal_ridge,matched_complete8,0.8156462355937806,observed,1078,1086,1086,1078,6851
2020-03-18,ridge,primary_available,0.684217231821576,observed,1078,1086,1086,1078,6851
2020-03-18,ridge,matched_complete8,0.684217231821576,observed,1078,1086,1086,1078,6851
2020-03-19,raw_reversal,primary_available,0.639158545426995,observed,1118,1118,1118,1118,6852
2020-03-19,raw_reversal,matched_complete8,0.6380916396000522,observed,1104,1118,1118,1118,6852
2020-03-19,univariate_reversal_ridge,primary_available,0.6380916396000522,observed,1104,1118,1118,1104,6852
2020-03-19,univariate_reversal_ridge,matched_complete8,0.6380916396000522,observed,1104,1118,1118,1104,6852
2020-03-19,ridge,primary_available,0.24072739362647014,observed,1104,1118,1118,1104,6852
2020-03-19,ridge,matched_complete8,0.24072739362647014,observed,1104,1118,1118,1104,6852
2020-03-20,raw_reversal,primary_available,0.5872422630919168,observed,1121,1121,1121,1121,6853
2020-03-20,raw_reversal,matched_complete8,0.5858696515427452,observed,1114,1121,1121,1121,6853
2020-03-20,univariate_reversal_ridge,primary_available,0.5858696515427452,observed,1114,1121,1121,1114,6853
2020-03-20,univariate_reversal_ridge,matched_complete8,0.5858696515427452,observed,1114,1121,1121,1114,6853
2020-03-20,ridge,primary_available,0.38124453518262263,observed,1114,1121,1121,1114,6853
2020-03-20,ridge,matched_complete8,0.38124453518262263,observed,1114,1121,1121,1114,6853
2020-03-23,raw_reversal,primary_available,0.4662244939042744,observed,1115,1116,1115,1116,6854
2020-03-23,raw_reversal,matched_complete8,0.4640105406884403,observed,1110,1116,1115,1116,6854
2020-03-23,univariate_reversal_ridge,primary_available,0.4640105406884403,observed,1110,1116,1115,1111,6854
2020-03-23,univariate_reversal_ridge,matched_complete8,0.4640105406884403,observed,1110,1116,1115,1111,6854
2020-03-23,ridge,primary_available,0.38825087026177507,observed,1110,1116,1115,1111,6854
2020-03-23,ridge,matched_complete8,0.38825087026177507,observed,1110,1116,1115,1111,6854
2020-03-24,raw_reversal,primary_available,0.3399076749365869,observed,1156,1157,1156,1157,6855
2020-03-24,raw_reversal,matched_complete8,0.33756283614300936,observed,1148,1157,1156,1157,6855
2020-03-24,univariate_reversal_ridge,primary_available,0.33756283614300936,observed,1148,1157,1156,1149,6855
2020-03-24,univariate_reversal_ridge,matched_complete8,0.33756283614300936,observed,1148,1157,1156,1149,6855
2020-03-24,ridge,primary_available,0.4256916502875187,observed,1148,1157,1156,1149,6855
2020-03-24,ridge,matched_complete8,0.4256916502875187,observed,1148,1157,1156,1149,6855
2020-03-25,raw_reversal,primary_available,0.4945005229570319,observed,1162,1163,1162,1163,6856
2020-03-25,raw_reversal,matched_complete8,0.49805448503153466,observed,1152,1163,1162,1163,6856
2020-03-25,univariate_reversal_ridge,primary_available,0.49805448503153466,observed,1152,1163,1162,1153,6856
2020-03-25,univariate_reversal_ridge,matched_complete8,0.49805448503153466,observed,1152,1163,1162,1153,6856
2020-03-25,ridge,primary_available,0.5792179200611055,observed,1152,1163,1162,1153,6856
2020-03-25,ridge,matched_complete8,0.5792179200611055,observed,1152,1163,1162,1153,6856
2020-03-26,raw_reversal,primary_available,0.4107739010025354,observed,1164,1167,1164,1167,6857
2020-03-26,raw_reversal,matched_complete8,0.41157859498566607,observed,1152,1167,1164,1167,6857
2020-03-26,univariate_reversal_ridge,primary_available,0.41157859498566607,observed,1152,1167,1164,1155,6857
2020-03-26,univariate_reversal_ridge,matched_complete8,0.41157859498566607,observed,1152,1167,1164,1155,6857
2020-03-26,ridge,primary_available,0.4111040623318866,observed,1152,1167,1164,1155,6857
2020-03-26,ridge,matched_complete8,0.4111040623318866,observed,1152,1167,1164,1155,6857
2020-03-27,raw_reversal,primary_available,0.35708398697335886,observed,1142,1146,1142,1146,6858
2020-03-27,raw_reversal,matched_complete8,0.35428819484237356,observed,1136,1146,1142,1146,6858
2020-03-27,univariate_reversal_ridge,primary_available,0.35428819484237356,observed,1136,1146,1142,1140,6858
2020-03-27,univariate_reversal_ridge,matched_complete8,0.35428819484237356,observed,1136,1146,1142,1140,6858
2020-03-27,ridge,primary_available,0.3353287163009821,observed,1136,1146,1142,1140,6858
2020-03-27,ridge,matched_complete8,0.3353287163009821,observed,1136,1146,1142,1140,6858
2020-03-30,raw_reversal,primary_available,0.09313042475320685,observed,1132,1135,1132,1135,6859
2020-03-30,raw_reversal,matched_complete8,0.09294634609308494,observed,1106,1135,1132,1135,6859
2020-03-30,univariate_reversal_ridge,primary_available,0.09294634609308494,observed,1106,1135,1132,1109,6859
2020-03-30,univariate_reversal_ridge,matched_complete8,0.09294634609308494,observed,1106,1135,1132,1109,6859
2020-03-30,ridge,primary_available,0.043071520547485045,observed,1106,1135,1132,1109,6859
2020-03-30,ridge,matched_complete8,0.043071520547485045,observed,1106,1135,1132,1109,6859
2020-03-31,raw_reversal,primary_available,0.17243145284196984,observed,1127,1130,1127,1130,6860
2020-03-31,raw_reversal,matched_complete8,0.1773673311318543,observed,1112,1130,1127,1130,6860
2020-03-31,univariate_reversal_ridge,primary_available,0.1773673311318543,observed,1112,1130,1127,1115,6860
2020-03-31,univariate_reversal_ridge,matched_complete8,0.1773673311318543,observed,1112,1130,1127,1115,6860
2020-03-31,ridge,primary_available,0.021854786410570384,observed,1112,1130,1127,1115,6860
2020-03-31,ridge,matched_complete8,0.021854786410570384,observed,1112,1130,1127,1115,6860
2020-04-01,raw_reversal,primary_available,0.6284415652602542,observed,1107,1110,1107,1110,6861
2020-04-01,raw_reversal,matched_complete8,0.6282065919439994,observed,1099,1110,1107,1110,6861
2020-04-01,univariate_reversal_ridge,primary_available,0.6282065919439994,observed,1099,1110,1107,1102,6861
2020-04-01,univariate_reversal_ridge,matched_complete8,0.6282065919439994,observed,1099,1110,1107,1102,6861
2020-04-01,ridge,primary_available,0.4625281529928079,observed,1099,1110,1107,1102,6861
2020-04-01,ridge,matched_complete8,0.4625281529928079,observed,1099,1110,1107,1102,6861
2020-04-02,raw_reversal,primary_available,0.6596094135125335,observed,1109,1110,1109,1110,6862
2020-04-02,raw_reversal,matched_complete8,0.658492581538223,observed,1095,1110,1109,1110,6862
2020-04-02,univariate_reversal_ridge,primary_available,0.658492581538223,observed,1095,1110,1109,1096,6862
2020-04-02,univariate_reversal_ridge,matched_complete8,0.658492581538223,observed,1095,1110,1109,1096,6862
2020-04-02,ridge,primary_available,0.39573179883961285,observed,1095,1110,1109,1096,6862
2020-04-02,ridge,matched_complete8,0.39573179883961285,observed,1095,1110,1109,1096,6862
2020-04-03,raw_reversal,primary_available,0.6280130333043581,observed,1100,1101,1101,1100,6863
2020-04-03,raw_reversal,matched_complete8,0.6271314227025363,observed,1092,1101,1101,1100,6863
2020-04-03,univariate_reversal_ridge,primary_available,0.6271314227025363,observed,1092,1101,1101,1092,6863
2020-04-03,univariate_reversal_ridge,matched_complete8,0.6271314227025363,observed,1092,1101,1101,1092,6863
2020-04-03,ridge,primary_available,0.43273561825108636,observed,1092,1101,1101,1092,6863
2020-04-03,ridge,matched_complete8,0.43273561825108636,observed,1092,1101,1101,1092,6863
2020-04-06,raw_reversal,primary_available,0.1799523308506129,observed,1113,1115,1114,1114,6864
2020-04-06,raw_reversal,matched_complete8,0.18130405051748275,observed,1105,1115,1114,1114,6864
2020-04-06,univariate_reversal_ridge,primary_available,0.18130405051748275,observed,1105,1115,1114,1106,6864
2020-04-06,univariate_reversal_ridge,matched_complete8,0.18130405051748275,observed,1105,1115,1114,1106,6864
2020-04-06,ridge,primary_available,0.20450734845975288,observed,1105,1115,1114,1106,6864
2020-04-06,ridge,matched_complete8,0.20450734845975288,observed,1105,1115,1114,1106,6864
2020-04-07,raw_reversal,primary_available,0.20369150344050058,observed,1112,1113,1113,1112,6865
2020-04-07,raw_reversal,matched_complete8,0.21158565220540318,observed,1104,1113,1113,1112,6865
2020-04-07,univariate_reversal_ridge,primary_available,0.21158565220540318,observed,1104,1113,1113,1104,6865
2020-04-07,univariate_reversal_ridge,matched_complete8,0.21158565220540318,observed,1104,1113,1113,1104,6865
2020-04-07,ridge,primary_available,0.3025375748641807,observed,1104,1113,1113,1104,6865
2020-04-07,ridge,matched_complete8,0.3025375748641807,observed,1104,1113,1113,1104,6865
2020-04-08,raw_reversal,primary_available,0.3751104420264021,observed,1116,1117,1117,1116,6866
2020-04-08,raw_reversal,matched_complete8,0.37306573033349283,observed,1101,1117,1117,1116,6866
2020-04-08,univariate_reversal_ridge,primary_available,0.37306573033349283,observed,1101,1117,1117,1101,6866
2020-04-08,univariate_reversal_ridge,matched_complete8,0.37306573033349283,observed,1101,1117,1117,1101,6866
2020-04-08,ridge,primary_available,0.4617507360983082,observed,1101,1117,1117,1101,6866
2020-04-08,ridge,matched_complete8,0.4617507360983082,observed,1101,1117,1117,1101,6866
2020-04-09,raw_reversal,primary_available,0.5004587836913853,observed,1108,1110,1109,1109,6867
2020-04-09,raw_reversal,matched_complete8,0.4965667332092727,observed,1097,1110,1109,1109,6867
2020-04-09,univariate_reversal_ridge,primary_available,0.4965667332092727,observed,1097,1110,1109,1098,6867
2020-04-09,univariate_reversal_ridge,matched_complete8,0.4965667332092727,observed,1097,1110,1109,1098,6867
2020-04-09,ridge,primary_available,0.5466078938059112,observed,1097,1110,1109,1098,6867
2020-04-09,ridge,matched_complete8,0.5466078938059112,observed,1097,1110,1109,1098,6867
2020-04-13,raw_reversal,primary_available,0.4146934120208749,observed,1099,1100,1099,1100,6868
2020-04-13,raw_reversal,matched_complete8,0.4157516249521326,observed,1093,1100,1099,1100,6868
2020-04-13,univariate_reversal_ridge,primary_available,0.4157516249521326,observed,1093,1100,1099,1094,6868
2020-04-13,univariate_reversal_ridge,matched_complete8,0.4157516249521326,observed,1093,1100,1099,1094,6868
2020-04-13,ridge,primary_available,0.26281704568619646,observed,1093,1100,1099,1094,6868
2020-04-13,ridge,matched_complete8,0.26281704568619646,observed,1093,1100,1099,1094,6868
2020-04-14,raw_reversal,primary_available,0.07497709550642724,observed,1097,1098,1097,1098,6869
2020-04-14,raw_reversal,matched_complete8,0.07178549834066388,observed,1086,1098,1097,1098,6869
2020-04-14,univariate_reversal_ridge,primary_available,0.07178549834066388,observed,1086,1098,1097,1087,6869
2020-04-14,univariate_reversal_ridge,matched_complete8,0.07178549834066388,observed,1086,1098,1097,1087,6869
2020-04-14,ridge,primary_available,0.049459687857376686,observed,1086,1098,1097,1087,6869
2020-04-14,ridge,matched_complete8,0.049459687857376686,observed,1086,1098,1097,1087,6869
2020-04-15,raw_reversal,primary_available,-0.018474007254155763,observed,1078,1080,1078,1080,6870
2020-04-15,raw_reversal,matched_complete8,-0.024179859962741034,observed,1069,1080,1078,1080,6870
2020-04-15,univariate_reversal_ridge,primary_available,-0.024179859962741034,observed,1069,1080,1078,1071,6870
2020-04-15,univariate_reversal_ridge,matched_complete8,-0.024179859962741034,observed,1069,1080,1078,1071,6870
2020-04-15,ridge,primary_available,-0.024947371517913947,observed,1069,1080,1078,1071,6870
2020-04-15,ridge,matched_complete8,-0.024947371517913947,observed,1069,1080,1078,1071,6870
2020-04-16,raw_reversal,primary_available,0.055550801213106786,observed,1064,1066,1064,1066,6871
2020-04-16,raw_reversal,matched_complete8,0.057987141173294926,observed,1054,1066,1064,1066,6871
2020-04-16,univariate_reversal_ridge,primary_available,0.057987141173294926,observed,1054,1066,1064,1056,6871
2020-04-16,univariate_reversal_ridge,matched_complete8,0.057987141173294926,observed,1054,1066,1064,1056,6871
2020-04-16,ridge,primary_available,0.08956445943985025,observed,1054,1066,1064,1056,6871
2020-04-16,ridge,matched_complete8,0.08956445943985025,observed,1054,1066,1064,1056,6871
2020-04-17,raw_reversal,primary_available,-0.053046174407952534,observed,1067,1067,1067,1067,6872
2020-04-17,raw_reversal,matched_complete8,-0.05372804017362026,observed,1059,1067,1067,1067,6872
2020-04-17,univariate_reversal_ridge,primary_available,-0.05372804017362026,observed,1059,1067,1067,1059,6872
2020-04-17,univariate_reversal_ridge,matched_complete8,-0.05372804017362026,observed,1059,1067,1067,1059,6872
2020-04-17,ridge,primary_available,-0.20697703085794866,observed,1059,1067,1067,1059,6872
2020-04-17,ridge,matched_complete8,-0.20697703085794866,observed,1059,1067,1067,1059,6872
2020-04-20,raw_reversal,primary_available,0.363102853680314,observed,1052,1053,1053,1052,6873
2020-04-20,raw_reversal,matched_complete8,0.36324658930475645,observed,1047,1053,1053,1052,6873
2020-04-20,univariate_reversal_ridge,primary_available,0.36324658930475645,observed,1047,1053,1053,1047,6873
2020-04-20,univariate_reversal_ridge,matched_complete8,0.36324658930475645,observed,1047,1053,1053,1047,6873
2020-04-20,ridge,primary_available,-0.008017547524228945,observed,1047,1053,1053,1047,6873
2020-04-20,ridge,matched_complete8,-0.008017547524228945,observed,1047,1053,1053,1047,6873
2020-04-21,raw_reversal,primary_available,0.41554451769695117,observed,1046,1047,1047,1046,6874
2020-04-21,raw_reversal,matched_complete8,0.4211702469981877,observed,1038,1047,1047,1046,6874
2020-04-21,univariate_reversal_ridge,primary_available,0.4211702469981877,observed,1038,1047,1047,1038,6874
2020-04-21,univariate_reversal_ridge,matched_complete8,0.4211702469981877,observed,1038,1047,1047,1038,6874
2020-04-21,ridge,primary_available,-0.048860313085832593,observed,1038,1047,1047,1038,6874
2020-04-21,ridge,matched_complete8,-0.048860313085832593,observed,1038,1047,1047,1038,6874
2020-04-22,raw_reversal,primary_available,0.1638823438913545,observed,1039,1040,1040,1039,6875
2020-04-22,raw_reversal,matched_complete8,0.16343116355815787,observed,1033,1040,1040,1039,6875
2020-04-22,univariate_reversal_ridge,primary_available,0.16343116355815787,observed,1033,1040,1040,1033,6875
2020-04-22,univariate_reversal_ridge,matched_complete8,0.16343116355815787,observed,1033,1040,1040,1033,6875
2020-04-22,ridge,primary_available,-0.07300937402717214,observed,1033,1040,1040,1033,6875
2020-04-22,ridge,matched_complete8,-0.07300937402717214,observed,1033,1040,1040,1033,6875
2020-04-23,raw_reversal,primary_available,-0.1484408348972113,observed,1027,1028,1028,1027,6876
2020-04-23,raw_reversal,matched_complete8,-0.14788754975536256,observed,1021,1028,1028,1027,6876
2020-04-23,univariate_reversal_ridge,primary_available,-0.14788754975536256,observed,1021,1028,1028,1021,6876
2020-04-23,univariate_reversal_ridge,matched_complete8,-0.14788754975536256,observed,1021,1028,1028,1021,6876
2020-04-23,ridge,primary_available,-0.3593495611385042,observed,1021,1028,1028,1021,6876
2020-04-23,ridge,matched_complete8,-0.3593495611385042,observed,1021,1028,1028,1021,6876
2020-04-24,raw_reversal,primary_available,0.08328048291143754,observed,1025,1026,1026,1025,6877
2020-04-24,raw_reversal,matched_complete8,0.08546119779326657,observed,1016,1026,1026,1025,6877
2020-04-24,univariate_reversal_ridge,primary_available,0.08546119779326657,observed,1016,1026,1026,1016,6877
2020-04-24,univariate_reversal_ridge,matched_complete8,0.08546119779326657,observed,1016,1026,1026,1016,6877
2020-04-24,ridge,primary_available,-0.05891657882099493,observed,1016,1026,1026,1016,6877
2020-04-24,ridge,matched_complete8,-0.05891657882099493,observed,1016,1026,1026,1016,6877
2020-04-27,raw_reversal,primary_available,-0.039338278404760715,observed,1029,1029,1029,1029,6878
2020-04-27,raw_reversal,matched_complete8,-0.03680970560021282,observed,1019,1029,1029,1029,6878
2020-04-27,univariate_reversal_ridge,primary_available,-0.03680970560021282,observed,1019,1029,1029,1019,6878
2020-04-27,univariate_reversal_ridge,matched_complete8,-0.03680970560021282,observed,1019,1029,1029,1019,6878
2020-04-27,ridge,primary_available,-0.05656851287620191,observed,1019,1029,1029,1019,6878
2020-04-27,ridge,matched_complete8,-0.05656851287620191,observed,1019,1029,1029,1019,6878
2020-04-28,raw_reversal,primary_available,0.22289747752459488,observed,1031,1031,1031,1031,6879
2020-04-28,raw_reversal,matched_complete8,0.2228979975475314,observed,1022,1031,1031,1031,6879
2020-04-28,univariate_reversal_ridge,primary_available,0.2228979975475314,observed,1022,1031,1031,1022,6879
2020-04-28,univariate_reversal_ridge,matched_complete8,0.2228979975475314,observed,1022,1031,1031,1022,6879
2020-04-28,ridge,primary_available,0.34459159006225,observed,1022,1031,1031,1022,6879
2020-04-28,ridge,matched_complete8,0.34459159006225,observed,1022,1031,1031,1022,6879
2020-04-29,raw_reversal,primary_available,0.4091687696874372,observed,1049,1049,1049,1049,6880
2020-04-29,raw_reversal,matched_complete8,0.41308756864776913,observed,1035,1049,1049,1049,6880
2020-04-29,univariate_reversal_ridge,primary_available,0.41308756864776913,observed,1035,1049,1049,1035,6880
2020-04-29,univariate_reversal_ridge,matched_complete8,0.41308756864776913,observed,1035,1049,1049,1035,6880
2020-04-29,ridge,primary_available,0.4206484340256712,observed,1035,1049,1049,1035,6880
2020-04-29,ridge,matched_complete8,0.4206484340256712,observed,1035,1049,1049,1035,6880
2020-04-30,raw_reversal,primary_available,0.08165844397698269,observed,1056,1056,1056,1056,6881
2020-04-30,raw_reversal,matched_complete8,0.08354866467758651,observed,1040,1056,1056,1056,6881
2020-04-30,univariate_reversal_ridge,primary_available,0.08354866467758651,observed,1040,1056,1056,1040,6881
2020-04-30,univariate_reversal_ridge,matched_complete8,0.08354866467758651,observed,1040,1056,1056,1040,6881
2020-04-30,ridge,primary_available,0.07416749997485694,observed,1040,1056,1056,1040,6881
2020-04-30,ridge,matched_complete8,0.07416749997485694,observed,1040,1056,1056,1040,6881
2020-05-01,raw_reversal,primary_available,-0.07651120868817211,observed,1051,1051,1051,1051,6882
2020-05-01,raw_reversal,matched_complete8,-0.07562557761278467,observed,1036,1051,1051,1051,6882
2020-05-01,univariate_reversal_ridge,primary_available,-0.07562557761278467,observed,1036,1051,1051,1036,6882
2020-05-01,univariate_reversal_ridge,matched_complete8,-0.07562557761278467,observed,1036,1051,1051,1036,6882
2020-05-01,ridge,primary_available,-0.041092147431024593,observed,1036,1051,1051,1036,6882
2020-05-01,ridge,matched_complete8,-0.041092147431024593,observed,1036,1051,1051,1036,6882
2020-05-04,raw_reversal,primary_available,0.05276886910786816,observed,1048,1048,1048,1048,6883
2020-05-04,raw_reversal,matched_complete8,0.05681583732249702,observed,1042,1048,1048,1048,6883
2020-05-04,univariate_reversal_ridge,primary_available,0.05681583732249702,observed,1042,1048,1048,1042,6883
2020-05-04,univariate_reversal_ridge,matched_complete8,0.05681583732249702,observed,1042,1048,1048,1042,6883
2020-05-04,ridge,primary_available,0.07800653466572821,observed,1042,1048,1048,1042,6883
2020-05-04,ridge,matched_complete8,0.07800653466572821,observed,1042,1048,1048,1042,6883
2020-05-05,raw_reversal,primary_available,-0.29624767575443695,observed,1045,1045,1045,1045,6884
2020-05-05,raw_reversal,matched_complete8,-0.2953051829996743,observed,1039,1045,1045,1045,6884
2020-05-05,univariate_reversal_ridge,primary_available,-0.2953051829996743,observed,1039,1045,1045,1039,6884
2020-05-05,univariate_reversal_ridge,matched_complete8,-0.2953051829996743,observed,1039,1045,1045,1039,6884
2020-05-05,ridge,primary_available,-0.21888413050313163,observed,1039,1045,1045,1039,6884
2020-05-05,ridge,matched_complete8,-0.21888413050313163,observed,1039,1045,1045,1039,6884
2020-05-06,raw_reversal,primary_available,-0.4426132013755194,observed,1044,1044,1044,1044,6885
2020-05-06,raw_reversal,matched_complete8,-0.44096588597266967,observed,1032,1044,1044,1044,6885
2020-05-06,univariate_reversal_ridge,primary_available,-0.44096588597266967,observed,1032,1044,1044,1032,6885
2020-05-06,univariate_reversal_ridge,matched_complete8,-0.44096588597266967,observed,1032,1044,1044,1032,6885
2020-05-06,ridge,primary_available,-0.2744431028361627,observed,1032,1044,1044,1032,6885
2020-05-06,ridge,matched_complete8,-0.2744431028361627,observed,1032,1044,1044,1032,6885
2020-05-07,raw_reversal,primary_available,-0.3013985921433955,observed,1048,1048,1048,1048,6886
2020-05-07,raw_reversal,matched_complete8,-0.2984439956810464,observed,1022,1048,1048,1048,6886
2020-05-07,univariate_reversal_ridge,primary_available,-0.2984439956810464,observed,1022,1048,1048,1022,6886
2020-05-07,univariate_reversal_ridge,matched_complete8,-0.2984439956810464,observed,1022,1048,1048,1022,6886
2020-05-07,ridge,primary_available,0.08573918944059139,observed,1022,1048,1048,1022,6886
2020-05-07,ridge,matched_complete8,0.08573918944059139,observed,1022,1048,1048,1022,6886
2020-05-08,raw_reversal,primary_available,-0.21254202723271,observed,1050,1052,1050,1052,6887
2020-05-08,raw_reversal,matched_complete8,-0.21470824425639853,observed,1029,1052,1050,1052,6887
2020-05-08,univariate_reversal_ridge,primary_available,-0.21470824425639853,observed,1029,1052,1050,1031,6887
2020-05-08,univariate_reversal_ridge,matched_complete8,-0.21470824425639853,observed,1029,1052,1050,1031,6887
2020-05-08,ridge,primary_available,0.06419066075379108,observed,1029,1052,1050,1031,6887
2020-05-08,ridge,matched_complete8,0.06419066075379108,observed,1029,1052,1050,1031,6887
2020-05-11,raw_reversal,primary_available,0.07667096692214899,observed,1056,1058,1056,1058,6888
2020-05-11,raw_reversal,matched_complete8,0.07447873213175431,observed,1047,1058,1056,1058,6888
2020-05-11,univariate_reversal_ridge,primary_available,0.07447873213175431,observed,1047,1058,1056,1049,6888
2020-05-11,univariate_reversal_ridge,matched_complete8,0.07447873213175431,observed,1047,1058,1056,1049,6888
2020-05-11,ridge,primary_available,0.04710852375172301,observed,1047,1058,1056,1049,6888
2020-05-11,ridge,matched_complete8,0.04710852375172301,observed,1047,1058,1056,1049,6888
2020-05-12,raw_reversal,primary_available,0.09434231361764513,observed,1055,1057,1055,1057,6889
2020-05-12,raw_reversal,matched_complete8,0.09498813116452451,observed,1042,1057,1055,1057,6889
2020-05-12,univariate_reversal_ridge,primary_available,0.09498813116452451,observed,1042,1057,1055,1044,6889
2020-05-12,univariate_reversal_ridge,matched_complete8,0.09498813116452451,observed,1042,1057,1055,1044,6889
2020-05-12,ridge,primary_available,0.04611369441229848,observed,1042,1057,1055,1044,6889
2020-05-12,ridge,matched_complete8,0.04611369441229848,observed,1042,1057,1055,1044,6889
2020-05-13,raw_reversal,primary_available,0.3141782567883342,observed,1060,1062,1060,1062,6890
2020-05-13,raw_reversal,matched_complete8,0.31449180943645383,observed,1048,1062,1060,1062,6890
2020-05-13,univariate_reversal_ridge,primary_available,0.31449180943645383,observed,1048,1062,1060,1050,6890
2020-05-13,univariate_reversal_ridge,matched_complete8,0.31449180943645383,observed,1048,1062,1060,1050,6890
2020-05-13,ridge,primary_available,0.2571009589819657,observed,1048,1062,1060,1050,6890
2020-05-13,ridge,matched_complete8,0.2571009589819657,observed,1048,1062,1060,1050,6890
2020-05-14,raw_reversal,primary_available,0.309054609808443,observed,1065,1067,1065,1067,6891
2020-05-14,raw_reversal,matched_complete8,0.3025897499565941,observed,1026,1067,1065,1067,6891
2020-05-14,univariate_reversal_ridge,primary_available,0.3025897499565941,observed,1026,1067,1065,1028,6891
2020-05-14,univariate_reversal_ridge,matched_complete8,0.3025897499565941,observed,1026,1067,1065,1028,6891
2020-05-14,ridge,primary_available,-0.203897706452658,observed,1026,1067,1065,1028,6891
2020-05-14,ridge,matched_complete8,-0.203897706452658,observed,1026,1067,1065,1028,6891
2020-05-15,raw_reversal,primary_available,0.3833564121119855,observed,1067,1067,1067,1067,6892
2020-05-15,raw_reversal,matched_complete8,0.37970389401604576,observed,1041,1067,1067,1067,6892
2020-05-15,univariate_reversal_ridge,primary_available,0.37970389401604576,observed,1041,1067,1067,1041,6892
2020-05-15,univariate_reversal_ridge,matched_complete8,0.37970389401604576,observed,1041,1067,1067,1041,6892
2020-05-15,ridge,primary_available,0.04626573569112615,observed,1041,1067,1067,1041,6892
2020-05-15,ridge,matched_complete8,0.04626573569112615,observed,1041,1067,1067,1041,6892
2020-05-18,raw_reversal,primary_available,-0.13287255435621337,observed,1074,1076,1076,1074,6893
2020-05-18,raw_reversal,matched_complete8,-0.13028169599796333,observed,1063,1076,1076,1074,6893
2020-05-18,univariate_reversal_ridge,primary_available,-0.13028169599796333,observed,1063,1076,1076,1063,6893
2020-05-18,univariate_reversal_ridge,matched_complete8,-0.13028169599796333,observed,1063,1076,1076,1063,6893
2020-05-18,ridge,primary_available,-0.46755184529415045,observed,1063,1076,1076,1063,6893
2020-05-18,ridge,matched_complete8,-0.46755184529415045,observed,1063,1076,1076,1063,6893
2020-05-19,raw_reversal,primary_available,-0.15568634258127687,observed,1075,1077,1077,1075,6894
2020-05-19,raw_reversal,matched_complete8,-0.1644140424656575,observed,1056,1077,1077,1075,6894
2020-05-19,univariate_reversal_ridge,primary_available,-0.1644140424656575,observed,1056,1077,1077,1056,6894
2020-05-19,univariate_reversal_ridge,matched_complete8,-0.1644140424656575,observed,1056,1077,1077,1056,6894
2020-05-19,ridge,primary_available,-0.16366964537925902,observed,1056,1077,1077,1056,6894
2020-05-19,ridge,matched_complete8,-0.16366964537925902,observed,1056,1077,1077,1056,6894
2020-05-20,raw_reversal,primary_available,-0.14649391033238163,observed,1081,1083,1083,1081,6895
2020-05-20,raw_reversal,matched_complete8,-0.15061274311585152,observed,1065,1083,1083,1081,6895
2020-05-20,univariate_reversal_ridge,primary_available,-0.15061274311585152,observed,1065,1083,1083,1065,6895
2020-05-20,univariate_reversal_ridge,matched_complete8,-0.15061274311585152,observed,1065,1083,1083,1065,6895
2020-05-20,ridge,primary_available,-0.1580675533257873,observed,1065,1083,1083,1065,6895
2020-05-20,ridge,matched_complete8,-0.1580675533257873,observed,1065,1083,1083,1065,6895
2020-05-21,raw_reversal,primary_available,0.01230824243642673,observed,1081,1083,1083,1081,6896
2020-05-21,raw_reversal,matched_complete8,0.008811080091575836,observed,1059,1083,1083,1081,6896
2020-05-21,univariate_reversal_ridge,primary_available,0.008811080091575836,observed,1059,1083,1083,1059,6896
2020-05-21,univariate_reversal_ridge,matched_complete8,0.008811080091575836,observed,1059,1083,1083,1059,6896
2020-05-21,ridge,primary_available,-0.0519302297215563,observed,1059,1083,1083,1059,6896
2020-05-21,ridge,matched_complete8,-0.0519302297215563,observed,1059,1083,1083,1059,6896
2020-05-22,raw_reversal,primary_available,-0.003922103951579564,observed,1080,1082,1082,1080,6897
2020-05-22,raw_reversal,matched_complete8,-0.00421907266501776,observed,1062,1082,1082,1080,6897
2020-05-22,univariate_reversal_ridge,primary_available,-0.00421907266501776,observed,1062,1082,1082,1062,6897
2020-05-22,univariate_reversal_ridge,matched_complete8,-0.00421907266501776,observed,1062,1082,1082,1062,6897
2020-05-22,ridge,primary_available,0.022560984629572223,observed,1062,1082,1082,1062,6897
2020-05-22,ridge,matched_complete8,0.022560984629572223,observed,1062,1082,1082,1062,6897
2020-05-26,raw_reversal,primary_available,0.15063660194686507,observed,1092,1092,1092,1092,6898
2020-05-26,raw_reversal,matched_complete8,0.15309614205431699,observed,1078,1092,1092,1092,6898
2020-05-26,univariate_reversal_ridge,primary_available,0.15309614205431699,observed,1078,1092,1092,1078,6898
2020-05-26,univariate_reversal_ridge,matched_complete8,0.15309614205431699,observed,1078,1092,1092,1078,6898
2020-05-26,ridge,primary_available,0.17698189528053648,observed,1078,1092,1092,1078,6898
2020-05-26,ridge,matched_complete8,0.17698189528053648,observed,1078,1092,1092,1078,6898
2020-05-27,raw_reversal,primary_available,0.04334303258322633,observed,1104,1104,1104,1104,6899
2020-05-27,raw_reversal,matched_complete8,0.04553807171583185,observed,1089,1104,1104,1104,6899
2020-05-27,univariate_reversal_ridge,primary_available,0.04553807171583185,observed,1089,1104,1104,1089,6899
2020-05-27,univariate_reversal_ridge,matched_complete8,0.04553807171583185,observed,1089,1104,1104,1089,6899
2020-05-27,ridge,primary_available,0.062004703033521257,observed,1089,1104,1104,1089,6899
2020-05-27,ridge,matched_complete8,0.062004703033521257,observed,1089,1104,1104,1089,6899
2020-05-28,raw_reversal,primary_available,-0.41484669965519594,observed,1091,1092,1091,1092,6900
2020-05-28,raw_reversal,matched_complete8,-0.4118535266601796,observed,1057,1092,1091,1092,6900
2020-05-28,univariate_reversal_ridge,primary_available,-0.4118535266601796,observed,1057,1092,1091,1058,6900
2020-05-28,univariate_reversal_ridge,matched_complete8,-0.4118535266601796,observed,1057,1092,1091,1058,6900
2020-05-28,ridge,primary_available,-0.25317437185188985,observed,1057,1092,1091,1058,6900
2020-05-28,ridge,matched_complete8,-0.25317437185188985,observed,1057,1092,1091,1058,6900
2020-05-29,raw_reversal,primary_available,-0.11398295260660467,observed,1093,1093,1093,1093,6901
2020-05-29,raw_reversal,matched_complete8,-0.11462236906617451,observed,1053,1093,1093,1093,6901
2020-05-29,univariate_reversal_ridge,primary_available,-0.11462236906617451,observed,1053,1093,1093,1053,6901
2020-05-29,univariate_reversal_ridge,matched_complete8,-0.11462236906617451,observed,1053,1093,1093,1053,6901
2020-05-29,ridge,primary_available,-0.08612310057826324,observed,1053,1093,1093,1053,6901
2020-05-29,ridge,matched_complete8,-0.08612310057826324,observed,1053,1093,1093,1053,6901
2020-06-01,raw_reversal,primary_available,-0.2861681891660733,observed,1097,1097,1097,1097,6902
2020-06-01,raw_reversal,matched_complete8,-0.2863559438526231,observed,1081,1097,1097,1097,6902
2020-06-01,univariate_reversal_ridge,primary_available,-0.2863559438526231,observed,1081,1097,1097,1081,6902
2020-06-01,univariate_reversal_ridge,matched_complete8,-0.2863559438526231,observed,1081,1097,1097,1081,6902
2020-06-01,ridge,primary_available,-0.4602022385197066,observed,1081,1097,1097,1081,6902
2020-06-01,ridge,matched_complete8,-0.4602022385197066,observed,1081,1097,1097,1081,6902
2020-06-02,raw_reversal,primary_available,0.10853811538049453,observed,1102,1102,1102,1102,6903
2020-06-02,raw_reversal,matched_complete8,0.11356280837873535,observed,1090,1102,1102,1102,6903
2020-06-02,univariate_reversal_ridge,primary_available,0.11356280837873535,observed,1090,1102,1102,1090,6903
2020-06-02,univariate_reversal_ridge,matched_complete8,0.11356280837873535,observed,1090,1102,1102,1090,6903
2020-06-02,ridge,primary_available,-0.1405280215157679,observed,1090,1102,1102,1090,6903
2020-06-02,ridge,matched_complete8,-0.1405280215157679,observed,1090,1102,1102,1090,6903
2020-06-03,raw_reversal,primary_available,0.15998936853244777,observed,1107,1107,1107,1107,6904
2020-06-03,raw_reversal,matched_complete8,0.15563012132096704,observed,1095,1107,1107,1107,6904
2020-06-03,univariate_reversal_ridge,primary_available,0.15563012132096704,observed,1095,1107,1107,1095,6904
2020-06-03,univariate_reversal_ridge,matched_complete8,0.15563012132096704,observed,1095,1107,1107,1095,6904
2020-06-03,ridge,primary_available,0.304986414245322,observed,1095,1107,1107,1095,6904
2020-06-03,ridge,matched_complete8,0.304986414245322,observed,1095,1107,1107,1095,6904
2020-06-04,raw_reversal,primary_available,0.4908320758271331,observed,1109,1109,1109,1109,6905
2020-06-04,raw_reversal,matched_complete8,0.4894043554143385,observed,1076,1109,1109,1109,6905
2020-06-04,univariate_reversal_ridge,primary_available,0.4894043554143385,observed,1076,1109,1109,1076,6905
2020-06-04,univariate_reversal_ridge,matched_complete8,0.4894043554143385,observed,1076,1109,1109,1076,6905
2020-06-04,ridge,primary_available,0.5824817469698321,observed,1076,1109,1109,1076,6905
2020-06-04,ridge,matched_complete8,0.5824817469698321,observed,1076,1109,1109,1076,6905
2020-06-05,raw_reversal,primary_available,0.7687437572018251,observed,1117,1117,1117,1117,6906
2020-06-05,raw_reversal,matched_complete8,0.7683845657913895,observed,1104,1117,1117,1117,6906
2020-06-05,univariate_reversal_ridge,primary_available,0.7683845657913895,observed,1104,1117,1117,1104,6906
2020-06-05,univariate_reversal_ridge,matched_complete8,0.7683845657913895,observed,1104,1117,1117,1104,6906
2020-06-05,ridge,primary_available,0.6865474822390744,observed,1104,1117,1117,1104,6906
2020-06-05,ridge,matched_complete8,0.6865474822390744,observed,1104,1117,1117,1104,6906
2020-06-08,raw_reversal,primary_available,0.5163454362974739,observed,1128,1128,1128,1128,6907
2020-06-08,raw_reversal,matched_complete8,0.5194902950733415,observed,1116,1128,1128,1128,6907
2020-06-08,univariate_reversal_ridge,primary_available,0.5194902950733415,observed,1116,1128,1128,1116,6907
2020-06-08,univariate_reversal_ridge,matched_complete8,0.5194902950733415,observed,1116,1128,1128,1116,6907
2020-06-08,ridge,primary_available,0.546444573745168,observed,1116,1128,1128,1116,6907
2020-06-08,ridge,matched_complete8,0.546444573745168,observed,1116,1128,1128,1116,6907
2020-06-09,raw_reversal,primary_available,0.5391787718416275,observed,1117,1117,1117,1117,6908
2020-06-09,raw_reversal,matched_complete8,0.5444236076850062,observed,1099,1117,1117,1117,6908
2020-06-09,univariate_reversal_ridge,primary_available,0.5444236076850062,observed,1099,1117,1117,1099,6908
2020-06-09,univariate_reversal_ridge,matched_complete8,0.5444236076850062,observed,1099,1117,1117,1099,6908
2020-06-09,ridge,primary_available,0.40721493279853593,observed,1099,1117,1117,1099,6908
2020-06-09,ridge,matched_complete8,0.40721493279853593,observed,1099,1117,1117,1099,6908
2020-06-10,raw_reversal,primary_available,-0.06883439105554849,observed,1116,1116,1116,1116,6909
2020-06-10,raw_reversal,matched_complete8,-0.07074851201775267,observed,1104,1116,1116,1116,6909
2020-06-10,univariate_reversal_ridge,primary_available,-0.07074851201775267,observed,1104,1116,1116,1104,6909
2020-06-10,univariate_reversal_ridge,matched_complete8,-0.07074851201775267,observed,1104,1116,1116,1104,6909
2020-06-10,ridge,primary_available,0.01808821396434668,observed,1104,1116,1116,1104,6909
2020-06-10,ridge,matched_complete8,0.01808821396434668,observed,1104,1116,1116,1104,6909
2020-06-11,raw_reversal,primary_available,-0.11798442604382191,observed,1112,1112,1112,1112,6910
2020-06-11,raw_reversal,matched_complete8,-0.120332713498976,observed,1083,1112,1112,1112,6910
2020-06-11,univariate_reversal_ridge,primary_available,-0.120332713498976,observed,1083,1112,1112,1083,6910
2020-06-11,univariate_reversal_ridge,matched_complete8,-0.120332713498976,observed,1083,1112,1112,1083,6910
2020-06-11,ridge,primary_available,0.0341045915342122,observed,1083,1112,1112,1083,6910
2020-06-11,ridge,matched_complete8,0.0341045915342122,observed,1083,1112,1112,1083,6910
2020-06-12,raw_reversal,primary_available,-0.13065393587494933,observed,1119,1121,1119,1121,6911
2020-06-12,raw_reversal,matched_complete8,-0.14147483971684083,observed,1069,1121,1119,1121,6911
2020-06-12,univariate_reversal_ridge,primary_available,-0.14147483971684083,observed,1069,1121,1119,1071,6911
2020-06-12,univariate_reversal_ridge,matched_complete8,-0.14147483971684083,observed,1069,1121,1119,1071,6911
2020-06-12,ridge,primary_available,-0.062266000433655426,observed,1069,1121,1119,1071,6911
2020-06-12,ridge,matched_complete8,-0.062266000433655426,observed,1069,1121,1119,1071,6911
2020-06-15,raw_reversal,primary_available,-0.5795095361485343,observed,1122,1123,1122,1123,6912
2020-06-15,raw_reversal,matched_complete8,-0.583300063015973,observed,1103,1123,1122,1123,6912
2020-06-15,univariate_reversal_ridge,primary_available,-0.583300063015973,observed,1103,1123,1122,1104,6912
2020-06-15,univariate_reversal_ridge,matched_complete8,-0.583300063015973,observed,1103,1123,1122,1104,6912
2020-06-15,ridge,primary_available,-0.37797386339757094,observed,1103,1123,1122,1104,6912
2020-06-15,ridge,matched_complete8,-0.37797386339757094,observed,1103,1123,1122,1104,6912
2020-06-16,raw_reversal,primary_available,-0.5146336799661974,observed,1126,1128,1126,1128,6913
2020-06-16,raw_reversal,matched_complete8,-0.5195211707636346,observed,1111,1128,1126,1128,6913
2020-06-16,univariate_reversal_ridge,primary_available,-0.5195211707636346,observed,1111,1128,1126,1113,6913
2020-06-16,univariate_reversal_ridge,matched_complete8,-0.5195211707636346,observed,1111,1128,1126,1113,6913
2020-06-16,ridge,primary_available,-0.4348148133045205,observed,1111,1128,1126,1113,6913
2020-06-16,ridge,matched_complete8,-0.4348148133045205,observed,1111,1128,1126,1113,6913
2020-06-17,raw_reversal,primary_available,-0.36826558981477625,observed,1122,1124,1122,1124,6914
2020-06-17,raw_reversal,matched_complete8,-0.3720033807050434,observed,1107,1124,1122,1124,6914
2020-06-17,univariate_reversal_ridge,primary_available,-0.3720033807050434,observed,1107,1124,1122,1109,6914
2020-06-17,univariate_reversal_ridge,matched_complete8,-0.3720033807050434,observed,1107,1124,1122,1109,6914
2020-06-17,ridge,primary_available,-0.39735124621599593,observed,1107,1124,1122,1109,6914
2020-06-17,ridge,matched_complete8,-0.39735124621599593,observed,1107,1124,1122,1109,6914
2020-06-18,raw_reversal,primary_available,-0.056794259754441447,observed,1124,1126,1124,1126,6915
2020-06-18,raw_reversal,matched_complete8,-0.0634196300135006,observed,1109,1126,1124,1126,6915
2020-06-18,univariate_reversal_ridge,primary_available,-0.0634196300135006,observed,1109,1126,1124,1111,6915
2020-06-18,univariate_reversal_ridge,matched_complete8,-0.0634196300135006,observed,1109,1126,1124,1111,6915
2020-06-18,ridge,primary_available,0.05779357303415468,observed,1109,1126,1124,1111,6915
2020-06-18,ridge,matched_complete8,0.05779357303415468,observed,1109,1126,1124,1111,6915
2020-06-19,raw_reversal,primary_available,-0.1386785988850918,observed,1146,1148,1146,1148,6916
2020-06-19,raw_reversal,matched_complete8,-0.13994073092559084,observed,1129,1148,1146,1148,6916
2020-06-19,univariate_reversal_ridge,primary_available,-0.13994073092559084,observed,1129,1148,1146,1131,6916
2020-06-19,univariate_reversal_ridge,matched_complete8,-0.13994073092559084,observed,1129,1148,1146,1131,6916
2020-06-19,ridge,primary_available,-0.07720459684005605,observed,1129,1148,1146,1131,6916
2020-06-19,ridge,matched_complete8,-0.07720459684005605,observed,1129,1148,1146,1131,6916
2020-06-22,raw_reversal,primary_available,-0.13571732255861443,observed,1154,1155,1154,1155,6917
2020-06-22,raw_reversal,matched_complete8,-0.13415923344922964,observed,1141,1155,1154,1155,6917
2020-06-22,univariate_reversal_ridge,primary_available,-0.13415923344922964,observed,1141,1155,1154,1142,6917
2020-06-22,univariate_reversal_ridge,matched_complete8,-0.13415923344922964,observed,1141,1155,1154,1142,6917
2020-06-22,ridge,primary_available,-0.10444426074192602,observed,1141,1155,1154,1142,6917
2020-06-22,ridge,matched_complete8,-0.10444426074192602,observed,1141,1155,1154,1142,6917
2020-06-23,raw_reversal,primary_available,-0.09074954790298354,observed,1159,1160,1159,1160,6918
2020-06-23,raw_reversal,matched_complete8,-0.0822972822192668,observed,1146,1160,1159,1160,6918
2020-06-23,univariate_reversal_ridge,primary_available,-0.0822972822192668,observed,1146,1160,1159,1147,6918
2020-06-23,univariate_reversal_ridge,matched_complete8,-0.0822972822192668,observed,1146,1160,1159,1147,6918
2020-06-23,ridge,primary_available,-0.03085173589294068,observed,1146,1160,1159,1147,6918
2020-06-23,ridge,matched_complete8,-0.03085173589294068,observed,1146,1160,1159,1147,6918
2020-06-24,raw_reversal,primary_available,-0.0087842289325041,observed,1154,1157,1155,1156,6919
2020-06-24,raw_reversal,matched_complete8,-0.0052094544103149214,observed,1140,1157,1155,1156,6919
2020-06-24,univariate_reversal_ridge,primary_available,-0.0052094544103149214,observed,1140,1157,1155,1142,6919
2020-06-24,univariate_reversal_ridge,matched_complete8,-0.0052094544103149214,observed,1140,1157,1155,1142,6919
2020-06-24,ridge,primary_available,0.04007890166686338,observed,1140,1157,1155,1142,6919
2020-06-24,ridge,matched_complete8,0.04007890166686338,observed,1140,1157,1155,1142,6919
2020-06-25,raw_reversal,primary_available,0.0539132039635015,observed,1157,1160,1158,1159,6920
2020-06-25,raw_reversal,matched_complete8,0.05884285463798555,observed,1140,1160,1158,1159,6920
2020-06-25,univariate_reversal_ridge,primary_available,0.05884285463798555,observed,1140,1160,1158,1142,6920
2020-06-25,univariate_reversal_ridge,matched_complete8,0.05884285463798555,observed,1140,1160,1158,1142,6920
2020-06-25,ridge,primary_available,0.1450905486698317,observed,1140,1160,1158,1142,6920
2020-06-25,ridge,matched_complete8,0.1450905486698317,observed,1140,1160,1158,1142,6920
2020-06-26,raw_reversal,primary_available,0.03418870151665542,observed,1162,1165,1163,1164,6921
2020-06-26,raw_reversal,matched_complete8,0.034221873874167974,observed,1149,1165,1163,1164,6921
2020-06-26,univariate_reversal_ridge,primary_available,0.034221873874167974,observed,1149,1165,1163,1151,6921
2020-06-26,univariate_reversal_ridge,matched_complete8,0.034221873874167974,observed,1149,1165,1163,1151,6921
2020-06-26,ridge,primary_available,0.08630687127746606,observed,1149,1165,1163,1151,6921
2020-06-26,ridge,matched_complete8,0.08630687127746606,observed,1149,1165,1163,1151,6921
2020-06-29,raw_reversal,primary_available,-0.01786112600285424,observed,1170,1174,1171,1173,6922
2020-06-29,raw_reversal,matched_complete8,-0.00678665229832899,observed,1139,1174,1171,1173,6922
2020-06-29,univariate_reversal_ridge,primary_available,-0.00678665229832899,observed,1139,1174,1171,1142,6922
2020-06-29,univariate_reversal_ridge,matched_complete8,-0.00678665229832899,observed,1139,1174,1171,1142,6922
2020-06-29,ridge,primary_available,0.2762842398843686,observed,1139,1174,1171,1142,6922
2020-06-29,ridge,matched_complete8,0.2762842398843686,observed,1139,1174,1171,1142,6922
2020-06-30,raw_reversal,primary_available,-0.14522584736293503,observed,1182,1185,1183,1184,6923
2020-06-30,raw_reversal,matched_complete8,-0.14480866033402193,observed,1162,1185,1183,1184,6923
2020-06-30,univariate_reversal_ridge,primary_available,-0.14480866033402193,observed,1162,1185,1183,1164,6923
2020-06-30,univariate_reversal_ridge,matched_complete8,-0.14480866033402193,observed,1162,1185,1183,1164,6923
2020-06-30,ridge,primary_available,-0.017818552760658104,observed,1162,1185,1183,1164,6923
2020-06-30,ridge,matched_complete8,-0.017818552760658104,observed,1162,1185,1183,1164,6923
2020-07-01,raw_reversal,primary_available,-0.20825925940017856,observed,1172,1175,1173,1174,6924
2020-07-01,raw_reversal,matched_complete8,-0.20712700792112249,observed,1154,1175,1173,1174,6924
2020-07-01,univariate_reversal_ridge,primary_available,-0.20712700792112249,observed,1154,1175,1173,1156,6924
2020-07-01,univariate_reversal_ridge,matched_complete8,-0.20712700792112249,observed,1154,1175,1173,1156,6924
2020-07-01,ridge,primary_available,-0.23139245701411157,observed,1154,1175,1173,1156,6924
2020-07-01,ridge,matched_complete8,-0.23139245701411157,observed,1154,1175,1173,1156,6924
2020-07-02,raw_reversal,primary_available,-0.09270132963084021,observed,1166,1167,1167,1166,6925
2020-07-02,raw_reversal,matched_complete8,-0.09386884163568462,observed,1148,1167,1167,1166,6925
2020-07-02,univariate_reversal_ridge,primary_available,-0.09386884163568462,observed,1148,1167,1167,1148,6925
2020-07-02,univariate_reversal_ridge,matched_complete8,-0.09386884163568462,observed,1148,1167,1167,1148,6925
2020-07-02,ridge,primary_available,-0.01334797683840168,observed,1148,1167,1167,1148,6925
2020-07-02,ridge,matched_complete8,-0.01334797683840168,observed,1148,1167,1167,1148,6925
2020-07-06,raw_reversal,primary_available,-0.05677462763506802,observed,1162,1163,1163,1162,6926
2020-07-06,raw_reversal,matched_complete8,-0.054920257394033535,observed,1149,1163,1163,1162,6926
2020-07-06,univariate_reversal_ridge,primary_available,-0.054920257394033535,observed,1149,1163,1163,1149,6926
2020-07-06,univariate_reversal_ridge,matched_complete8,-0.054920257394033535,observed,1149,1163,1163,1149,6926
2020-07-06,ridge,primary_available,-0.07552282029331503,observed,1149,1163,1163,1149,6926
2020-07-06,ridge,matched_complete8,-0.07552282029331503,observed,1149,1163,1163,1149,6926
2020-07-07,raw_reversal,primary_available,0.21014780809130215,observed,1158,1159,1159,1158,6927
2020-07-07,raw_reversal,matched_complete8,0.2163003587825607,observed,1146,1159,1159,1158,6927
2020-07-07,univariate_reversal_ridge,primary_available,0.2163003587825607,observed,1146,1159,1159,1146,6927
2020-07-07,univariate_reversal_ridge,matched_complete8,0.2163003587825607,observed,1146,1159,1159,1146,6927
2020-07-07,ridge,primary_available,0.19353551283889725,observed,1146,1159,1159,1146,6927
2020-07-07,ridge,matched_complete8,0.19353551283889725,observed,1146,1159,1159,1146,6927
2020-07-08,raw_reversal,primary_available,0.3665457840404372,observed,1162,1163,1163,1162,6928
2020-07-08,raw_reversal,matched_complete8,0.3734303153538508,observed,1151,1163,1163,1162,6928
2020-07-08,univariate_reversal_ridge,primary_available,0.3734303153538508,observed,1151,1163,1163,1151,6928
2020-07-08,univariate_reversal_ridge,matched_complete8,0.3734303153538508,observed,1151,1163,1163,1151,6928
2020-07-08,ridge,primary_available,0.3319091024730101,observed,1151,1163,1163,1151,6928
2020-07-08,ridge,matched_complete8,0.3319091024730101,observed,1151,1163,1163,1151,6928
2020-07-09,raw_reversal,primary_available,0.49818455660427285,observed,1153,1153,1153,1153,6929
2020-07-09,raw_reversal,matched_complete8,0.5063842678347419,observed,1130,1153,1153,1153,6929
2020-07-09,univariate_reversal_ridge,primary_available,0.5063842678347419,observed,1130,1153,1153,1130,6929
2020-07-09,univariate_reversal_ridge,matched_complete8,0.5063842678347419,observed,1130,1153,1153,1130,6929
2020-07-09,ridge,primary_available,0.5229099214207328,observed,1130,1153,1153,1130,6929
2020-07-09,ridge,matched_complete8,0.5229099214207328,observed,1130,1153,1153,1130,6929
2020-07-10,raw_reversal,primary_available,0.16494757075973648,observed,1143,1143,1143,1143,6930
2020-07-10,raw_reversal,matched_complete8,0.16381363622634182,observed,1130,1143,1143,1143,6930
2020-07-10,univariate_reversal_ridge,primary_available,0.16381363622634182,observed,1130,1143,1143,1130,6930
2020-07-10,univariate_reversal_ridge,matched_complete8,0.16381363622634182,observed,1130,1143,1143,1130,6930
2020-07-10,ridge,primary_available,0.02671455569426757,observed,1130,1143,1143,1130,6930
2020-07-10,ridge,matched_complete8,0.02671455569426757,observed,1130,1143,1143,1130,6930
2020-07-13,raw_reversal,primary_available,0.04217444931276879,observed,1143,1144,1143,1144,6931
2020-07-13,raw_reversal,matched_complete8,0.03909275479260081,observed,1131,1144,1143,1144,6931
2020-07-13,univariate_reversal_ridge,primary_available,0.03909275479260081,observed,1131,1144,1143,1132,6931
2020-07-13,univariate_reversal_ridge,matched_complete8,0.03909275479260081,observed,1131,1144,1143,1132,6931
2020-07-13,ridge,primary_available,0.18956724663212443,observed,1131,1144,1143,1132,6931
2020-07-13,ridge,matched_complete8,0.18956724663212443,observed,1131,1144,1143,1132,6931
2020-07-14,raw_reversal,primary_available,0.06212909547217448,observed,1139,1140,1139,1140,6932
2020-07-14,raw_reversal,matched_complete8,0.054851739239738344,observed,1120,1140,1139,1140,6932
2020-07-14,univariate_reversal_ridge,primary_available,0.054851739239738344,observed,1120,1140,1139,1121,6932
2020-07-14,univariate_reversal_ridge,matched_complete8,0.054851739239738344,observed,1120,1140,1139,1121,6932
2020-07-14,ridge,primary_available,0.05060424255478044,observed,1120,1140,1139,1121,6932
2020-07-14,ridge,matched_complete8,0.05060424255478044,observed,1120,1140,1139,1121,6932
2020-07-15,raw_reversal,primary_available,0.1672432630327053,observed,1148,1149,1148,1149,6933
2020-07-15,raw_reversal,matched_complete8,0.17187329209286595,observed,1132,1149,1148,1149,6933
2020-07-15,univariate_reversal_ridge,primary_available,0.17187329209286595,observed,1132,1149,1148,1133,6933
2020-07-15,univariate_reversal_ridge,matched_complete8,0.17187329209286595,observed,1132,1149,1148,1133,6933
2020-07-15,ridge,primary_available,0.2525245220291291,observed,1132,1149,1148,1133,6933
2020-07-15,ridge,matched_complete8,0.2525245220291291,observed,1132,1149,1148,1133,6933
2020-07-16,raw_reversal,primary_available,-0.04505860475700272,observed,1140,1141,1140,1141,6934
2020-07-16,raw_reversal,matched_complete8,-0.040884076699957424,observed,1119,1141,1140,1141,6934
2020-07-16,univariate_reversal_ridge,primary_available,-0.040884076699957424,observed,1119,1141,1140,1120,6934
2020-07-16,univariate_reversal_ridge,matched_complete8,-0.040884076699957424,observed,1119,1141,1140,1120,6934
2020-07-16,ridge,primary_available,-0.060131655529303905,observed,1119,1141,1140,1120,6934
2020-07-16,ridge,matched_complete8,-0.060131655529303905,observed,1119,1141,1140,1120,6934
2020-07-17,raw_reversal,primary_available,-0.06621474729978312,observed,1137,1138,1137,1138,6935
2020-07-17,raw_reversal,matched_complete8,-0.06766753507454462,observed,1120,1138,1137,1138,6935
2020-07-17,univariate_reversal_ridge,primary_available,-0.06766753507454462,observed,1120,1138,1137,1121,6935
2020-07-17,univariate_reversal_ridge,matched_complete8,-0.06766753507454462,observed,1120,1138,1137,1121,6935
2020-07-17,ridge,primary_available,0.024360166197633,observed,1120,1138,1137,1121,6935
2020-07-17,ridge,matched_complete8,0.024360166197633,observed,1120,1138,1137,1121,6935
2020-07-20,raw_reversal,primary_available,0.01788609902220749,observed,1105,1106,1105,1106,6936
2020-07-20,raw_reversal,matched_complete8,0.019688848533614346,observed,1093,1106,1105,1106,6936
2020-07-20,univariate_reversal_ridge,primary_available,0.019688848533614346,observed,1093,1106,1105,1094,6936
2020-07-20,univariate_reversal_ridge,matched_complete8,0.019688848533614346,observed,1093,1106,1105,1094,6936
2020-07-20,ridge,primary_available,0.16618924457008946,observed,1093,1106,1105,1094,6936
2020-07-20,ridge,matched_complete8,0.16618924457008946,observed,1093,1106,1105,1094,6936
2020-07-21,raw_reversal,primary_available,-0.0247380043179078,observed,1104,1104,1104,1104,6937
2020-07-21,raw_reversal,matched_complete8,-0.02704609258953692,observed,1090,1104,1104,1104,6937
2020-07-21,univariate_reversal_ridge,primary_available,-0.02704609258953692,observed,1090,1104,1104,1090,6937
2020-07-21,univariate_reversal_ridge,matched_complete8,-0.02704609258953692,observed,1090,1104,1104,1090,6937
2020-07-21,ridge,primary_available,-0.06318434479193101,observed,1090,1104,1104,1090,6937
2020-07-21,ridge,matched_complete8,-0.06318434479193101,observed,1090,1104,1104,1090,6937
2020-07-22,raw_reversal,primary_available,-0.1067348063962862,observed,1101,1101,1101,1101,6938
2020-07-22,raw_reversal,matched_complete8,-0.10922336683227787,observed,1087,1101,1101,1101,6938
2020-07-22,univariate_reversal_ridge,primary_available,-0.10922336683227787,observed,1087,1101,1101,1087,6938
2020-07-22,univariate_reversal_ridge,matched_complete8,-0.10922336683227787,observed,1087,1101,1101,1087,6938
2020-07-22,ridge,primary_available,-0.09221293178262484,observed,1087,1101,1101,1087,6938
2020-07-22,ridge,matched_complete8,-0.09221293178262484,observed,1087,1101,1101,1087,6938
2020-07-23,raw_reversal,primary_available,-0.13269124787872894,observed,1101,1101,1101,1101,6939
2020-07-23,raw_reversal,matched_complete8,-0.13404980325350155,observed,1084,1101,1101,1101,6939
2020-07-23,univariate_reversal_ridge,primary_available,-0.13404980325350155,observed,1084,1101,1101,1084,6939
2020-07-23,univariate_reversal_ridge,matched_complete8,-0.13404980325350155,observed,1084,1101,1101,1084,6939
2020-07-23,ridge,primary_available,0.07915059405947382,observed,1084,1101,1101,1084,6939
2020-07-23,ridge,matched_complete8,0.07915059405947382,observed,1084,1101,1101,1084,6939
2020-07-24,raw_reversal,primary_available,-0.02819185427522013,observed,1096,1097,1096,1097,6940
2020-07-24,raw_reversal,matched_complete8,-0.024255613719057566,observed,1079,1097,1096,1097,6940
2020-07-24,univariate_reversal_ridge,primary_available,-0.024255613719057566,observed,1079,1097,1096,1080,6940
2020-07-24,univariate_reversal_ridge,matched_complete8,-0.024255613719057566,observed,1079,1097,1096,1080,6940
2020-07-24,ridge,primary_available,0.019755078105356733,observed,1079,1097,1096,1080,6940
2020-07-24,ridge,matched_complete8,0.019755078105356733,observed,1079,1097,1096,1080,6940
2020-07-27,raw_reversal,primary_available,0.15563505466358676,observed,1057,1058,1057,1058,6941
2020-07-27,raw_reversal,matched_complete8,0.16164683229826693,observed,1042,1058,1057,1058,6941
2020-07-27,univariate_reversal_ridge,primary_available,0.16164683229826693,observed,1042,1058,1057,1043,6941
2020-07-27,univariate_reversal_ridge,matched_complete8,0.16164683229826693,observed,1042,1058,1057,1043,6941
2020-07-27,ridge,primary_available,0.10123166586118396,observed,1042,1058,1057,1043,6941
2020-07-27,ridge,matched_complete8,0.10123166586118396,observed,1042,1058,1057,1043,6941
2020-07-28,raw_reversal,primary_available,-0.0025774068952848796,observed,1056,1057,1056,1057,6942
2020-07-28,raw_reversal,matched_complete8,0.001954828286650416,observed,1038,1057,1056,1057,6942
2020-07-28,univariate_reversal_ridge,primary_available,0.001954828286650416,observed,1038,1057,1056,1039,6942
2020-07-28,univariate_reversal_ridge,matched_complete8,0.001954828286650416,observed,1038,1057,1056,1039,6942
2020-07-28,ridge,primary_available,0.06945953878058388,observed,1038,1057,1056,1039,6942
2020-07-28,ridge,matched_complete8,0.06945953878058388,observed,1038,1057,1056,1039,6942
2020-07-29,raw_reversal,primary_available,0.04208544385389204,observed,1054,1056,1054,1056,6943
2020-07-29,raw_reversal,matched_complete8,0.04296547751211058,observed,1039,1056,1054,1056,6943
2020-07-29,univariate_reversal_ridge,primary_available,0.04296547751211058,observed,1039,1056,1054,1041,6943
2020-07-29,univariate_reversal_ridge,matched_complete8,0.04296547751211058,observed,1039,1056,1054,1041,6943
2020-07-29,ridge,primary_available,0.04162367555093289,observed,1039,1056,1054,1041,6943
2020-07-29,ridge,matched_complete8,0.04162367555093289,observed,1039,1056,1054,1041,6943
2020-07-30,raw_reversal,primary_available,-0.004925372051308898,observed,1050,1051,1050,1051,6944
2020-07-30,raw_reversal,matched_complete8,-0.003953011231904025,observed,1025,1051,1050,1051,6944
2020-07-30,univariate_reversal_ridge,primary_available,-0.003953011231904025,observed,1025,1051,1050,1026,6944
2020-07-30,univariate_reversal_ridge,matched_complete8,-0.003953011231904025,observed,1025,1051,1050,1026,6944
2020-07-30,ridge,primary_available,0.003128309618599056,observed,1025,1051,1050,1026,6944
2020-07-30,ridge,matched_complete8,0.003128309618599056,observed,1025,1051,1050,1026,6944
2020-07-31,raw_reversal,primary_available,0.1800198567704501,observed,1056,1057,1056,1057,6945
2020-07-31,raw_reversal,matched_complete8,0.17639234953658467,observed,1033,1057,1056,1057,6945
2020-07-31,univariate_reversal_ridge,primary_available,0.17639234953658467,observed,1033,1057,1056,1034,6945
2020-07-31,univariate_reversal_ridge,matched_complete8,0.17639234953658467,observed,1033,1057,1056,1034,6945
2020-07-31,ridge,primary_available,0.17507235123207066,observed,1033,1057,1056,1034,6945
2020-07-31,ridge,matched_complete8,0.17507235123207066,observed,1033,1057,1056,1034,6945
2020-08-03,raw_reversal,primary_available,0.2605076040643674,observed,1061,1061,1061,1061,6946
2020-08-03,raw_reversal,matched_complete8,0.2590812814207664,observed,1045,1061,1061,1061,6946
2020-08-03,univariate_reversal_ridge,primary_available,0.2590812814207664,observed,1045,1061,1061,1045,6946
2020-08-03,univariate_reversal_ridge,matched_complete8,0.2590812814207664,observed,1045,1061,1061,1045,6946
2020-08-03,ridge,primary_available,0.24353372958099978,observed,1045,1061,1061,1045,6946
2020-08-03,ridge,matched_complete8,0.24353372958099978,observed,1045,1061,1061,1045,6946
2020-08-04,raw_reversal,primary_available,0.2570775083018855,observed,1064,1064,1064,1064,6947
2020-08-04,raw_reversal,matched_complete8,0.2661573918752046,observed,1049,1064,1064,1064,6947
2020-08-04,univariate_reversal_ridge,primary_available,0.2661573918752046,observed,1049,1064,1064,1049,6947
2020-08-04,univariate_reversal_ridge,matched_complete8,0.2661573918752046,observed,1049,1064,1064,1049,6947
2020-08-04,ridge,primary_available,0.09140525923168571,observed,1049,1064,1064,1049,6947
2020-08-04,ridge,matched_complete8,0.09140525923168571,observed,1049,1064,1064,1049,6947
2020-08-05,raw_reversal,primary_available,0.2200878883605644,observed,1072,1072,1072,1072,6948
2020-08-05,raw_reversal,matched_complete8,0.22117400919206523,observed,1056,1072,1072,1072,6948
2020-08-05,univariate_reversal_ridge,primary_available,0.22117400919206523,observed,1056,1072,1072,1056,6948
2020-08-05,univariate_reversal_ridge,matched_complete8,0.22117400919206523,observed,1056,1072,1072,1056,6948
2020-08-05,ridge,primary_available,0.06793018741717778,observed,1056,1072,1072,1056,6948
2020-08-05,ridge,matched_complete8,0.06793018741717778,observed,1056,1072,1072,1056,6948
2020-08-06,raw_reversal,primary_available,0.03264540780967759,observed,1081,1081,1081,1081,6949
2020-08-06,raw_reversal,matched_complete8,0.023469057789759086,observed,1052,1081,1081,1081,6949
2020-08-06,univariate_reversal_ridge,primary_available,0.023469057789759086,observed,1052,1081,1081,1052,6949
2020-08-06,univariate_reversal_ridge,matched_complete8,0.023469057789759086,observed,1052,1081,1081,1052,6949
2020-08-06,ridge,primary_available,-0.018392602479096715,observed,1052,1081,1081,1052,6949
2020-08-06,ridge,matched_complete8,-0.018392602479096715,observed,1052,1081,1081,1052,6949
2020-08-07,raw_reversal,primary_available,-0.14088976433207573,observed,1094,1094,1094,1094,6950
2020-08-07,raw_reversal,matched_complete8,-0.15443729352237498,observed,1065,1094,1094,1094,6950
2020-08-07,univariate_reversal_ridge,primary_available,-0.15443729352237498,observed,1065,1094,1094,1065,6950
2020-08-07,univariate_reversal_ridge,matched_complete8,-0.15443729352237498,observed,1065,1094,1094,1065,6950
2020-08-07,ridge,primary_available,-0.17783960149223474,observed,1065,1094,1094,1065,6950
2020-08-07,ridge,matched_complete8,-0.17783960149223474,observed,1065,1094,1094,1065,6950
2020-08-10,raw_reversal,primary_available,0.38803422611963423,observed,1098,1098,1098,1098,6951
2020-08-10,raw_reversal,matched_complete8,0.3803592768829075,observed,1077,1098,1098,1098,6951
2020-08-10,univariate_reversal_ridge,primary_available,0.3803592768829075,observed,1077,1098,1098,1077,6951
2020-08-10,univariate_reversal_ridge,matched_complete8,0.3803592768829075,observed,1077,1098,1098,1077,6951
2020-08-10,ridge,primary_available,0.4178930364928929,observed,1077,1098,1098,1077,6951
2020-08-10,ridge,matched_complete8,0.4178930364928929,observed,1077,1098,1098,1077,6951
2020-08-11,raw_reversal,primary_available,0.5013515371262687,observed,1099,1099,1099,1099,6952
2020-08-11,raw_reversal,matched_complete8,0.5023545554897241,observed,1080,1099,1099,1099,6952
2020-08-11,univariate_reversal_ridge,primary_available,0.5023545554897241,observed,1080,1099,1099,1080,6952
2020-08-11,univariate_reversal_ridge,matched_complete8,0.5023545554897241,observed,1080,1099,1099,1080,6952
2020-08-11,ridge,primary_available,0.49238415497971144,observed,1080,1099,1099,1080,6952
2020-08-11,ridge,matched_complete8,0.49238415497971144,observed,1080,1099,1099,1080,6952
2020-08-12,raw_reversal,primary_available,0.31825615946110397,observed,1107,1107,1107,1107,6953
2020-08-12,raw_reversal,matched_complete8,0.3203388628343048,observed,1086,1107,1107,1107,6953
2020-08-12,univariate_reversal_ridge,primary_available,0.3203388628343048,observed,1086,1107,1107,1086,6953
2020-08-12,univariate_reversal_ridge,matched_complete8,0.3203388628343048,observed,1086,1107,1107,1086,6953
2020-08-12,ridge,primary_available,0.1618983410330313,observed,1086,1107,1107,1086,6953
2020-08-12,ridge,matched_complete8,0.1618983410330313,observed,1086,1107,1107,1086,6953
2020-08-13,raw_reversal,primary_available,0.20291011770346581,observed,1109,1109,1109,1109,6954
2020-08-13,raw_reversal,matched_complete8,0.19407287001109097,observed,1055,1109,1109,1109,6954
2020-08-13,univariate_reversal_ridge,primary_available,0.19407287001109097,observed,1055,1109,1109,1055,6954
2020-08-13,univariate_reversal_ridge,matched_complete8,0.19407287001109097,observed,1055,1109,1109,1055,6954
2020-08-13,ridge,primary_available,0.02811735414422892,observed,1055,1109,1109,1055,6954
2020-08-13,ridge,matched_complete8,0.02811735414422892,observed,1055,1109,1109,1055,6954
2020-08-14,raw_reversal,primary_available,0.19273091016605395,observed,1102,1103,1102,1103,6955
2020-08-14,raw_reversal,matched_complete8,0.19304158324611267,observed,1068,1103,1102,1103,6955
2020-08-14,univariate_reversal_ridge,primary_available,0.19304158324611267,observed,1068,1103,1102,1069,6955
2020-08-14,univariate_reversal_ridge,matched_complete8,0.19304158324611267,observed,1068,1103,1102,1069,6955
2020-08-14,ridge,primary_available,0.2928753915931178,observed,1068,1103,1102,1069,6955
2020-08-14,ridge,matched_complete8,0.2928753915931178,observed,1068,1103,1102,1069,6955
2020-08-17,raw_reversal,primary_available,-0.013057635267790742,observed,1104,1105,1104,1105,6956
2020-08-17,raw_reversal,matched_complete8,-0.01947104662957356,observed,1082,1105,1104,1105,6956
2020-08-17,univariate_reversal_ridge,primary_available,-0.01947104662957356,observed,1082,1105,1104,1083,6956
2020-08-17,univariate_reversal_ridge,matched_complete8,-0.01947104662957356,observed,1082,1105,1104,1083,6956
2020-08-17,ridge,primary_available,0.08437730096816344,observed,1082,1105,1104,1083,6956
2020-08-17,ridge,matched_complete8,0.08437730096816344,observed,1082,1105,1104,1083,6956
2020-08-18,raw_reversal,primary_available,0.022653467115764384,observed,1102,1103,1102,1103,6957
2020-08-18,raw_reversal,matched_complete8,0.01816542549135044,observed,1075,1103,1102,1103,6957
2020-08-18,univariate_reversal_ridge,primary_available,0.01816542549135044,observed,1075,1103,1102,1076,6957
2020-08-18,univariate_reversal_ridge,matched_complete8,0.01816542549135044,observed,1075,1103,1102,1076,6957
2020-08-18,ridge,primary_available,-0.01815199585945952,observed,1075,1103,1102,1076,6957
2020-08-18,ridge,matched_complete8,-0.01815199585945952,observed,1075,1103,1102,1076,6957
2020-08-19,raw_reversal,primary_available,-0.06889586092112918,observed,1101,1103,1101,1103,6958
2020-08-19,raw_reversal,matched_complete8,-0.07714374574534386,observed,1075,1103,1101,1103,6958
2020-08-19,univariate_reversal_ridge,primary_available,-0.07714374574534386,observed,1075,1103,1101,1077,6958
2020-08-19,univariate_reversal_ridge,matched_complete8,-0.07714374574534386,observed,1075,1103,1101,1077,6958
2020-08-19,ridge,primary_available,-0.05280926342858744,observed,1075,1103,1101,1077,6958
2020-08-19,ridge,matched_complete8,-0.05280926342858744,observed,1075,1103,1101,1077,6958
2020-08-20,raw_reversal,primary_available,0.12838457154655722,observed,1095,1097,1095,1097,6959
2020-08-20,raw_reversal,matched_complete8,0.1276832980056461,observed,1069,1097,1095,1097,6959
2020-08-20,univariate_reversal_ridge,primary_available,0.1276832980056461,observed,1069,1097,1095,1071,6959
2020-08-20,univariate_reversal_ridge,matched_complete8,0.1276832980056461,observed,1069,1097,1095,1071,6959
2020-08-20,ridge,primary_available,0.05120613913026023,observed,1069,1097,1095,1071,6959
2020-08-20,ridge,matched_complete8,0.05120613913026023,observed,1069,1097,1095,1071,6959
2020-08-21,raw_reversal,primary_available,0.1899180031736544,observed,1098,1100,1098,1100,6960
2020-08-21,raw_reversal,matched_complete8,0.19747506390096561,observed,1073,1100,1098,1100,6960
2020-08-21,univariate_reversal_ridge,primary_available,0.19747506390096561,observed,1073,1100,1098,1075,6960
2020-08-21,univariate_reversal_ridge,matched_complete8,0.19747506390096561,observed,1073,1100,1098,1075,6960
2020-08-21,ridge,primary_available,0.15101874409601299,observed,1073,1100,1098,1075,6960
2020-08-21,ridge,matched_complete8,0.15101874409601299,observed,1073,1100,1098,1075,6960
2020-08-24,raw_reversal,primary_available,-0.09952381357052623,observed,1099,1100,1099,1100,6961
2020-08-24,raw_reversal,matched_complete8,-0.09510708586198748,observed,1075,1100,1099,1100,6961
2020-08-24,univariate_reversal_ridge,primary_available,-0.09510708586198748,observed,1075,1100,1099,1076,6961
2020-08-24,univariate_reversal_ridge,matched_complete8,-0.09510708586198748,observed,1075,1100,1099,1076,6961
2020-08-24,ridge,primary_available,0.07687784503497476,observed,1075,1100,1099,1076,6961
2020-08-24,ridge,matched_complete8,0.07687784503497476,observed,1075,1100,1099,1076,6961
2020-08-25,raw_reversal,primary_available,-0.1817975581351318,observed,1095,1096,1095,1096,6962
2020-08-25,raw_reversal,matched_complete8,-0.1793663391542352,observed,1077,1096,1095,1096,6962
2020-08-25,univariate_reversal_ridge,primary_available,-0.1793663391542352,observed,1077,1096,1095,1078,6962
2020-08-25,univariate_reversal_ridge,matched_complete8,-0.1793663391542352,observed,1077,1096,1095,1078,6962
2020-08-25,ridge,primary_available,-0.1928419545265834,observed,1077,1096,1095,1078,6962
2020-08-25,ridge,matched_complete8,-0.1928419545265834,observed,1077,1096,1095,1078,6962
2020-08-26,raw_reversal,primary_available,-0.1720573242852632,observed,1094,1095,1095,1094,6963
2020-08-26,raw_reversal,matched_complete8,-0.17300048131416745,observed,1073,1095,1095,1094,6963
2020-08-26,univariate_reversal_ridge,primary_available,-0.17300048131416745,observed,1073,1095,1095,1073,6963
2020-08-26,univariate_reversal_ridge,matched_complete8,-0.17300048131416745,observed,1073,1095,1095,1073,6963
2020-08-26,ridge,primary_available,-0.1212024776180016,observed,1073,1095,1095,1073,6963
2020-08-26,ridge,matched_complete8,-0.1212024776180016,observed,1073,1095,1095,1073,6963
2020-08-27,raw_reversal,primary_available,-0.22267208973075817,observed,1088,1090,1090,1088,6964
2020-08-27,raw_reversal,matched_complete8,-0.2328104124351941,observed,1058,1090,1090,1088,6964
2020-08-27,univariate_reversal_ridge,primary_available,-0.2328104124351941,observed,1058,1090,1090,1058,6964
2020-08-27,univariate_reversal_ridge,matched_complete8,-0.2328104124351941,observed,1058,1090,1090,1058,6964
2020-08-27,ridge,primary_available,-0.255006396106827,observed,1058,1090,1090,1058,6964
2020-08-27,ridge,matched_complete8,-0.255006396106827,observed,1058,1090,1090,1058,6964
2020-08-28,raw_reversal,primary_available,-0.13431020795876114,observed,1074,1077,1076,1075,6965
2020-08-28,raw_reversal,matched_complete8,-0.14489255513462457,observed,1041,1077,1076,1075,6965
2020-08-28,univariate_reversal_ridge,primary_available,-0.14489255513462457,observed,1041,1077,1076,1042,6965
2020-08-28,univariate_reversal_ridge,matched_complete8,-0.14489255513462457,observed,1041,1077,1076,1042,6965
2020-08-28,ridge,primary_available,-0.10330858994102228,observed,1041,1077,1076,1042,6965
2020-08-28,ridge,matched_complete8,-0.10330858994102228,observed,1041,1077,1076,1042,6965
2020-08-31,raw_reversal,primary_available,0.13547800789120956,observed,1072,1074,1074,1072,6966
2020-08-31,raw_reversal,matched_complete8,0.12724699590251715,observed,1024,1074,1074,1072,6966
2020-08-31,univariate_reversal_ridge,primary_available,0.12724699590251715,observed,1024,1074,1074,1024,6966
2020-08-31,univariate_reversal_ridge,matched_complete8,0.12724699590251715,observed,1024,1074,1074,1024,6966
2020-08-31,ridge,primary_available,0.19793488763191697,observed,1024,1074,1074,1024,6966
2020-08-31,ridge,matched_complete8,0.19793488763191697,observed,1024,1074,1074,1024,6966
2020-09-01,raw_reversal,primary_available,0.15546489533244498,observed,1072,1073,1073,1072,6967
2020-09-01,raw_reversal,matched_complete8,0.14160737445600047,observed,1051,1073,1073,1072,6967
2020-09-01,univariate_reversal_ridge,primary_available,0.14160737445600047,observed,1051,1073,1073,1051,6967
2020-09-01,univariate_reversal_ridge,matched_complete8,0.14160737445600047,observed,1051,1073,1073,1051,6967
2020-09-01,ridge,primary_available,0.14176730515328567,observed,1051,1073,1073,1051,6967
2020-09-01,ridge,matched_complete8,0.14176730515328567,observed,1051,1073,1073,1051,6967
2020-09-02,raw_reversal,primary_available,-0.08970133673296553,observed,1070,1071,1071,1070,6968
2020-09-02,raw_reversal,matched_complete8,-0.09825733209674713,observed,1052,1071,1071,1070,6968
2020-09-02,univariate_reversal_ridge,primary_available,-0.09825733209674713,observed,1052,1071,1071,1052,6968
2020-09-02,univariate_reversal_ridge,matched_complete8,-0.09825733209674713,observed,1052,1071,1071,1052,6968
2020-09-02,ridge,primary_available,-0.09940707375633621,observed,1052,1071,1071,1052,6968
2020-09-02,ridge,matched_complete8,-0.09940707375633621,observed,1052,1071,1071,1052,6968
2020-09-03,raw_reversal,primary_available,-0.1000328554843457,observed,1064,1064,1064,1064,6969
2020-09-03,raw_reversal,matched_complete8,-0.1060282506970697,observed,1032,1064,1064,1064,6969
2020-09-03,univariate_reversal_ridge,primary_available,-0.1060282506970697,observed,1032,1064,1064,1032,6969
2020-09-03,univariate_reversal_ridge,matched_complete8,-0.1060282506970697,observed,1032,1064,1064,1032,6969
2020-09-03,ridge,primary_available,0.005710194401522805,observed,1032,1064,1064,1032,6969
2020-09-03,ridge,matched_complete8,0.005710194401522805,observed,1032,1064,1064,1032,6969
2020-09-04,raw_reversal,primary_available,0.10631052316492796,observed,1059,1060,1059,1060,6970
2020-09-04,raw_reversal,matched_complete8,0.10477290496033531,observed,1042,1060,1059,1060,6970
2020-09-04,univariate_reversal_ridge,primary_available,0.10477290496033531,observed,1042,1060,1059,1043,6970
2020-09-04,univariate_reversal_ridge,matched_complete8,0.10477290496033531,observed,1042,1060,1059,1043,6970
2020-09-04,ridge,primary_available,0.1319798649495293,observed,1042,1060,1059,1043,6970
2020-09-04,ridge,matched_complete8,0.1319798649495293,observed,1042,1060,1059,1043,6970
2020-09-08,raw_reversal,primary_available,-0.07858674113527836,observed,1053,1054,1053,1054,6971
2020-09-08,raw_reversal,matched_complete8,-0.06973155044121973,observed,1034,1054,1053,1054,6971
2020-09-08,univariate_reversal_ridge,primary_available,-0.06973155044121973,observed,1034,1054,1053,1035,6971
2020-09-08,univariate_reversal_ridge,matched_complete8,-0.06973155044121973,observed,1034,1054,1053,1035,6971
2020-09-08,ridge,primary_available,-0.09831502439050085,observed,1034,1054,1053,1035,6971
2020-09-08,ridge,matched_complete8,-0.09831502439050085,observed,1034,1054,1053,1035,6971
2020-09-09,raw_reversal,primary_available,-0.254453309333381,observed,1056,1057,1056,1057,6972
2020-09-09,raw_reversal,matched_complete8,-0.24932183865918825,observed,1033,1057,1056,1057,6972
2020-09-09,univariate_reversal_ridge,primary_available,-0.24932183865918825,observed,1033,1057,1056,1034,6972
2020-09-09,univariate_reversal_ridge,matched_complete8,-0.24932183865918825,observed,1033,1057,1056,1034,6972
2020-09-09,ridge,primary_available,-0.24300352243428688,observed,1033,1057,1056,1034,6972
2020-09-09,ridge,matched_complete8,-0.24300352243428688,observed,1033,1057,1056,1034,6972
2020-09-10,raw_reversal,primary_available,-0.11894050981652306,observed,1049,1050,1049,1050,6973
2020-09-10,raw_reversal,matched_complete8,-0.10622259706169354,observed,1024,1050,1049,1050,6973
2020-09-10,univariate_reversal_ridge,primary_available,-0.10622259706169354,observed,1024,1050,1049,1025,6973
2020-09-10,univariate_reversal_ridge,matched_complete8,-0.10622259706169354,observed,1024,1050,1049,1025,6973
2020-09-10,ridge,primary_available,-0.11565500724197122,observed,1024,1050,1049,1025,6973
2020-09-10,ridge,matched_complete8,-0.11565500724197122,observed,1024,1050,1049,1025,6973
2020-09-11,raw_reversal,primary_available,-0.041104328553546385,observed,1044,1045,1044,1045,6974
2020-09-11,raw_reversal,matched_complete8,-0.040516316588903215,observed,1026,1045,1044,1045,6974
2020-09-11,univariate_reversal_ridge,primary_available,-0.040516316588903215,observed,1026,1045,1044,1027,6974
2020-09-11,univariate_reversal_ridge,matched_complete8,-0.040516316588903215,observed,1026,1045,1044,1027,6974
2020-09-11,ridge,primary_available,-0.07599102113701983,observed,1026,1045,1044,1027,6974
2020-09-11,ridge,matched_complete8,-0.07599102113701983,observed,1026,1045,1044,1027,6974
2020-09-14,raw_reversal,primary_available,0.031977300879804785,observed,1052,1052,1052,1052,6975
2020-09-14,raw_reversal,matched_complete8,0.030375460457566075,observed,1005,1052,1052,1052,6975
2020-09-14,univariate_reversal_ridge,primary_available,0.030375460457566075,observed,1005,1052,1052,1005,6975
2020-09-14,univariate_reversal_ridge,matched_complete8,0.030375460457566075,observed,1005,1052,1052,1005,6975
2020-09-14,ridge,primary_available,0.030064703147189006,observed,1005,1052,1052,1005,6975
2020-09-14,ridge,matched_complete8,0.030064703147189006,observed,1005,1052,1052,1005,6975
2020-09-15,raw_reversal,primary_available,-0.0027309108254468437,observed,1050,1051,1051,1050,6976
2020-09-15,raw_reversal,matched_complete8,-0.011798701948714418,observed,1028,1051,1051,1050,6976
2020-09-15,univariate_reversal_ridge,primary_available,-0.011798701948714418,observed,1028,1051,1051,1028,6976
2020-09-15,univariate_reversal_ridge,matched_complete8,-0.011798701948714418,observed,1028,1051,1051,1028,6976
2020-09-15,ridge,primary_available,-0.08675916264418047,observed,1028,1051,1051,1028,6976
2020-09-15,ridge,matched_complete8,-0.08675916264418047,observed,1028,1051,1051,1028,6976
2020-09-16,raw_reversal,primary_available,0.1786370608726047,observed,1060,1061,1061,1060,6977
2020-09-16,raw_reversal,matched_complete8,0.17026361323172606,observed,1043,1061,1061,1060,6977
2020-09-16,univariate_reversal_ridge,primary_available,0.17026361323172606,observed,1043,1061,1061,1043,6977
2020-09-16,univariate_reversal_ridge,matched_complete8,0.17026361323172606,observed,1043,1061,1061,1043,6977
2020-09-16,ridge,primary_available,0.24915788312280784,observed,1043,1061,1061,1043,6977
2020-09-16,ridge,matched_complete8,0.24915788312280784,observed,1043,1061,1061,1043,6977
2020-09-17,raw_reversal,primary_available,0.2820643488473782,observed,1065,1066,1066,1065,6978
2020-09-17,raw_reversal,matched_complete8,0.27583150625495256,observed,1048,1066,1066,1065,6978
2020-09-17,univariate_reversal_ridge,primary_available,0.27583150625495256,observed,1048,1066,1066,1048,6978
2020-09-17,univariate_reversal_ridge,matched_complete8,0.27583150625495256,observed,1048,1066,1066,1048,6978
2020-09-17,ridge,primary_available,0.2324360258843393,observed,1048,1066,1066,1048,6978
2020-09-17,ridge,matched_complete8,0.2324360258843393,observed,1048,1066,1066,1048,6978
2020-09-18,raw_reversal,primary_available,0.1975818000434899,observed,1107,1108,1108,1107,6979
2020-09-18,raw_reversal,matched_complete8,0.18914682915330475,observed,1091,1108,1108,1107,6979
2020-09-18,univariate_reversal_ridge,primary_available,0.18914682915330475,observed,1091,1108,1108,1091,6979
2020-09-18,univariate_reversal_ridge,matched_complete8,0.18914682915330475,observed,1091,1108,1108,1091,6979
2020-09-18,ridge,primary_available,0.10426633646622276,observed,1091,1108,1108,1091,6979
2020-09-18,ridge,matched_complete8,0.10426633646622276,observed,1091,1108,1108,1091,6979
2020-09-21,raw_reversal,primary_available,0.035146501127777244,observed,1110,1111,1111,1110,6980
2020-09-21,raw_reversal,matched_complete8,0.030034037452238708,observed,1096,1111,1111,1110,6980
2020-09-21,univariate_reversal_ridge,primary_available,0.030034037452238708,observed,1096,1111,1111,1096,6980
2020-09-21,univariate_reversal_ridge,matched_complete8,0.030034037452238708,observed,1096,1111,1111,1096,6980
2020-09-21,ridge,primary_available,0.00545926733683045,observed,1096,1111,1111,1096,6980
2020-09-21,ridge,matched_complete8,0.00545926733683045,observed,1096,1111,1111,1096,6980
2020-09-22,raw_reversal,primary_available,0.045958204364323,observed,1121,1121,1121,1121,6981
2020-09-22,raw_reversal,matched_complete8,0.03277691163863674,observed,1108,1121,1121,1121,6981
2020-09-22,univariate_reversal_ridge,primary_available,0.03277691163863674,observed,1108,1121,1121,1108,6981
2020-09-22,univariate_reversal_ridge,matched_complete8,0.03277691163863674,observed,1108,1121,1121,1108,6981
2020-09-22,ridge,primary_available,0.017611431292431385,observed,1108,1121,1121,1108,6981
2020-09-22,ridge,matched_complete8,0.017611431292431385,observed,1108,1121,1121,1108,6981
2020-09-23,raw_reversal,primary_available,0.0013076055916353105,observed,1118,1118,1118,1118,6982
2020-09-23,raw_reversal,matched_complete8,0.0027924477251370706,observed,1104,1118,1118,1118,6982
2020-09-23,univariate_reversal_ridge,primary_available,0.0027924477251370706,observed,1104,1118,1118,1104,6982
2020-09-23,univariate_reversal_ridge,matched_complete8,0.0027924477251370706,observed,1104,1118,1118,1104,6982
2020-09-23,ridge,primary_available,0.0730532321956279,observed,1104,1118,1118,1104,6982
2020-09-23,ridge,matched_complete8,0.0730532321956279,observed,1104,1118,1118,1104,6982
2020-09-24,raw_reversal,primary_available,-0.10749608237472143,observed,1115,1116,1115,1116,6983
2020-09-24,raw_reversal,matched_complete8,-0.1047438807058623,observed,1099,1116,1115,1116,6983
2020-09-24,univariate_reversal_ridge,primary_available,-0.1047438807058623,observed,1099,1116,1115,1100,6983
2020-09-24,univariate_reversal_ridge,matched_complete8,-0.1047438807058623,observed,1099,1116,1115,1100,6983
2020-09-24,ridge,primary_available,-0.06205197183752368,observed,1099,1116,1115,1100,6983
2020-09-24,ridge,matched_complete8,-0.06205197183752368,observed,1099,1116,1115,1100,6983
2020-09-25,raw_reversal,primary_available,0.056035586093905874,observed,1122,1125,1122,1125,6984
2020-09-25,raw_reversal,matched_complete8,0.055484473720763774,observed,1108,1125,1122,1125,6984
2020-09-25,univariate_reversal_ridge,primary_available,0.055484473720763774,observed,1108,1125,1122,1111,6984
2020-09-25,univariate_reversal_ridge,matched_complete8,0.055484473720763774,observed,1108,1125,1122,1111,6984
2020-09-25,ridge,primary_available,0.06941485087771239,observed,1108,1125,1122,1111,6984
2020-09-25,ridge,matched_complete8,0.06941485087771239,observed,1108,1125,1122,1111,6984
2020-09-28,raw_reversal,primary_available,-0.07004073724655999,observed,1127,1130,1127,1130,6985
2020-09-28,raw_reversal,matched_complete8,-0.07759228825745923,observed,1117,1130,1127,1130,6985
2020-09-28,univariate_reversal_ridge,primary_available,-0.07759228825745923,observed,1117,1130,1127,1120,6985
2020-09-28,univariate_reversal_ridge,matched_complete8,-0.07759228825745923,observed,1117,1130,1127,1120,6985
2020-09-28,ridge,primary_available,-0.152567246868907,observed,1117,1130,1127,1120,6985
2020-09-28,ridge,matched_complete8,-0.152567246868907,observed,1117,1130,1127,1120,6985
2020-09-29,raw_reversal,primary_available,-0.1380792912261793,observed,1119,1122,1119,1122,6986
2020-09-29,raw_reversal,matched_complete8,-0.14309983570491547,observed,1090,1122,1119,1122,6986
2020-09-29,univariate_reversal_ridge,primary_available,-0.14309983570491547,observed,1090,1122,1119,1093,6986
2020-09-29,univariate_reversal_ridge,matched_complete8,-0.14309983570491547,observed,1090,1122,1119,1093,6986
2020-09-29,ridge,primary_available,-0.0627219442524074,observed,1090,1122,1119,1093,6986
2020-09-29,ridge,matched_complete8,-0.0627219442524074,observed,1090,1122,1119,1093,6986
2020-09-30,raw_reversal,primary_available,-0.06226052933278784,observed,1125,1130,1125,1130,6987
2020-09-30,raw_reversal,matched_complete8,-0.06476252227162914,observed,1104,1130,1125,1130,6987
2020-09-30,univariate_reversal_ridge,primary_available,-0.06476252227162914,observed,1104,1130,1125,1109,6987
2020-09-30,univariate_reversal_ridge,matched_complete8,-0.06476252227162914,observed,1104,1130,1125,1109,6987
2020-09-30,ridge,primary_available,-0.06108918351799204,observed,1104,1130,1125,1109,6987
2020-09-30,ridge,matched_complete8,-0.06108918351799204,observed,1104,1130,1125,1109,6987
2020-10-01,raw_reversal,primary_available,0.002985441010643144,observed,1127,1132,1127,1132,6988
2020-10-01,raw_reversal,matched_complete8,0.010661071763726935,observed,1111,1132,1127,1132,6988
2020-10-01,univariate_reversal_ridge,primary_available,0.010661071763726935,observed,1111,1132,1127,1116,6988
2020-10-01,univariate_reversal_ridge,matched_complete8,0.010661071763726935,observed,1111,1132,1127,1116,6988
2020-10-01,ridge,primary_available,0.012155590437519348,observed,1111,1132,1127,1116,6988
2020-10-01,ridge,matched_complete8,0.012155590437519348,observed,1111,1132,1127,1116,6988
2020-10-02,raw_reversal,primary_available,-0.0029330284285071957,observed,1125,1129,1125,1129,6989
2020-10-02,raw_reversal,matched_complete8,-0.00170484767097757,observed,1112,1129,1125,1129,6989
2020-10-02,univariate_reversal_ridge,primary_available,-0.00170484767097757,observed,1112,1129,1125,1116,6989
2020-10-02,univariate_reversal_ridge,matched_complete8,-0.00170484767097757,observed,1112,1129,1125,1116,6989
2020-10-02,ridge,primary_available,0.05122567121168577,observed,1112,1129,1125,1116,6989
2020-10-02,ridge,matched_complete8,0.05122567121168577,observed,1112,1129,1125,1116,6989
2020-10-05,raw_reversal,primary_available,0.02695058520509815,observed,1131,1134,1131,1134,6990
2020-10-05,raw_reversal,matched_complete8,0.02624793582672029,observed,1115,1134,1131,1134,6990
2020-10-05,univariate_reversal_ridge,primary_available,0.02624793582672029,observed,1115,1134,1131,1118,6990
2020-10-05,univariate_reversal_ridge,matched_complete8,0.02624793582672029,observed,1115,1134,1131,1118,6990
2020-10-05,ridge,primary_available,-0.06961848282311679,observed,1115,1134,1131,1118,6990
2020-10-05,ridge,matched_complete8,-0.06961848282311679,observed,1115,1134,1131,1118,6990
2020-10-06,raw_reversal,primary_available,0.0542913444598268,observed,1139,1141,1139,1141,6991
2020-10-06,raw_reversal,matched_complete8,0.0495211134115819,observed,1125,1141,1139,1141,6991
2020-10-06,univariate_reversal_ridge,primary_available,0.0495211134115819,observed,1125,1141,1139,1127,6991
2020-10-06,univariate_reversal_ridge,matched_complete8,0.0495211134115819,observed,1125,1141,1139,1127,6991
2020-10-06,ridge,primary_available,0.009809455804271422,observed,1125,1141,1139,1127,6991
2020-10-06,ridge,matched_complete8,0.009809455804271422,observed,1125,1141,1139,1127,6991
2020-10-07,raw_reversal,primary_available,0.19176708545396362,observed,1144,1146,1144,1146,6992
2020-10-07,raw_reversal,matched_complete8,0.19308035975806967,observed,1129,1146,1144,1146,6992
2020-10-07,univariate_reversal_ridge,primary_available,0.19308035975806967,observed,1129,1146,1144,1131,6992
2020-10-07,univariate_reversal_ridge,matched_complete8,0.19308035975806967,observed,1129,1146,1144,1131,6992
2020-10-07,ridge,primary_available,0.19591935812393355,observed,1129,1146,1144,1131,6992
2020-10-07,ridge,matched_complete8,0.19591935812393355,observed,1129,1146,1144,1131,6992
2020-10-08,raw_reversal,primary_available,0.13637312926771183,observed,1146,1146,1146,1146,6993
2020-10-08,raw_reversal,matched_complete8,0.13791699242988864,observed,1117,1146,1146,1146,6993
2020-10-08,univariate_reversal_ridge,primary_available,0.13791699242988864,observed,1117,1146,1146,1117,6993
2020-10-08,univariate_reversal_ridge,matched_complete8,0.13791699242988864,observed,1117,1146,1146,1117,6993
2020-10-08,ridge,primary_available,0.1963444599775138,observed,1117,1146,1146,1117,6993
2020-10-08,ridge,matched_complete8,0.1963444599775138,observed,1117,1146,1146,1117,6993
2020-10-09,raw_reversal,primary_available,0.0074136149537408,observed,1136,1137,1137,1136,6994
2020-10-09,raw_reversal,matched_complete8,0.009040682862616306,observed,1122,1137,1137,1136,6994
2020-10-09,univariate_reversal_ridge,primary_available,0.009040682862616306,observed,1122,1137,1137,1122,6994
2020-10-09,univariate_reversal_ridge,matched_complete8,0.009040682862616306,observed,1122,1137,1137,1122,6994
2020-10-09,ridge,primary_available,0.015798943500209578,observed,1122,1137,1137,1122,6994
2020-10-09,ridge,matched_complete8,0.015798943500209578,observed,1122,1137,1137,1122,6994
2020-10-12,raw_reversal,primary_available,0.00650000383706395,observed,1137,1139,1138,1138,6995
2020-10-12,raw_reversal,matched_complete8,0.006190167209462413,observed,1124,1139,1138,1138,6995
2020-10-12,univariate_reversal_ridge,primary_available,0.006190167209462413,observed,1124,1139,1138,1125,6995
2020-10-12,univariate_reversal_ridge,matched_complete8,0.006190167209462413,observed,1124,1139,1138,1125,6995
2020-10-12,ridge,primary_available,0.08913438920562909,observed,1124,1139,1138,1125,6995
2020-10-12,ridge,matched_complete8,0.08913438920562909,observed,1124,1139,1138,1125,6995
2020-10-13,raw_reversal,primary_available,0.0808095640713146,observed,1132,1133,1133,1132,6996
2020-10-13,raw_reversal,matched_complete8,0.08559645138544872,observed,1117,1133,1133,1132,6996
2020-10-13,univariate_reversal_ridge,primary_available,0.08559645138544872,observed,1117,1133,1133,1117,6996
2020-10-13,univariate_reversal_ridge,matched_complete8,0.08559645138544872,observed,1117,1133,1133,1117,6996
2020-10-13,ridge,primary_available,0.152856090186499,observed,1117,1133,1133,1117,6996
2020-10-13,ridge,matched_complete8,0.152856090186499,observed,1117,1133,1133,1117,6996
2020-10-14,raw_reversal,primary_available,0.06516140289206332,observed,1119,1120,1120,1119,6997
2020-10-14,raw_reversal,matched_complete8,0.06479376820554111,observed,1098,1120,1120,1119,6997
2020-10-14,univariate_reversal_ridge,primary_available,0.06479376820554111,observed,1098,1120,1120,1098,6997
2020-10-14,univariate_reversal_ridge,matched_complete8,0.06479376820554111,observed,1098,1120,1120,1098,6997
2020-10-14,ridge,primary_available,-0.006831399973969899,observed,1098,1120,1120,1098,6997
2020-10-14,ridge,matched_complete8,-0.006831399973969899,observed,1098,1120,1120,1098,6997
2020-10-15,raw_reversal,primary_available,0.20715842598586334,observed,1115,1116,1116,1115,6998
2020-10-15,raw_reversal,matched_complete8,0.21047866158804265,observed,1093,1116,1116,1115,6998
2020-10-15,univariate_reversal_ridge,primary_available,0.21047866158804265,observed,1093,1116,1116,1093,6998
2020-10-15,univariate_reversal_ridge,matched_complete8,0.21047866158804265,observed,1093,1116,1116,1093,6998
2020-10-15,ridge,primary_available,0.10185052624102545,observed,1093,1116,1116,1093,6998
2020-10-15,ridge,matched_complete8,0.10185052624102545,observed,1093,1116,1116,1093,6998
2020-10-16,raw_reversal,primary_available,0.03303871529440359,observed,1074,1074,1074,1074,6999
2020-10-16,raw_reversal,matched_complete8,0.03560003100933826,observed,1056,1074,1074,1074,6999
2020-10-16,univariate_reversal_ridge,primary_available,0.03560003100933826,observed,1056,1074,1074,1056,6999
2020-10-16,univariate_reversal_ridge,matched_complete8,0.03560003100933826,observed,1056,1074,1074,1056,6999
2020-10-16,ridge,primary_available,-0.034878691242829184,observed,1056,1074,1074,1056,6999
2020-10-16,ridge,matched_complete8,-0.034878691242829184,observed,1056,1074,1074,1056,6999
2020-10-19,raw_reversal,primary_available,0.030148098190134313,observed,1065,1065,1065,1065,7000
2020-10-19,raw_reversal,matched_complete8,0.03553719998136535,observed,1051,1065,1065,1065,7000
2020-10-19,univariate_reversal_ridge,primary_available,0.03553719998136535,observed,1051,1065,1065,1051,7000
2020-10-19,univariate_reversal_ridge,matched_complete8,0.03553719998136535,observed,1051,1065,1065,1051,7000
2020-10-19,ridge,primary_available,-0.02376252719145419,observed,1051,1065,1065,1051,7000
2020-10-19,ridge,matched_complete8,-0.02376252719145419,observed,1051,1065,1065,1051,7000
2020-10-20,raw_reversal,primary_available,0.015423174224414854,observed,1061,1061,1061,1061,7001
2020-10-20,raw_reversal,matched_complete8,0.012895825902597335,observed,1044,1061,1061,1061,7001
2020-10-20,univariate_reversal_ridge,primary_available,0.012895825902597335,observed,1044,1061,1061,1044,7001
2020-10-20,univariate_reversal_ridge,matched_complete8,0.012895825902597335,observed,1044,1061,1061,1044,7001
2020-10-20,ridge,primary_available,0.004591510768124764,observed,1044,1061,1061,1044,7001
2020-10-20,ridge,matched_complete8,0.004591510768124764,observed,1044,1061,1061,1044,7001
2020-10-21,raw_reversal,primary_available,0.004428671927110899,observed,1053,1053,1053,1053,7002
2020-10-21,raw_reversal,matched_complete8,0.014619267367113675,observed,1036,1053,1053,1053,7002
2020-10-21,univariate_reversal_ridge,primary_available,0.014619267367113675,observed,1036,1053,1053,1036,7002
2020-10-21,univariate_reversal_ridge,matched_complete8,0.014619267367113675,observed,1036,1053,1053,1036,7002
2020-10-21,ridge,primary_available,0.04141957682689727,observed,1036,1053,1053,1036,7002
2020-10-21,ridge,matched_complete8,0.04141957682689727,observed,1036,1053,1053,1036,7002
2020-10-22,raw_reversal,primary_available,0.0796667277070913,observed,1056,1058,1056,1058,7003
2020-10-22,raw_reversal,matched_complete8,0.09084213648478094,observed,1036,1058,1056,1058,7003
2020-10-22,univariate_reversal_ridge,primary_available,0.09084213648478094,observed,1036,1058,1056,1038,7003
2020-10-22,univariate_reversal_ridge,matched_complete8,0.09084213648478094,observed,1036,1058,1056,1038,7003
2020-10-22,ridge,primary_available,0.1620814702949624,observed,1036,1058,1056,1038,7003
2020-10-22,ridge,matched_complete8,0.1620814702949624,observed,1036,1058,1056,1038,7003
2020-10-23,raw_reversal,primary_available,-0.06238067705728304,observed,1060,1061,1060,1061,7004
2020-10-23,raw_reversal,matched_complete8,-0.055544661920940555,observed,1042,1061,1060,1061,7004
2020-10-23,univariate_reversal_ridge,primary_available,-0.055544661920940555,observed,1042,1061,1060,1043,7004
2020-10-23,univariate_reversal_ridge,matched_complete8,-0.055544661920940555,observed,1042,1061,1060,1043,7004
2020-10-23,ridge,primary_available,-0.02848920789444294,observed,1042,1061,1060,1043,7004
2020-10-23,ridge,matched_complete8,-0.02848920789444294,observed,1042,1061,1060,1043,7004
2020-10-26,raw_reversal,primary_available,-0.17674210476680494,observed,1058,1059,1058,1059,7005
2020-10-26,raw_reversal,matched_complete8,-0.17731887032297378,observed,1040,1059,1058,1059,7005
2020-10-26,univariate_reversal_ridge,primary_available,-0.17731887032297378,observed,1040,1059,1058,1041,7005
2020-10-26,univariate_reversal_ridge,matched_complete8,-0.17731887032297378,observed,1040,1059,1058,1041,7005
2020-10-26,ridge,primary_available,-0.062441846415963,observed,1040,1059,1058,1041,7005
2020-10-26,ridge,matched_complete8,-0.062441846415963,observed,1040,1059,1058,1041,7005
2020-10-27,raw_reversal,primary_available,0.18844636191994021,observed,1064,1065,1064,1065,7006
2020-10-27,raw_reversal,matched_complete8,0.1880688659950981,observed,1044,1065,1064,1065,7006
2020-10-27,univariate_reversal_ridge,primary_available,0.1880688659950981,observed,1044,1065,1064,1045,7006
2020-10-27,univariate_reversal_ridge,matched_complete8,0.1880688659950981,observed,1044,1065,1064,1045,7006
2020-10-27,ridge,primary_available,0.28999235452138455,observed,1044,1065,1064,1045,7006
2020-10-27,ridge,matched_complete8,0.28999235452138455,observed,1044,1065,1064,1045,7006
2020-10-28,raw_reversal,primary_available,0.2484828482621699,observed,1065,1066,1065,1066,7007
2020-10-28,raw_reversal,matched_complete8,0.25014604458826806,observed,1046,1066,1065,1066,7007
2020-10-28,univariate_reversal_ridge,primary_available,0.25014604458826806,observed,1046,1066,1065,1047,7007
2020-10-28,univariate_reversal_ridge,matched_complete8,0.25014604458826806,observed,1046,1066,1065,1047,7007
2020-10-28,ridge,primary_available,0.20380780842676355,observed,1046,1066,1065,1047,7007
2020-10-28,ridge,matched_complete8,0.20380780842676355,observed,1046,1066,1065,1047,7007
2020-10-29,raw_reversal,primary_available,0.1637423594532851,observed,1073,1075,1073,1075,7008
2020-10-29,raw_reversal,matched_complete8,0.16652139337281854,observed,1046,1075,1073,1075,7008
2020-10-29,univariate_reversal_ridge,primary_available,0.16652139337281854,observed,1046,1075,1073,1048,7008
2020-10-29,univariate_reversal_ridge,matched_complete8,0.16652139337281854,observed,1046,1075,1073,1048,7008
2020-10-29,ridge,primary_available,0.1442128965491191,observed,1046,1075,1073,1048,7008
2020-10-29,ridge,matched_complete8,0.1442128965491191,observed,1046,1075,1073,1048,7008
2020-10-30,raw_reversal,primary_available,0.2380219942152511,observed,1084,1084,1084,1084,7009
2020-10-30,raw_reversal,matched_complete8,0.24219190022368067,observed,1055,1084,1084,1084,7009
2020-10-30,univariate_reversal_ridge,primary_available,0.24219190022368067,observed,1055,1084,1084,1055,7009
2020-10-30,univariate_reversal_ridge,matched_complete8,0.24219190022368067,observed,1055,1084,1084,1055,7009
2020-10-30,ridge,primary_available,0.18531282468305846,observed,1055,1084,1084,1055,7009
2020-10-30,ridge,matched_complete8,0.18531282468305846,observed,1055,1084,1084,1055,7009
2020-11-02,raw_reversal,primary_available,0.04879734875920603,observed,1084,1084,1084,1084,7010
2020-11-02,raw_reversal,matched_complete8,0.04931429785006448,observed,1069,1084,1084,1084,7010
2020-11-02,univariate_reversal_ridge,primary_available,0.04931429785006448,observed,1069,1084,1084,1069,7010
2020-11-02,univariate_reversal_ridge,matched_complete8,0.04931429785006448,observed,1069,1084,1084,1069,7010
2020-11-02,ridge,primary_available,-0.010091986443730784,observed,1069,1084,1084,1069,7010
2020-11-02,ridge,matched_complete8,-0.010091986443730784,observed,1069,1084,1084,1069,7010
2020-11-03,raw_reversal,primary_available,-0.29512397950159797,observed,1085,1085,1085,1085,7011
2020-11-03,raw_reversal,matched_complete8,-0.2960629753433425,observed,1071,1085,1085,1085,7011
2020-11-03,univariate_reversal_ridge,primary_available,-0.2960629753433425,observed,1071,1085,1085,1071,7011
2020-11-03,univariate_reversal_ridge,matched_complete8,-0.2960629753433425,observed,1071,1085,1085,1071,7011
2020-11-03,ridge,primary_available,-0.30082015168024323,observed,1071,1085,1085,1071,7011
2020-11-03,ridge,matched_complete8,-0.30082015168024323,observed,1071,1085,1085,1071,7011
2020-11-04,raw_reversal,primary_available,-0.013313175573475883,observed,1083,1083,1083,1083,7012
2020-11-04,raw_reversal,matched_complete8,-0.014958285760900273,observed,1065,1083,1083,1083,7012
2020-11-04,univariate_reversal_ridge,primary_available,-0.014958285760900273,observed,1065,1083,1083,1065,7012
2020-11-04,univariate_reversal_ridge,matched_complete8,-0.014958285760900273,observed,1065,1083,1083,1065,7012
2020-11-04,ridge,primary_available,0.16803113536556555,observed,1065,1083,1083,1065,7012
2020-11-04,ridge,matched_complete8,0.16803113536556555,observed,1065,1083,1083,1065,7012
2020-11-05,raw_reversal,primary_available,0.024820961221894793,observed,1093,1094,1093,1094,7013
2020-11-05,raw_reversal,matched_complete8,0.03739231124013521,observed,1062,1094,1093,1094,7013
2020-11-05,univariate_reversal_ridge,primary_available,0.03739231124013521,observed,1062,1094,1093,1063,7013
2020-11-05,univariate_reversal_ridge,matched_complete8,0.03739231124013521,observed,1062,1094,1093,1063,7013
2020-11-05,ridge,primary_available,-0.08606224998930638,observed,1062,1094,1093,1063,7013
2020-11-05,ridge,matched_complete8,-0.08606224998930638,observed,1062,1094,1093,1063,7013
2020-11-06,raw_reversal,primary_available,0.26847630887365165,observed,1101,1101,1101,1101,7014
2020-11-06,raw_reversal,matched_complete8,0.27152781945049237,observed,1078,1101,1101,1101,7014
2020-11-06,univariate_reversal_ridge,primary_available,0.27152781945049237,observed,1078,1101,1101,1078,7014
2020-11-06,univariate_reversal_ridge,matched_complete8,0.27152781945049237,observed,1078,1101,1101,1078,7014
2020-11-06,ridge,primary_available,0.24898458277023716,observed,1078,1101,1101,1078,7014
2020-11-06,ridge,matched_complete8,0.24898458277023716,observed,1078,1101,1101,1078,7014
2020-11-09,raw_reversal,primary_available,0.15918243061987458,observed,1123,1125,1124,1124,7015
2020-11-09,raw_reversal,matched_complete8,0.16545020429711516,observed,1089,1125,1124,1124,7015
2020-11-09,univariate_reversal_ridge,primary_available,0.16545020429711516,observed,1089,1125,1124,1090,7015
2020-11-09,univariate_reversal_ridge,matched_complete8,0.16545020429711516,observed,1089,1125,1124,1090,7015
2020-11-09,ridge,primary_available,0.16026394879221945,observed,1089,1125,1124,1090,7015
2020-11-09,ridge,matched_complete8,0.16026394879221945,observed,1089,1125,1124,1090,7015
2020-11-10,raw_reversal,primary_available,-0.05469022387550868,observed,1137,1139,1138,1138,7016
2020-11-10,raw_reversal,matched_complete8,-0.047788438887905356,observed,1109,1139,1138,1138,7016
2020-11-10,univariate_reversal_ridge,primary_available,-0.047788438887905356,observed,1109,1139,1138,1110,7016
2020-11-10,univariate_reversal_ridge,matched_complete8,-0.047788438887905356,observed,1109,1139,1138,1110,7016
2020-11-10,ridge,primary_available,-0.03127039782295151,observed,1109,1139,1138,1110,7016
2020-11-10,ridge,matched_complete8,-0.03127039782295151,observed,1109,1139,1138,1110,7016
2020-11-11,raw_reversal,primary_available,-0.3284930169186367,observed,1142,1144,1143,1143,7017
2020-11-11,raw_reversal,matched_complete8,-0.32942366715550303,observed,1124,1144,1143,1143,7017
2020-11-11,univariate_reversal_ridge,primary_available,-0.32942366715550303,observed,1124,1144,1143,1125,7017
2020-11-11,univariate_reversal_ridge,matched_complete8,-0.32942366715550303,observed,1124,1144,1143,1125,7017
2020-11-11,ridge,primary_available,-0.15100715050245042,observed,1124,1144,1143,1125,7017
2020-11-11,ridge,matched_complete8,-0.15100715050245042,observed,1124,1144,1143,1125,7017
2020-11-12,raw_reversal,primary_available,-0.1604650365810961,observed,1144,1146,1145,1145,7018
2020-11-12,raw_reversal,matched_complete8,-0.16190098683983745,observed,1093,1146,1145,1145,7018
2020-11-12,univariate_reversal_ridge,primary_available,-0.16190098683983745,observed,1093,1146,1145,1094,7018
2020-11-12,univariate_reversal_ridge,matched_complete8,-0.16190098683983745,observed,1093,1146,1145,1094,7018
2020-11-12,ridge,primary_available,-0.08625465478654804,observed,1093,1146,1145,1094,7018
2020-11-12,ridge,matched_complete8,-0.08625465478654804,observed,1093,1146,1145,1094,7018
2020-11-13,raw_reversal,primary_available,0.16243269163246088,observed,1148,1150,1149,1149,7019
2020-11-13,raw_reversal,matched_complete8,0.17065724035986615,observed,1106,1150,1149,1149,7019
2020-11-13,univariate_reversal_ridge,primary_available,0.17065724035986615,observed,1106,1150,1149,1107,7019
2020-11-13,univariate_reversal_ridge,matched_complete8,0.17065724035986615,observed,1106,1150,1149,1107,7019
2020-11-13,ridge,primary_available,0.10978329984732409,observed,1106,1150,1149,1107,7019
2020-11-13,ridge,matched_complete8,0.10978329984732409,observed,1106,1150,1149,1107,7019
2020-11-16,raw_reversal,primary_available,-0.16968717141872983,observed,1162,1163,1162,1163,7020
2020-11-16,raw_reversal,matched_complete8,-0.1677517418575273,observed,1138,1163,1162,1163,7020
2020-11-16,univariate_reversal_ridge,primary_available,-0.1677517418575273,observed,1138,1163,1162,1139,7020
2020-11-16,univariate_reversal_ridge,matched_complete8,-0.1677517418575273,observed,1138,1163,1162,1139,7020
2020-11-16,ridge,primary_available,-0.21643306194152592,observed,1138,1163,1162,1139,7020
2020-11-16,ridge,matched_complete8,-0.21643306194152592,observed,1138,1163,1162,1139,7020
2020-11-17,raw_reversal,primary_available,-0.17876689688359004,observed,1165,1166,1166,1165,7021
2020-11-17,raw_reversal,matched_complete8,-0.16588566916321978,observed,1135,1166,1166,1165,7021
2020-11-17,univariate_reversal_ridge,primary_available,-0.16588566916321978,observed,1135,1166,1166,1135,7021
2020-11-17,univariate_reversal_ridge,matched_complete8,-0.16588566916321978,observed,1135,1166,1166,1135,7021
2020-11-17,ridge,primary_available,-0.22039092567295862,observed,1135,1166,1166,1135,7021
2020-11-17,ridge,matched_complete8,-0.22039092567295862,observed,1135,1166,1166,1135,7021
2020-11-18,raw_reversal,primary_available,-0.2839447075401319,observed,1178,1179,1179,1178,7022
2020-11-18,raw_reversal,matched_complete8,-0.2728699132016241,observed,1146,1179,1179,1178,7022
2020-11-18,univariate_reversal_ridge,primary_available,-0.2728699132016241,observed,1146,1179,1179,1146,7022
2020-11-18,univariate_reversal_ridge,matched_complete8,-0.2728699132016241,observed,1146,1179,1179,1146,7022
2020-11-18,ridge,primary_available,-0.2578462253808918,observed,1146,1179,1179,1146,7022
2020-11-18,ridge,matched_complete8,-0.2578462253808918,observed,1146,1179,1179,1146,7022
2020-11-19,raw_reversal,primary_available,-0.3040253552541735,observed,1181,1182,1182,1181,7023
2020-11-19,raw_reversal,matched_complete8,-0.28739839283378554,observed,1139,1182,1182,1181,7023
2020-11-19,univariate_reversal_ridge,primary_available,-0.28739839283378554,observed,1139,1182,1182,1139,7023
2020-11-19,univariate_reversal_ridge,matched_complete8,-0.28739839283378554,observed,1139,1182,1182,1139,7023
2020-11-19,ridge,primary_available,-0.29831054427135756,observed,1139,1182,1182,1139,7023
2020-11-19,ridge,matched_complete8,-0.29831054427135756,observed,1139,1182,1182,1139,7023
2020-11-20,raw_reversal,primary_available,-0.16525102674386513,observed,1187,1190,1188,1189,7024
2020-11-20,raw_reversal,matched_complete8,-0.15594661743544777,observed,1155,1190,1188,1189,7024
2020-11-20,univariate_reversal_ridge,primary_available,-0.15594661743544777,observed,1155,1190,1188,1157,7024
2020-11-20,univariate_reversal_ridge,matched_complete8,-0.15594661743544777,observed,1155,1190,1188,1157,7024
2020-11-20,ridge,primary_available,-0.14489340004649032,observed,1155,1190,1188,1157,7024
2020-11-20,ridge,matched_complete8,-0.14489340004649032,observed,1155,1190,1188,1157,7024
2020-11-23,raw_reversal,primary_available,0.18055687212705904,observed,1192,1195,1193,1194,7025
2020-11-23,raw_reversal,matched_complete8,0.18983008098708296,observed,1161,1195,1193,1194,7025
2020-11-23,univariate_reversal_ridge,primary_available,0.18983008098708296,observed,1161,1195,1193,1163,7025
2020-11-23,univariate_reversal_ridge,matched_complete8,0.18983008098708296,observed,1161,1195,1193,1163,7025
2020-11-23,ridge,primary_available,0.2226722302768288,observed,1161,1195,1193,1163,7025
2020-11-23,ridge,matched_complete8,0.2226722302768288,observed,1161,1195,1193,1163,7025
2020-11-24,raw_reversal,primary_available,0.10611412481043413,observed,1195,1197,1195,1197,7026
2020-11-24,raw_reversal,matched_complete8,0.10925221788184969,observed,1161,1197,1195,1197,7026
2020-11-24,univariate_reversal_ridge,primary_available,0.10925221788184969,observed,1161,1197,1195,1163,7026
2020-11-24,univariate_reversal_ridge,matched_complete8,0.10925221788184969,observed,1161,1197,1195,1163,7026
2020-11-24,ridge,primary_available,0.13517198368954436,observed,1161,1197,1195,1163,7026
2020-11-24,ridge,matched_complete8,0.13517198368954436,observed,1161,1197,1195,1163,7026
2020-11-25,raw_reversal,primary_available,-0.03146530828130017,observed,1196,1198,1196,1198,7027
2020-11-25,raw_reversal,matched_complete8,-0.03548774241266839,observed,1168,1198,1196,1198,7027
2020-11-25,univariate_reversal_ridge,primary_available,-0.03548774241266839,observed,1168,1198,1196,1170,7027
2020-11-25,univariate_reversal_ridge,matched_complete8,-0.03548774241266839,observed,1168,1198,1196,1170,7027
2020-11-25,ridge,primary_available,-0.06021609343108717,observed,1168,1198,1196,1170,7027
2020-11-25,ridge,matched_complete8,-0.06021609343108717,observed,1168,1198,1196,1170,7027
2020-11-27,raw_reversal,primary_available,-0.11080905501714529,observed,1190,1192,1190,1192,7028
2020-11-27,raw_reversal,matched_complete8,-0.11702489617829777,observed,1143,1192,1190,1192,7028
2020-11-27,univariate_reversal_ridge,primary_available,-0.11702489617829777,observed,1143,1192,1190,1145,7028
2020-11-27,univariate_reversal_ridge,matched_complete8,-0.11702489617829777,observed,1143,1192,1190,1145,7028
2020-11-27,ridge,primary_available,-0.07037716803189828,observed,1143,1192,1190,1145,7028
2020-11-27,ridge,matched_complete8,-0.07037716803189828,observed,1143,1192,1190,1145,7028
2020-11-30,raw_reversal,primary_available,-0.1062820915518546,observed,1188,1188,1188,1188,7029
2020-11-30,raw_reversal,matched_complete8,-0.10039758670233873,observed,1130,1188,1188,1188,7029
2020-11-30,univariate_reversal_ridge,primary_available,-0.10039758670233873,observed,1130,1188,1188,1130,7029
2020-11-30,univariate_reversal_ridge,matched_complete8,-0.10039758670233873,observed,1130,1188,1188,1130,7029
2020-11-30,ridge,primary_available,0.009327068188148067,observed,1130,1188,1188,1130,7029
2020-11-30,ridge,matched_complete8,0.009327068188148067,observed,1130,1188,1188,1130,7029
2020-12-01,raw_reversal,primary_available,-0.006012290621888105,observed,1190,1192,1192,1190,7030
2020-12-01,raw_reversal,matched_complete8,0.009897794844147975,observed,1155,1192,1192,1190,7030
2020-12-01,univariate_reversal_ridge,primary_available,0.009897794844147975,observed,1155,1192,1192,1155,7030
2020-12-01,univariate_reversal_ridge,matched_complete8,0.009897794844147975,observed,1155,1192,1192,1155,7030
2020-12-01,ridge,primary_available,0.025883266997888614,observed,1155,1192,1192,1155,7030
2020-12-01,ridge,matched_complete8,0.025883266997888614,observed,1155,1192,1192,1155,7030
2020-12-02,raw_reversal,primary_available,0.13566846915938707,observed,1197,1199,1199,1197,7031
2020-12-02,raw_reversal,matched_complete8,0.1448958697467732,observed,1172,1199,1199,1197,7031
2020-12-02,univariate_reversal_ridge,primary_available,0.1448958697467732,observed,1172,1199,1199,1172,7031
2020-12-02,univariate_reversal_ridge,matched_complete8,0.1448958697467732,observed,1172,1199,1199,1172,7031
2020-12-02,ridge,primary_available,0.0912246804155379,observed,1172,1199,1199,1172,7031
2020-12-02,ridge,matched_complete8,0.0912246804155379,observed,1172,1199,1199,1172,7031
2020-12-03,raw_reversal,primary_available,-0.05341591449034601,observed,1198,1200,1200,1198,7032
2020-12-03,raw_reversal,matched_complete8,-0.044403743758231536,observed,1155,1200,1200,1198,7032
2020-12-03,univariate_reversal_ridge,primary_available,-0.044403743758231536,observed,1155,1200,1200,1155,7032
2020-12-03,univariate_reversal_ridge,matched_complete8,-0.044403743758231536,observed,1155,1200,1200,1155,7032
2020-12-03,ridge,primary_available,-0.07171199406248323,observed,1155,1200,1200,1155,7032
2020-12-03,ridge,matched_complete8,-0.07171199406248323,observed,1155,1200,1200,1155,7032
2020-12-04,raw_reversal,primary_available,-0.013517573375365148,observed,1199,1201,1201,1199,7033
2020-12-04,raw_reversal,matched_complete8,-0.017269295099984636,observed,1172,1201,1201,1199,7033
2020-12-04,univariate_reversal_ridge,primary_available,-0.017269295099984636,observed,1172,1201,1201,1172,7033
2020-12-04,univariate_reversal_ridge,matched_complete8,-0.017269295099984636,observed,1172,1201,1201,1172,7033
2020-12-04,ridge,primary_available,-0.022111365233582665,observed,1172,1201,1201,1172,7033
2020-12-04,ridge,matched_complete8,-0.022111365233582665,observed,1172,1201,1201,1172,7033
2020-12-07,raw_reversal,primary_available,0.009980412469602165,observed,1207,1209,1209,1207,7034
2020-12-07,raw_reversal,matched_complete8,0.009428781002749012,observed,1186,1209,1209,1207,7034
2020-12-07,univariate_reversal_ridge,primary_available,0.009428781002749012,observed,1186,1209,1209,1186,7034
2020-12-07,univariate_reversal_ridge,matched_complete8,0.009428781002749012,observed,1186,1209,1209,1186,7034
2020-12-07,ridge,primary_available,0.007582874722897709,observed,1186,1209,1209,1186,7034
2020-12-07,ridge,matched_complete8,0.007582874722897709,observed,1186,1209,1209,1186,7034
2020-12-08,raw_reversal,primary_available,0.0333763753802471,observed,1197,1197,1197,1197,7035
2020-12-08,raw_reversal,matched_complete8,0.021295347321031687,observed,1171,1197,1197,1197,7035
2020-12-08,univariate_reversal_ridge,primary_available,0.021295347321031687,observed,1171,1197,1197,1171,7035
2020-12-08,univariate_reversal_ridge,matched_complete8,0.021295347321031687,observed,1171,1197,1197,1171,7035
2020-12-08,ridge,primary_available,-0.025559133509807215,observed,1171,1197,1197,1171,7035
2020-12-08,ridge,matched_complete8,-0.025559133509807215,observed,1171,1197,1197,1171,7035
2020-12-09,raw_reversal,primary_available,0.004411423694140539,observed,1197,1197,1197,1197,7036
2020-12-09,raw_reversal,matched_complete8,0.0014072268602103848,observed,1167,1197,1197,1197,7036
2020-12-09,univariate_reversal_ridge,primary_available,0.0014072268602103848,observed,1167,1197,1197,1167,7036
2020-12-09,univariate_reversal_ridge,matched_complete8,0.0014072268602103848,observed,1167,1197,1197,1167,7036
2020-12-09,ridge,primary_available,0.12471627263972054,observed,1167,1197,1197,1167,7036
2020-12-09,ridge,matched_complete8,0.12471627263972054,observed,1167,1197,1197,1167,7036
2020-12-10,raw_reversal,primary_available,0.05859466884817119,observed,1199,1199,1199,1199,7037
2020-12-10,raw_reversal,matched_complete8,0.04929616697314955,observed,1166,1199,1199,1199,7037
2020-12-10,univariate_reversal_ridge,primary_available,0.04929616697314955,observed,1166,1199,1199,1166,7037
2020-12-10,univariate_reversal_ridge,matched_complete8,0.04929616697314955,observed,1166,1199,1199,1166,7037
2020-12-10,ridge,primary_available,-0.022660033013337536,observed,1166,1199,1199,1166,7037
2020-12-10,ridge,matched_complete8,-0.022660033013337536,observed,1166,1199,1199,1166,7037
2020-12-11,raw_reversal,primary_available,-0.10997744565402408,observed,1197,1198,1197,1198,7038
2020-12-11,raw_reversal,matched_complete8,-0.12043502201558984,observed,1168,1198,1197,1198,7038
2020-12-11,univariate_reversal_ridge,primary_available,-0.12043502201558984,observed,1168,1198,1197,1169,7038
2020-12-11,univariate_reversal_ridge,matched_complete8,-0.12043502201558984,observed,1168,1198,1197,1169,7038
2020-12-11,ridge,primary_available,-0.17840982856478363,observed,1168,1198,1197,1169,7038
2020-12-11,ridge,matched_complete8,-0.17840982856478363,observed,1168,1198,1197,1169,7038
2020-12-14,raw_reversal,primary_available,-0.1526019342658081,observed,1204,1206,1204,1206,7039
2020-12-14,raw_reversal,matched_complete8,-0.15639974379457083,observed,1151,1206,1204,1206,7039
2020-12-14,univariate_reversal_ridge,primary_available,-0.15639974379457083,observed,1151,1206,1204,1153,7039
2020-12-14,univariate_reversal_ridge,matched_complete8,-0.15639974379457083,observed,1151,1206,1204,1153,7039
2020-12-14,ridge,primary_available,-0.18809420248164443,observed,1151,1206,1204,1153,7039
2020-12-14,ridge,matched_complete8,-0.18809420248164443,observed,1151,1206,1204,1153,7039
2020-12-15,raw_reversal,primary_available,-0.16620369973066998,observed,1202,1203,1202,1203,7040
2020-12-15,raw_reversal,matched_complete8,-0.16685569708117215,observed,1175,1203,1202,1203,7040
2020-12-15,univariate_reversal_ridge,primary_available,-0.16685569708117215,observed,1175,1203,1202,1176,7040
2020-12-15,univariate_reversal_ridge,matched_complete8,-0.16685569708117215,observed,1175,1203,1202,1176,7040
2020-12-15,ridge,primary_available,-0.10331614753039015,observed,1175,1203,1202,1176,7040
2020-12-15,ridge,matched_complete8,-0.10331614753039015,observed,1175,1203,1202,1176,7040
2020-12-16,raw_reversal,primary_available,-0.24233680987666117,observed,1202,1203,1202,1203,7041
2020-12-16,raw_reversal,matched_complete8,-0.23980229864370137,observed,1179,1203,1202,1203,7041
2020-12-16,univariate_reversal_ridge,primary_available,-0.23980229864370137,observed,1179,1203,1202,1180,7041
2020-12-16,univariate_reversal_ridge,matched_complete8,-0.23980229864370137,observed,1179,1203,1202,1180,7041
2020-12-16,ridge,primary_available,-0.20272182120088456,observed,1179,1203,1202,1180,7041
2020-12-16,ridge,matched_complete8,-0.20272182120088456,observed,1179,1203,1202,1180,7041
2020-12-17,raw_reversal,primary_available,-0.11979099252822382,observed,1205,1206,1205,1206,7042
2020-12-17,raw_reversal,matched_complete8,-0.11714401344647234,observed,1181,1206,1205,1206,7042
2020-12-17,univariate_reversal_ridge,primary_available,-0.11714401344647234,observed,1181,1206,1205,1182,7042
2020-12-17,univariate_reversal_ridge,matched_complete8,-0.11714401344647234,observed,1181,1206,1205,1182,7042
2020-12-17,ridge,primary_available,-0.11337217708709686,observed,1181,1206,1205,1182,7042
2020-12-17,ridge,matched_complete8,-0.11337217708709686,observed,1181,1206,1205,1182,7042
2020-12-18,raw_reversal,primary_available,0.04881322614029697,observed,1270,1271,1270,1271,7043
2020-12-18,raw_reversal,matched_complete8,0.0440586622632868,observed,1237,1271,1270,1271,7043
2020-12-18,univariate_reversal_ridge,primary_available,0.0440586622632868,observed,1237,1271,1270,1238,7043
2020-12-18,univariate_reversal_ridge,matched_complete8,0.0440586622632868,observed,1237,1271,1270,1238,7043
2020-12-18,ridge,primary_available,0.07708847136083805,observed,1237,1271,1270,1238,7043
2020-12-18,ridge,matched_complete8,0.07708847136083805,observed,1237,1271,1270,1238,7043
2020-12-21,raw_reversal,primary_available,0.1969885021838675,observed,1277,1277,1277,1277,7044
2020-12-21,raw_reversal,matched_complete8,0.19182814127656442,observed,1251,1277,1277,1277,7044
2020-12-21,univariate_reversal_ridge,primary_available,0.19182814127656442,observed,1251,1277,1277,1251,7044
2020-12-21,univariate_reversal_ridge,matched_complete8,0.19182814127656442,observed,1251,1277,1277,1251,7044
2020-12-21,ridge,primary_available,0.24186998055572642,observed,1251,1277,1277,1251,7044
2020-12-21,ridge,matched_complete8,0.24186998055572642,observed,1251,1277,1277,1251,7044
2020-12-22,raw_reversal,primary_available,0.4336857269011748,observed,1272,1272,1272,1272,7045
2020-12-22,raw_reversal,matched_complete8,0.43703797545812717,observed,1246,1272,1272,1272,7045
2020-12-22,univariate_reversal_ridge,primary_available,0.43703797545812717,observed,1246,1272,1272,1246,7045
2020-12-22,univariate_reversal_ridge,matched_complete8,0.43703797545812717,observed,1246,1272,1272,1246,7045
2020-12-22,ridge,primary_available,0.44656170837248255,observed,1246,1272,1272,1246,7045
2020-12-22,ridge,matched_complete8,0.44656170837248255,observed,1246,1272,1272,1246,7045
2020-12-23,raw_reversal,primary_available,0.3142317363141544,observed,1264,1266,1264,1266,7046
2020-12-23,raw_reversal,matched_complete8,0.3132861792533102,observed,1236,1266,1264,1266,7046
2020-12-23,univariate_reversal_ridge,primary_available,0.3132861792533102,observed,1236,1266,1264,1238,7046
2020-12-23,univariate_reversal_ridge,matched_complete8,0.3132861792533102,observed,1236,1266,1264,1238,7046
2020-12-23,ridge,primary_available,0.13315206524939266,observed,1236,1266,1264,1238,7046
2020-12-23,ridge,matched_complete8,0.13315206524939266,observed,1236,1266,1264,1238,7046
2020-12-24,raw_reversal,primary_available,0.26077708113732817,observed,1244,1245,1244,1245,7047
2020-12-24,raw_reversal,matched_complete8,0.2583887152072255,observed,1213,1245,1244,1245,7047
2020-12-24,univariate_reversal_ridge,primary_available,0.2583887152072255,observed,1213,1245,1244,1214,7047
2020-12-24,univariate_reversal_ridge,matched_complete8,0.2583887152072255,observed,1213,1245,1244,1214,7047
2020-12-24,ridge,primary_available,0.13137227590473297,observed,1213,1245,1244,1214,7047
2020-12-24,ridge,matched_complete8,0.13137227590473297,observed,1213,1245,1244,1214,7047
2020-12-28,raw_reversal,primary_available,-0.009694950166296856,observed,1261,1262,1261,1262,7048
2020-12-28,raw_reversal,matched_complete8,-0.020270000179468596,observed,1238,1262,1261,1262,7048
2020-12-28,univariate_reversal_ridge,primary_available,-0.020270000179468596,observed,1238,1262,1261,1239,7048
2020-12-28,univariate_reversal_ridge,matched_complete8,-0.020270000179468596,observed,1238,1262,1261,1239,7048
2020-12-28,ridge,primary_available,0.00640046430737458,observed,1238,1262,1261,1239,7048
2020-12-28,ridge,matched_complete8,0.00640046430737458,observed,1238,1262,1261,1239,7048
2020-12-29,raw_reversal,primary_available,-0.03704907089124182,observed,1246,1248,1246,1248,7049
2020-12-29,raw_reversal,matched_complete8,-0.04521105557633665,observed,1224,1248,1246,1248,7049
2020-12-29,univariate_reversal_ridge,primary_available,-0.04521105557633665,observed,1224,1248,1246,1226,7049
2020-12-29,univariate_reversal_ridge,matched_complete8,-0.04521105557633665,observed,1224,1248,1246,1226,7049
2020-12-29,ridge,primary_available,0.04948896974979689,observed,1224,1248,1246,1226,7049
2020-12-29,ridge,matched_complete8,0.04948896974979689,observed,1224,1248,1246,1226,7049
2020-12-30,raw_reversal,primary_available,-0.10313965477740077,observed,1240,1242,1240,1242,7050
2020-12-30,raw_reversal,matched_complete8,-0.10318211648957887,observed,1194,1242,1240,1242,7050
2020-12-30,univariate_reversal_ridge,primary_available,-0.10318211648957887,observed,1194,1242,1240,1196,7050
2020-12-30,univariate_reversal_ridge,matched_complete8,-0.10318211648957887,observed,1194,1242,1240,1196,7050
2020-12-30,ridge,primary_available,-0.1477072590045522,observed,1194,1242,1240,1196,7050
2020-12-30,ridge,matched_complete8,-0.1477072590045522,observed,1194,1242,1240,1196,7050
2020-12-31,raw_reversal,primary_available,0.17694182121036311,observed,1241,1244,1241,1244,7051
2020-12-31,raw_reversal,matched_complete8,0.17511255631336906,observed,1206,1244,1241,1244,7051
2020-12-31,univariate_reversal_ridge,primary_available,0.17511255631336906,observed,1206,1244,1241,1209,7051
2020-12-31,univariate_reversal_ridge,matched_complete8,0.17511255631336906,observed,1206,1244,1241,1209,7051
2020-12-31,ridge,primary_available,0.17733344603944604,observed,1206,1244,1241,1209,7051
2020-12-31,ridge,matched_complete8,0.17733344603944604,observed,1206,1244,1241,1209,7051
2021-01-04,raw_reversal,primary_available,0.027670237944489876,observed,1252,1253,1252,1253,7052
2021-01-04,raw_reversal,matched_complete8,0.016900966100170736,observed,1221,1253,1252,1253,7052
2021-01-04,univariate_reversal_ridge,primary_available,0.016900966100170736,observed,1221,1253,1252,1222,7052
2021-01-04,univariate_reversal_ridge,matched_complete8,0.016900966100170736,observed,1221,1253,1252,1222,7052
2021-01-04,ridge,primary_available,0.01607667453566462,observed,1221,1253,1252,1222,7052
2021-01-04,ridge,matched_complete8,0.01607667453566462,observed,1221,1253,1252,1222,7052
2021-01-05,raw_reversal,primary_available,-0.13156527899733364,observed,1257,1259,1257,1259,7053
2021-01-05,raw_reversal,matched_complete8,-0.1386263087905741,observed,1229,1259,1257,1259,7053
2021-01-05,univariate_reversal_ridge,primary_available,-0.1386263087905741,observed,1229,1259,1257,1231,7053
2021-01-05,univariate_reversal_ridge,matched_complete8,-0.1386263087905741,observed,1229,1259,1257,1231,7053
2021-01-05,ridge,primary_available,-0.20696858637509807,observed,1229,1259,1257,1231,7053
2021-01-05,ridge,matched_complete8,-0.20696858637509807,observed,1229,1259,1257,1231,7053
2021-01-06,raw_reversal,primary_available,0.04740204412290395,observed,1273,1276,1273,1276,7054
2021-01-06,raw_reversal,matched_complete8,0.040714547061336606,observed,1248,1276,1273,1276,7054
2021-01-06,univariate_reversal_ridge,primary_available,0.040714547061336606,observed,1248,1276,1273,1251,7054
2021-01-06,univariate_reversal_ridge,matched_complete8,0.040714547061336606,observed,1248,1276,1273,1251,7054
2021-01-06,ridge,primary_available,0.06115747153936048,observed,1248,1276,1273,1251,7054
2021-01-06,ridge,matched_complete8,0.06115747153936048,observed,1248,1276,1273,1251,7054
2021-01-07,raw_reversal,primary_available,-0.014944821915360628,observed,1279,1280,1279,1280,7055
2021-01-07,raw_reversal,matched_complete8,-0.015342519323543866,observed,1237,1280,1279,1280,7055
2021-01-07,univariate_reversal_ridge,primary_available,-0.015342519323543866,observed,1237,1280,1279,1238,7055
2021-01-07,univariate_reversal_ridge,matched_complete8,-0.015342519323543866,observed,1237,1280,1279,1238,7055
2021-01-07,ridge,primary_available,-0.042871187767814206,observed,1237,1280,1279,1238,7055
2021-01-07,ridge,matched_complete8,-0.042871187767814206,observed,1237,1280,1279,1238,7055
2021-01-08,raw_reversal,primary_available,-0.18445697746314582,observed,1279,1281,1279,1281,7056
2021-01-08,raw_reversal,matched_complete8,-0.18216075864369866,observed,1249,1281,1279,1281,7056
2021-01-08,univariate_reversal_ridge,primary_available,-0.18216075864369866,observed,1249,1281,1279,1251,7056
2021-01-08,univariate_reversal_ridge,matched_complete8,-0.18216075864369866,observed,1249,1281,1279,1251,7056
2021-01-08,ridge,primary_available,-0.043320345840675206,observed,1249,1281,1279,1251,7056
2021-01-08,ridge,matched_complete8,-0.043320345840675206,observed,1249,1281,1279,1251,7056
2021-01-11,raw_reversal,primary_available,-0.055631719788091845,observed,1285,1287,1285,1287,7057
2021-01-11,raw_reversal,matched_complete8,-0.06103442103275374,observed,1259,1287,1285,1287,7057
2021-01-11,univariate_reversal_ridge,primary_available,-0.06103442103275374,observed,1259,1287,1285,1261,7057
2021-01-11,univariate_reversal_ridge,matched_complete8,-0.06103442103275374,observed,1259,1287,1285,1261,7057
2021-01-11,ridge,primary_available,-0.08571984365552247,observed,1259,1287,1285,1261,7057
2021-01-11,ridge,matched_complete8,-0.08571984365552247,observed,1259,1287,1285,1261,7057
2021-01-12,raw_reversal,primary_available,0.08128733566111045,observed,1288,1290,1288,1290,7058
2021-01-12,raw_reversal,matched_complete8,0.07715543983761199,observed,1264,1290,1288,1290,7058
2021-01-12,univariate_reversal_ridge,primary_available,0.07715543983761199,observed,1264,1290,1288,1266,7058
2021-01-12,univariate_reversal_ridge,matched_complete8,0.07715543983761199,observed,1264,1290,1288,1266,7058
2021-01-12,ridge,primary_available,0.053288895897601385,observed,1264,1290,1288,1266,7058
2021-01-12,ridge,matched_complete8,0.053288895897601385,observed,1264,1290,1288,1266,7058
2021-01-13,raw_reversal,primary_available,-0.047641036139275186,observed,1284,1286,1284,1286,7059
2021-01-13,raw_reversal,matched_complete8,-0.04717205002062785,observed,1261,1286,1284,1286,7059
2021-01-13,univariate_reversal_ridge,primary_available,-0.04717205002062785,observed,1261,1286,1284,1263,7059
2021-01-13,univariate_reversal_ridge,matched_complete8,-0.04717205002062785,observed,1261,1286,1284,1263,7059
2021-01-13,ridge,primary_available,-0.1389998426644562,observed,1261,1286,1284,1263,7059
2021-01-13,ridge,matched_complete8,-0.1389998426644562,observed,1261,1286,1284,1263,7059
2021-01-14,raw_reversal,primary_available,0.019786007190259663,observed,1300,1301,1300,1301,7060
2021-01-14,raw_reversal,matched_complete8,0.016249744883518623,observed,1265,1301,1300,1301,7060
2021-01-14,univariate_reversal_ridge,primary_available,0.016249744883518623,observed,1265,1301,1300,1266,7060
2021-01-14,univariate_reversal_ridge,matched_complete8,0.016249744883518623,observed,1265,1301,1300,1266,7060
2021-01-14,ridge,primary_available,-0.008226238654986876,observed,1265,1301,1300,1266,7060
2021-01-14,ridge,matched_complete8,-0.008226238654986876,observed,1265,1301,1300,1266,7060
2021-01-15,raw_reversal,primary_available,-0.03559938160976764,observed,1296,1297,1296,1297,7061
2021-01-15,raw_reversal,matched_complete8,-0.028037637875610897,observed,1272,1297,1296,1297,7061
2021-01-15,univariate_reversal_ridge,primary_available,-0.028037637875610897,observed,1272,1297,1296,1273,7061
2021-01-15,univariate_reversal_ridge,matched_complete8,-0.028037637875610897,observed,1272,1297,1296,1273,7061
2021-01-15,ridge,primary_available,-0.0975895153595195,observed,1272,1297,1296,1273,7061
2021-01-15,ridge,matched_complete8,-0.0975895153595195,observed,1272,1297,1296,1273,7061
2021-01-19,raw_reversal,primary_available,0.004543216403730233,observed,1303,1303,1303,1303,7062
2021-01-19,raw_reversal,matched_complete8,0.0012700385054033735,observed,1275,1303,1303,1303,7062
2021-01-19,univariate_reversal_ridge,primary_available,0.0012700385054033735,observed,1275,1303,1303,1275,7062
2021-01-19,univariate_reversal_ridge,matched_complete8,0.0012700385054033735,observed,1275,1303,1303,1275,7062
2021-01-19,ridge,primary_available,0.00098711488596468,observed,1275,1303,1303,1275,7062
2021-01-19,ridge,matched_complete8,0.00098711488596468,observed,1275,1303,1303,1275,7062
2021-01-20,raw_reversal,primary_available,-0.05824783440412479,observed,1258,1258,1258,1258,7063
2021-01-20,raw_reversal,matched_complete8,-0.07265718777032541,observed,1235,1258,1258,1258,7063
2021-01-20,univariate_reversal_ridge,primary_available,-0.07265718777032541,observed,1235,1258,1258,1235,7063
2021-01-20,univariate_reversal_ridge,matched_complete8,-0.07265718777032541,observed,1235,1258,1258,1235,7063
2021-01-20,ridge,primary_available,-0.10249151499556179,observed,1235,1258,1258,1235,7063
2021-01-20,ridge,matched_complete8,-0.10249151499556179,observed,1235,1258,1258,1235,7063
2021-01-21,raw_reversal,primary_available,0.029573221160334156,observed,1254,1254,1254,1254,7064
2021-01-21,raw_reversal,matched_complete8,0.031187682797206004,observed,1229,1254,1254,1254,7064
2021-01-21,univariate_reversal_ridge,primary_available,0.031187682797206004,observed,1229,1254,1254,1229,7064
2021-01-21,univariate_reversal_ridge,matched_complete8,0.031187682797206004,observed,1229,1254,1254,1229,7064
2021-01-21,ridge,primary_available,-0.0022107547292015265,observed,1229,1254,1254,1229,7064
2021-01-21,ridge,matched_complete8,-0.0022107547292015265,observed,1229,1254,1254,1229,7064
2021-01-22,raw_reversal,primary_available,0.05724960087379953,observed,1253,1253,1253,1253,7065
2021-01-22,raw_reversal,matched_complete8,0.05128165320050384,observed,1235,1253,1253,1253,7065
2021-01-22,univariate_reversal_ridge,primary_available,0.05128165320050384,observed,1235,1253,1253,1235,7065
2021-01-22,univariate_reversal_ridge,matched_complete8,0.05128165320050384,observed,1235,1253,1253,1235,7065
2021-01-22,ridge,primary_available,0.0001842665560776406,observed,1235,1253,1253,1235,7065
2021-01-22,ridge,matched_complete8,0.0001842665560776406,observed,1235,1253,1253,1235,7065
2021-01-25,raw_reversal,primary_available,0.006942031802890003,observed,1264,1265,1264,1265,7066
2021-01-25,raw_reversal,matched_complete8,0.017479090021749414,observed,1246,1265,1264,1265,7066
2021-01-25,univariate_reversal_ridge,primary_available,0.017479090021749414,observed,1246,1265,1264,1247,7066
2021-01-25,univariate_reversal_ridge,matched_complete8,0.017479090021749414,observed,1246,1265,1264,1247,7066
2021-01-25,ridge,primary_available,-0.02085796211796687,observed,1246,1265,1264,1247,7066
2021-01-25,ridge,matched_complete8,-0.02085796211796687,observed,1246,1265,1264,1247,7066
2021-01-26,raw_reversal,primary_available,0.3523190902964622,observed,1278,1279,1278,1279,7067
2021-01-26,raw_reversal,matched_complete8,0.3604975039061766,observed,1259,1279,1278,1279,7067
2021-01-26,univariate_reversal_ridge,primary_available,0.3604975039061766,observed,1259,1279,1278,1260,7067
2021-01-26,univariate_reversal_ridge,matched_complete8,0.3604975039061766,observed,1259,1279,1278,1260,7067
2021-01-26,ridge,primary_available,0.4069253099111965,observed,1259,1279,1278,1260,7067
2021-01-26,ridge,matched_complete8,0.4069253099111965,observed,1259,1279,1278,1260,7067
2021-01-27,raw_reversal,primary_available,0.5133809824906124,observed,1303,1304,1303,1304,7068
2021-01-27,raw_reversal,matched_complete8,0.516772447461812,observed,1287,1304,1303,1304,7068
2021-01-27,univariate_reversal_ridge,primary_available,0.516772447461812,observed,1287,1304,1303,1288,7068
2021-01-27,univariate_reversal_ridge,matched_complete8,0.516772447461812,observed,1287,1304,1303,1288,7068
2021-01-27,ridge,primary_available,0.5463651364774306,observed,1287,1304,1303,1288,7068
2021-01-27,ridge,matched_complete8,0.5463651364774306,observed,1287,1304,1303,1288,7068
2021-01-28,raw_reversal,primary_available,0.33109774213954996,observed,1313,1314,1313,1314,7069
2021-01-28,raw_reversal,matched_complete8,0.33602837212815223,observed,1289,1314,1313,1314,7069
2021-01-28,univariate_reversal_ridge,primary_available,0.33602837212815223,observed,1289,1314,1313,1290,7069
2021-01-28,univariate_reversal_ridge,matched_complete8,0.33602837212815223,observed,1289,1314,1313,1290,7069
2021-01-28,ridge,primary_available,0.09339600601657018,observed,1289,1314,1313,1290,7069
2021-01-28,ridge,matched_complete8,0.09339600601657018,observed,1289,1314,1313,1290,7069
2021-01-29,raw_reversal,primary_available,0.3676094241883595,observed,1332,1333,1332,1333,7070
2021-01-29,raw_reversal,matched_complete8,0.369091008349803,observed,1301,1333,1332,1333,7070
2021-01-29,univariate_reversal_ridge,primary_available,0.369091008349803,observed,1301,1333,1332,1302,7070
2021-01-29,univariate_reversal_ridge,matched_complete8,0.369091008349803,observed,1301,1333,1332,1302,7070
2021-01-29,ridge,primary_available,0.36873418593511076,observed,1301,1333,1332,1302,7070
2021-01-29,ridge,matched_complete8,0.36873418593511076,observed,1301,1333,1332,1302,7070
2021-02-01,raw_reversal,primary_available,0.2095986478332777,observed,1350,1350,1350,1350,7071
2021-02-01,raw_reversal,matched_complete8,0.2077663705924509,observed,1330,1350,1350,1350,7071
2021-02-01,univariate_reversal_ridge,primary_available,0.2077663705924509,observed,1330,1350,1350,1330,7071
2021-02-01,univariate_reversal_ridge,matched_complete8,0.2077663705924509,observed,1330,1350,1350,1330,7071
2021-02-01,ridge,primary_available,0.14014474327850346,observed,1330,1350,1350,1330,7071
2021-02-01,ridge,matched_complete8,0.14014474327850346,observed,1330,1350,1350,1330,7071
2021-02-02,raw_reversal,primary_available,0.04721704449444972,observed,1347,1348,1348,1347,7072
2021-02-02,raw_reversal,matched_complete8,0.049090422695449144,observed,1325,1348,1348,1347,7072
2021-02-02,univariate_reversal_ridge,primary_available,0.049090422695449144,observed,1325,1348,1348,1325,7072
2021-02-02,univariate_reversal_ridge,matched_complete8,0.049090422695449144,observed,1325,1348,1348,1325,7072
2021-02-02,ridge,primary_available,0.05654160265281924,observed,1325,1348,1348,1325,7072
2021-02-02,ridge,matched_complete8,0.05654160265281924,observed,1325,1348,1348,1325,7072
2021-02-03,raw_reversal,primary_available,-0.10461033915424085,observed,1355,1356,1356,1355,7073
2021-02-03,raw_reversal,matched_complete8,-0.10613280860962328,observed,1335,1356,1356,1355,7073
2021-02-03,univariate_reversal_ridge,primary_available,-0.10613280860962328,observed,1335,1356,1356,1335,7073
2021-02-03,univariate_reversal_ridge,matched_complete8,-0.10613280860962328,observed,1335,1356,1356,1335,7073
2021-02-03,ridge,primary_available,-0.09667838645948629,observed,1335,1356,1356,1335,7073
2021-02-03,ridge,matched_complete8,-0.09667838645948629,observed,1335,1356,1356,1335,7073
2021-02-04,raw_reversal,primary_available,-0.074072381740704,observed,1343,1344,1344,1343,7074
2021-02-04,raw_reversal,matched_complete8,-0.06751103809837307,observed,1307,1344,1344,1343,7074
2021-02-04,univariate_reversal_ridge,primary_available,-0.06751103809837307,observed,1307,1344,1344,1307,7074
2021-02-04,univariate_reversal_ridge,matched_complete8,-0.06751103809837307,observed,1307,1344,1344,1307,7074
2021-02-04,ridge,primary_available,-0.026986620965180227,observed,1307,1344,1344,1307,7074
2021-02-04,ridge,matched_complete8,-0.026986620965180227,observed,1307,1344,1344,1307,7074
2021-02-05,raw_reversal,primary_available,-0.10266039461966146,observed,1340,1341,1341,1340,7075
2021-02-05,raw_reversal,matched_complete8,-0.09837571933030141,observed,1312,1341,1341,1340,7075
2021-02-05,univariate_reversal_ridge,primary_available,-0.09837571933030141,observed,1312,1341,1341,1312,7075
2021-02-05,univariate_reversal_ridge,matched_complete8,-0.09837571933030141,observed,1312,1341,1341,1312,7075
2021-02-05,ridge,primary_available,-0.03990155316957734,observed,1312,1341,1341,1312,7075
2021-02-05,ridge,matched_complete8,-0.03990155316957734,observed,1312,1341,1341,1312,7075
2021-02-08,raw_reversal,primary_available,-0.01767800429542784,observed,1346,1348,1347,1347,7076
2021-02-08,raw_reversal,matched_complete8,-0.018886381366737294,observed,1316,1348,1347,1347,7076
2021-02-08,univariate_reversal_ridge,primary_available,-0.018886381366737294,observed,1316,1348,1347,1317,7076
2021-02-08,univariate_reversal_ridge,matched_complete8,-0.018886381366737294,observed,1316,1348,1347,1317,7076
2021-02-08,ridge,primary_available,-0.020846282622916698,observed,1316,1348,1347,1317,7076
2021-02-08,ridge,matched_complete8,-0.020846282622916698,observed,1316,1348,1347,1317,7076
2021-02-09,raw_reversal,primary_available,0.09926220391024457,observed,1350,1350,1350,1350,7077
2021-02-09,raw_reversal,matched_complete8,0.09630650060464234,observed,1318,1350,1350,1350,7077
2021-02-09,univariate_reversal_ridge,primary_available,0.09630650060464234,observed,1318,1350,1350,1318,7077
2021-02-09,univariate_reversal_ridge,matched_complete8,0.09630650060464234,observed,1318,1350,1350,1318,7077
2021-02-09,ridge,primary_available,0.1177467843335717,observed,1318,1350,1350,1318,7077
2021-02-09,ridge,matched_complete8,0.1177467843335717,observed,1318,1350,1350,1318,7077
2021-02-10,raw_reversal,primary_available,0.0664350941307836,observed,1347,1348,1347,1348,7078
2021-02-10,raw_reversal,matched_complete8,0.05725361477952416,observed,1320,1348,1347,1348,7078
2021-02-10,univariate_reversal_ridge,primary_available,0.05725361477952416,observed,1320,1348,1347,1321,7078
2021-02-10,univariate_reversal_ridge,matched_complete8,0.05725361477952416,observed,1320,1348,1347,1321,7078
2021-02-10,ridge,primary_available,-0.04542428936405287,observed,1320,1348,1347,1321,7078
2021-02-10,ridge,matched_complete8,-0.04542428936405287,observed,1320,1348,1347,1321,7078
2021-02-11,raw_reversal,primary_available,0.061351954411605084,observed,1349,1349,1349,1349,7079
2021-02-11,raw_reversal,matched_complete8,0.060673499501599185,observed,1291,1349,1349,1349,7079
2021-02-11,univariate_reversal_ridge,primary_available,0.060673499501599185,observed,1291,1349,1349,1291,7079
2021-02-11,univariate_reversal_ridge,matched_complete8,0.060673499501599185,observed,1291,1349,1349,1291,7079
2021-02-11,ridge,primary_available,0.06098235498373816,observed,1291,1349,1349,1291,7079
2021-02-11,ridge,matched_complete8,0.06098235498373816,observed,1291,1349,1349,1291,7079
2021-02-12,raw_reversal,primary_available,0.10199789280865808,observed,1347,1347,1347,1347,7080
2021-02-12,raw_reversal,matched_complete8,0.09566143641825178,observed,1310,1347,1347,1347,7080
2021-02-12,univariate_reversal_ridge,primary_available,0.09566143641825178,observed,1310,1347,1347,1310,7080
2021-02-12,univariate_reversal_ridge,matched_complete8,0.09566143641825178,observed,1310,1347,1347,1310,7080
2021-02-12,ridge,primary_available,0.05202249388727346,observed,1310,1347,1347,1310,7080
2021-02-12,ridge,matched_complete8,0.05202249388727346,observed,1310,1347,1347,1310,7080
2021-02-16,raw_reversal,primary_available,-0.027301736772396536,observed,1352,1352,1352,1352,7081
2021-02-16,raw_reversal,matched_complete8,-0.03212713158011865,observed,1322,1352,1352,1352,7081
2021-02-16,univariate_reversal_ridge,primary_available,-0.03212713158011865,observed,1322,1352,1352,1322,7081
2021-02-16,univariate_reversal_ridge,matched_complete8,-0.03212713158011865,observed,1322,1352,1352,1322,7081
2021-02-16,ridge,primary_available,-0.17660071152256346,observed,1322,1352,1352,1322,7081
2021-02-16,ridge,matched_complete8,-0.17660071152256346,observed,1322,1352,1352,1322,7081
2021-02-17,raw_reversal,primary_available,-0.20049231417579386,observed,1351,1351,1351,1351,7082
2021-02-17,raw_reversal,matched_complete8,-0.20943696794925987,observed,1320,1351,1351,1351,7082
2021-02-17,univariate_reversal_ridge,primary_available,-0.20943696794925987,observed,1320,1351,1351,1320,7082
2021-02-17,univariate_reversal_ridge,matched_complete8,-0.20943696794925987,observed,1320,1351,1351,1320,7082
2021-02-17,ridge,primary_available,-0.218315745908934,observed,1320,1351,1351,1320,7082
2021-02-17,ridge,matched_complete8,-0.218315745908934,observed,1320,1351,1351,1320,7082
2021-02-18,raw_reversal,primary_available,-0.17969521061755103,observed,1349,1349,1349,1349,7083
2021-02-18,raw_reversal,matched_complete8,-0.1832757669646998,observed,1317,1349,1349,1349,7083
2021-02-18,univariate_reversal_ridge,primary_available,-0.1832757669646998,observed,1317,1349,1349,1317,7083
2021-02-18,univariate_reversal_ridge,matched_complete8,-0.1832757669646998,observed,1317,1349,1349,1317,7083
2021-02-18,ridge,primary_available,-0.12781253259735653,observed,1317,1349,1349,1317,7083
2021-02-18,ridge,matched_complete8,-0.12781253259735653,observed,1317,1349,1349,1317,7083
2021-02-19,raw_reversal,primary_available,-0.2312944394271497,observed,1353,1354,1353,1354,7084
2021-02-19,raw_reversal,matched_complete8,-0.2334953093895279,observed,1316,1354,1353,1354,7084
2021-02-19,univariate_reversal_ridge,primary_available,-0.2334953093895279,observed,1316,1354,1353,1317,7084
2021-02-19,univariate_reversal_ridge,matched_complete8,-0.2334953093895279,observed,1316,1354,1353,1317,7084
2021-02-19,ridge,primary_available,-0.2411264784086645,observed,1316,1354,1353,1317,7084
2021-02-19,ridge,matched_complete8,-0.2411264784086645,observed,1316,1354,1353,1317,7084
2021-02-22,raw_reversal,primary_available,0.043989452476565244,observed,1355,1356,1355,1356,7085
2021-02-22,raw_reversal,matched_complete8,0.05589195845715347,observed,1331,1356,1355,1356,7085
2021-02-22,univariate_reversal_ridge,primary_available,0.05589195845715347,observed,1331,1356,1355,1332,7085
2021-02-22,univariate_reversal_ridge,matched_complete8,0.05589195845715347,observed,1331,1356,1355,1332,7085
2021-02-22,ridge,primary_available,0.06957601055645393,observed,1331,1356,1355,1332,7085
2021-02-22,ridge,matched_complete8,0.06957601055645393,observed,1331,1356,1355,1332,7085
2021-02-23,raw_reversal,primary_available,-0.1815281545547123,observed,1357,1358,1357,1358,7086
2021-02-23,raw_reversal,matched_complete8,-0.16889414749761217,observed,1337,1358,1357,1358,7086
2021-02-23,univariate_reversal_ridge,primary_available,-0.16889414749761217,observed,1337,1358,1357,1338,7086
2021-02-23,univariate_reversal_ridge,matched_complete8,-0.16889414749761217,observed,1337,1358,1357,1338,7086
2021-02-23,ridge,primary_available,-0.1661994984286059,observed,1337,1358,1357,1338,7086
2021-02-23,ridge,matched_complete8,-0.1661994984286059,observed,1337,1358,1357,1338,7086
2021-02-24,raw_reversal,primary_available,-0.35912335704266796,observed,1363,1364,1363,1364,7087
2021-02-24,raw_reversal,matched_complete8,-0.3529780104109785,observed,1341,1364,1363,1364,7087
2021-02-24,univariate_reversal_ridge,primary_available,-0.3529780104109785,observed,1341,1364,1363,1342,7087
2021-02-24,univariate_reversal_ridge,matched_complete8,-0.3529780104109785,observed,1341,1364,1363,1342,7087
2021-02-24,ridge,primary_available,-0.21317421212331983,observed,1341,1364,1363,1342,7087
2021-02-24,ridge,matched_complete8,-0.21317421212331983,observed,1341,1364,1363,1342,7087
2021-02-25,raw_reversal,primary_available,-0.5223478550754138,observed,1359,1360,1359,1360,7088
2021-02-25,raw_reversal,matched_complete8,-0.5199243626486975,observed,1306,1360,1359,1360,7088
2021-02-25,univariate_reversal_ridge,primary_available,-0.5199243626486975,observed,1306,1360,1359,1307,7088
2021-02-25,univariate_reversal_ridge,matched_complete8,-0.5199243626486975,observed,1306,1360,1359,1307,7088
2021-02-25,ridge,primary_available,-0.4519144869419827,observed,1306,1360,1359,1307,7088
2021-02-25,ridge,matched_complete8,-0.4519144869419827,observed,1306,1360,1359,1307,7088
2021-02-26,raw_reversal,primary_available,-0.48731293418159266,observed,1357,1359,1357,1359,7089
2021-02-26,raw_reversal,matched_complete8,-0.4790152979532044,observed,1302,1359,1357,1359,7089
2021-02-26,univariate_reversal_ridge,primary_available,-0.4790152979532044,observed,1302,1359,1357,1304,7089
2021-02-26,univariate_reversal_ridge,matched_complete8,-0.4790152979532044,observed,1302,1359,1357,1304,7089
2021-02-26,ridge,primary_available,-0.19789703665317318,observed,1302,1359,1357,1304,7089
2021-02-26,ridge,matched_complete8,-0.19789703665317318,observed,1302,1359,1357,1304,7089
2021-03-01,raw_reversal,primary_available,-0.1912942961031836,observed,1357,1357,1357,1357,7090
2021-03-01,raw_reversal,matched_complete8,-0.182206379514561,observed,1329,1357,1357,1357,7090
2021-03-01,univariate_reversal_ridge,primary_available,-0.182206379514561,observed,1329,1357,1357,1329,7090
2021-03-01,univariate_reversal_ridge,matched_complete8,-0.182206379514561,observed,1329,1357,1357,1329,7090
2021-03-01,ridge,primary_available,-0.007030169297095602,observed,1329,1357,1357,1329,7090
2021-03-01,ridge,matched_complete8,-0.007030169297095602,observed,1329,1357,1357,1329,7090
2021-03-02,raw_reversal,primary_available,-0.06632110844229364,observed,1362,1362,1362,1362,7091
2021-03-02,raw_reversal,matched_complete8,-0.04989682777508059,observed,1335,1362,1362,1362,7091
2021-03-02,univariate_reversal_ridge,primary_available,-0.04989682777508059,observed,1335,1362,1362,1335,7091
2021-03-02,univariate_reversal_ridge,matched_complete8,-0.04989682777508059,observed,1335,1362,1362,1335,7091
2021-03-02,ridge,primary_available,-0.17285028937887723,observed,1335,1362,1362,1335,7091
2021-03-02,ridge,matched_complete8,-0.17285028937887723,observed,1335,1362,1362,1335,7091
2021-03-03,raw_reversal,primary_available,-0.059819386680696064,observed,1362,1362,1362,1362,7092
2021-03-03,raw_reversal,matched_complete8,-0.05021080949705555,observed,1332,1362,1362,1362,7092
2021-03-03,univariate_reversal_ridge,primary_available,-0.05021080949705555,observed,1332,1362,1362,1332,7092
2021-03-03,univariate_reversal_ridge,matched_complete8,-0.05021080949705555,observed,1332,1362,1362,1332,7092
2021-03-03,ridge,primary_available,-0.09529231199759,observed,1332,1362,1362,1332,7092
2021-03-03,ridge,matched_complete8,-0.09529231199759,observed,1332,1362,1362,1332,7092
2021-03-04,raw_reversal,primary_available,0.03209677520908721,observed,1368,1368,1368,1368,7093
2021-03-04,raw_reversal,matched_complete8,0.03339785132907577,observed,1321,1368,1368,1368,7093
2021-03-04,univariate_reversal_ridge,primary_available,0.03339785132907577,observed,1321,1368,1368,1321,7093
2021-03-04,univariate_reversal_ridge,matched_complete8,0.03339785132907577,observed,1321,1368,1368,1321,7093
2021-03-04,ridge,primary_available,0.1086715913416238,observed,1321,1368,1368,1321,7093
2021-03-04,ridge,matched_complete8,0.1086715913416238,observed,1321,1368,1368,1321,7093
2021-03-05,raw_reversal,primary_available,0.24846187443765358,observed,1371,1371,1371,1371,7094
2021-03-05,raw_reversal,matched_complete8,0.24585142774966035,observed,1339,1371,1371,1371,7094
2021-03-05,univariate_reversal_ridge,primary_available,0.24585142774966035,observed,1339,1371,1371,1339,7094
2021-03-05,univariate_reversal_ridge,matched_complete8,0.24585142774966035,observed,1339,1371,1371,1339,7094
2021-03-05,ridge,primary_available,0.254018043557925,observed,1339,1371,1371,1339,7094
2021-03-05,ridge,matched_complete8,0.254018043557925,observed,1339,1371,1371,1339,7094
2021-03-08,raw_reversal,primary_available,0.4989300617544725,observed,1379,1379,1379,1379,7095
2021-03-08,raw_reversal,matched_complete8,0.49996631061180197,observed,1356,1379,1379,1379,7095
2021-03-08,univariate_reversal_ridge,primary_available,0.49996631061180197,observed,1356,1379,1379,1356,7095
2021-03-08,univariate_reversal_ridge,matched_complete8,0.49996631061180197,observed,1356,1379,1379,1356,7095
2021-03-08,ridge,primary_available,0.4476789808376075,observed,1356,1379,1379,1356,7095
2021-03-08,ridge,matched_complete8,0.4476789808376075,observed,1356,1379,1379,1356,7095
2021-03-09,raw_reversal,primary_available,-0.08475047976222162,observed,1388,1388,1388,1388,7096
2021-03-09,raw_reversal,matched_complete8,-0.08067888042102102,observed,1349,1388,1388,1388,7096
2021-03-09,univariate_reversal_ridge,primary_available,-0.08067888042102102,observed,1349,1388,1388,1349,7096
2021-03-09,univariate_reversal_ridge,matched_complete8,-0.08067888042102102,observed,1349,1388,1388,1349,7096
2021-03-09,ridge,primary_available,0.07350398162039165,observed,1349,1388,1388,1349,7096
2021-03-09,ridge,matched_complete8,0.07350398162039165,observed,1349,1388,1388,1349,7096
2021-03-10,raw_reversal,primary_available,0.012827901819520739,observed,1393,1393,1393,1393,7097
2021-03-10,raw_reversal,matched_complete8,0.016335745722862467,observed,1371,1393,1393,1393,7097
2021-03-10,univariate_reversal_ridge,primary_available,0.016335745722862467,observed,1371,1393,1393,1371,7097
2021-03-10,univariate_reversal_ridge,matched_complete8,0.016335745722862467,observed,1371,1393,1393,1371,7097
2021-03-10,ridge,primary_available,0.0403112841604804,observed,1371,1393,1393,1371,7097
2021-03-10,ridge,matched_complete8,0.0403112841604804,observed,1371,1393,1393,1371,7097
2021-03-11,raw_reversal,primary_available,0.07677620032521104,observed,1400,1400,1400,1400,7098
2021-03-11,raw_reversal,matched_complete8,0.08838848526384398,observed,1366,1400,1400,1400,7098
2021-03-11,univariate_reversal_ridge,primary_available,0.08838848526384398,observed,1366,1400,1400,1366,7098
2021-03-11,univariate_reversal_ridge,matched_complete8,0.08838848526384398,observed,1366,1400,1400,1366,7098
2021-03-11,ridge,primary_available,0.1926821685952342,observed,1366,1400,1400,1366,7098
2021-03-11,ridge,matched_complete8,0.1926821685952342,observed,1366,1400,1400,1366,7098
2021-03-12,raw_reversal,primary_available,0.100822080950404,observed,1402,1403,1402,1403,7099
2021-03-12,raw_reversal,matched_complete8,0.10689374846638976,observed,1354,1403,1402,1403,7099
2021-03-12,univariate_reversal_ridge,primary_available,0.10689374846638976,observed,1354,1403,1402,1355,7099
2021-03-12,univariate_reversal_ridge,matched_complete8,0.10689374846638976,observed,1354,1403,1402,1355,7099
2021-03-12,ridge,primary_available,0.08932080415256782,observed,1354,1403,1402,1355,7099
2021-03-12,ridge,matched_complete8,0.08932080415256782,observed,1354,1403,1402,1355,7099
2021-03-15,raw_reversal,primary_available,0.15962579599907958,observed,1407,1407,1407,1407,7100
2021-03-15,raw_reversal,matched_complete8,0.1607352578684025,observed,1382,1407,1407,1407,7100
2021-03-15,univariate_reversal_ridge,primary_available,0.1607352578684025,observed,1382,1407,1407,1382,7100
2021-03-15,univariate_reversal_ridge,matched_complete8,0.1607352578684025,observed,1382,1407,1407,1382,7100
2021-03-15,ridge,primary_available,0.0784273736838501,observed,1382,1407,1407,1382,7100
2021-03-15,ridge,matched_complete8,0.0784273736838501,observed,1382,1407,1407,1382,7100
2021-03-16,raw_reversal,primary_available,0.0915004726543337,observed,1408,1408,1408,1408,7101
2021-03-16,raw_reversal,matched_complete8,0.08232305601425946,observed,1379,1408,1408,1408,7101
2021-03-16,univariate_reversal_ridge,primary_available,0.08232305601425946,observed,1379,1408,1408,1379,7101
2021-03-16,univariate_reversal_ridge,matched_complete8,0.08232305601425946,observed,1379,1408,1408,1379,7101
2021-03-16,ridge,primary_available,-0.06765803446718323,observed,1379,1408,1408,1379,7101
2021-03-16,ridge,matched_complete8,-0.06765803446718323,observed,1379,1408,1408,1379,7101
2021-03-17,raw_reversal,primary_available,0.3006937027489905,observed,1410,1410,1410,1410,7102
2021-03-17,raw_reversal,matched_complete8,0.3010794796489283,observed,1394,1410,1410,1410,7102
2021-03-17,univariate_reversal_ridge,primary_available,0.3010794796489283,observed,1394,1410,1410,1394,7102
2021-03-17,univariate_reversal_ridge,matched_complete8,0.3010794796489283,observed,1394,1410,1410,1394,7102
2021-03-17,ridge,primary_available,0.376426936912294,observed,1394,1410,1410,1394,7102
2021-03-17,ridge,matched_complete8,0.376426936912294,observed,1394,1410,1410,1394,7102
2021-03-18,raw_reversal,primary_available,-0.08050203317403389,observed,1412,1412,1412,1412,7103
2021-03-18,raw_reversal,matched_complete8,-0.07462634517077762,observed,1396,1412,1412,1412,7103
2021-03-18,univariate_reversal_ridge,primary_available,-0.07462634517077762,observed,1396,1412,1412,1396,7103
2021-03-18,univariate_reversal_ridge,matched_complete8,-0.07462634517077762,observed,1396,1412,1412,1396,7103
2021-03-18,ridge,primary_available,-0.1734349252023237,observed,1396,1412,1412,1396,7103
2021-03-18,ridge,matched_complete8,-0.1734349252023237,observed,1396,1412,1412,1396,7103
2021-03-19,raw_reversal,primary_available,-0.0982206988841459,observed,1459,1459,1459,1459,7104
2021-03-19,raw_reversal,matched_complete8,-0.09784040852557274,observed,1443,1459,1459,1459,7104
2021-03-19,univariate_reversal_ridge,primary_available,-0.09784040852557274,observed,1443,1459,1459,1443,7104
2021-03-19,univariate_reversal_ridge,matched_complete8,-0.09784040852557274,observed,1443,1459,1459,1443,7104
2021-03-19,ridge,primary_available,0.06073678838114198,observed,1443,1459,1459,1443,7104
2021-03-19,ridge,matched_complete8,0.06073678838114198,observed,1443,1459,1459,1443,7104
2021-03-22,raw_reversal,primary_available,-0.08643382703726152,observed,1455,1455,1455,1455,7105
2021-03-22,raw_reversal,matched_complete8,-0.08551815968487331,observed,1440,1455,1455,1455,7105
2021-03-22,univariate_reversal_ridge,primary_available,-0.08551815968487331,observed,1440,1455,1455,1440,7105
2021-03-22,univariate_reversal_ridge,matched_complete8,-0.08551815968487331,observed,1440,1455,1455,1440,7105
2021-03-22,ridge,primary_available,0.068387431298554,observed,1440,1455,1455,1440,7105
2021-03-22,ridge,matched_complete8,0.068387431298554,observed,1440,1455,1455,1440,7105
2021-03-23,raw_reversal,primary_available,-0.01924923711400935,observed,1449,1450,1449,1450,7106
2021-03-23,raw_reversal,matched_complete8,-0.02041057026121508,observed,1435,1450,1449,1450,7106
2021-03-23,univariate_reversal_ridge,primary_available,-0.02041057026121508,observed,1435,1450,1449,1436,7106
2021-03-23,univariate_reversal_ridge,matched_complete8,-0.02041057026121508,observed,1435,1450,1449,1436,7106
2021-03-23,ridge,primary_available,0.01075465685098134,observed,1435,1450,1449,1436,7106
2021-03-23,ridge,matched_complete8,0.01075465685098134,observed,1435,1450,1449,1436,7106
2021-03-24,raw_reversal,primary_available,0.42494308621413324,observed,1452,1453,1452,1453,7107
2021-03-24,raw_reversal,matched_complete8,0.4257093525287352,observed,1433,1453,1452,1453,7107
2021-03-24,univariate_reversal_ridge,primary_available,0.4257093525287352,observed,1433,1453,1452,1434,7107
2021-03-24,univariate_reversal_ridge,matched_complete8,0.4257093525287352,observed,1433,1453,1452,1434,7107
2021-03-24,ridge,primary_available,0.4036409855769053,observed,1433,1453,1452,1434,7107
2021-03-24,ridge,matched_complete8,0.4036409855769053,observed,1433,1453,1452,1434,7107
2021-03-25,raw_reversal,primary_available,0.04640294335310007,observed,1455,1456,1455,1456,7108
2021-03-25,raw_reversal,matched_complete8,0.04708871721843119,observed,1434,1456,1455,1456,7108
2021-03-25,univariate_reversal_ridge,primary_available,0.04708871721843119,observed,1434,1456,1455,1435,7108
2021-03-25,univariate_reversal_ridge,matched_complete8,0.04708871721843119,observed,1434,1456,1455,1435,7108
2021-03-25,ridge,primary_available,-0.007552362785284438,observed,1434,1456,1455,1435,7108
2021-03-25,ridge,matched_complete8,-0.007552362785284438,observed,1434,1456,1455,1435,7108
2021-03-26,raw_reversal,primary_available,0.12553307069701652,observed,1444,1446,1444,1446,7109
2021-03-26,raw_reversal,matched_complete8,0.13083873809908567,observed,1430,1446,1444,1446,7109
2021-03-26,univariate_reversal_ridge,primary_available,0.13083873809908567,observed,1430,1446,1444,1432,7109
2021-03-26,univariate_reversal_ridge,matched_complete8,0.13083873809908567,observed,1430,1446,1444,1432,7109
2021-03-26,ridge,primary_available,0.0403604516675815,observed,1430,1446,1444,1432,7109
2021-03-26,ridge,matched_complete8,0.0403604516675815,observed,1430,1446,1444,1432,7109
2021-03-29,raw_reversal,primary_available,0.45480238583604293,observed,1441,1442,1441,1442,7110
2021-03-29,raw_reversal,matched_complete8,0.46033922459539334,observed,1426,1442,1441,1442,7110
2021-03-29,univariate_reversal_ridge,primary_available,0.46033922459539334,observed,1426,1442,1441,1427,7110
2021-03-29,univariate_reversal_ridge,matched_complete8,0.46033922459539334,observed,1426,1442,1441,1427,7110
2021-03-29,ridge,primary_available,0.4182424842830139,observed,1426,1442,1441,1427,7110
2021-03-29,ridge,matched_complete8,0.4182424842830139,observed,1426,1442,1441,1427,7110
2021-03-30,raw_reversal,primary_available,0.26409224551882315,observed,1440,1441,1440,1441,7111
2021-03-30,raw_reversal,matched_complete8,0.2647132312789346,observed,1404,1441,1440,1441,7111
2021-03-30,univariate_reversal_ridge,primary_available,0.2647132312789346,observed,1404,1441,1440,1405,7111
2021-03-30,univariate_reversal_ridge,matched_complete8,0.2647132312789346,observed,1404,1441,1440,1405,7111
2021-03-30,ridge,primary_available,0.19380020535297862,observed,1404,1441,1440,1405,7111
2021-03-30,ridge,matched_complete8,0.19380020535297862,observed,1404,1441,1440,1405,7111
2021-03-31,raw_reversal,primary_available,0.04349864325905326,observed,1448,1449,1448,1449,7112
2021-03-31,raw_reversal,matched_complete8,0.040462670836880446,observed,1416,1449,1448,1449,7112
2021-03-31,univariate_reversal_ridge,primary_available,0.040462670836880446,observed,1416,1449,1448,1417,7112
2021-03-31,univariate_reversal_ridge,matched_complete8,0.040462670836880446,observed,1416,1449,1448,1417,7112
2021-03-31,ridge,primary_available,0.06377849009044423,observed,1416,1449,1448,1417,7112
2021-03-31,ridge,matched_complete8,0.06377849009044423,observed,1416,1449,1448,1417,7112
2021-04-01,raw_reversal,primary_available,0.008994176140199905,observed,1433,1433,1433,1433,7113
2021-04-01,raw_reversal,matched_complete8,0.008770581810361994,observed,1414,1433,1433,1433,7113
2021-04-01,univariate_reversal_ridge,primary_available,0.008770581810361994,observed,1414,1433,1433,1414,7113
2021-04-01,univariate_reversal_ridge,matched_complete8,0.008770581810361994,observed,1414,1433,1433,1414,7113
2021-04-01,ridge,primary_available,0.04281577797356429,observed,1414,1433,1433,1414,7113
2021-04-01,ridge,matched_complete8,0.04281577797356429,observed,1414,1433,1433,1414,7113
2021-04-05,raw_reversal,primary_available,-0.009843241086558851,observed,1420,1421,1420,1421,7114
2021-04-05,raw_reversal,matched_complete8,-0.009177963325364276,observed,1398,1421,1420,1421,7114
2021-04-05,univariate_reversal_ridge,primary_available,-0.009177963325364276,observed,1398,1421,1420,1399,7114
2021-04-05,univariate_reversal_ridge,matched_complete8,-0.009177963325364276,observed,1398,1421,1420,1399,7114
2021-04-05,ridge,primary_available,-0.014763309329987002,observed,1398,1421,1420,1399,7114
2021-04-05,ridge,matched_complete8,-0.014763309329987002,observed,1398,1421,1420,1399,7114
2021-04-06,raw_reversal,primary_available,-0.07029483555864452,observed,1416,1416,1416,1416,7115
2021-04-06,raw_reversal,matched_complete8,-0.07410474830210362,observed,1397,1416,1416,1416,7115
2021-04-06,univariate_reversal_ridge,primary_available,-0.07410474830210362,observed,1397,1416,1416,1397,7115
2021-04-06,univariate_reversal_ridge,matched_complete8,-0.07410474830210362,observed,1397,1416,1416,1397,7115
2021-04-06,ridge,primary_available,-0.1303265369033032,observed,1397,1416,1416,1397,7115
2021-04-06,ridge,matched_complete8,-0.1303265369033032,observed,1397,1416,1416,1397,7115
2021-04-07,raw_reversal,primary_available,-0.021062273419840093,observed,1404,1404,1404,1404,7116
2021-04-07,raw_reversal,matched_complete8,-0.022117804196374394,observed,1387,1404,1404,1404,7116
2021-04-07,univariate_reversal_ridge,primary_available,-0.022117804196374394,observed,1387,1404,1404,1387,7116
2021-04-07,univariate_reversal_ridge,matched_complete8,-0.022117804196374394,observed,1387,1404,1404,1387,7116
2021-04-07,ridge,primary_available,-0.019193153554948245,observed,1387,1404,1404,1387,7116
2021-04-07,ridge,matched_complete8,-0.019193153554948245,observed,1387,1404,1404,1387,7116
2021-04-08,raw_reversal,primary_available,-0.09569933005273219,observed,1406,1406,1406,1406,7117
2021-04-08,raw_reversal,matched_complete8,-0.09206203344908481,observed,1381,1406,1406,1406,7117
2021-04-08,univariate_reversal_ridge,primary_available,-0.09206203344908481,observed,1381,1406,1406,1381,7117
2021-04-08,univariate_reversal_ridge,matched_complete8,-0.09206203344908481,observed,1381,1406,1406,1381,7117
2021-04-08,ridge,primary_available,-0.10869007531590673,observed,1381,1406,1406,1381,7117
2021-04-08,ridge,matched_complete8,-0.10869007531590673,observed,1381,1406,1406,1381,7117
2021-04-09,raw_reversal,primary_available,-0.1207558916006308,observed,1399,1399,1399,1399,7118
2021-04-09,raw_reversal,matched_complete8,-0.11745862054503428,observed,1378,1399,1399,1399,7118
2021-04-09,univariate_reversal_ridge,primary_available,-0.11745862054503428,observed,1378,1399,1399,1378,7118
2021-04-09,univariate_reversal_ridge,matched_complete8,-0.11745862054503428,observed,1378,1399,1399,1378,7118
2021-04-09,ridge,primary_available,-0.14129069006476883,observed,1378,1399,1399,1378,7118
2021-04-09,ridge,matched_complete8,-0.14129069006476883,observed,1378,1399,1399,1378,7118
2021-04-12,raw_reversal,primary_available,-0.07205469174866704,observed,1393,1393,1393,1393,7119
2021-04-12,raw_reversal,matched_complete8,-0.07278460655744179,observed,1378,1393,1393,1393,7119
2021-04-12,univariate_reversal_ridge,primary_available,-0.07278460655744179,observed,1378,1393,1393,1378,7119
2021-04-12,univariate_reversal_ridge,matched_complete8,-0.07278460655744179,observed,1378,1393,1393,1378,7119
2021-04-12,ridge,primary_available,-0.06594403324769599,observed,1378,1393,1393,1378,7119
2021-04-12,ridge,matched_complete8,-0.06594403324769599,observed,1378,1393,1393,1378,7119
2021-04-13,raw_reversal,primary_available,-0.17175087612165568,observed,1392,1393,1392,1393,7120
2021-04-13,raw_reversal,matched_complete8,-0.17125228670852177,observed,1377,1393,1392,1393,7120
2021-04-13,univariate_reversal_ridge,primary_available,-0.17125228670852177,observed,1377,1393,1392,1378,7120
2021-04-13,univariate_reversal_ridge,matched_complete8,-0.17125228670852177,observed,1377,1393,1392,1378,7120
2021-04-13,ridge,primary_available,-0.027341312331208806,observed,1377,1393,1392,1378,7120
2021-04-13,ridge,matched_complete8,-0.027341312331208806,observed,1377,1393,1392,1378,7120
2021-04-14,raw_reversal,primary_available,-0.08425356848052787,observed,1379,1382,1379,1382,7121
2021-04-14,raw_reversal,matched_complete8,-0.08605866708847257,observed,1358,1382,1379,1382,7121
2021-04-14,univariate_reversal_ridge,primary_available,-0.08605866708847257,observed,1358,1382,1379,1361,7121
2021-04-14,univariate_reversal_ridge,matched_complete8,-0.08605866708847257,observed,1358,1382,1379,1361,7121
2021-04-14,ridge,primary_available,-0.01216623876540957,observed,1358,1382,1379,1361,7121
2021-04-14,ridge,matched_complete8,-0.01216623876540957,observed,1358,1382,1379,1361,7121
2021-04-15,raw_reversal,primary_available,-0.04967186780910766,observed,1373,1375,1373,1375,7122
2021-04-15,raw_reversal,matched_complete8,-0.056852277598835356,observed,1351,1375,1373,1375,7122
2021-04-15,univariate_reversal_ridge,primary_available,-0.056852277598835356,observed,1351,1375,1373,1353,7122
2021-04-15,univariate_reversal_ridge,matched_complete8,-0.056852277598835356,observed,1351,1375,1373,1353,7122
2021-04-15,ridge,primary_available,-0.05329874955502684,observed,1351,1375,1373,1353,7122
2021-04-15,ridge,matched_complete8,-0.05329874955502684,observed,1351,1375,1373,1353,7122
2021-04-16,raw_reversal,primary_available,0.049135786730936305,observed,1359,1360,1359,1360,7123
2021-04-16,raw_reversal,matched_complete8,0.04258379805082231,observed,1346,1360,1359,1360,7123
2021-04-16,univariate_reversal_ridge,primary_available,0.04258379805082231,observed,1346,1360,1359,1347,7123
2021-04-16,univariate_reversal_ridge,matched_complete8,0.04258379805082231,observed,1346,1360,1359,1347,7123
2021-04-16,ridge,primary_available,0.017444905813795885,observed,1346,1360,1359,1347,7123
2021-04-16,ridge,matched_complete8,0.017444905813795885,observed,1346,1360,1359,1347,7123
2021-04-19,raw_reversal,primary_available,0.23294960749832785,observed,1307,1308,1307,1308,7124
2021-04-19,raw_reversal,matched_complete8,0.2344447788103274,observed,1296,1308,1307,1308,7124
2021-04-19,univariate_reversal_ridge,primary_available,0.2344447788103274,observed,1296,1308,1307,1297,7124
2021-04-19,univariate_reversal_ridge,matched_complete8,0.2344447788103274,observed,1296,1308,1307,1297,7124
2021-04-19,ridge,primary_available,0.23412077192877637,observed,1296,1308,1307,1297,7124
2021-04-19,ridge,matched_complete8,0.23412077192877637,observed,1296,1308,1307,1297,7124
2021-04-20,raw_reversal,primary_available,0.4724552239698271,observed,1302,1304,1302,1304,7125
2021-04-20,raw_reversal,matched_complete8,0.47129408488208985,observed,1284,1304,1302,1304,7125
2021-04-20,univariate_reversal_ridge,primary_available,0.47129408488208985,observed,1284,1304,1302,1286,7125
2021-04-20,univariate_reversal_ridge,matched_complete8,0.47129408488208985,observed,1284,1304,1302,1286,7125
2021-04-20,ridge,primary_available,0.4965539722815398,observed,1284,1304,1302,1286,7125
2021-04-20,ridge,matched_complete8,0.4965539722815398,observed,1284,1304,1302,1286,7125
2021-04-21,raw_reversal,primary_available,0.31563253222959853,observed,1302,1304,1302,1304,7126
2021-04-21,raw_reversal,matched_complete8,0.3105777231399124,observed,1288,1304,1302,1304,7126
2021-04-21,univariate_reversal_ridge,primary_available,0.3105777231399124,observed,1288,1304,1302,1290,7126
2021-04-21,univariate_reversal_ridge,matched_complete8,0.3105777231399124,observed,1288,1304,1302,1290,7126
2021-04-21,ridge,primary_available,0.05085544206254085,observed,1288,1304,1302,1290,7126
2021-04-21,ridge,matched_complete8,0.05085544206254085,observed,1288,1304,1302,1290,7126
2021-04-22,raw_reversal,primary_available,0.1237165574017044,observed,1295,1295,1295,1295,7127
2021-04-22,raw_reversal,matched_complete8,0.11951496183398674,observed,1278,1295,1295,1295,7127
2021-04-22,univariate_reversal_ridge,primary_available,0.11951496183398674,observed,1278,1295,1295,1278,7127
2021-04-22,univariate_reversal_ridge,matched_complete8,0.11951496183398674,observed,1278,1295,1295,1278,7127
2021-04-22,ridge,primary_available,0.1534739996306037,observed,1278,1295,1295,1278,7127
2021-04-22,ridge,matched_complete8,0.1534739996306037,observed,1278,1295,1295,1278,7127
2021-04-23,raw_reversal,primary_available,0.08025538048936072,observed,1287,1287,1287,1287,7128
2021-04-23,raw_reversal,matched_complete8,0.07157552210107873,observed,1270,1287,1287,1287,7128
2021-04-23,univariate_reversal_ridge,primary_available,0.07157552210107873,observed,1270,1287,1287,1270,7128
2021-04-23,univariate_reversal_ridge,matched_complete8,0.07157552210107873,observed,1270,1287,1287,1270,7128
2021-04-23,ridge,primary_available,0.07766005129960818,observed,1270,1287,1287,1270,7128
2021-04-23,ridge,matched_complete8,0.07766005129960818,observed,1270,1287,1287,1270,7128
2021-04-26,raw_reversal,primary_available,0.4108356045662598,observed,1289,1289,1289,1289,7129
2021-04-26,raw_reversal,matched_complete8,0.41069645810768707,observed,1278,1289,1289,1289,7129
2021-04-26,univariate_reversal_ridge,primary_available,0.41069645810768707,observed,1278,1289,1289,1278,7129
2021-04-26,univariate_reversal_ridge,matched_complete8,0.41069645810768707,observed,1278,1289,1289,1278,7129
2021-04-26,ridge,primary_available,0.48575317908223486,observed,1278,1289,1289,1278,7129
2021-04-26,ridge,matched_complete8,0.48575317908223486,observed,1278,1289,1289,1278,7129
2021-04-27,raw_reversal,primary_available,0.26455811907674714,observed,1278,1278,1278,1278,7130
2021-04-27,raw_reversal,matched_complete8,0.26398466269103393,observed,1263,1278,1278,1278,7130
2021-04-27,univariate_reversal_ridge,primary_available,0.26398466269103393,observed,1263,1278,1278,1263,7130
2021-04-27,univariate_reversal_ridge,matched_complete8,0.26398466269103393,observed,1263,1278,1278,1263,7130
2021-04-27,ridge,primary_available,0.16878247247304437,observed,1263,1278,1278,1263,7130
2021-04-27,ridge,matched_complete8,0.16878247247304437,observed,1263,1278,1278,1263,7130
2021-04-28,raw_reversal,primary_available,0.2622265163645015,observed,1278,1280,1278,1280,7131
2021-04-28,raw_reversal,matched_complete8,0.2599053984186912,observed,1265,1280,1278,1280,7131
2021-04-28,univariate_reversal_ridge,primary_available,0.2599053984186912,observed,1265,1280,1278,1267,7131
2021-04-28,univariate_reversal_ridge,matched_complete8,0.2599053984186912,observed,1265,1280,1278,1267,7131
2021-04-28,ridge,primary_available,0.32766638755850774,observed,1265,1280,1278,1267,7131
2021-04-28,ridge,matched_complete8,0.32766638755850774,observed,1265,1280,1278,1267,7131
2021-04-29,raw_reversal,primary_available,-0.020328291057567567,observed,1267,1267,1267,1267,7132
2021-04-29,raw_reversal,matched_complete8,-0.020169600497408846,observed,1246,1267,1267,1267,7132
2021-04-29,univariate_reversal_ridge,primary_available,-0.020169600497408846,observed,1246,1267,1267,1246,7132
2021-04-29,univariate_reversal_ridge,matched_complete8,-0.020169600497408846,observed,1246,1267,1267,1246,7132
2021-04-29,ridge,primary_available,-0.08073920314342424,observed,1246,1267,1267,1246,7132
2021-04-29,ridge,matched_complete8,-0.08073920314342424,observed,1246,1267,1267,1246,7132
2021-04-30,raw_reversal,primary_available,-0.13271880347037526,observed,1270,1270,1270,1270,7133
2021-04-30,raw_reversal,matched_complete8,-0.1330436251466915,observed,1251,1270,1270,1270,7133
2021-04-30,univariate_reversal_ridge,primary_available,-0.1330436251466915,observed,1251,1270,1270,1251,7133
2021-04-30,univariate_reversal_ridge,matched_complete8,-0.1330436251466915,observed,1251,1270,1270,1251,7133
2021-04-30,ridge,primary_available,0.08007006087919963,observed,1251,1270,1270,1251,7133
2021-04-30,ridge,matched_complete8,0.08007006087919963,observed,1251,1270,1270,1251,7133
2021-05-03,raw_reversal,primary_available,-0.4718123198426154,observed,1265,1265,1265,1265,7134
2021-05-03,raw_reversal,matched_complete8,-0.47051235532270946,observed,1257,1265,1265,1265,7134
2021-05-03,univariate_reversal_ridge,primary_available,-0.47051235532270946,observed,1257,1265,1265,1257,7134
2021-05-03,univariate_reversal_ridge,matched_complete8,-0.47051235532270946,observed,1257,1265,1265,1257,7134
2021-05-03,ridge,primary_available,-0.4624606882578782,observed,1257,1265,1265,1257,7134
2021-05-03,ridge,matched_complete8,-0.4624606882578782,observed,1257,1265,1265,1257,7134
2021-05-04,raw_reversal,primary_available,-0.4520053083437084,observed,1274,1274,1274,1274,7135
2021-05-04,raw_reversal,matched_complete8,-0.4550960636724362,observed,1263,1274,1274,1274,7135
2021-05-04,univariate_reversal_ridge,primary_available,-0.4550960636724362,observed,1263,1274,1274,1263,7135
2021-05-04,univariate_reversal_ridge,matched_complete8,-0.4550960636724362,observed,1263,1274,1274,1263,7135
2021-05-04,ridge,primary_available,-0.41584932696267674,observed,1263,1274,1274,1263,7135
2021-05-04,ridge,matched_complete8,-0.41584932696267674,observed,1263,1274,1274,1263,7135
2021-05-05,raw_reversal,primary_available,-0.22132006229429796,observed,1281,1282,1281,1282,7136
2021-05-05,raw_reversal,matched_complete8,-0.22575264968916936,observed,1262,1282,1281,1282,7136
2021-05-05,univariate_reversal_ridge,primary_available,-0.22575264968916936,observed,1262,1282,1281,1263,7136
2021-05-05,univariate_reversal_ridge,matched_complete8,-0.22575264968916936,observed,1262,1282,1281,1263,7136
2021-05-05,ridge,primary_available,-0.2244279206382976,observed,1262,1282,1281,1263,7136
2021-05-05,ridge,matched_complete8,-0.2244279206382976,observed,1262,1282,1281,1263,7136
2021-05-06,raw_reversal,primary_available,-0.4502284305891037,observed,1292,1295,1293,1294,7137
2021-05-06,raw_reversal,matched_complete8,-0.4571564758510123,observed,1258,1295,1293,1294,7137
2021-05-06,univariate_reversal_ridge,primary_available,-0.4571564758510123,observed,1258,1295,1293,1260,7137
2021-05-06,univariate_reversal_ridge,matched_complete8,-0.4571564758510123,observed,1258,1295,1293,1260,7137
2021-05-06,ridge,primary_available,-0.35814513376819296,observed,1258,1295,1293,1260,7137
2021-05-06,ridge,matched_complete8,-0.35814513376819296,observed,1258,1295,1293,1260,7137
2021-05-07,raw_reversal,primary_available,-0.16786236908707106,observed,1299,1300,1299,1300,7138
2021-05-07,raw_reversal,matched_complete8,-0.16733253973302872,observed,1269,1300,1299,1300,7138
2021-05-07,univariate_reversal_ridge,primary_available,-0.16733253973302872,observed,1269,1300,1299,1270,7138
2021-05-07,univariate_reversal_ridge,matched_complete8,-0.16733253973302872,observed,1269,1300,1299,1270,7138
2021-05-07,ridge,primary_available,-0.05976917083011785,observed,1269,1300,1299,1270,7138
2021-05-07,ridge,matched_complete8,-0.05976917083011785,observed,1269,1300,1299,1270,7138
2021-05-10,raw_reversal,primary_available,0.2117987821479208,observed,1309,1310,1309,1310,7139
2021-05-10,raw_reversal,matched_complete8,0.21290296354847857,observed,1293,1310,1309,1310,7139
2021-05-10,univariate_reversal_ridge,primary_available,0.21290296354847857,observed,1293,1310,1309,1294,7139
2021-05-10,univariate_reversal_ridge,matched_complete8,0.21290296354847857,observed,1293,1310,1309,1294,7139
2021-05-10,ridge,primary_available,0.2657687529363096,observed,1293,1310,1309,1294,7139
2021-05-10,ridge,matched_complete8,0.2657687529363096,observed,1293,1310,1309,1294,7139
2021-05-11,raw_reversal,primary_available,-0.017474007708890415,observed,1318,1319,1318,1319,7140
2021-05-11,raw_reversal,matched_complete8,-0.020529071506059593,observed,1299,1319,1318,1319,7140
2021-05-11,univariate_reversal_ridge,primary_available,-0.020529071506059593,observed,1299,1319,1318,1300,7140
2021-05-11,univariate_reversal_ridge,matched_complete8,-0.020529071506059593,observed,1299,1319,1318,1300,7140
2021-05-11,ridge,primary_available,-0.07953021226764115,observed,1299,1319,1318,1300,7140
2021-05-11,ridge,matched_complete8,-0.07953021226764115,observed,1299,1319,1318,1300,7140
2021-05-12,raw_reversal,primary_available,0.13461340192925908,observed,1323,1324,1323,1324,7141
2021-05-12,raw_reversal,matched_complete8,0.13274052726331215,observed,1298,1324,1323,1324,7141
2021-05-12,univariate_reversal_ridge,primary_available,0.13274052726331215,observed,1298,1324,1323,1299,7141
2021-05-12,univariate_reversal_ridge,matched_complete8,0.13274052726331215,observed,1298,1324,1323,1299,7141
2021-05-12,ridge,primary_available,0.09101197199403359,observed,1298,1324,1323,1299,7141
2021-05-12,ridge,matched_complete8,0.09101197199403359,observed,1298,1324,1323,1299,7141
2021-05-13,raw_reversal,primary_available,0.29929375779014505,observed,1328,1329,1328,1329,7142
2021-05-13,raw_reversal,matched_complete8,0.2939637983091433,observed,1282,1329,1328,1329,7142
2021-05-13,univariate_reversal_ridge,primary_available,0.2939637983091433,observed,1282,1329,1328,1283,7142
2021-05-13,univariate_reversal_ridge,matched_complete8,0.2939637983091433,observed,1282,1329,1328,1283,7142
2021-05-13,ridge,primary_available,0.2589906605898914,observed,1282,1329,1328,1283,7142
2021-05-13,ridge,matched_complete8,0.2589906605898914,observed,1282,1329,1328,1283,7142
2021-05-14,raw_reversal,primary_available,0.10959174024654403,observed,1337,1337,1337,1337,7143
2021-05-14,raw_reversal,matched_complete8,0.10579852148047551,observed,1295,1337,1337,1337,7143
2021-05-14,univariate_reversal_ridge,primary_available,0.10579852148047551,observed,1295,1337,1337,1295,7143
2021-05-14,univariate_reversal_ridge,matched_complete8,0.10579852148047551,observed,1295,1337,1337,1295,7143
2021-05-14,ridge,primary_available,-0.1961535557458971,observed,1295,1337,1337,1295,7143
2021-05-14,ridge,matched_complete8,-0.1961535557458971,observed,1295,1337,1337,1295,7143
2021-05-17,raw_reversal,primary_available,0.08771259890501996,observed,1325,1326,1325,1326,7144
2021-05-17,raw_reversal,matched_complete8,0.08851628892639535,observed,1306,1326,1325,1326,7144
2021-05-17,univariate_reversal_ridge,primary_available,0.08851628892639535,observed,1306,1326,1325,1307,7144
2021-05-17,univariate_reversal_ridge,matched_complete8,0.08851628892639535,observed,1306,1326,1325,1307,7144
2021-05-17,ridge,primary_available,0.026466104734154085,observed,1306,1326,1325,1307,7144
2021-05-17,ridge,matched_complete8,0.026466104734154085,observed,1306,1326,1325,1307,7144
2021-05-18,raw_reversal,primary_available,0.12645512069535386,observed,1330,1331,1330,1331,7145
2021-05-18,raw_reversal,matched_complete8,0.11961008118601994,observed,1306,1331,1330,1331,7145
2021-05-18,univariate_reversal_ridge,primary_available,0.11961008118601994,observed,1306,1331,1330,1307,7145
2021-05-18,univariate_reversal_ridge,matched_complete8,0.11961008118601994,observed,1306,1331,1330,1307,7145
2021-05-18,ridge,primary_available,-0.23633599174919748,observed,1306,1331,1330,1307,7145
2021-05-18,ridge,matched_complete8,-0.23633599174919748,observed,1306,1331,1330,1307,7145
2021-05-19,raw_reversal,primary_available,-0.169692445164354,observed,1325,1326,1325,1326,7146
2021-05-19,raw_reversal,matched_complete8,-0.1779236131887217,observed,1299,1326,1325,1326,7146
2021-05-19,univariate_reversal_ridge,primary_available,-0.1779236131887217,observed,1299,1326,1325,1300,7146
2021-05-19,univariate_reversal_ridge,matched_complete8,-0.1779236131887217,observed,1299,1326,1325,1300,7146
2021-05-19,ridge,primary_available,-0.28820575053477543,observed,1299,1326,1325,1300,7146
2021-05-19,ridge,matched_complete8,-0.28820575053477543,observed,1299,1326,1325,1300,7146
2021-05-20,raw_reversal,primary_available,-0.22555779682482002,observed,1330,1331,1330,1331,7147
2021-05-20,raw_reversal,matched_complete8,-0.22536242516664137,observed,1300,1331,1330,1331,7147
2021-05-20,univariate_reversal_ridge,primary_available,-0.22536242516664137,observed,1300,1331,1330,1301,7147
2021-05-20,univariate_reversal_ridge,matched_complete8,-0.22536242516664137,observed,1300,1331,1330,1301,7147
2021-05-20,ridge,primary_available,-0.21540445818992462,observed,1300,1331,1330,1301,7147
2021-05-20,ridge,matched_complete8,-0.21540445818992462,observed,1300,1331,1330,1301,7147
2021-05-21,raw_reversal,primary_available,-0.014214529660900784,observed,1331,1332,1331,1332,7148
2021-05-21,raw_reversal,matched_complete8,-0.013640466291580942,observed,1303,1332,1331,1332,7148
2021-05-21,univariate_reversal_ridge,primary_available,-0.013640466291580942,observed,1303,1332,1331,1304,7148
2021-05-21,univariate_reversal_ridge,matched_complete8,-0.013640466291580942,observed,1303,1332,1331,1304,7148
2021-05-21,ridge,primary_available,-0.01732146522604024,observed,1303,1332,1331,1304,7148
2021-05-21,ridge,matched_complete8,-0.01732146522604024,observed,1303,1332,1331,1304,7148
2021-05-24,raw_reversal,primary_available,0.10343844800511445,observed,1325,1327,1325,1327,7149
2021-05-24,raw_reversal,matched_complete8,0.09753598801733794,observed,1303,1327,1325,1327,7149
2021-05-24,univariate_reversal_ridge,primary_available,0.09753598801733794,observed,1303,1327,1325,1305,7149
2021-05-24,univariate_reversal_ridge,matched_complete8,0.09753598801733794,observed,1303,1327,1325,1305,7149
2021-05-24,ridge,primary_available,-0.00393145726733052,observed,1303,1327,1325,1305,7149
2021-05-24,ridge,matched_complete8,-0.00393145726733052,observed,1303,1327,1325,1305,7149
2021-05-25,raw_reversal,primary_available,0.16386505174875324,observed,1325,1328,1326,1327,7150
2021-05-25,raw_reversal,matched_complete8,0.16273539961180453,observed,1303,1328,1326,1327,7150
2021-05-25,univariate_reversal_ridge,primary_available,0.16273539961180453,observed,1303,1328,1326,1305,7150
2021-05-25,univariate_reversal_ridge,matched_complete8,0.16273539961180453,observed,1303,1328,1326,1305,7150
2021-05-25,ridge,primary_available,0.15238965310106703,observed,1303,1328,1326,1305,7150
2021-05-25,ridge,matched_complete8,0.15238965310106703,observed,1303,1328,1326,1305,7150
2021-05-26,raw_reversal,primary_available,0.010254569369567179,observed,1329,1332,1330,1331,7151
2021-05-26,raw_reversal,matched_complete8,0.002943635481401781,observed,1309,1332,1330,1331,7151
2021-05-26,univariate_reversal_ridge,primary_available,0.002943635481401781,observed,1309,1332,1330,1311,7151
2021-05-26,univariate_reversal_ridge,matched_complete8,0.002943635481401781,observed,1309,1332,1330,1311,7151
2021-05-26,ridge,primary_available,-0.01819000705756861,observed,1309,1332,1330,1311,7151
2021-05-26,ridge,matched_complete8,-0.01819000705756861,observed,1309,1332,1330,1311,7151
2021-05-27,raw_reversal,primary_available,0.03661948841375297,observed,1336,1340,1337,1339,7152
2021-05-27,raw_reversal,matched_complete8,0.034925223102928886,observed,1290,1340,1337,1339,7152
2021-05-27,univariate_reversal_ridge,primary_available,0.034925223102928886,observed,1290,1340,1337,1293,7152
2021-05-27,univariate_reversal_ridge,matched_complete8,0.034925223102928886,observed,1290,1340,1337,1293,7152
2021-05-27,ridge,primary_available,0.04835068724488344,observed,1290,1340,1337,1293,7152
2021-05-27,ridge,matched_complete8,0.04835068724488344,observed,1290,1340,1337,1293,7152
2021-05-28,raw_reversal,primary_available,-0.10234788886560514,observed,1330,1334,1331,1333,7153
2021-05-28,raw_reversal,matched_complete8,-0.11043796658842411,observed,1275,1334,1331,1333,7153
2021-05-28,univariate_reversal_ridge,primary_available,-0.11043796658842411,observed,1275,1334,1331,1278,7153
2021-05-28,univariate_reversal_ridge,matched_complete8,-0.11043796658842411,observed,1275,1334,1331,1278,7153
2021-05-28,ridge,primary_available,-0.10198553290208258,observed,1275,1334,1331,1278,7153
2021-05-28,ridge,matched_complete8,-0.10198553290208258,observed,1275,1334,1331,1278,7153
2021-06-01,raw_reversal,primary_available,-0.06541474503460518,observed,1327,1332,1328,1331,7154
2021-06-01,raw_reversal,matched_complete8,-0.07064845622139689,observed,1308,1332,1328,1331,7154
2021-06-01,univariate_reversal_ridge,primary_available,-0.07064845622139689,observed,1308,1332,1328,1312,7154
2021-06-01,univariate_reversal_ridge,matched_complete8,-0.07064845622139689,observed,1308,1332,1328,1312,7154
2021-06-01,ridge,primary_available,-0.08243208484276811,observed,1308,1332,1328,1312,7154
2021-06-01,ridge,matched_complete8,-0.08243208484276811,observed,1308,1332,1328,1312,7154
2021-06-02,raw_reversal,primary_available,-0.08710169098221734,observed,1334,1336,1334,1336,7155
2021-06-02,raw_reversal,matched_complete8,-0.08704860383084823,observed,1314,1336,1334,1336,7155
2021-06-02,univariate_reversal_ridge,primary_available,-0.08704860383084823,observed,1314,1336,1334,1316,7155
2021-06-02,univariate_reversal_ridge,matched_complete8,-0.08704860383084823,observed,1314,1336,1334,1316,7155
2021-06-02,ridge,primary_available,-0.1447124785109521,observed,1314,1336,1334,1316,7155
2021-06-02,ridge,matched_complete8,-0.1447124785109521,observed,1314,1336,1334,1316,7155
2021-06-03,raw_reversal,primary_available,0.1474185005405669,observed,1327,1332,1328,1331,7156
2021-06-03,raw_reversal,matched_complete8,0.15489308115557138,observed,1290,1332,1328,1331,7156
2021-06-03,univariate_reversal_ridge,primary_available,0.15489308115557138,observed,1290,1332,1328,1294,7156
2021-06-03,univariate_reversal_ridge,matched_complete8,0.15489308115557138,observed,1290,1332,1328,1294,7156
2021-06-03,ridge,primary_available,0.102485769074614,observed,1290,1332,1328,1294,7156
2021-06-03,ridge,matched_complete8,0.102485769074614,observed,1290,1332,1328,1294,7156
2021-06-04,raw_reversal,primary_available,0.09054060000766839,observed,1318,1322,1319,1321,7157
2021-06-04,raw_reversal,matched_complete8,0.10260723074435743,observed,1306,1322,1319,1321,7157
2021-06-04,univariate_reversal_ridge,primary_available,0.10260723074435743,observed,1306,1322,1319,1309,7157
2021-06-04,univariate_reversal_ridge,matched_complete8,0.10260723074435743,observed,1306,1322,1319,1309,7157
2021-06-04,ridge,primary_available,-0.07543599007471546,observed,1306,1322,1319,1309,7157
2021-06-04,ridge,matched_complete8,-0.07543599007471546,observed,1306,1322,1319,1309,7157
2021-06-07,raw_reversal,primary_available,0.02347988513547455,observed,1315,1319,1316,1318,7158
2021-06-07,raw_reversal,matched_complete8,0.03229729964531446,observed,1294,1319,1316,1318,7158
2021-06-07,univariate_reversal_ridge,primary_available,0.03229729964531446,observed,1294,1319,1316,1297,7158
2021-06-07,univariate_reversal_ridge,matched_complete8,0.03229729964531446,observed,1294,1319,1316,1297,7158
2021-06-07,ridge,primary_available,-0.09101170895472573,observed,1294,1319,1316,1297,7158
2021-06-07,ridge,matched_complete8,-0.09101170895472573,observed,1294,1319,1316,1297,7158
2021-06-08,raw_reversal,primary_available,0.06165315275482334,observed,1320,1324,1321,1323,7159
2021-06-08,raw_reversal,matched_complete8,0.06582042228981705,observed,1302,1324,1321,1323,7159
2021-06-08,univariate_reversal_ridge,primary_available,0.06582042228981705,observed,1302,1324,1321,1305,7159
2021-06-08,univariate_reversal_ridge,matched_complete8,0.06582042228981705,observed,1302,1324,1321,1305,7159
2021-06-08,ridge,primary_available,0.14460899397366733,observed,1302,1324,1321,1305,7159
2021-06-08,ridge,matched_complete8,0.14460899397366733,observed,1302,1324,1321,1305,7159
2021-06-09,raw_reversal,primary_available,-0.08310652234870701,observed,1318,1321,1319,1320,7160
2021-06-09,raw_reversal,matched_complete8,-0.07835812414805444,observed,1288,1321,1319,1320,7160
2021-06-09,univariate_reversal_ridge,primary_available,-0.07835812414805444,observed,1288,1321,1319,1290,7160
2021-06-09,univariate_reversal_ridge,matched_complete8,-0.07835812414805444,observed,1288,1321,1319,1290,7160
2021-06-09,ridge,primary_available,-0.1334241821716145,observed,1288,1321,1319,1290,7160
2021-06-09,ridge,matched_complete8,-0.1334241821716145,observed,1288,1321,1319,1290,7160
2021-06-10,raw_reversal,primary_available,-0.3407043451014823,observed,1314,1315,1314,1315,7161
2021-06-10,raw_reversal,matched_complete8,-0.3432253494154664,observed,1282,1315,1314,1315,7161
2021-06-10,univariate_reversal_ridge,primary_available,-0.3432253494154664,observed,1282,1315,1314,1283,7161
2021-06-10,univariate_reversal_ridge,matched_complete8,-0.3432253494154664,observed,1282,1315,1314,1283,7161
2021-06-10,ridge,primary_available,-0.4304273562823248,observed,1282,1315,1314,1283,7161
2021-06-10,ridge,matched_complete8,-0.4304273562823248,observed,1282,1315,1314,1283,7161
2021-06-11,raw_reversal,primary_available,-0.211837760913495,observed,1301,1302,1301,1302,7162
2021-06-11,raw_reversal,matched_complete8,-0.20998384548827387,observed,1282,1302,1301,1302,7162
2021-06-11,univariate_reversal_ridge,primary_available,-0.20998384548827387,observed,1282,1302,1301,1283,7162
2021-06-11,univariate_reversal_ridge,matched_complete8,-0.20998384548827387,observed,1282,1302,1301,1283,7162
2021-06-11,ridge,primary_available,-0.1649799089863977,observed,1282,1302,1301,1283,7162
2021-06-11,ridge,matched_complete8,-0.1649799089863977,observed,1282,1302,1301,1283,7162
2021-06-14,raw_reversal,primary_available,-0.19798472694997296,observed,1307,1308,1307,1308,7163
2021-06-14,raw_reversal,matched_complete8,-0.20157031090858465,observed,1253,1308,1307,1308,7163
2021-06-14,univariate_reversal_ridge,primary_available,-0.20157031090858465,observed,1253,1308,1307,1254,7163
2021-06-14,univariate_reversal_ridge,matched_complete8,-0.20157031090858465,observed,1253,1308,1307,1254,7163
2021-06-14,ridge,primary_available,-0.21911156322051284,observed,1253,1308,1307,1254,7163
2021-06-14,ridge,matched_complete8,-0.21911156322051284,observed,1253,1308,1307,1254,7163
2021-06-15,raw_reversal,primary_available,-0.13524865955981066,observed,1311,1312,1312,1311,7164
2021-06-15,raw_reversal,matched_complete8,-0.1420040948678206,observed,1286,1312,1312,1311,7164
2021-06-15,univariate_reversal_ridge,primary_available,-0.1420040948678206,observed,1286,1312,1312,1286,7164
2021-06-15,univariate_reversal_ridge,matched_complete8,-0.1420040948678206,observed,1286,1312,1312,1286,7164
2021-06-15,ridge,primary_available,-0.010710096333363183,observed,1286,1312,1312,1286,7164
2021-06-15,ridge,matched_complete8,-0.010710096333363183,observed,1286,1312,1312,1286,7164
2021-06-16,raw_reversal,primary_available,-0.16329972219105168,observed,1312,1312,1312,1312,7165
2021-06-16,raw_reversal,matched_complete8,-0.16001568009262487,observed,1289,1312,1312,1312,7165
2021-06-16,univariate_reversal_ridge,primary_available,-0.16001568009262487,observed,1289,1312,1312,1289,7165
2021-06-16,univariate_reversal_ridge,matched_complete8,-0.16001568009262487,observed,1289,1312,1312,1289,7165
2021-06-16,ridge,primary_available,-0.23755762573726033,observed,1289,1312,1312,1289,7165
2021-06-16,ridge,matched_complete8,-0.23755762573726033,observed,1289,1312,1312,1289,7165
2021-06-17,raw_reversal,primary_available,0.08390878212074133,observed,1317,1317,1317,1317,7166
2021-06-17,raw_reversal,matched_complete8,0.08789077227944272,observed,1291,1317,1317,1317,7166
2021-06-17,univariate_reversal_ridge,primary_available,0.08789077227944272,observed,1291,1317,1317,1291,7166
2021-06-17,univariate_reversal_ridge,matched_complete8,0.08789077227944272,observed,1291,1317,1317,1291,7166
2021-06-17,ridge,primary_available,0.1012916677182849,observed,1291,1317,1317,1291,7166
2021-06-17,ridge,matched_complete8,0.1012916677182849,observed,1291,1317,1317,1291,7166
2021-06-18,raw_reversal,primary_available,0.1280307444191664,observed,1336,1336,1336,1336,7167
2021-06-18,raw_reversal,matched_complete8,0.12662047088095335,observed,1311,1336,1336,1336,7167
2021-06-18,univariate_reversal_ridge,primary_available,0.12662047088095335,observed,1311,1336,1336,1311,7167
2021-06-18,univariate_reversal_ridge,matched_complete8,0.12662047088095335,observed,1311,1336,1336,1311,7167
2021-06-18,ridge,primary_available,0.10272013681875776,observed,1311,1336,1336,1311,7167
2021-06-18,ridge,matched_complete8,0.10272013681875776,observed,1311,1336,1336,1311,7167
2021-06-21,raw_reversal,primary_available,0.03131569087444909,observed,1345,1346,1345,1346,7168
2021-06-21,raw_reversal,matched_complete8,0.02506837517885811,observed,1320,1346,1345,1346,7168
2021-06-21,univariate_reversal_ridge,primary_available,0.02506837517885811,observed,1320,1346,1345,1321,7168
2021-06-21,univariate_reversal_ridge,matched_complete8,0.02506837517885811,observed,1320,1346,1345,1321,7168
2021-06-21,ridge,primary_available,0.040139922604798414,observed,1320,1346,1345,1321,7168
2021-06-21,ridge,matched_complete8,0.040139922604798414,observed,1320,1346,1345,1321,7168
2021-06-22,raw_reversal,primary_available,-0.17395006339248623,observed,1352,1352,1352,1352,7169
2021-06-22,raw_reversal,matched_complete8,-0.19056557553766565,observed,1331,1352,1352,1352,7169
2021-06-22,univariate_reversal_ridge,primary_available,-0.19056557553766565,observed,1331,1352,1352,1331,7169
2021-06-22,univariate_reversal_ridge,matched_complete8,-0.19056557553766565,observed,1331,1352,1352,1331,7169
2021-06-22,ridge,primary_available,-0.2768609393950854,observed,1331,1352,1352,1331,7169
2021-06-22,ridge,matched_complete8,-0.2768609393950854,observed,1331,1352,1352,1331,7169
2021-06-23,raw_reversal,primary_available,0.048813422435097356,observed,1351,1353,1351,1353,7170
2021-06-23,raw_reversal,matched_complete8,0.051058055145454494,observed,1329,1353,1351,1353,7170
2021-06-23,univariate_reversal_ridge,primary_available,0.051058055145454494,observed,1329,1353,1351,1331,7170
2021-06-23,univariate_reversal_ridge,matched_complete8,0.051058055145454494,observed,1329,1353,1351,1331,7170
2021-06-23,ridge,primary_available,-0.009199167052805964,observed,1329,1353,1351,1331,7170
2021-06-23,ridge,matched_complete8,-0.009199167052805964,observed,1329,1353,1351,1331,7170
2021-06-24,raw_reversal,primary_available,0.10686951559821142,observed,1350,1352,1350,1352,7171
2021-06-24,raw_reversal,matched_complete8,0.11472519737695769,observed,1319,1352,1350,1352,7171
2021-06-24,univariate_reversal_ridge,primary_available,0.11472519737695769,observed,1319,1352,1350,1321,7171
2021-06-24,univariate_reversal_ridge,matched_complete8,0.11472519737695769,observed,1319,1352,1350,1321,7171
2021-06-24,ridge,primary_available,0.09498402213497184,observed,1319,1352,1350,1321,7171
2021-06-24,ridge,matched_complete8,0.09498402213497184,observed,1319,1352,1350,1321,7171
2021-06-25,raw_reversal,primary_available,0.14193703678290256,observed,1402,1404,1402,1404,7172
2021-06-25,raw_reversal,matched_complete8,0.14657154559558835,observed,1380,1404,1402,1404,7172
2021-06-25,univariate_reversal_ridge,primary_available,0.14657154559558835,observed,1380,1404,1402,1382,7172
2021-06-25,univariate_reversal_ridge,matched_complete8,0.14657154559558835,observed,1380,1404,1402,1382,7172
2021-06-25,ridge,primary_available,0.17204661386207287,observed,1380,1404,1402,1382,7172
2021-06-25,ridge,matched_complete8,0.17204661386207287,observed,1380,1404,1402,1382,7172
2021-06-28,raw_reversal,primary_available,0.03254052159156513,observed,1404,1406,1404,1406,7173
2021-06-28,raw_reversal,matched_complete8,0.031179985740483557,observed,1386,1406,1404,1406,7173
2021-06-28,univariate_reversal_ridge,primary_available,0.031179985740483557,observed,1386,1406,1404,1388,7173
2021-06-28,univariate_reversal_ridge,matched_complete8,0.031179985740483557,observed,1386,1406,1404,1388,7173
2021-06-28,ridge,primary_available,0.01026021993344045,observed,1386,1406,1404,1388,7173
2021-06-28,ridge,matched_complete8,0.01026021993344045,observed,1386,1406,1404,1388,7173
2021-06-29,raw_reversal,primary_available,0.18408008683469357,observed,1405,1407,1405,1407,7174
2021-06-29,raw_reversal,matched_complete8,0.1858723389829678,observed,1363,1407,1405,1407,7174
2021-06-29,univariate_reversal_ridge,primary_available,0.1858723389829678,observed,1363,1407,1405,1365,7174
2021-06-29,univariate_reversal_ridge,matched_complete8,0.1858723389829678,observed,1363,1407,1405,1365,7174
2021-06-29,ridge,primary_available,0.1269675435564302,observed,1363,1407,1405,1365,7174
2021-06-29,ridge,matched_complete8,0.1269675435564302,observed,1363,1407,1405,1365,7174
2021-06-30,raw_reversal,primary_available,0.04548779792515248,observed,1404,1406,1404,1406,7175
2021-06-30,raw_reversal,matched_complete8,0.0445884051144135,observed,1368,1406,1404,1406,7175
2021-06-30,univariate_reversal_ridge,primary_available,0.0445884051144135,observed,1368,1406,1404,1370,7175
2021-06-30,univariate_reversal_ridge,matched_complete8,0.0445884051144135,observed,1368,1406,1404,1370,7175
2021-06-30,ridge,primary_available,0.18520667235442195,observed,1368,1406,1404,1370,7175
2021-06-30,ridge,matched_complete8,0.18520667235442195,observed,1368,1406,1404,1370,7175
2021-07-01,raw_reversal,primary_available,-0.10546159287853943,observed,1401,1402,1402,1401,7176
2021-07-01,raw_reversal,matched_complete8,-0.11022774371482467,observed,1373,1402,1402,1401,7176
2021-07-01,univariate_reversal_ridge,primary_available,-0.11022774371482467,observed,1373,1402,1402,1373,7176
2021-07-01,univariate_reversal_ridge,matched_complete8,-0.11022774371482467,observed,1373,1402,1402,1373,7176
2021-07-01,ridge,primary_available,-0.04844345333492324,observed,1373,1402,1402,1373,7176
2021-07-01,ridge,matched_complete8,-0.04844345333492324,observed,1373,1402,1402,1373,7176
2021-07-02,raw_reversal,primary_available,-0.17100993324833416,observed,1396,1397,1397,1396,7177
2021-07-02,raw_reversal,matched_complete8,-0.17322272766905744,observed,1369,1397,1397,1396,7177
2021-07-02,univariate_reversal_ridge,primary_available,-0.17322272766905744,observed,1369,1397,1397,1369,7177
2021-07-02,univariate_reversal_ridge,matched_complete8,-0.17322272766905744,observed,1369,1397,1397,1369,7177
2021-07-02,ridge,primary_available,-0.20018671049867462,observed,1369,1397,1397,1369,7177
2021-07-02,ridge,matched_complete8,-0.20018671049867462,observed,1369,1397,1397,1369,7177
2021-07-06,raw_reversal,primary_available,-0.11879419794735412,observed,1392,1393,1393,1392,7178
2021-07-06,raw_reversal,matched_complete8,-0.11669887973845891,observed,1366,1393,1393,1392,7178
2021-07-06,univariate_reversal_ridge,primary_available,-0.11669887973845891,observed,1366,1393,1393,1366,7178
2021-07-06,univariate_reversal_ridge,matched_complete8,-0.11669887973845891,observed,1366,1393,1393,1366,7178
2021-07-06,ridge,primary_available,0.018502819402918817,observed,1366,1393,1393,1366,7178
2021-07-06,ridge,matched_complete8,0.018502819402918817,observed,1366,1393,1393,1366,7178
2021-07-07,raw_reversal,primary_available,-0.16554059547819822,observed,1389,1391,1390,1390,7179
2021-07-07,raw_reversal,matched_complete8,-0.1599615971560261,observed,1365,1391,1390,1390,7179
2021-07-07,univariate_reversal_ridge,primary_available,-0.1599615971560261,observed,1365,1391,1390,1366,7179
2021-07-07,univariate_reversal_ridge,matched_complete8,-0.1599615971560261,observed,1365,1391,1390,1366,7179
2021-07-07,ridge,primary_available,-0.1859344435233515,observed,1365,1391,1390,1366,7179
2021-07-07,ridge,matched_complete8,-0.1859344435233515,observed,1365,1391,1390,1366,7179
2021-07-08,raw_reversal,primary_available,-0.2010017587212833,observed,1393,1394,1394,1393,7180
2021-07-08,raw_reversal,matched_complete8,-0.2011059957680666,observed,1358,1394,1394,1393,7180
2021-07-08,univariate_reversal_ridge,primary_available,-0.2011059957680666,observed,1358,1394,1394,1358,7180
2021-07-08,univariate_reversal_ridge,matched_complete8,-0.2011059957680666,observed,1358,1394,1394,1358,7180
2021-07-08,ridge,primary_available,-0.017277462423569562,observed,1358,1394,1394,1358,7180
2021-07-08,ridge,matched_complete8,-0.017277462423569562,observed,1358,1394,1394,1358,7180
2021-07-09,raw_reversal,primary_available,-0.41335564424234467,observed,1397,1397,1397,1397,7181
2021-07-09,raw_reversal,matched_complete8,-0.4181624247486327,observed,1367,1397,1397,1397,7181
2021-07-09,univariate_reversal_ridge,primary_available,-0.4181624247486327,observed,1367,1397,1397,1367,7181
2021-07-09,univariate_reversal_ridge,matched_complete8,-0.4181624247486327,observed,1367,1397,1397,1367,7181
2021-07-09,ridge,primary_available,-0.129429086521636,observed,1367,1397,1397,1367,7181
2021-07-09,ridge,matched_complete8,-0.129429086521636,observed,1367,1397,1397,1367,7181
2021-07-12,raw_reversal,primary_available,-0.2796039350806139,observed,1397,1397,1397,1397,7182
2021-07-12,raw_reversal,matched_complete8,-0.29330120692718603,observed,1375,1397,1397,1397,7182
2021-07-12,univariate_reversal_ridge,primary_available,-0.29330120692718603,observed,1375,1397,1397,1375,7182
2021-07-12,univariate_reversal_ridge,matched_complete8,-0.29330120692718603,observed,1375,1397,1397,1375,7182
2021-07-12,ridge,primary_available,-0.10827071927767573,observed,1375,1397,1397,1375,7182
2021-07-12,ridge,matched_complete8,-0.10827071927767573,observed,1375,1397,1397,1375,7182
2021-07-13,raw_reversal,primary_available,-0.11432009747457593,observed,1382,1384,1382,1384,7183
2021-07-13,raw_reversal,matched_complete8,-0.11638160566445994,observed,1363,1384,1382,1384,7183
2021-07-13,univariate_reversal_ridge,primary_available,-0.11638160566445994,observed,1363,1384,1382,1365,7183
2021-07-13,univariate_reversal_ridge,matched_complete8,-0.11638160566445994,observed,1363,1384,1382,1365,7183
2021-07-13,ridge,primary_available,-0.12001229170080457,observed,1363,1384,1382,1365,7183
2021-07-13,ridge,matched_complete8,-0.12001229170080457,observed,1363,1384,1382,1365,7183
2021-07-14,raw_reversal,primary_available,0.23613785986079644,observed,1374,1378,1374,1378,7184
2021-07-14,raw_reversal,matched_complete8,0.24448412475287631,observed,1342,1378,1374,1378,7184
2021-07-14,univariate_reversal_ridge,primary_available,0.24448412475287631,observed,1342,1378,1374,1346,7184
2021-07-14,univariate_reversal_ridge,matched_complete8,0.24448412475287631,observed,1342,1378,1374,1346,7184
2021-07-14,ridge,primary_available,0.24268391638869408,observed,1342,1378,1374,1346,7184
2021-07-14,ridge,matched_complete8,0.24268391638869408,observed,1342,1378,1374,1346,7184
2021-07-15,raw_reversal,primary_available,0.2060026586398661,observed,1368,1371,1369,1370,7185
2021-07-15,raw_reversal,matched_complete8,0.20978013910610707,observed,1336,1371,1369,1370,7185
2021-07-15,univariate_reversal_ridge,primary_available,0.20978013910610707,observed,1336,1371,1369,1338,7185
2021-07-15,univariate_reversal_ridge,matched_complete8,0.20978013910610707,observed,1336,1371,1369,1338,7185
2021-07-15,ridge,primary_available,0.22506329830064034,observed,1336,1371,1369,1338,7185
2021-07-15,ridge,matched_complete8,0.22506329830064034,observed,1336,1371,1369,1338,7185
2021-07-16,raw_reversal,primary_available,0.345144587530261,observed,1350,1353,1351,1352,7186
2021-07-16,raw_reversal,matched_complete8,0.35435678114115693,observed,1328,1353,1351,1352,7186
2021-07-16,univariate_reversal_ridge,primary_available,0.35435678114115693,observed,1328,1353,1351,1330,7186
2021-07-16,univariate_reversal_ridge,matched_complete8,0.35435678114115693,observed,1328,1353,1351,1330,7186
2021-07-16,ridge,primary_available,0.33055376209633247,observed,1328,1353,1351,1330,7186
2021-07-16,ridge,matched_complete8,0.33055376209633247,observed,1328,1353,1351,1330,7186
2021-07-19,raw_reversal,primary_available,0.2824818039858785,observed,1324,1327,1325,1326,7187
2021-07-19,raw_reversal,matched_complete8,0.28571748296622207,observed,1305,1327,1325,1326,7187
2021-07-19,univariate_reversal_ridge,primary_available,0.28571748296622207,observed,1305,1327,1325,1307,7187
2021-07-19,univariate_reversal_ridge,matched_complete8,0.28571748296622207,observed,1305,1327,1325,1307,7187
2021-07-19,ridge,primary_available,0.2974808748450538,observed,1305,1327,1325,1307,7187
2021-07-19,ridge,matched_complete8,0.2974808748450538,observed,1305,1327,1325,1307,7187
2021-07-20,raw_reversal,primary_available,-0.019050247947206996,observed,1326,1329,1327,1328,7188
2021-07-20,raw_reversal,matched_complete8,-0.014626171475820142,observed,1303,1329,1327,1328,7188
2021-07-20,univariate_reversal_ridge,primary_available,-0.014626171475820142,observed,1303,1329,1327,1305,7188
2021-07-20,univariate_reversal_ridge,matched_complete8,-0.014626171475820142,observed,1303,1329,1327,1305,7188
2021-07-20,ridge,primary_available,-0.023013472535500724,observed,1303,1329,1327,1305,7188
2021-07-20,ridge,matched_complete8,-0.023013472535500724,observed,1303,1329,1327,1305,7188
2021-07-21,raw_reversal,primary_available,0.0491365083993086,observed,1326,1327,1327,1326,7189
2021-07-21,raw_reversal,matched_complete8,0.04634672998821452,observed,1304,1327,1327,1326,7189
2021-07-21,univariate_reversal_ridge,primary_available,0.04634672998821452,observed,1304,1327,1327,1304,7189
2021-07-21,univariate_reversal_ridge,matched_complete8,0.04634672998821452,observed,1304,1327,1327,1304,7189
2021-07-21,ridge,primary_available,0.06537237916975172,observed,1304,1327,1327,1304,7189
2021-07-21,ridge,matched_complete8,0.06537237916975172,observed,1304,1327,1327,1304,7189
2021-07-22,raw_reversal,primary_available,0.15402756502767087,observed,1323,1325,1324,1324,7190
2021-07-22,raw_reversal,matched_complete8,0.1532724069738489,observed,1294,1325,1324,1324,7190
2021-07-22,univariate_reversal_ridge,primary_available,0.1532724069738489,observed,1294,1325,1324,1295,7190
2021-07-22,univariate_reversal_ridge,matched_complete8,0.1532724069738489,observed,1294,1325,1324,1295,7190
2021-07-22,ridge,primary_available,0.11280602904168548,observed,1294,1325,1324,1295,7190
2021-07-22,ridge,matched_complete8,0.11280602904168548,observed,1294,1325,1324,1295,7190
2021-07-23,raw_reversal,primary_available,0.025290206930674183,observed,1315,1316,1315,1316,7191
2021-07-23,raw_reversal,matched_complete8,0.024081814298005485,observed,1285,1316,1315,1316,7191
2021-07-23,univariate_reversal_ridge,primary_available,0.024081814298005485,observed,1285,1316,1315,1286,7191
2021-07-23,univariate_reversal_ridge,matched_complete8,0.024081814298005485,observed,1285,1316,1315,1286,7191
2021-07-23,ridge,primary_available,0.011020462968087097,observed,1285,1316,1315,1286,7191
2021-07-23,ridge,matched_complete8,0.011020462968087097,observed,1285,1316,1315,1286,7191
2021-07-26,raw_reversal,primary_available,0.04623899268603753,observed,1258,1260,1258,1260,7192
2021-07-26,raw_reversal,matched_complete8,0.043411282955611155,observed,1231,1260,1258,1260,7192
2021-07-26,univariate_reversal_ridge,primary_available,0.043411282955611155,observed,1231,1260,1258,1233,7192
2021-07-26,univariate_reversal_ridge,matched_complete8,0.043411282955611155,observed,1231,1260,1258,1233,7192
2021-07-26,ridge,primary_available,0.10183975475243784,observed,1231,1260,1258,1233,7192
2021-07-26,ridge,matched_complete8,0.10183975475243784,observed,1231,1260,1258,1233,7192
2021-07-27,raw_reversal,primary_available,0.025319413725844148,observed,1253,1255,1253,1255,7193
2021-07-27,raw_reversal,matched_complete8,0.02197278803815584,observed,1229,1255,1253,1255,7193
2021-07-27,univariate_reversal_ridge,primary_available,0.02197278803815584,observed,1229,1255,1253,1231,7193
2021-07-27,univariate_reversal_ridge,matched_complete8,0.02197278803815584,observed,1229,1255,1253,1231,7193
2021-07-27,ridge,primary_available,0.042583401806449095,observed,1229,1255,1253,1231,7193
2021-07-27,ridge,matched_complete8,0.042583401806449095,observed,1229,1255,1253,1231,7193
2021-07-28,raw_reversal,primary_available,-0.1360033445744706,observed,1254,1256,1254,1256,7194
2021-07-28,raw_reversal,matched_complete8,-0.1332902866234193,observed,1231,1256,1254,1256,7194
2021-07-28,univariate_reversal_ridge,primary_available,-0.1332902866234193,observed,1231,1256,1254,1233,7194
2021-07-28,univariate_reversal_ridge,matched_complete8,-0.1332902866234193,observed,1231,1256,1254,1233,7194
2021-07-28,ridge,primary_available,-0.015431634032465528,observed,1231,1256,1254,1233,7194
2021-07-28,ridge,matched_complete8,-0.015431634032465528,observed,1231,1256,1254,1233,7194
2021-07-29,raw_reversal,primary_available,-0.024247206820474806,observed,1244,1246,1244,1246,7195
2021-07-29,raw_reversal,matched_complete8,-0.031066041544481303,observed,1210,1246,1244,1246,7195
2021-07-29,univariate_reversal_ridge,primary_available,-0.031066041544481303,observed,1210,1246,1244,1212,7195
2021-07-29,univariate_reversal_ridge,matched_complete8,-0.031066041544481303,observed,1210,1246,1244,1212,7195
2021-07-29,ridge,primary_available,-0.04134434900899737,observed,1210,1246,1244,1212,7195
2021-07-29,ridge,matched_complete8,-0.04134434900899737,observed,1210,1246,1244,1212,7195
2021-07-30,raw_reversal,primary_available,-0.07796669033376508,observed,1236,1237,1236,1237,7196
2021-07-30,raw_reversal,matched_complete8,-0.08240665394794063,observed,1204,1237,1236,1237,7196
2021-07-30,univariate_reversal_ridge,primary_available,-0.08240665394794063,observed,1204,1237,1236,1205,7196
2021-07-30,univariate_reversal_ridge,matched_complete8,-0.08240665394794063,observed,1204,1237,1236,1205,7196
2021-07-30,ridge,primary_available,-0.05867682194877306,observed,1204,1237,1236,1205,7196
2021-07-30,ridge,matched_complete8,-0.05867682194877306,observed,1204,1237,1236,1205,7196
2021-08-02,raw_reversal,primary_available,-0.06371623630690651,observed,1246,1247,1247,1246,7197
2021-08-02,raw_reversal,matched_complete8,-0.05685101036378769,observed,1225,1247,1247,1246,7197
2021-08-02,univariate_reversal_ridge,primary_available,-0.05685101036378769,observed,1225,1247,1247,1225,7197
2021-08-02,univariate_reversal_ridge,matched_complete8,-0.05685101036378769,observed,1225,1247,1247,1225,7197
2021-08-02,ridge,primary_available,-0.04364408115321236,observed,1225,1247,1247,1225,7197
2021-08-02,ridge,matched_complete8,-0.04364408115321236,observed,1225,1247,1247,1225,7197
2021-08-03,raw_reversal,primary_available,-0.01457848876541996,observed,1243,1245,1245,1243,7198
2021-08-03,raw_reversal,matched_complete8,-0.010673002224126392,observed,1224,1245,1245,1243,7198
2021-08-03,univariate_reversal_ridge,primary_available,-0.010673002224126392,observed,1224,1245,1245,1224,7198
2021-08-03,univariate_reversal_ridge,matched_complete8,-0.010673002224126392,observed,1224,1245,1245,1224,7198
2021-08-03,ridge,primary_available,-0.0810880821356966,observed,1224,1245,1245,1224,7198
2021-08-03,ridge,matched_complete8,-0.0810880821356966,observed,1224,1245,1245,1224,7198
2021-08-04,raw_reversal,primary_available,0.14631047250694584,observed,1243,1245,1245,1243,7199
2021-08-04,raw_reversal,matched_complete8,0.1540961839036487,observed,1217,1245,1245,1243,7199
2021-08-04,univariate_reversal_ridge,primary_available,0.1540961839036487,observed,1217,1245,1245,1217,7199
2021-08-04,univariate_reversal_ridge,matched_complete8,0.1540961839036487,observed,1217,1245,1245,1217,7199
2021-08-04,ridge,primary_available,0.13597083080147326,observed,1217,1245,1245,1217,7199
2021-08-04,ridge,matched_complete8,0.13597083080147326,observed,1217,1245,1245,1217,7199
2021-08-05,raw_reversal,primary_available,-0.02177513211181527,observed,1251,1253,1253,1251,7200
2021-08-05,raw_reversal,matched_complete8,-0.026140051540312313,observed,1218,1253,1253,1251,7200
2021-08-05,univariate_reversal_ridge,primary_available,-0.026140051540312313,observed,1218,1253,1253,1218,7200
2021-08-05,univariate_reversal_ridge,matched_complete8,-0.026140051540312313,observed,1218,1253,1253,1218,7200
2021-08-05,ridge,primary_available,-0.10066186695151919,observed,1218,1253,1253,1218,7200
2021-08-05,ridge,matched_complete8,-0.10066186695151919,observed,1218,1253,1253,1218,7200
2021-08-06,raw_reversal,primary_available,-0.12788943616470497,observed,1261,1263,1263,1261,7201
2021-08-06,raw_reversal,matched_complete8,-0.12806067414081812,observed,1232,1263,1263,1261,7201
2021-08-06,univariate_reversal_ridge,primary_available,-0.12806067414081812,observed,1232,1263,1263,1232,7201
2021-08-06,univariate_reversal_ridge,matched_complete8,-0.12806067414081812,observed,1232,1263,1263,1232,7201
2021-08-06,ridge,primary_available,-0.17688980043595892,observed,1232,1263,1263,1232,7201
2021-08-06,ridge,matched_complete8,-0.17688980043595892,observed,1232,1263,1263,1232,7201
2021-08-09,raw_reversal,primary_available,-0.03639899620859892,observed,1262,1263,1263,1262,7202
2021-08-09,raw_reversal,matched_complete8,-0.0409148750325854,observed,1225,1263,1263,1262,7202
2021-08-09,univariate_reversal_ridge,primary_available,-0.0409148750325854,observed,1225,1263,1263,1225,7202
2021-08-09,univariate_reversal_ridge,matched_complete8,-0.0409148750325854,observed,1225,1263,1263,1225,7202
2021-08-09,ridge,primary_available,-0.013415220056942739,observed,1225,1263,1263,1225,7202
2021-08-09,ridge,matched_complete8,-0.013415220056942739,observed,1225,1263,1263,1225,7202
2021-08-10,raw_reversal,primary_available,0.08805974953938557,observed,1271,1271,1271,1271,7203
2021-08-10,raw_reversal,matched_complete8,0.09532849912186356,observed,1243,1271,1271,1271,7203
2021-08-10,univariate_reversal_ridge,primary_available,0.09532849912186356,observed,1243,1271,1271,1243,7203
2021-08-10,univariate_reversal_ridge,matched_complete8,0.09532849912186356,observed,1243,1271,1271,1243,7203
2021-08-10,ridge,primary_available,0.14992565477911687,observed,1243,1271,1271,1243,7203
2021-08-10,ridge,matched_complete8,0.14992565477911687,observed,1243,1271,1271,1243,7203
2021-08-11,raw_reversal,primary_available,0.28240423365701134,observed,1274,1274,1274,1274,7204
2021-08-11,raw_reversal,matched_complete8,0.28887019493329447,observed,1234,1274,1274,1274,7204
2021-08-11,univariate_reversal_ridge,primary_available,0.28887019493329447,observed,1234,1274,1274,1234,7204
2021-08-11,univariate_reversal_ridge,matched_complete8,0.28887019493329447,observed,1234,1274,1274,1234,7204
2021-08-11,ridge,primary_available,0.28518893871890316,observed,1234,1274,1274,1234,7204
2021-08-11,ridge,matched_complete8,0.28518893871890316,observed,1234,1274,1274,1234,7204
2021-08-12,raw_reversal,primary_available,0.15025409337346068,observed,1274,1274,1274,1274,7205
2021-08-12,raw_reversal,matched_complete8,0.15070188628790762,observed,1216,1274,1274,1274,7205
2021-08-12,univariate_reversal_ridge,primary_available,0.15070188628790762,observed,1216,1274,1274,1216,7205
2021-08-12,univariate_reversal_ridge,matched_complete8,0.15070188628790762,observed,1216,1274,1274,1216,7205
2021-08-12,ridge,primary_available,0.14068397240094974,observed,1216,1274,1274,1216,7205
2021-08-12,ridge,matched_complete8,0.14068397240094974,observed,1216,1274,1274,1216,7205
2021-08-13,raw_reversal,primary_available,0.026981962136282865,observed,1264,1264,1264,1264,7206
2021-08-13,raw_reversal,matched_complete8,0.02178303349088779,observed,1216,1264,1264,1264,7206
2021-08-13,univariate_reversal_ridge,primary_available,0.02178303349088779,observed,1216,1264,1264,1216,7206
2021-08-13,univariate_reversal_ridge,matched_complete8,0.02178303349088779,observed,1216,1264,1264,1216,7206
2021-08-13,ridge,primary_available,-0.025099211535065228,observed,1216,1264,1264,1216,7206
2021-08-13,ridge,matched_complete8,-0.025099211535065228,observed,1216,1264,1264,1216,7206
2021-08-16,raw_reversal,primary_available,0.31695314797888724,observed,1254,1254,1254,1254,7207
2021-08-16,raw_reversal,matched_complete8,0.32347021588944036,observed,1225,1254,1254,1254,7207
2021-08-16,univariate_reversal_ridge,primary_available,0.32347021588944036,observed,1225,1254,1254,1225,7207
2021-08-16,univariate_reversal_ridge,matched_complete8,0.32347021588944036,observed,1225,1254,1254,1225,7207
2021-08-16,ridge,primary_available,0.34252539150697686,observed,1225,1254,1254,1225,7207
2021-08-16,ridge,matched_complete8,0.34252539150697686,observed,1225,1254,1254,1225,7207
2021-08-17,raw_reversal,primary_available,0.35544010974480605,observed,1242,1242,1242,1242,7208
2021-08-17,raw_reversal,matched_complete8,0.3569256452236532,observed,1203,1242,1242,1242,7208
2021-08-17,univariate_reversal_ridge,primary_available,0.3569256452236532,observed,1203,1242,1242,1203,7208
2021-08-17,univariate_reversal_ridge,matched_complete8,0.3569256452236532,observed,1203,1242,1242,1203,7208
2021-08-17,ridge,primary_available,0.3880969352482972,observed,1203,1242,1242,1203,7208
2021-08-17,ridge,matched_complete8,0.3880969352482972,observed,1203,1242,1242,1203,7208
2021-08-18,raw_reversal,primary_available,0.3595653251745477,observed,1240,1241,1240,1241,7209
2021-08-18,raw_reversal,matched_complete8,0.36878323301218435,observed,1207,1241,1240,1241,7209
2021-08-18,univariate_reversal_ridge,primary_available,0.36878323301218435,observed,1207,1241,1240,1208,7209
2021-08-18,univariate_reversal_ridge,matched_complete8,0.36878323301218435,observed,1207,1241,1240,1208,7209
2021-08-18,ridge,primary_available,0.24846105188581308,observed,1207,1241,1240,1208,7209
2021-08-18,ridge,matched_complete8,0.24846105188581308,observed,1207,1241,1240,1208,7209
2021-08-19,raw_reversal,primary_available,0.4912514974075891,observed,1240,1241,1240,1241,7210
2021-08-19,raw_reversal,matched_complete8,0.5077226413947755,observed,1199,1241,1240,1241,7210
2021-08-19,univariate_reversal_ridge,primary_available,0.5077226413947755,observed,1199,1241,1240,1200,7210
2021-08-19,univariate_reversal_ridge,matched_complete8,0.5077226413947755,observed,1199,1241,1240,1200,7210
2021-08-19,ridge,primary_available,0.4916974086845072,observed,1199,1241,1240,1200,7210
2021-08-19,ridge,matched_complete8,0.4916974086845072,observed,1199,1241,1240,1200,7210
2021-08-20,raw_reversal,primary_available,0.4034391983919281,observed,1248,1249,1248,1249,7211
2021-08-20,raw_reversal,matched_complete8,0.40963049705373783,observed,1214,1249,1248,1249,7211
2021-08-20,univariate_reversal_ridge,primary_available,0.40963049705373783,observed,1214,1249,1248,1215,7211
2021-08-20,univariate_reversal_ridge,matched_complete8,0.40963049705373783,observed,1214,1249,1248,1215,7211
2021-08-20,ridge,primary_available,0.17641757408488928,observed,1214,1249,1248,1215,7211
2021-08-20,ridge,matched_complete8,0.17641757408488928,observed,1214,1249,1248,1215,7211
2021-08-23,raw_reversal,primary_available,-0.07960565901582758,observed,1252,1253,1252,1253,7212
2021-08-23,raw_reversal,matched_complete8,-0.08633065723827105,observed,1221,1253,1252,1253,7212
2021-08-23,univariate_reversal_ridge,primary_available,-0.08633065723827105,observed,1221,1253,1252,1222,7212
2021-08-23,univariate_reversal_ridge,matched_complete8,-0.08633065723827105,observed,1221,1253,1252,1222,7212
2021-08-23,ridge,primary_available,-0.19298261490403112,observed,1221,1253,1252,1222,7212
2021-08-23,ridge,matched_complete8,-0.19298261490403112,observed,1221,1253,1252,1222,7212
2021-08-24,raw_reversal,primary_available,-0.1575903230218312,observed,1245,1246,1245,1246,7213
2021-08-24,raw_reversal,matched_complete8,-0.171700372411863,observed,1216,1246,1245,1246,7213
2021-08-24,univariate_reversal_ridge,primary_available,-0.171700372411863,observed,1216,1246,1245,1217,7213
2021-08-24,univariate_reversal_ridge,matched_complete8,-0.171700372411863,observed,1216,1246,1245,1217,7213
2021-08-24,ridge,primary_available,-0.10459498883686404,observed,1216,1246,1245,1217,7213
2021-08-24,ridge,matched_complete8,-0.10459498883686404,observed,1216,1246,1245,1217,7213
2021-08-25,raw_reversal,primary_available,-0.1499879770621986,observed,1235,1238,1235,1238,7214
2021-08-25,raw_reversal,matched_complete8,-0.15788383992190125,observed,1210,1238,1235,1238,7214
2021-08-25,univariate_reversal_ridge,primary_available,-0.15788383992190125,observed,1210,1238,1235,1213,7214
2021-08-25,univariate_reversal_ridge,matched_complete8,-0.15788383992190125,observed,1210,1238,1235,1213,7214
2021-08-25,ridge,primary_available,-0.05319658328612043,observed,1210,1238,1235,1213,7214
2021-08-25,ridge,matched_complete8,-0.05319658328612043,observed,1210,1238,1235,1213,7214
2021-08-26,raw_reversal,primary_available,-0.13960927187829408,observed,1235,1236,1235,1236,7215
2021-08-26,raw_reversal,matched_complete8,-0.14845421249704494,observed,1203,1236,1235,1236,7215
2021-08-26,univariate_reversal_ridge,primary_available,-0.14845421249704494,observed,1203,1236,1235,1204,7215
2021-08-26,univariate_reversal_ridge,matched_complete8,-0.14845421249704494,observed,1203,1236,1235,1204,7215
2021-08-26,ridge,primary_available,-0.10930365241578069,observed,1203,1236,1235,1204,7215
2021-08-26,ridge,matched_complete8,-0.10930365241578069,observed,1203,1236,1235,1204,7215
2021-08-27,raw_reversal,primary_available,0.05154117952463765,observed,1235,1236,1235,1236,7216
2021-08-27,raw_reversal,matched_complete8,0.05517539472278908,observed,1206,1236,1235,1236,7216
2021-08-27,univariate_reversal_ridge,primary_available,0.05517539472278908,observed,1206,1236,1235,1207,7216
2021-08-27,univariate_reversal_ridge,matched_complete8,0.05517539472278908,observed,1206,1236,1235,1207,7216
2021-08-27,ridge,primary_available,0.09663265230117528,observed,1206,1236,1235,1207,7216
2021-08-27,ridge,matched_complete8,0.09663265230117528,observed,1206,1236,1235,1207,7216
2021-08-30,raw_reversal,primary_available,-0.11733815458336559,observed,1229,1231,1229,1231,7217
2021-08-30,raw_reversal,matched_complete8,-0.12168187781804912,observed,1191,1231,1229,1231,7217
2021-08-30,univariate_reversal_ridge,primary_available,-0.12168187781804912,observed,1191,1231,1229,1193,7217
2021-08-30,univariate_reversal_ridge,matched_complete8,-0.12168187781804912,observed,1191,1231,1229,1193,7217
2021-08-30,ridge,primary_available,-0.1491202854889783,observed,1191,1231,1229,1193,7217
2021-08-30,ridge,matched_complete8,-0.1491202854889783,observed,1191,1231,1229,1193,7217
2021-08-31,raw_reversal,primary_available,-0.14378515629963157,observed,1236,1237,1236,1237,7218
2021-08-31,raw_reversal,matched_complete8,-0.14135682911477404,observed,1173,1237,1236,1237,7218
2021-08-31,univariate_reversal_ridge,primary_available,-0.14135682911477404,observed,1173,1237,1236,1174,7218
2021-08-31,univariate_reversal_ridge,matched_complete8,-0.14135682911477404,observed,1173,1237,1236,1174,7218
2021-08-31,ridge,primary_available,-0.03271630092128589,observed,1173,1237,1236,1174,7218
2021-08-31,ridge,matched_complete8,-0.03271630092128589,observed,1173,1237,1236,1174,7218
2021-09-01,raw_reversal,primary_available,-0.12021744292800188,observed,1237,1238,1237,1238,7219
2021-09-01,raw_reversal,matched_complete8,-0.1199335930936398,observed,1213,1238,1237,1238,7219
2021-09-01,univariate_reversal_ridge,primary_available,-0.1199335930936398,observed,1213,1238,1237,1214,7219
2021-09-01,univariate_reversal_ridge,matched_complete8,-0.1199335930936398,observed,1213,1238,1237,1214,7219
2021-09-01,ridge,primary_available,-0.045281898850027556,observed,1213,1238,1237,1214,7219
2021-09-01,ridge,matched_complete8,-0.045281898850027556,observed,1213,1238,1237,1214,7219
2021-09-02,raw_reversal,primary_available,-0.06122424388718025,observed,1233,1233,1233,1233,7220
2021-09-02,raw_reversal,matched_complete8,-0.04154664187938893,observed,1195,1233,1233,1233,7220
2021-09-02,univariate_reversal_ridge,primary_available,-0.04154664187938893,observed,1195,1233,1233,1195,7220
2021-09-02,univariate_reversal_ridge,matched_complete8,-0.04154664187938893,observed,1195,1233,1233,1195,7220
2021-09-02,ridge,primary_available,0.001467930044753529,observed,1195,1233,1233,1195,7220
2021-09-02,ridge,matched_complete8,0.001467930044753529,observed,1195,1233,1233,1195,7220
2021-09-03,raw_reversal,primary_available,0.1378814701884211,observed,1232,1232,1232,1232,7221
2021-09-03,raw_reversal,matched_complete8,0.13779028830684165,observed,1206,1232,1232,1232,7221
2021-09-03,univariate_reversal_ridge,primary_available,0.13779028830684165,observed,1206,1232,1232,1206,7221
2021-09-03,univariate_reversal_ridge,matched_complete8,0.13779028830684165,observed,1206,1232,1232,1206,7221
2021-09-03,ridge,primary_available,0.12213061149305139,observed,1206,1232,1232,1206,7221
2021-09-03,ridge,matched_complete8,0.12213061149305139,observed,1206,1232,1232,1206,7221
2021-09-07,raw_reversal,primary_available,0.04303144187648599,observed,1228,1228,1228,1228,7222
2021-09-07,raw_reversal,matched_complete8,0.04454876457185336,observed,1203,1228,1228,1228,7222
2021-09-07,univariate_reversal_ridge,primary_available,0.04454876457185336,observed,1203,1228,1228,1203,7222
2021-09-07,univariate_reversal_ridge,matched_complete8,0.04454876457185336,observed,1203,1228,1228,1203,7222
2021-09-07,ridge,primary_available,0.046450056406143435,observed,1203,1228,1228,1203,7222
2021-09-07,ridge,matched_complete8,0.046450056406143435,observed,1203,1228,1228,1203,7222
2021-09-08,raw_reversal,primary_available,0.07421070925105075,observed,1224,1224,1224,1224,7223
2021-09-08,raw_reversal,matched_complete8,0.07419826903755258,observed,1200,1224,1224,1224,7223
2021-09-08,univariate_reversal_ridge,primary_available,0.07419826903755258,observed,1200,1224,1224,1200,7223
2021-09-08,univariate_reversal_ridge,matched_complete8,0.07419826903755258,observed,1200,1224,1224,1200,7223
2021-09-08,ridge,primary_available,0.05701694683497953,observed,1200,1224,1224,1200,7223
2021-09-08,ridge,matched_complete8,0.05701694683497953,observed,1200,1224,1224,1200,7223
2021-09-09,raw_reversal,primary_available,-0.10069516034453173,observed,1224,1224,1224,1224,7224
2021-09-09,raw_reversal,matched_complete8,-0.10694792069404865,observed,1179,1224,1224,1224,7224
2021-09-09,univariate_reversal_ridge,primary_available,-0.10694792069404865,observed,1179,1224,1224,1179,7224
2021-09-09,univariate_reversal_ridge,matched_complete8,-0.10694792069404865,observed,1179,1224,1224,1179,7224
2021-09-09,ridge,primary_available,-0.10442786835638765,observed,1179,1224,1224,1179,7224
2021-09-09,ridge,matched_complete8,-0.10442786835638765,observed,1179,1224,1224,1179,7224
2021-09-10,raw_reversal,primary_available,-0.002317483741598291,observed,1231,1231,1231,1231,7225
2021-09-10,raw_reversal,matched_complete8,0.0013426249794101783,observed,1205,1231,1231,1231,7225
2021-09-10,univariate_reversal_ridge,primary_available,0.0013426249794101783,observed,1205,1231,1231,1205,7225
2021-09-10,univariate_reversal_ridge,matched_complete8,0.0013426249794101783,observed,1205,1231,1231,1205,7225
2021-09-10,ridge,primary_available,0.006923132405906869,observed,1205,1231,1231,1205,7225
2021-09-10,ridge,matched_complete8,0.006923132405906869,observed,1205,1231,1231,1205,7225
2021-09-13,raw_reversal,primary_available,-0.004053142748742252,observed,1235,1236,1235,1236,7226
2021-09-13,raw_reversal,matched_complete8,-0.005219734147002284,observed,1210,1236,1235,1236,7226
2021-09-13,univariate_reversal_ridge,primary_available,-0.005219734147002284,observed,1210,1236,1235,1211,7226
2021-09-13,univariate_reversal_ridge,matched_complete8,-0.005219734147002284,observed,1210,1236,1235,1211,7226
2021-09-13,ridge,primary_available,0.05383285639853244,observed,1210,1236,1235,1211,7226
2021-09-13,ridge,matched_complete8,0.05383285639853244,observed,1210,1236,1235,1211,7226
2021-09-14,raw_reversal,primary_available,0.05178571231696798,observed,1239,1239,1239,1239,7227
2021-09-14,raw_reversal,matched_complete8,0.04609945784966734,observed,1180,1239,1239,1239,7227
2021-09-14,univariate_reversal_ridge,primary_available,0.04609945784966734,observed,1180,1239,1239,1180,7227
2021-09-14,univariate_reversal_ridge,matched_complete8,0.04609945784966734,observed,1180,1239,1239,1180,7227
2021-09-14,ridge,primary_available,0.013356969189458605,observed,1180,1239,1239,1180,7227
2021-09-14,ridge,matched_complete8,0.013356969189458605,observed,1180,1239,1239,1180,7227
2021-09-15,raw_reversal,primary_available,-0.011001289266940802,observed,1256,1256,1256,1256,7228
2021-09-15,raw_reversal,matched_complete8,-0.008109132617447654,observed,1223,1256,1256,1256,7228
2021-09-15,univariate_reversal_ridge,primary_available,-0.008109132617447654,observed,1223,1256,1256,1223,7228
2021-09-15,univariate_reversal_ridge,matched_complete8,-0.008109132617447654,observed,1223,1256,1256,1223,7228
2021-09-15,ridge,primary_available,0.01060922081922257,observed,1223,1256,1256,1223,7228
2021-09-15,ridge,matched_complete8,0.01060922081922257,observed,1223,1256,1256,1223,7228
2021-09-16,raw_reversal,primary_available,-0.09789797318604083,observed,1262,1262,1262,1262,7229
2021-09-16,raw_reversal,matched_complete8,-0.09986313895433954,observed,1234,1262,1262,1262,7229
2021-09-16,univariate_reversal_ridge,primary_available,-0.09986313895433954,observed,1234,1262,1262,1234,7229
2021-09-16,univariate_reversal_ridge,matched_complete8,-0.09986313895433954,observed,1234,1262,1262,1234,7229
2021-09-16,ridge,primary_available,-0.10690025540077369,observed,1234,1262,1262,1234,7229
2021-09-16,ridge,matched_complete8,-0.10690025540077369,observed,1234,1262,1262,1234,7229
2021-09-17,raw_reversal,primary_available,-0.19862066805403794,observed,1324,1324,1324,1324,7230
2021-09-17,raw_reversal,matched_complete8,-0.19467167130974203,observed,1300,1324,1324,1324,7230
2021-09-17,univariate_reversal_ridge,primary_available,-0.19467167130974203,observed,1300,1324,1324,1300,7230
2021-09-17,univariate_reversal_ridge,matched_complete8,-0.19467167130974203,observed,1300,1324,1324,1300,7230
2021-09-17,ridge,primary_available,-0.10923128007663084,observed,1300,1324,1324,1300,7230
2021-09-17,ridge,matched_complete8,-0.10923128007663084,observed,1300,1324,1324,1300,7230
2021-09-20,raw_reversal,primary_available,0.055566381227996745,observed,1330,1330,1330,1330,7231
2021-09-20,raw_reversal,matched_complete8,0.05796452011118226,observed,1306,1330,1330,1330,7231
2021-09-20,univariate_reversal_ridge,primary_available,0.05796452011118226,observed,1306,1330,1330,1306,7231
2021-09-20,univariate_reversal_ridge,matched_complete8,0.05796452011118226,observed,1306,1330,1330,1306,7231
2021-09-20,ridge,primary_available,-0.029824385886886125,observed,1306,1330,1330,1306,7231
2021-09-20,ridge,matched_complete8,-0.029824385886886125,observed,1306,1330,1330,1306,7231
2021-09-21,raw_reversal,primary_available,0.06806789640432737,observed,1327,1328,1327,1328,7232
2021-09-21,raw_reversal,matched_complete8,0.07075416524928486,observed,1305,1328,1327,1328,7232
2021-09-21,univariate_reversal_ridge,primary_available,0.07075416524928486,observed,1305,1328,1327,1306,7232
2021-09-21,univariate_reversal_ridge,matched_complete8,0.07075416524928486,observed,1305,1328,1327,1306,7232
2021-09-21,ridge,primary_available,0.11643723046112163,observed,1305,1328,1327,1306,7232
2021-09-21,ridge,matched_complete8,0.11643723046112163,observed,1305,1328,1327,1306,7232
2021-09-22,raw_reversal,primary_available,0.1444932280243372,observed,1321,1321,1321,1321,7233
2021-09-22,raw_reversal,matched_complete8,0.15118382314283124,observed,1297,1321,1321,1321,7233
2021-09-22,univariate_reversal_ridge,primary_available,0.15118382314283124,observed,1297,1321,1321,1297,7233
2021-09-22,univariate_reversal_ridge,matched_complete8,0.15118382314283124,observed,1297,1321,1321,1297,7233
2021-09-22,ridge,primary_available,0.05142597505801428,observed,1297,1321,1321,1297,7233
2021-09-22,ridge,matched_complete8,0.05142597505801428,observed,1297,1321,1321,1297,7233
2021-09-23,raw_reversal,primary_available,-0.04273918875991643,observed,1323,1325,1323,1325,7234
2021-09-23,raw_reversal,matched_complete8,-0.043506204109562796,observed,1295,1325,1323,1325,7234
2021-09-23,univariate_reversal_ridge,primary_available,-0.043506204109562796,observed,1295,1325,1323,1297,7234
2021-09-23,univariate_reversal_ridge,matched_complete8,-0.043506204109562796,observed,1295,1325,1323,1297,7234
2021-09-23,ridge,primary_available,-0.1214412609250911,observed,1295,1325,1323,1297,7234
2021-09-23,ridge,matched_complete8,-0.1214412609250911,observed,1295,1325,1323,1297,7234
2021-09-24,raw_reversal,primary_available,-0.159641183100217,observed,1334,1336,1334,1336,7235
2021-09-24,raw_reversal,matched_complete8,-0.16091089434620234,observed,1312,1336,1334,1336,7235
2021-09-24,univariate_reversal_ridge,primary_available,-0.16091089434620234,observed,1312,1336,1334,1314,7235
2021-09-24,univariate_reversal_ridge,matched_complete8,-0.16091089434620234,observed,1312,1336,1334,1314,7235
2021-09-24,ridge,primary_available,-0.22463103250873695,observed,1312,1336,1334,1314,7235
2021-09-24,ridge,matched_complete8,-0.22463103250873695,observed,1312,1336,1334,1314,7235
2021-09-27,raw_reversal,primary_available,-0.14151356140815785,observed,1336,1339,1336,1339,7236
2021-09-27,raw_reversal,matched_complete8,-0.14068252009575588,observed,1318,1339,1336,1339,7236
2021-09-27,univariate_reversal_ridge,primary_available,-0.14068252009575588,observed,1318,1339,1336,1321,7236
2021-09-27,univariate_reversal_ridge,matched_complete8,-0.14068252009575588,observed,1318,1339,1336,1321,7236
2021-09-27,ridge,primary_available,-0.12195242461727403,observed,1318,1339,1336,1321,7236
2021-09-27,ridge,matched_complete8,-0.12195242461727403,observed,1318,1339,1336,1321,7236
2021-09-28,raw_reversal,primary_available,-0.2504347778972209,observed,1339,1342,1339,1342,7237
2021-09-28,raw_reversal,matched_complete8,-0.2452031870782003,observed,1324,1342,1339,1342,7237
2021-09-28,univariate_reversal_ridge,primary_available,-0.2452031870782003,observed,1324,1342,1339,1327,7237
2021-09-28,univariate_reversal_ridge,matched_complete8,-0.2452031870782003,observed,1324,1342,1339,1327,7237
2021-09-28,ridge,primary_available,-0.2576081818950398,observed,1324,1342,1339,1327,7237
2021-09-28,ridge,matched_complete8,-0.2576081818950398,observed,1324,1342,1339,1327,7237
2021-09-29,raw_reversal,primary_available,-0.1557100402113767,observed,1336,1339,1336,1339,7238
2021-09-29,raw_reversal,matched_complete8,-0.14626737953716468,observed,1300,1339,1336,1339,7238
2021-09-29,univariate_reversal_ridge,primary_available,-0.14626737953716468,observed,1300,1339,1336,1303,7238
2021-09-29,univariate_reversal_ridge,matched_complete8,-0.14626737953716468,observed,1300,1339,1336,1303,7238
2021-09-29,ridge,primary_available,-0.08341806062550812,observed,1300,1339,1336,1303,7238
2021-09-29,ridge,matched_complete8,-0.08341806062550812,observed,1300,1339,1336,1303,7238
2021-09-30,raw_reversal,primary_available,-0.2375204677788621,observed,1347,1350,1347,1350,7239
2021-09-30,raw_reversal,matched_complete8,-0.2291445937288359,observed,1318,1350,1347,1350,7239
2021-09-30,univariate_reversal_ridge,primary_available,-0.2291445937288359,observed,1318,1350,1347,1321,7239
2021-09-30,univariate_reversal_ridge,matched_complete8,-0.2291445937288359,observed,1318,1350,1347,1321,7239
2021-09-30,ridge,primary_available,-0.11954755151430123,observed,1318,1350,1347,1321,7239
2021-09-30,ridge,matched_complete8,-0.11954755151430123,observed,1318,1350,1347,1321,7239
2021-10-01,raw_reversal,primary_available,-0.2193255897901772,observed,1354,1357,1355,1356,7240
2021-10-01,raw_reversal,matched_complete8,-0.21998205552942984,observed,1338,1357,1355,1356,7240
2021-10-01,univariate_reversal_ridge,primary_available,-0.21998205552942984,observed,1338,1357,1355,1340,7240
2021-10-01,univariate_reversal_ridge,matched_complete8,-0.21998205552942984,observed,1338,1357,1355,1340,7240
2021-10-01,ridge,primary_available,-0.1423197926084556,observed,1338,1357,1355,1340,7240
2021-10-01,ridge,matched_complete8,-0.1423197926084556,observed,1338,1357,1355,1340,7240
2021-10-04,raw_reversal,primary_available,0.07027301611939187,observed,1349,1352,1350,1351,7241
2021-10-04,raw_reversal,matched_complete8,0.06924804058176523,observed,1330,1352,1350,1351,7241
2021-10-04,univariate_reversal_ridge,primary_available,0.06924804058176523,observed,1330,1352,1350,1332,7241
2021-10-04,univariate_reversal_ridge,matched_complete8,0.06924804058176523,observed,1330,1352,1350,1332,7241
2021-10-04,ridge,primary_available,0.08633644675590986,observed,1330,1352,1350,1332,7241
2021-10-04,ridge,matched_complete8,0.08633644675590986,observed,1330,1352,1350,1332,7241
2021-10-05,raw_reversal,primary_available,-0.01950312000728205,observed,1352,1355,1354,1353,7242
2021-10-05,raw_reversal,matched_complete8,-0.017697441936642636,observed,1328,1355,1354,1353,7242
2021-10-05,univariate_reversal_ridge,primary_available,-0.017697441936642636,observed,1328,1355,1354,1329,7242
2021-10-05,univariate_reversal_ridge,matched_complete8,-0.017697441936642636,observed,1328,1355,1354,1329,7242
2021-10-05,ridge,primary_available,-0.08940901384707715,observed,1328,1355,1354,1329,7242
2021-10-05,ridge,matched_complete8,-0.08940901384707715,observed,1328,1355,1354,1329,7242
2021-10-06,raw_reversal,primary_available,-0.06472517138728781,observed,1348,1351,1350,1349,7243
2021-10-06,raw_reversal,matched_complete8,-0.06630923665064464,observed,1330,1351,1350,1349,7243
2021-10-06,univariate_reversal_ridge,primary_available,-0.06630923665064464,observed,1330,1351,1350,1331,7243
2021-10-06,univariate_reversal_ridge,matched_complete8,-0.06630923665064464,observed,1330,1351,1350,1331,7243
2021-10-06,ridge,primary_available,-0.09660485888074023,observed,1330,1351,1350,1331,7243
2021-10-06,ridge,matched_complete8,-0.09660485888074023,observed,1330,1351,1350,1331,7243
2021-10-07,raw_reversal,primary_available,-0.06077408557330893,observed,1352,1355,1354,1353,7244
2021-10-07,raw_reversal,matched_complete8,-0.06096643198344144,observed,1320,1355,1354,1353,7244
2021-10-07,univariate_reversal_ridge,primary_available,-0.06096643198344144,observed,1320,1355,1354,1321,7244
2021-10-07,univariate_reversal_ridge,matched_complete8,-0.06096643198344144,observed,1320,1355,1354,1321,7244
2021-10-07,ridge,primary_available,-0.13974920925310766,observed,1320,1355,1354,1321,7244
2021-10-07,ridge,matched_complete8,-0.13974920925310766,observed,1320,1355,1354,1321,7244
2021-10-08,raw_reversal,primary_available,0.07690727365448699,observed,1346,1348,1348,1346,7245
2021-10-08,raw_reversal,matched_complete8,0.07134241734432038,observed,1325,1348,1348,1346,7245
2021-10-08,univariate_reversal_ridge,primary_available,0.07134241734432038,observed,1325,1348,1348,1325,7245
2021-10-08,univariate_reversal_ridge,matched_complete8,0.07134241734432038,observed,1325,1348,1348,1325,7245
2021-10-08,ridge,primary_available,0.075093296066609,observed,1325,1348,1348,1325,7245
2021-10-08,ridge,matched_complete8,0.075093296066609,observed,1325,1348,1348,1325,7245
2021-10-11,raw_reversal,primary_available,-0.021058130366194982,observed,1340,1342,1342,1340,7246
2021-10-11,raw_reversal,matched_complete8,-0.027927625782343358,observed,1323,1342,1342,1340,7246
2021-10-11,univariate_reversal_ridge,primary_available,-0.027927625782343358,observed,1323,1342,1342,1323,7246
2021-10-11,univariate_reversal_ridge,matched_complete8,-0.027927625782343358,observed,1323,1342,1342,1323,7246
2021-10-11,ridge,primary_available,-0.058754458419304906,observed,1323,1342,1342,1323,7246
2021-10-11,ridge,matched_complete8,-0.058754458419304906,observed,1323,1342,1342,1323,7246
2021-10-12,raw_reversal,primary_available,0.04775076713050001,observed,1339,1340,1340,1339,7247
2021-10-12,raw_reversal,matched_complete8,0.04496866055273993,observed,1317,1340,1340,1339,7247
2021-10-12,univariate_reversal_ridge,primary_available,0.04496866055273993,observed,1317,1340,1340,1317,7247
2021-10-12,univariate_reversal_ridge,matched_complete8,0.04496866055273993,observed,1317,1340,1340,1317,7247
2021-10-12,ridge,primary_available,-0.025074496294568607,observed,1317,1340,1340,1317,7247
2021-10-12,ridge,matched_complete8,-0.025074496294568607,observed,1317,1340,1340,1317,7247
2021-10-13,raw_reversal,primary_available,0.15698073967624748,observed,1334,1335,1335,1334,7248
2021-10-13,raw_reversal,matched_complete8,0.1585767668906192,observed,1307,1335,1335,1334,7248
2021-10-13,univariate_reversal_ridge,primary_available,0.1585767668906192,observed,1307,1335,1335,1307,7248
2021-10-13,univariate_reversal_ridge,matched_complete8,0.1585767668906192,observed,1307,1335,1335,1307,7248
2021-10-13,ridge,primary_available,0.09370288792779286,observed,1307,1335,1335,1307,7248
2021-10-13,ridge,matched_complete8,0.09370288792779286,observed,1307,1335,1335,1307,7248
2021-10-14,raw_reversal,primary_available,0.03195356194557614,observed,1330,1332,1331,1331,7249
2021-10-14,raw_reversal,matched_complete8,0.03401314993272082,observed,1293,1332,1331,1331,7249
2021-10-14,univariate_reversal_ridge,primary_available,0.03401314993272082,observed,1293,1332,1331,1294,7249
2021-10-14,univariate_reversal_ridge,matched_complete8,0.03401314993272082,observed,1293,1332,1331,1294,7249
2021-10-14,ridge,primary_available,-0.009289685474741011,observed,1293,1332,1331,1294,7249
2021-10-14,ridge,matched_complete8,-0.009289685474741011,observed,1293,1332,1331,1294,7249
2021-10-15,raw_reversal,primary_available,-0.01590364353134302,observed,1267,1267,1267,1267,7250
2021-10-15,raw_reversal,matched_complete8,-0.015407252334840164,observed,1244,1267,1267,1267,7250
2021-10-15,univariate_reversal_ridge,primary_available,-0.015407252334840164,observed,1244,1267,1267,1244,7250
2021-10-15,univariate_reversal_ridge,matched_complete8,-0.015407252334840164,observed,1244,1267,1267,1244,7250
2021-10-15,ridge,primary_available,-0.019383037829467382,observed,1244,1267,1267,1244,7250
2021-10-15,ridge,matched_complete8,-0.019383037829467382,observed,1244,1267,1267,1244,7250
2021-10-18,raw_reversal,primary_available,-0.050771661209340756,observed,1263,1263,1263,1263,7251
2021-10-18,raw_reversal,matched_complete8,-0.046089323407621854,observed,1243,1263,1263,1263,7251
2021-10-18,univariate_reversal_ridge,primary_available,-0.046089323407621854,observed,1243,1263,1263,1243,7251
2021-10-18,univariate_reversal_ridge,matched_complete8,-0.046089323407621854,observed,1243,1263,1263,1243,7251
2021-10-18,ridge,primary_available,-0.04156709785115906,observed,1243,1263,1263,1243,7251
2021-10-18,ridge,matched_complete8,-0.04156709785115906,observed,1243,1263,1263,1243,7251
2021-10-19,raw_reversal,primary_available,-0.02100634322144818,observed,1264,1264,1264,1264,7252
2021-10-19,raw_reversal,matched_complete8,-0.014426380121781372,observed,1242,1264,1264,1264,7252
2021-10-19,univariate_reversal_ridge,primary_available,-0.014426380121781372,observed,1242,1264,1264,1242,7252
2021-10-19,univariate_reversal_ridge,matched_complete8,-0.014426380121781372,observed,1242,1264,1264,1242,7252
2021-10-19,ridge,primary_available,0.04232952361149595,observed,1242,1264,1264,1242,7252
2021-10-19,ridge,matched_complete8,0.04232952361149595,observed,1242,1264,1264,1242,7252
2021-10-20,raw_reversal,primary_available,-0.027080083129839616,observed,1263,1263,1263,1263,7253
2021-10-20,raw_reversal,matched_complete8,-0.028646319941213368,observed,1241,1263,1263,1263,7253
2021-10-20,univariate_reversal_ridge,primary_available,-0.028646319941213368,observed,1241,1263,1263,1241,7253
2021-10-20,univariate_reversal_ridge,matched_complete8,-0.028646319941213368,observed,1241,1263,1263,1241,7253
2021-10-20,ridge,primary_available,0.026321734073488277,observed,1241,1263,1263,1241,7253
2021-10-20,ridge,matched_complete8,0.026321734073488277,observed,1241,1263,1263,1241,7253
2021-10-21,raw_reversal,primary_available,-0.02037447974603066,observed,1257,1258,1257,1258,7254
2021-10-21,raw_reversal,matched_complete8,-0.021199413262833148,observed,1228,1258,1257,1258,7254
2021-10-21,univariate_reversal_ridge,primary_available,-0.021199413262833148,observed,1228,1258,1257,1229,7254
2021-10-21,univariate_reversal_ridge,matched_complete8,-0.021199413262833148,observed,1228,1258,1257,1229,7254
2021-10-21,ridge,primary_available,-0.02578401205751073,observed,1228,1258,1257,1229,7254
2021-10-21,ridge,matched_complete8,-0.02578401205751073,observed,1228,1258,1257,1229,7254
2021-10-22,raw_reversal,primary_available,-0.07666509414801313,observed,1250,1252,1250,1252,7255
2021-10-22,raw_reversal,matched_complete8,-0.07527964709854916,observed,1231,1252,1250,1252,7255
2021-10-22,univariate_reversal_ridge,primary_available,-0.07527964709854916,observed,1231,1252,1250,1232,7255
2021-10-22,univariate_reversal_ridge,matched_complete8,-0.07527964709854916,observed,1231,1252,1250,1232,7255
2021-10-22,ridge,primary_available,-0.01732876369302722,observed,1231,1252,1250,1232,7255
2021-10-22,ridge,matched_complete8,-0.01732876369302722,observed,1231,1252,1250,1232,7255
2021-10-25,raw_reversal,primary_available,0.03721511011375451,observed,1255,1258,1255,1258,7256
2021-10-25,raw_reversal,matched_complete8,0.038766989935174016,observed,1237,1258,1255,1258,7256
2021-10-25,univariate_reversal_ridge,primary_available,0.038766989935174016,observed,1237,1258,1255,1240,7256
2021-10-25,univariate_reversal_ridge,matched_complete8,0.038766989935174016,observed,1237,1258,1255,1240,7256
2021-10-25,ridge,primary_available,-0.025814671677130963,observed,1237,1258,1255,1240,7256
2021-10-25,ridge,matched_complete8,-0.025814671677130963,observed,1237,1258,1255,1240,7256
2021-10-26,raw_reversal,primary_available,0.053477871526530635,observed,1257,1260,1257,1260,7257
2021-10-26,raw_reversal,matched_complete8,0.06229661313387129,observed,1237,1260,1257,1260,7257
2021-10-26,univariate_reversal_ridge,primary_available,0.06229661313387129,observed,1237,1260,1257,1240,7257
2021-10-26,univariate_reversal_ridge,matched_complete8,0.06229661313387129,observed,1237,1260,1257,1240,7257
2021-10-26,ridge,primary_available,0.049141130309641935,observed,1237,1260,1257,1240,7257
2021-10-26,ridge,matched_complete8,0.049141130309641935,observed,1237,1260,1257,1240,7257
2021-10-27,raw_reversal,primary_available,0.09546957037122068,observed,1255,1259,1255,1259,7258
2021-10-27,raw_reversal,matched_complete8,0.09943013474300685,observed,1239,1259,1255,1259,7258
2021-10-27,univariate_reversal_ridge,primary_available,0.09943013474300685,observed,1239,1259,1255,1243,7258
2021-10-27,univariate_reversal_ridge,matched_complete8,0.09943013474300685,observed,1239,1259,1255,1243,7258
2021-10-27,ridge,primary_available,0.08658637750676865,observed,1239,1259,1255,1243,7258
2021-10-27,ridge,matched_complete8,0.08658637750676865,observed,1239,1259,1255,1243,7258
2021-10-28,raw_reversal,primary_available,0.013500727902259748,observed,1247,1252,1247,1252,7259
2021-10-28,raw_reversal,matched_complete8,0.014631078055197047,observed,1218,1252,1247,1252,7259
2021-10-28,univariate_reversal_ridge,primary_available,0.014631078055197047,observed,1218,1252,1247,1223,7259
2021-10-28,univariate_reversal_ridge,matched_complete8,0.014631078055197047,observed,1218,1252,1247,1223,7259
2021-10-28,ridge,primary_available,-0.04895336562497034,observed,1218,1252,1247,1223,7259
2021-10-28,ridge,matched_complete8,-0.04895336562497034,observed,1218,1252,1247,1223,7259
2021-10-29,raw_reversal,primary_available,0.05355538373527999,observed,1251,1254,1251,1254,7260
2021-10-29,raw_reversal,matched_complete8,0.051536869163209535,observed,1216,1254,1251,1254,7260
2021-10-29,univariate_reversal_ridge,primary_available,0.051536869163209535,observed,1216,1254,1251,1219,7260
2021-10-29,univariate_reversal_ridge,matched_complete8,0.051536869163209535,observed,1216,1254,1251,1219,7260
2021-10-29,ridge,primary_available,0.03514908620157664,observed,1216,1254,1251,1219,7260
2021-10-29,ridge,matched_complete8,0.03514908620157664,observed,1216,1254,1251,1219,7260
2021-11-01,raw_reversal,primary_available,-0.027134434495349167,observed,1257,1259,1257,1259,7261
2021-11-01,raw_reversal,matched_complete8,-0.03101016891381923,observed,1239,1259,1257,1259,7261
2021-11-01,univariate_reversal_ridge,primary_available,-0.03101016891381923,observed,1239,1259,1257,1241,7261
2021-11-01,univariate_reversal_ridge,matched_complete8,-0.03101016891381923,observed,1239,1259,1257,1241,7261
2021-11-01,ridge,primary_available,-0.06204253591246709,observed,1239,1259,1257,1241,7261
2021-11-01,ridge,matched_complete8,-0.06204253591246709,observed,1239,1259,1257,1241,7261
2021-11-02,raw_reversal,primary_available,0.09382149755634119,observed,1265,1269,1266,1268,7262
2021-11-02,raw_reversal,matched_complete8,0.08435464230042715,observed,1245,1269,1266,1268,7262
2021-11-02,univariate_reversal_ridge,primary_available,0.08435464230042715,observed,1245,1269,1266,1248,7262
2021-11-02,univariate_reversal_ridge,matched_complete8,0.08435464230042715,observed,1245,1269,1266,1248,7262
2021-11-02,ridge,primary_available,0.07378077188094197,observed,1245,1269,1266,1248,7262
2021-11-02,ridge,matched_complete8,0.07378077188094197,observed,1245,1269,1266,1248,7262
2021-11-03,raw_reversal,primary_available,0.04271759065954701,observed,1283,1286,1284,1285,7263
2021-11-03,raw_reversal,matched_complete8,0.03721305079844526,observed,1265,1286,1284,1285,7263
2021-11-03,univariate_reversal_ridge,primary_available,0.03721305079844526,observed,1265,1286,1284,1267,7263
2021-11-03,univariate_reversal_ridge,matched_complete8,0.03721305079844526,observed,1265,1286,1284,1267,7263
2021-11-03,ridge,primary_available,0.04832034923175033,observed,1265,1286,1284,1267,7263
2021-11-03,ridge,matched_complete8,0.04832034923175033,observed,1265,1286,1284,1267,7263
2021-11-04,raw_reversal,primary_available,0.04836225534169643,observed,1291,1295,1293,1293,7264
2021-11-04,raw_reversal,matched_complete8,0.04380927449991809,observed,1259,1295,1293,1293,7264
2021-11-04,univariate_reversal_ridge,primary_available,0.04380927449991809,observed,1259,1295,1293,1261,7264
2021-11-04,univariate_reversal_ridge,matched_complete8,0.04380927449991809,observed,1259,1295,1293,1261,7264
2021-11-04,ridge,primary_available,0.04907671884822181,observed,1259,1295,1293,1261,7264
2021-11-04,ridge,matched_complete8,0.04907671884822181,observed,1259,1295,1293,1261,7264
2021-11-05,raw_reversal,primary_available,0.08261485401961462,observed,1298,1300,1300,1298,7265
2021-11-05,raw_reversal,matched_complete8,0.08435085480598795,observed,1274,1300,1300,1298,7265
2021-11-05,univariate_reversal_ridge,primary_available,0.08435085480598795,observed,1274,1300,1300,1274,7265
2021-11-05,univariate_reversal_ridge,matched_complete8,0.08435085480598795,observed,1274,1300,1300,1274,7265
2021-11-05,ridge,primary_available,0.10498305114642509,observed,1274,1300,1300,1274,7265
2021-11-05,ridge,matched_complete8,0.10498305114642509,observed,1274,1300,1300,1274,7265
2021-11-08,raw_reversal,primary_available,0.026465583500257264,observed,1307,1311,1310,1308,7266
2021-11-08,raw_reversal,matched_complete8,0.024172727474281102,observed,1286,1311,1310,1308,7266
2021-11-08,univariate_reversal_ridge,primary_available,0.024172727474281102,observed,1286,1311,1310,1287,7266
2021-11-08,univariate_reversal_ridge,matched_complete8,0.024172727474281102,observed,1286,1311,1310,1287,7266
2021-11-08,ridge,primary_available,0.056575199007926895,observed,1286,1311,1310,1287,7266
2021-11-08,ridge,matched_complete8,0.056575199007926895,observed,1286,1311,1310,1287,7266
2021-11-09,raw_reversal,primary_available,0.013740041652337298,observed,1317,1319,1319,1317,7267
2021-11-09,raw_reversal,matched_complete8,0.007984993496497835,observed,1276,1319,1319,1317,7267
2021-11-09,univariate_reversal_ridge,primary_available,0.007984993496497835,observed,1276,1319,1319,1276,7267
2021-11-09,univariate_reversal_ridge,matched_complete8,0.007984993496497835,observed,1276,1319,1319,1276,7267
2021-11-09,ridge,primary_available,-0.01898351968492908,observed,1276,1319,1319,1276,7267
2021-11-09,ridge,matched_complete8,-0.01898351968492908,observed,1276,1319,1319,1276,7267
2021-11-10,raw_reversal,primary_available,-0.08745804718794635,observed,1323,1325,1325,1323,7268
2021-11-10,raw_reversal,matched_complete8,-0.09191638538186163,observed,1283,1325,1325,1323,7268
2021-11-10,univariate_reversal_ridge,primary_available,-0.09191638538186163,observed,1283,1325,1325,1283,7268
2021-11-10,univariate_reversal_ridge,matched_complete8,-0.09191638538186163,observed,1283,1325,1325,1283,7268
2021-11-10,ridge,primary_available,-0.05866626966882384,observed,1283,1325,1325,1283,7268
2021-11-10,ridge,matched_complete8,-0.05866626966882384,observed,1283,1325,1325,1283,7268
2021-11-11,raw_reversal,primary_available,-0.027691835318030555,observed,1329,1330,1330,1329,7269
2021-11-11,raw_reversal,matched_complete8,-0.026412311814654935,observed,1311,1330,1330,1329,7269
2021-11-11,univariate_reversal_ridge,primary_available,-0.026412311814654935,observed,1311,1330,1330,1311,7269
2021-11-11,univariate_reversal_ridge,matched_complete8,-0.026412311814654935,observed,1311,1330,1330,1311,7269
2021-11-11,ridge,primary_available,-0.00891377789862055,observed,1311,1330,1330,1311,7269
2021-11-11,ridge,matched_complete8,-0.00891377789862055,observed,1311,1330,1330,1311,7269
2021-11-12,raw_reversal,primary_available,-0.16125427770972797,observed,1327,1328,1328,1327,7270
2021-11-12,raw_reversal,matched_complete8,-0.1651735764630028,observed,1275,1328,1328,1327,7270
2021-11-12,univariate_reversal_ridge,primary_available,-0.1651735764630028,observed,1275,1328,1328,1275,7270
2021-11-12,univariate_reversal_ridge,matched_complete8,-0.1651735764630028,observed,1275,1328,1328,1275,7270
2021-11-12,ridge,primary_available,-0.10045031757578846,observed,1275,1328,1328,1275,7270
2021-11-12,ridge,matched_complete8,-0.10045031757578846,observed,1275,1328,1328,1275,7270
2021-11-15,raw_reversal,primary_available,-0.2202883606090331,observed,1331,1331,1331,1331,7271
2021-11-15,raw_reversal,matched_complete8,-0.21748020307711824,observed,1305,1331,1331,1331,7271
2021-11-15,univariate_reversal_ridge,primary_available,-0.21748020307711824,observed,1305,1331,1331,1305,7271
2021-11-15,univariate_reversal_ridge,matched_complete8,-0.21748020307711824,observed,1305,1331,1331,1305,7271
2021-11-15,ridge,primary_available,-0.160388431105578,observed,1305,1331,1331,1305,7271
2021-11-15,ridge,matched_complete8,-0.160388431105578,observed,1305,1331,1331,1305,7271
2021-11-16,raw_reversal,primary_available,-0.1364856385843191,observed,1338,1338,1338,1338,7272
2021-11-16,raw_reversal,matched_complete8,-0.13135725444248866,observed,1308,1338,1338,1338,7272
2021-11-16,univariate_reversal_ridge,primary_available,-0.13135725444248866,observed,1308,1338,1338,1308,7272
2021-11-16,univariate_reversal_ridge,matched_complete8,-0.13135725444248866,observed,1308,1338,1338,1308,7272
2021-11-16,ridge,primary_available,0.023536364763732682,observed,1308,1338,1338,1308,7272
2021-11-16,ridge,matched_complete8,0.023536364763732682,observed,1308,1338,1338,1308,7272
2021-11-17,raw_reversal,primary_available,-0.09471087521736624,observed,1347,1347,1347,1347,7273
2021-11-17,raw_reversal,matched_complete8,-0.09271396652838859,observed,1319,1347,1347,1347,7273
2021-11-17,univariate_reversal_ridge,primary_available,-0.09271396652838859,observed,1319,1347,1347,1319,7273
2021-11-17,univariate_reversal_ridge,matched_complete8,-0.09271396652838859,observed,1319,1347,1347,1319,7273
2021-11-17,ridge,primary_available,-0.13433850016801882,observed,1319,1347,1347,1319,7273
2021-11-17,ridge,matched_complete8,-0.13433850016801882,observed,1319,1347,1347,1319,7273
2021-11-18,raw_reversal,primary_available,-0.016068861451786678,observed,1351,1351,1351,1351,7274
2021-11-18,raw_reversal,matched_complete8,-0.022621085415264874,observed,1303,1351,1351,1351,7274
2021-11-18,univariate_reversal_ridge,primary_available,-0.022621085415264874,observed,1303,1351,1351,1303,7274
2021-11-18,univariate_reversal_ridge,matched_complete8,-0.022621085415264874,observed,1303,1351,1351,1303,7274
2021-11-18,ridge,primary_available,-0.05806566912859742,observed,1303,1351,1351,1303,7274
2021-11-18,ridge,matched_complete8,-0.05806566912859742,observed,1303,1351,1351,1303,7274
2021-11-19,raw_reversal,primary_available,-0.18444294292568594,observed,1355,1356,1355,1356,7275
2021-11-19,raw_reversal,matched_complete8,-0.18021197046594548,observed,1321,1356,1355,1356,7275
2021-11-19,univariate_reversal_ridge,primary_available,-0.18021197046594548,observed,1321,1356,1355,1322,7275
2021-11-19,univariate_reversal_ridge,matched_complete8,-0.18021197046594548,observed,1321,1356,1355,1322,7275
2021-11-19,ridge,primary_available,-0.14359891420928692,observed,1321,1356,1355,1322,7275
2021-11-19,ridge,matched_complete8,-0.14359891420928692,observed,1321,1356,1355,1322,7275
2021-11-22,raw_reversal,primary_available,-0.007043781888638007,observed,1358,1359,1358,1359,7276
2021-11-22,raw_reversal,matched_complete8,-0.004268075696325135,observed,1324,1359,1358,1359,7276
2021-11-22,univariate_reversal_ridge,primary_available,-0.004268075696325135,observed,1324,1359,1358,1325,7276
2021-11-22,univariate_reversal_ridge,matched_complete8,-0.004268075696325135,observed,1324,1359,1358,1325,7276
2021-11-22,ridge,primary_available,0.1190618716851607,observed,1324,1359,1358,1325,7276
2021-11-22,ridge,matched_complete8,0.1190618716851607,observed,1324,1359,1358,1325,7276
2021-11-23,raw_reversal,primary_available,-0.1153866639949702,observed,1357,1358,1357,1358,7277
2021-11-23,raw_reversal,matched_complete8,-0.12487166291171034,observed,1323,1358,1357,1358,7277
2021-11-23,univariate_reversal_ridge,primary_available,-0.12487166291171034,observed,1323,1358,1357,1324,7277
2021-11-23,univariate_reversal_ridge,matched_complete8,-0.12487166291171034,observed,1323,1358,1357,1324,7277
2021-11-23,ridge,primary_available,-0.05474969946935038,observed,1323,1358,1357,1324,7277
2021-11-23,ridge,matched_complete8,-0.05474969946935038,observed,1323,1358,1357,1324,7277
2021-11-24,raw_reversal,primary_available,-0.2469727560659411,observed,1360,1360,1360,1360,7278
2021-11-24,raw_reversal,matched_complete8,-0.2452602873552446,observed,1324,1360,1360,1360,7278
2021-11-24,univariate_reversal_ridge,primary_available,-0.2452602873552446,observed,1324,1360,1360,1324,7278
2021-11-24,univariate_reversal_ridge,matched_complete8,-0.2452602873552446,observed,1324,1360,1360,1324,7278
2021-11-24,ridge,primary_available,-0.13898801630144433,observed,1324,1360,1360,1324,7278
2021-11-24,ridge,matched_complete8,-0.13898801630144433,observed,1324,1360,1360,1324,7278
2021-11-26,raw_reversal,primary_available,-0.2318260728934049,observed,1349,1349,1349,1349,7279
2021-11-26,raw_reversal,matched_complete8,-0.23714016570844437,observed,1314,1349,1349,1349,7279
2021-11-26,univariate_reversal_ridge,primary_available,-0.23714016570844437,observed,1314,1349,1349,1314,7279
2021-11-26,univariate_reversal_ridge,matched_complete8,-0.23714016570844437,observed,1314,1349,1349,1314,7279
2021-11-26,ridge,primary_available,-0.05064006412028993,observed,1314,1349,1349,1314,7279
2021-11-26,ridge,matched_complete8,-0.05064006412028993,observed,1314,1349,1349,1314,7279
2021-11-29,raw_reversal,primary_available,-0.04851315189292524,observed,1345,1347,1345,1347,7280
2021-11-29,raw_reversal,matched_complete8,-0.043770545777778155,observed,1301,1347,1345,1347,7280
2021-11-29,univariate_reversal_ridge,primary_available,-0.043770545777778155,observed,1301,1347,1345,1303,7280
2021-11-29,univariate_reversal_ridge,matched_complete8,-0.043770545777778155,observed,1301,1347,1345,1303,7280
2021-11-29,ridge,primary_available,0.020686260752710874,observed,1301,1347,1345,1303,7280
2021-11-29,ridge,matched_complete8,0.020686260752710874,observed,1301,1347,1345,1303,7280
2021-11-30,raw_reversal,primary_available,0.12197480499919683,observed,1354,1355,1354,1355,7281
2021-11-30,raw_reversal,matched_complete8,0.1218599028244823,observed,1289,1355,1354,1355,7281
2021-11-30,univariate_reversal_ridge,primary_available,0.1218599028244823,observed,1289,1355,1354,1290,7281
2021-11-30,univariate_reversal_ridge,matched_complete8,0.1218599028244823,observed,1289,1355,1354,1290,7281
2021-11-30,ridge,primary_available,0.11627193776488698,observed,1289,1355,1354,1290,7281
2021-11-30,ridge,matched_complete8,0.11627193776488698,observed,1289,1355,1354,1290,7281
2021-12-01,raw_reversal,primary_available,0.2229616324540788,observed,1355,1356,1355,1356,7282
2021-12-01,raw_reversal,matched_complete8,0.23365824456376275,observed,1322,1356,1355,1356,7282
2021-12-01,univariate_reversal_ridge,primary_available,0.23365824456376275,observed,1322,1356,1355,1323,7282
2021-12-01,univariate_reversal_ridge,matched_complete8,0.23365824456376275,observed,1322,1356,1355,1323,7282
2021-12-01,ridge,primary_available,0.16806262341789083,observed,1322,1356,1355,1323,7282
2021-12-01,ridge,matched_complete8,0.16806262341789083,observed,1322,1356,1355,1323,7282
2021-12-02,raw_reversal,primary_available,0.08271257279262992,observed,1352,1352,1352,1352,7283
2021-12-02,raw_reversal,matched_complete8,0.10338313217128453,observed,1302,1352,1352,1352,7283
2021-12-02,univariate_reversal_ridge,primary_available,0.10338313217128453,observed,1302,1352,1352,1302,7283
2021-12-02,univariate_reversal_ridge,matched_complete8,0.10338313217128453,observed,1302,1352,1352,1302,7283
2021-12-02,ridge,primary_available,-0.0012565437818773677,observed,1302,1352,1352,1302,7283
2021-12-02,ridge,matched_complete8,-0.0012565437818773677,observed,1302,1352,1352,1302,7283
2021-12-03,raw_reversal,primary_available,0.025217991677538514,observed,1345,1345,1345,1345,7284
2021-12-03,raw_reversal,matched_complete8,0.030863249969738108,observed,1315,1345,1345,1345,7284
2021-12-03,univariate_reversal_ridge,primary_available,0.030863249969738108,observed,1315,1345,1345,1315,7284
2021-12-03,univariate_reversal_ridge,matched_complete8,0.030863249969738108,observed,1315,1345,1345,1315,7284
2021-12-03,ridge,primary_available,0.004673912658156007,observed,1315,1345,1345,1315,7284
2021-12-03,ridge,matched_complete8,0.004673912658156007,observed,1315,1345,1345,1315,7284
2021-12-06,raw_reversal,primary_available,-0.2481032533405134,observed,1350,1351,1350,1351,7285
2021-12-06,raw_reversal,matched_complete8,-0.24685127599573012,observed,1319,1351,1350,1351,7285
2021-12-06,univariate_reversal_ridge,primary_available,-0.24685127599573012,observed,1319,1351,1350,1320,7285
2021-12-06,univariate_reversal_ridge,matched_complete8,-0.24685127599573012,observed,1319,1351,1350,1320,7285
2021-12-06,ridge,primary_available,-0.096400757319706,observed,1319,1351,1350,1320,7285
2021-12-06,ridge,matched_complete8,-0.096400757319706,observed,1319,1351,1350,1320,7285
2021-12-07,raw_reversal,primary_available,-0.24461245118609085,observed,1353,1356,1353,1356,7286
2021-12-07,raw_reversal,matched_complete8,-0.24284243434078853,observed,1320,1356,1353,1356,7286
2021-12-07,univariate_reversal_ridge,primary_available,-0.24284243434078853,observed,1320,1356,1353,1323,7286
2021-12-07,univariate_reversal_ridge,matched_complete8,-0.24284243434078853,observed,1320,1356,1353,1323,7286
2021-12-07,ridge,primary_available,0.03294588036693386,observed,1320,1356,1353,1323,7286
2021-12-07,ridge,matched_complete8,0.03294588036693386,observed,1320,1356,1353,1323,7286
2021-12-08,raw_reversal,primary_available,0.10363137126939018,observed,1356,1358,1357,1357,7287
2021-12-08,raw_reversal,matched_complete8,0.1010567477251988,observed,1324,1358,1357,1357,7287
2021-12-08,univariate_reversal_ridge,primary_available,0.1010567477251988,observed,1324,1358,1357,1325,7287
2021-12-08,univariate_reversal_ridge,matched_complete8,0.1010567477251988,observed,1324,1358,1357,1325,7287
2021-12-08,ridge,primary_available,0.22587832508441733,observed,1324,1358,1357,1325,7287
2021-12-08,ridge,matched_complete8,0.22587832508441733,observed,1324,1358,1357,1325,7287
2021-12-09,raw_reversal,primary_available,-0.022291412176027196,observed,1345,1346,1345,1346,7288
2021-12-09,raw_reversal,matched_complete8,-0.017921315174298364,observed,1300,1346,1345,1346,7288
2021-12-09,univariate_reversal_ridge,primary_available,-0.017921315174298364,observed,1300,1346,1345,1301,7288
2021-12-09,univariate_reversal_ridge,matched_complete8,-0.017921315174298364,observed,1300,1346,1345,1301,7288
2021-12-09,ridge,primary_available,-0.14312462581736976,observed,1300,1346,1345,1301,7288
2021-12-09,ridge,matched_complete8,-0.14312462581736976,observed,1300,1346,1345,1301,7288
2021-12-10,raw_reversal,primary_available,0.18964829475980477,observed,1331,1333,1331,1333,7289
2021-12-10,raw_reversal,matched_complete8,0.18396755035746123,observed,1304,1333,1331,1333,7289
2021-12-10,univariate_reversal_ridge,primary_available,0.18396755035746123,observed,1304,1333,1331,1306,7289
2021-12-10,univariate_reversal_ridge,matched_complete8,0.18396755035746123,observed,1304,1333,1331,1306,7289
2021-12-10,ridge,primary_available,0.09879953533916205,observed,1304,1333,1331,1306,7289
2021-12-10,ridge,matched_complete8,0.09879953533916205,observed,1304,1333,1331,1306,7289
2021-12-13,raw_reversal,primary_available,-0.10339015253280967,observed,1334,1335,1334,1335,7290
2021-12-13,raw_reversal,matched_complete8,-0.10031553675111166,observed,1309,1335,1334,1335,7290
2021-12-13,univariate_reversal_ridge,primary_available,-0.10031553675111166,observed,1309,1335,1334,1310,7290
2021-12-13,univariate_reversal_ridge,matched_complete8,-0.10031553675111166,observed,1309,1335,1334,1310,7290
2021-12-13,ridge,primary_available,-0.2249901529921745,observed,1309,1335,1334,1310,7290
2021-12-13,ridge,matched_complete8,-0.2249901529921745,observed,1309,1335,1334,1310,7290
2021-12-14,raw_reversal,primary_available,0.10612163592274307,observed,1330,1330,1330,1330,7291
2021-12-14,raw_reversal,matched_complete8,0.10348635821557275,observed,1273,1330,1330,1330,7291
2021-12-14,univariate_reversal_ridge,primary_available,0.10348635821557275,observed,1273,1330,1330,1273,7291
2021-12-14,univariate_reversal_ridge,matched_complete8,0.10348635821557275,observed,1273,1330,1330,1273,7291
2021-12-14,ridge,primary_available,0.010940186325789568,observed,1273,1330,1330,1273,7291
2021-12-14,ridge,matched_complete8,0.010940186325789568,observed,1273,1330,1330,1273,7291
2021-12-15,raw_reversal,primary_available,0.023695510703873882,observed,1344,1344,1344,1344,7292
2021-12-15,raw_reversal,matched_complete8,0.018719529937634056,observed,1316,1344,1344,1344,7292
2021-12-15,univariate_reversal_ridge,primary_available,0.018719529937634056,observed,1316,1344,1344,1316,7292
2021-12-15,univariate_reversal_ridge,matched_complete8,0.018719529937634056,observed,1316,1344,1344,1316,7292
2021-12-15,ridge,primary_available,-0.03522096798102807,observed,1316,1344,1344,1316,7292
2021-12-15,ridge,matched_complete8,-0.03522096798102807,observed,1316,1344,1344,1316,7292
2021-12-16,raw_reversal,primary_available,0.4539838071387141,observed,1339,1339,1339,1339,7293
2021-12-16,raw_reversal,matched_complete8,0.45369254838189693,observed,1306,1339,1339,1339,7293
2021-12-16,univariate_reversal_ridge,primary_available,0.45369254838189693,observed,1306,1339,1339,1306,7293
2021-12-16,univariate_reversal_ridge,matched_complete8,0.45369254838189693,observed,1306,1339,1339,1306,7293
2021-12-16,ridge,primary_available,0.44406161438132,observed,1306,1339,1339,1306,7293
2021-12-16,ridge,matched_complete8,0.44406161438132,observed,1306,1339,1339,1306,7293
2021-12-17,raw_reversal,primary_available,0.3702656365648784,observed,1390,1390,1390,1390,7294
2021-12-17,raw_reversal,matched_complete8,0.3670477776188853,observed,1364,1390,1390,1390,7294
2021-12-17,univariate_reversal_ridge,primary_available,0.3670477776188853,observed,1364,1390,1390,1364,7294
2021-12-17,univariate_reversal_ridge,matched_complete8,0.3670477776188853,observed,1364,1390,1390,1364,7294
2021-12-17,ridge,primary_available,0.2317865627045505,observed,1364,1390,1390,1364,7294
2021-12-17,ridge,matched_complete8,0.2317865627045505,observed,1364,1390,1390,1364,7294
2021-12-20,raw_reversal,primary_available,0.2932412795724182,observed,1393,1393,1393,1393,7295
2021-12-20,raw_reversal,matched_complete8,0.2858323991943982,observed,1366,1393,1393,1393,7295
2021-12-20,univariate_reversal_ridge,primary_available,0.2858323991943982,observed,1366,1393,1393,1366,7295
2021-12-20,univariate_reversal_ridge,matched_complete8,0.2858323991943982,observed,1366,1393,1393,1366,7295
2021-12-20,ridge,primary_available,0.29328389571278446,observed,1366,1393,1393,1366,7295
2021-12-20,ridge,matched_complete8,0.29328389571278446,observed,1366,1393,1393,1366,7295
2021-12-21,raw_reversal,primary_available,0.25044272062141604,observed,1395,1395,1395,1395,7296
2021-12-21,raw_reversal,matched_complete8,0.2485901249244225,observed,1372,1395,1395,1395,7296
2021-12-21,univariate_reversal_ridge,primary_available,0.2485901249244225,observed,1372,1395,1395,1372,7296
2021-12-21,univariate_reversal_ridge,matched_complete8,0.2485901249244225,observed,1372,1395,1395,1372,7296
2021-12-21,ridge,primary_available,0.3057513767160723,observed,1372,1395,1395,1372,7296
2021-12-21,ridge,matched_complete8,0.3057513767160723,observed,1372,1395,1395,1372,7296
2021-12-22,raw_reversal,primary_available,0.21324117228745937,observed,1382,1382,1382,1382,7297
2021-12-22,raw_reversal,matched_complete8,0.20798281413688677,observed,1354,1382,1382,1382,7297
2021-12-22,univariate_reversal_ridge,primary_available,0.20798281413688677,observed,1354,1382,1382,1354,7297
2021-12-22,univariate_reversal_ridge,matched_complete8,0.20798281413688677,observed,1354,1382,1382,1354,7297
2021-12-22,ridge,primary_available,0.1974012629723527,observed,1354,1382,1382,1354,7297
2021-12-22,ridge,matched_complete8,0.1974012629723527,observed,1354,1382,1382,1354,7297
2021-12-23,raw_reversal,primary_available,0.37426357647111413,observed,1379,1379,1379,1379,7298
2021-12-23,raw_reversal,matched_complete8,0.37606238990468754,observed,1359,1379,1379,1379,7298
2021-12-23,univariate_reversal_ridge,primary_available,0.37606238990468754,observed,1359,1379,1379,1359,7298
2021-12-23,univariate_reversal_ridge,matched_complete8,0.37606238990468754,observed,1359,1379,1379,1359,7298
2021-12-23,ridge,primary_available,0.3732309877489753,observed,1359,1379,1379,1359,7298
2021-12-23,ridge,matched_complete8,0.3732309877489753,observed,1359,1379,1379,1359,7298
2021-12-27,raw_reversal,primary_available,0.11642947248884238,observed,1378,1380,1378,1380,7299
2021-12-27,raw_reversal,matched_complete8,0.10993827755238723,observed,1357,1380,1378,1380,7299
2021-12-27,univariate_reversal_ridge,primary_available,0.10993827755238723,observed,1357,1380,1378,1359,7299
2021-12-27,univariate_reversal_ridge,matched_complete8,0.10993827755238723,observed,1357,1380,1378,1359,7299
2021-12-27,ridge,primary_available,0.10473797385364035,observed,1357,1380,1378,1359,7299
2021-12-27,ridge,matched_complete8,0.10473797385364035,observed,1357,1380,1378,1359,7299
2021-12-28,raw_reversal,primary_available,-0.21488441366484642,observed,1364,1365,1364,1365,7300
2021-12-28,raw_reversal,matched_complete8,-0.2190317630166203,observed,1351,1365,1364,1365,7300
2021-12-28,univariate_reversal_ridge,primary_available,-0.2190317630166203,observed,1351,1365,1364,1352,7300
2021-12-28,univariate_reversal_ridge,matched_complete8,-0.2190317630166203,observed,1351,1365,1364,1352,7300
2021-12-28,ridge,primary_available,-0.33151713171909913,observed,1351,1365,1364,1352,7300
2021-12-28,ridge,matched_complete8,-0.33151713171909913,observed,1351,1365,1364,1352,7300
2021-12-29,raw_reversal,primary_available,-0.1141219394332589,observed,1343,1344,1343,1344,7301
2021-12-29,raw_reversal,matched_complete8,-0.11724571524899796,observed,1326,1344,1343,1344,7301
2021-12-29,univariate_reversal_ridge,primary_available,-0.11724571524899796,observed,1326,1344,1343,1327,7301
2021-12-29,univariate_reversal_ridge,matched_complete8,-0.11724571524899796,observed,1326,1344,1343,1327,7301
2021-12-29,ridge,primary_available,-0.09111572819580242,observed,1326,1344,1343,1327,7301
2021-12-29,ridge,matched_complete8,-0.09111572819580242,observed,1326,1344,1343,1327,7301
2021-12-30,raw_reversal,primary_available,-0.13390251619497387,observed,1337,1339,1338,1338,7302
2021-12-30,raw_reversal,matched_complete8,-0.1488580234550356,observed,1299,1339,1338,1338,7302
2021-12-30,univariate_reversal_ridge,primary_available,-0.1488580234550356,observed,1299,1339,1338,1300,7302
2021-12-30,univariate_reversal_ridge,matched_complete8,-0.1488580234550356,observed,1299,1339,1338,1300,7302
2021-12-30,ridge,primary_available,0.12012011865693319,observed,1299,1339,1338,1300,7302
2021-12-30,ridge,matched_complete8,0.12012011865693319,observed,1299,1339,1338,1300,7302
2021-12-31,raw_reversal,primary_available,-0.16297321714462398,observed,1337,1339,1338,1338,7303
2021-12-31,raw_reversal,matched_complete8,-0.16921617195817257,observed,1314,1339,1338,1338,7303
2021-12-31,univariate_reversal_ridge,primary_available,-0.16921617195817257,observed,1314,1339,1338,1315,7303
2021-12-31,univariate_reversal_ridge,matched_complete8,-0.16921617195817257,observed,1314,1339,1338,1315,7303
2021-12-31,ridge,primary_available,-0.1755132705335701,observed,1314,1339,1338,1315,7303
2021-12-31,ridge,matched_complete8,-0.1755132705335701,observed,1314,1339,1338,1315,7303
2022-01-03,raw_reversal,primary_available,-0.3294950767956076,observed,1333,1335,1334,1334,7304
2022-01-03,raw_reversal,matched_complete8,-0.3294599170756818,observed,1315,1335,1334,1334,7304
2022-01-03,univariate_reversal_ridge,primary_available,-0.3294599170756818,observed,1315,1335,1334,1316,7304
2022-01-03,univariate_reversal_ridge,matched_complete8,-0.3294599170756818,observed,1315,1335,1334,1316,7304
2022-01-03,ridge,primary_available,-0.1941124692637243,observed,1315,1335,1334,1316,7304
2022-01-03,ridge,matched_complete8,-0.1941124692637243,observed,1315,1335,1334,1316,7304
2022-01-04,raw_reversal,primary_available,-0.26194430261884144,observed,1325,1326,1326,1325,7305
2022-01-04,raw_reversal,matched_complete8,-0.26091224738046065,observed,1309,1326,1326,1325,7305
2022-01-04,univariate_reversal_ridge,primary_available,-0.26091224738046065,observed,1309,1326,1326,1309,7305
2022-01-04,univariate_reversal_ridge,matched_complete8,-0.26091224738046065,observed,1309,1326,1326,1309,7305
2022-01-04,ridge,primary_available,-0.29686932161254465,observed,1309,1326,1326,1309,7305
2022-01-04,ridge,matched_complete8,-0.29686932161254465,observed,1309,1326,1326,1309,7305
2022-01-05,raw_reversal,primary_available,-0.12621907564379645,observed,1325,1326,1326,1325,7306
2022-01-05,raw_reversal,matched_complete8,-0.12296958354151871,observed,1307,1326,1326,1325,7306
2022-01-05,univariate_reversal_ridge,primary_available,-0.12296958354151871,observed,1307,1326,1326,1307,7306
2022-01-05,univariate_reversal_ridge,matched_complete8,-0.12296958354151871,observed,1307,1326,1326,1307,7306
2022-01-05,ridge,primary_available,-0.13409936317107005,observed,1307,1326,1326,1307,7306
2022-01-05,ridge,matched_complete8,-0.13409936317107005,observed,1307,1326,1326,1307,7306
2022-01-06,raw_reversal,primary_available,-0.4863013242941928,observed,1332,1332,1332,1332,7307
2022-01-06,raw_reversal,matched_complete8,-0.48404660303733843,observed,1304,1332,1332,1332,7307
2022-01-06,univariate_reversal_ridge,primary_available,-0.48404660303733843,observed,1304,1332,1332,1304,7307
2022-01-06,univariate_reversal_ridge,matched_complete8,-0.48404660303733843,observed,1304,1332,1332,1304,7307
2022-01-06,ridge,primary_available,-0.3141725809068199,observed,1304,1332,1332,1304,7307
2022-01-06,ridge,matched_complete8,-0.3141725809068199,observed,1304,1332,1332,1304,7307
2022-01-07,raw_reversal,primary_available,-0.4241243371412388,observed,1331,1331,1331,1331,7308
2022-01-07,raw_reversal,matched_complete8,-0.4183927471987774,observed,1311,1331,1331,1331,7308
2022-01-07,univariate_reversal_ridge,primary_available,-0.4183927471987774,observed,1311,1331,1331,1311,7308
2022-01-07,univariate_reversal_ridge,matched_complete8,-0.4183927471987774,observed,1311,1331,1331,1311,7308
2022-01-07,ridge,primary_available,-0.2958545505625311,observed,1311,1331,1331,1311,7308
2022-01-07,ridge,matched_complete8,-0.2958545505625311,observed,1311,1331,1331,1311,7308
2022-01-10,raw_reversal,primary_available,-0.544763851150747,observed,1333,1333,1333,1333,7309
2022-01-10,raw_reversal,matched_complete8,-0.5441395333431984,observed,1319,1333,1333,1333,7309
2022-01-10,univariate_reversal_ridge,primary_available,-0.5441395333431984,observed,1319,1333,1333,1319,7309
2022-01-10,univariate_reversal_ridge,matched_complete8,-0.5441395333431984,observed,1319,1333,1333,1319,7309
2022-01-10,ridge,primary_available,-0.2662953906511162,observed,1319,1333,1333,1319,7309
2022-01-10,ridge,matched_complete8,-0.2662953906511162,observed,1319,1333,1333,1319,7309
2022-01-11,raw_reversal,primary_available,-0.44024517549350795,observed,1332,1332,1332,1332,7310
2022-01-11,raw_reversal,matched_complete8,-0.4366058574987357,observed,1319,1332,1332,1332,7310
2022-01-11,univariate_reversal_ridge,primary_available,-0.4366058574987357,observed,1319,1332,1332,1319,7310
2022-01-11,univariate_reversal_ridge,matched_complete8,-0.4366058574987357,observed,1319,1332,1332,1319,7310
2022-01-11,ridge,primary_available,-0.022338808443889854,observed,1319,1332,1332,1319,7310
2022-01-11,ridge,matched_complete8,-0.022338808443889854,observed,1319,1332,1332,1319,7310
2022-01-12,raw_reversal,primary_available,-0.16547920441949152,observed,1326,1326,1326,1326,7311
2022-01-12,raw_reversal,matched_complete8,-0.16599292717544198,observed,1314,1326,1326,1326,7311
2022-01-12,univariate_reversal_ridge,primary_available,-0.16599292717544198,observed,1314,1326,1326,1314,7311
2022-01-12,univariate_reversal_ridge,matched_complete8,-0.16599292717544198,observed,1314,1326,1326,1314,7311
2022-01-12,ridge,primary_available,-0.0931993835725505,observed,1314,1326,1326,1314,7311
2022-01-12,ridge,matched_complete8,-0.0931993835725505,observed,1314,1326,1326,1314,7311
2022-01-13,raw_reversal,primary_available,-0.23908570454839195,observed,1310,1310,1310,1310,7312
2022-01-13,raw_reversal,matched_complete8,-0.23617916725755797,observed,1282,1310,1310,1310,7312
2022-01-13,univariate_reversal_ridge,primary_available,-0.23617916725755797,observed,1282,1310,1310,1282,7312
2022-01-13,univariate_reversal_ridge,matched_complete8,-0.23617916725755797,observed,1282,1310,1310,1282,7312
2022-01-13,ridge,primary_available,-0.18422482008480887,observed,1282,1310,1310,1282,7312
2022-01-13,ridge,matched_complete8,-0.18422482008480887,observed,1282,1310,1310,1282,7312
2022-01-14,raw_reversal,primary_available,0.10403340061445723,observed,1298,1298,1298,1298,7313
2022-01-14,raw_reversal,matched_complete8,0.11037519375847377,observed,1282,1298,1298,1298,7313
2022-01-14,univariate_reversal_ridge,primary_available,0.11037519375847377,observed,1282,1298,1298,1282,7313
2022-01-14,univariate_reversal_ridge,matched_complete8,0.11037519375847377,observed,1282,1298,1298,1282,7313
2022-01-14,ridge,primary_available,0.20426404764910094,observed,1282,1298,1298,1282,7313
2022-01-14,ridge,matched_complete8,0.20426404764910094,observed,1282,1298,1298,1282,7313
2022-01-18,raw_reversal,primary_available,-0.03398783344984101,observed,1241,1241,1241,1241,7314
2022-01-18,raw_reversal,matched_complete8,-0.03366990246723048,observed,1229,1241,1241,1241,7314
2022-01-18,univariate_reversal_ridge,primary_available,-0.03366990246723048,observed,1229,1241,1241,1229,7314
2022-01-18,univariate_reversal_ridge,matched_complete8,-0.03366990246723048,observed,1229,1241,1241,1229,7314
2022-01-18,ridge,primary_available,-0.07311558109361219,observed,1229,1241,1241,1229,7314
2022-01-18,ridge,matched_complete8,-0.07311558109361219,observed,1229,1241,1241,1229,7314
2022-01-19,raw_reversal,primary_available,-0.3028113952908541,observed,1240,1240,1240,1240,7315
2022-01-19,raw_reversal,matched_complete8,-0.3016444665671908,observed,1227,1240,1240,1240,7315
2022-01-19,univariate_reversal_ridge,primary_available,-0.3016444665671908,observed,1227,1240,1240,1227,7315
2022-01-19,univariate_reversal_ridge,matched_complete8,-0.3016444665671908,observed,1227,1240,1240,1227,7315
2022-01-19,ridge,primary_available,-0.1401550225941495,observed,1227,1240,1240,1227,7315
2022-01-19,ridge,matched_complete8,-0.1401550225941495,observed,1227,1240,1240,1227,7315
2022-01-20,raw_reversal,primary_available,-0.2794652775725939,observed,1244,1244,1244,1244,7316
2022-01-20,raw_reversal,matched_complete8,-0.27716136366913713,observed,1228,1244,1244,1244,7316
2022-01-20,univariate_reversal_ridge,primary_available,-0.27716136366913713,observed,1228,1244,1244,1228,7316
2022-01-20,univariate_reversal_ridge,matched_complete8,-0.27716136366913713,observed,1228,1244,1244,1228,7316
2022-01-20,ridge,primary_available,-0.09910333100086073,observed,1228,1244,1244,1228,7316
2022-01-20,ridge,matched_complete8,-0.09910333100086073,observed,1228,1244,1244,1228,7316
2022-01-21,raw_reversal,primary_available,0.13701576059350903,observed,1246,1246,1246,1246,7317
2022-01-21,raw_reversal,matched_complete8,0.13724741155744608,observed,1235,1246,1246,1246,7317
2022-01-21,univariate_reversal_ridge,primary_available,0.13724741155744608,observed,1235,1246,1246,1235,7317
2022-01-21,univariate_reversal_ridge,matched_complete8,0.13724741155744608,observed,1235,1246,1246,1235,7317
2022-01-21,ridge,primary_available,0.11547258571875721,observed,1235,1246,1246,1235,7317
2022-01-21,ridge,matched_complete8,0.11547258571875721,observed,1235,1246,1246,1235,7317
2022-01-24,raw_reversal,primary_available,0.2472961166642414,observed,1257,1258,1257,1258,7318
2022-01-24,raw_reversal,matched_complete8,0.24805409990105368,observed,1248,1258,1257,1258,7318
2022-01-24,univariate_reversal_ridge,primary_available,0.24805409990105368,observed,1248,1258,1257,1249,7318
2022-01-24,univariate_reversal_ridge,matched_complete8,0.24805409990105368,observed,1248,1258,1257,1249,7318
2022-01-24,ridge,primary_available,0.03783683925968502,observed,1248,1258,1257,1249,7318
2022-01-24,ridge,matched_complete8,0.03783683925968502,observed,1248,1258,1257,1249,7318
2022-01-25,raw_reversal,primary_available,0.21451156622634457,observed,1266,1268,1266,1268,7319
2022-01-25,raw_reversal,matched_complete8,0.20857396516277796,observed,1254,1268,1266,1268,7319
2022-01-25,univariate_reversal_ridge,primary_available,0.20857396516277796,observed,1254,1268,1266,1256,7319
2022-01-25,univariate_reversal_ridge,matched_complete8,0.20857396516277796,observed,1254,1268,1266,1256,7319
2022-01-25,ridge,primary_available,0.16864063277953822,observed,1254,1268,1266,1256,7319
2022-01-25,ridge,matched_complete8,0.16864063277953822,observed,1254,1268,1266,1256,7319
2022-01-26,raw_reversal,primary_available,0.13295037164669032,observed,1274,1276,1274,1276,7320
2022-01-26,raw_reversal,matched_complete8,0.13303664375140975,observed,1262,1276,1274,1276,7320
2022-01-26,univariate_reversal_ridge,primary_available,0.13303664375140975,observed,1262,1276,1274,1264,7320
2022-01-26,univariate_reversal_ridge,matched_complete8,0.13303664375140975,observed,1262,1276,1274,1264,7320
2022-01-26,ridge,primary_available,0.09593450349011022,observed,1262,1276,1274,1264,7320
2022-01-26,ridge,matched_complete8,0.09593450349011022,observed,1262,1276,1274,1264,7320
2022-01-27,raw_reversal,primary_available,0.2553226305026291,observed,1280,1282,1280,1282,7321
2022-01-27,raw_reversal,matched_complete8,0.2540950045103796,observed,1267,1282,1280,1282,7321
2022-01-27,univariate_reversal_ridge,primary_available,0.2540950045103796,observed,1267,1282,1280,1269,7321
2022-01-27,univariate_reversal_ridge,matched_complete8,0.2540950045103796,observed,1267,1282,1280,1269,7321
2022-01-27,ridge,primary_available,0.1762242897172914,observed,1267,1282,1280,1269,7321
2022-01-27,ridge,matched_complete8,0.1762242897172914,observed,1267,1282,1280,1269,7321
2022-01-28,raw_reversal,primary_available,0.04028360306012022,observed,1286,1290,1286,1290,7322
2022-01-28,raw_reversal,matched_complete8,0.041692351583796146,observed,1267,1290,1286,1290,7322
2022-01-28,univariate_reversal_ridge,primary_available,0.041692351583796146,observed,1267,1290,1286,1271,7322
2022-01-28,univariate_reversal_ridge,matched_complete8,0.041692351583796146,observed,1267,1290,1286,1271,7322
2022-01-28,ridge,primary_available,-0.0872992465720621,observed,1267,1290,1286,1271,7322
2022-01-28,ridge,matched_complete8,-0.0872992465720621,observed,1267,1290,1286,1271,7322
2022-01-31,raw_reversal,primary_available,-0.04954565620360762,observed,1312,1315,1312,1315,7323
2022-01-31,raw_reversal,matched_complete8,-0.04740284853266304,observed,1297,1315,1312,1315,7323
2022-01-31,univariate_reversal_ridge,primary_available,-0.04740284853266304,observed,1297,1315,1312,1300,7323
2022-01-31,univariate_reversal_ridge,matched_complete8,-0.04740284853266304,observed,1297,1315,1312,1300,7323
2022-01-31,ridge,primary_available,0.1978688302525978,observed,1297,1315,1312,1300,7323
2022-01-31,ridge,matched_complete8,0.1978688302525978,observed,1297,1315,1312,1300,7323
2022-02-01,raw_reversal,primary_available,0.06045356246755565,observed,1322,1322,1322,1322,7324
2022-02-01,raw_reversal,matched_complete8,0.06376545182888316,observed,1313,1322,1322,1322,7324
2022-02-01,univariate_reversal_ridge,primary_available,0.06376545182888316,observed,1313,1322,1322,1313,7324
2022-02-01,univariate_reversal_ridge,matched_complete8,0.06376545182888316,observed,1313,1322,1322,1313,7324
2022-02-01,ridge,primary_available,0.08363594414935756,observed,1313,1322,1322,1313,7324
2022-02-01,ridge,matched_complete8,0.08363594414935756,observed,1313,1322,1322,1313,7324
2022-02-02,raw_reversal,primary_available,-0.08320980325078194,observed,1312,1313,1313,1312,7325
2022-02-02,raw_reversal,matched_complete8,-0.07808430843174993,observed,1301,1313,1313,1312,7325
2022-02-02,univariate_reversal_ridge,primary_available,-0.07808430843174993,observed,1301,1313,1313,1301,7325
2022-02-02,univariate_reversal_ridge,matched_complete8,-0.07808430843174993,observed,1301,1313,1313,1301,7325
2022-02-02,ridge,primary_available,0.008770939716661846,observed,1301,1313,1313,1301,7325
2022-02-02,ridge,matched_complete8,0.008770939716661846,observed,1301,1313,1313,1301,7325
2022-02-03,raw_reversal,primary_available,-0.14957522011533034,observed,1307,1308,1308,1307,7326
2022-02-03,raw_reversal,matched_complete8,-0.15083193739643005,observed,1293,1308,1308,1307,7326
2022-02-03,univariate_reversal_ridge,primary_available,-0.15083193739643005,observed,1293,1308,1308,1293,7326
2022-02-03,univariate_reversal_ridge,matched_complete8,-0.15083193739643005,observed,1293,1308,1308,1293,7326
2022-02-03,ridge,primary_available,-0.1464918226206654,observed,1293,1308,1308,1293,7326
2022-02-03,ridge,matched_complete8,-0.1464918226206654,observed,1293,1308,1308,1293,7326
2022-02-04,raw_reversal,primary_available,-0.11645081297104226,observed,1311,1313,1312,1312,7327
2022-02-04,raw_reversal,matched_complete8,-0.11700507111053082,observed,1292,1313,1312,1312,7327
2022-02-04,univariate_reversal_ridge,primary_available,-0.11700507111053082,observed,1292,1313,1312,1292,7327
2022-02-04,univariate_reversal_ridge,matched_complete8,-0.11700507111053082,observed,1292,1313,1312,1292,7327
2022-02-04,ridge,primary_available,-0.1335451448005293,observed,1292,1313,1312,1292,7327
2022-02-04,ridge,matched_complete8,-0.1335451448005293,observed,1292,1313,1312,1292,7327
2022-02-07,raw_reversal,primary_available,0.041394431525614075,observed,1303,1305,1304,1304,7328
2022-02-07,raw_reversal,matched_complete8,0.042814136425783134,observed,1293,1305,1304,1304,7328
2022-02-07,univariate_reversal_ridge,primary_available,0.042814136425783134,observed,1293,1305,1304,1294,7328
2022-02-07,univariate_reversal_ridge,matched_complete8,0.042814136425783134,observed,1293,1305,1304,1294,7328
2022-02-07,ridge,primary_available,-0.10919877553891395,observed,1293,1305,1304,1294,7328
2022-02-07,ridge,matched_complete8,-0.10919877553891395,observed,1293,1305,1304,1294,7328
2022-02-08,raw_reversal,primary_available,-0.0389027607101169,observed,1299,1301,1300,1300,7329
2022-02-08,raw_reversal,matched_complete8,-0.0400316457345992,observed,1290,1301,1300,1300,7329
2022-02-08,univariate_reversal_ridge,primary_available,-0.0400316457345992,observed,1290,1301,1300,1291,7329
2022-02-08,univariate_reversal_ridge,matched_complete8,-0.0400316457345992,observed,1290,1301,1300,1291,7329
2022-02-08,ridge,primary_available,-0.08881527488960343,observed,1290,1301,1300,1291,7329
2022-02-08,ridge,matched_complete8,-0.08881527488960343,observed,1290,1301,1300,1291,7329
2022-02-09,raw_reversal,primary_available,-0.0639023904764389,observed,1306,1307,1306,1307,7330
2022-02-09,raw_reversal,matched_complete8,-0.06637507278907714,observed,1289,1307,1306,1307,7330
2022-02-09,univariate_reversal_ridge,primary_available,-0.06637507278907714,observed,1289,1307,1306,1290,7330
2022-02-09,univariate_reversal_ridge,matched_complete8,-0.06637507278907714,observed,1289,1307,1306,1290,7330
2022-02-09,ridge,primary_available,-0.006664098070754633,observed,1289,1307,1306,1290,7330
2022-02-09,ridge,matched_complete8,-0.006664098070754633,observed,1289,1307,1306,1290,7330
2022-02-10,raw_reversal,primary_available,0.16014944300940798,observed,1310,1311,1310,1311,7331
2022-02-10,raw_reversal,matched_complete8,0.15608875006886994,observed,1280,1311,1310,1311,7331
2022-02-10,univariate_reversal_ridge,primary_available,0.15608875006886994,observed,1280,1311,1310,1281,7331
2022-02-10,univariate_reversal_ridge,matched_complete8,0.15608875006886994,observed,1280,1311,1310,1281,7331
2022-02-10,ridge,primary_available,0.18347969122144883,observed,1280,1311,1310,1281,7331
2022-02-10,ridge,matched_complete8,0.18347969122144883,observed,1280,1311,1310,1281,7331
2022-02-11,raw_reversal,primary_available,-0.0008107724465379197,observed,1305,1306,1305,1306,7332
2022-02-11,raw_reversal,matched_complete8,-0.002404442654211912,observed,1280,1306,1305,1306,7332
2022-02-11,univariate_reversal_ridge,primary_available,-0.002404442654211912,observed,1280,1306,1305,1281,7332
2022-02-11,univariate_reversal_ridge,matched_complete8,-0.002404442654211912,observed,1280,1306,1305,1281,7332
2022-02-11,ridge,primary_available,0.013629155108967143,observed,1280,1306,1305,1281,7332
2022-02-11,ridge,matched_complete8,0.013629155108967143,observed,1280,1306,1305,1281,7332
2022-02-14,raw_reversal,primary_available,-0.052558055391252495,observed,1311,1311,1311,1311,7333
2022-02-14,raw_reversal,matched_complete8,-0.053026773480265216,observed,1286,1311,1311,1311,7333
2022-02-14,univariate_reversal_ridge,primary_available,-0.053026773480265216,observed,1286,1311,1311,1286,7333
2022-02-14,univariate_reversal_ridge,matched_complete8,-0.053026773480265216,observed,1286,1311,1311,1286,7333
2022-02-14,ridge,primary_available,0.12060965860890892,observed,1286,1311,1311,1286,7333
2022-02-14,ridge,matched_complete8,0.12060965860890892,observed,1286,1311,1311,1286,7333
2022-02-15,raw_reversal,primary_available,0.2136287558620614,observed,1313,1313,1313,1313,7334
2022-02-15,raw_reversal,matched_complete8,0.2133094106955906,observed,1301,1313,1313,1313,7334
2022-02-15,univariate_reversal_ridge,primary_available,0.2133094106955906,observed,1301,1313,1313,1301,7334
2022-02-15,univariate_reversal_ridge,matched_complete8,0.2133094106955906,observed,1301,1313,1313,1301,7334
2022-02-15,ridge,primary_available,0.4775353523154559,observed,1301,1313,1313,1301,7334
2022-02-15,ridge,matched_complete8,0.4775353523154559,observed,1301,1313,1313,1301,7334
2022-02-16,raw_reversal,primary_available,0.03685654535007643,observed,1306,1306,1306,1306,7335
2022-02-16,raw_reversal,matched_complete8,0.035875230724660694,observed,1296,1306,1306,1306,7335
2022-02-16,univariate_reversal_ridge,primary_available,0.035875230724660694,observed,1296,1306,1306,1296,7335
2022-02-16,univariate_reversal_ridge,matched_complete8,0.035875230724660694,observed,1296,1306,1306,1296,7335
2022-02-16,ridge,primary_available,0.0863814608837021,observed,1296,1306,1306,1296,7335
2022-02-16,ridge,matched_complete8,0.0863814608837021,observed,1296,1306,1306,1296,7335
2022-02-17,raw_reversal,primary_available,0.026045664839358947,observed,1303,1303,1303,1303,7336
2022-02-17,raw_reversal,matched_complete8,0.022284737266079723,observed,1271,1303,1303,1303,7336
2022-02-17,univariate_reversal_ridge,primary_available,0.022284737266079723,observed,1271,1303,1303,1271,7336
2022-02-17,univariate_reversal_ridge,matched_complete8,0.022284737266079723,observed,1271,1303,1303,1271,7336
2022-02-17,ridge,primary_available,-0.03633086861910057,observed,1271,1303,1303,1271,7336
2022-02-17,ridge,matched_complete8,-0.03633086861910057,observed,1271,1303,1303,1271,7336
2022-02-18,raw_reversal,primary_available,0.22237603588726032,observed,1300,1301,1300,1301,7337
2022-02-18,raw_reversal,matched_complete8,0.22809858020910667,observed,1277,1301,1300,1301,7337
2022-02-18,univariate_reversal_ridge,primary_available,0.22809858020910667,observed,1277,1301,1300,1278,7337
2022-02-18,univariate_reversal_ridge,matched_complete8,0.22809858020910667,observed,1277,1301,1300,1278,7337
2022-02-18,ridge,primary_available,0.2040230559498511,observed,1277,1301,1300,1278,7337
2022-02-18,ridge,matched_complete8,0.2040230559498511,observed,1277,1301,1300,1278,7337
2022-02-22,raw_reversal,primary_available,0.20292196177840455,observed,1282,1284,1282,1284,7338
2022-02-22,raw_reversal,matched_complete8,0.20731322609097874,observed,1274,1284,1282,1284,7338
2022-02-22,univariate_reversal_ridge,primary_available,0.20731322609097874,observed,1274,1284,1282,1276,7338
2022-02-22,univariate_reversal_ridge,matched_complete8,0.20731322609097874,observed,1274,1284,1282,1276,7338
2022-02-22,ridge,primary_available,0.10192048859498984,observed,1274,1284,1282,1276,7338
2022-02-22,ridge,matched_complete8,0.10192048859498984,observed,1274,1284,1282,1276,7338
2022-02-23,raw_reversal,primary_available,0.3938247987135342,observed,1281,1282,1281,1282,7339
2022-02-23,raw_reversal,matched_complete8,0.398783839507573,observed,1274,1282,1281,1282,7339
2022-02-23,univariate_reversal_ridge,primary_available,0.398783839507573,observed,1274,1282,1281,1275,7339
2022-02-23,univariate_reversal_ridge,matched_complete8,0.398783839507573,observed,1274,1282,1281,1275,7339
2022-02-23,ridge,primary_available,0.2499328031411973,observed,1274,1282,1281,1275,7339
2022-02-23,ridge,matched_complete8,0.2499328031411973,observed,1274,1282,1281,1275,7339
2022-02-24,raw_reversal,primary_available,-0.31508174651283183,observed,1287,1288,1287,1288,7340
2022-02-24,raw_reversal,matched_complete8,-0.30909418271904504,observed,1262,1288,1287,1288,7340
2022-02-24,univariate_reversal_ridge,primary_available,-0.30909418271904504,observed,1262,1288,1287,1263,7340
2022-02-24,univariate_reversal_ridge,matched_complete8,-0.30909418271904504,observed,1262,1288,1287,1263,7340
2022-02-24,ridge,primary_available,-0.10841379034965257,observed,1262,1288,1287,1263,7340
2022-02-24,ridge,matched_complete8,-0.10841379034965257,observed,1262,1288,1287,1263,7340
2022-02-25,raw_reversal,primary_available,-0.21828241397249215,observed,1290,1292,1290,1292,7341
2022-02-25,raw_reversal,matched_complete8,-0.21620156725334946,observed,1254,1292,1290,1292,7341
2022-02-25,univariate_reversal_ridge,primary_available,-0.21620156725334946,observed,1254,1292,1290,1256,7341
2022-02-25,univariate_reversal_ridge,matched_complete8,-0.21620156725334946,observed,1254,1292,1290,1256,7341
2022-02-25,ridge,primary_available,-0.0790450498118571,observed,1254,1292,1290,1256,7341
2022-02-25,ridge,matched_complete8,-0.0790450498118571,observed,1254,1292,1290,1256,7341
2022-02-28,raw_reversal,primary_available,-0.12698737201492774,observed,1296,1298,1296,1298,7342
2022-02-28,raw_reversal,matched_complete8,-0.12083635130933702,observed,1256,1298,1296,1298,7342
2022-02-28,univariate_reversal_ridge,primary_available,-0.12083635130933702,observed,1256,1298,1296,1258,7342
2022-02-28,univariate_reversal_ridge,matched_complete8,-0.12083635130933702,observed,1256,1298,1296,1258,7342
2022-02-28,ridge,primary_available,0.01457025524911929,observed,1256,1298,1296,1258,7342
2022-02-28,ridge,matched_complete8,0.01457025524911929,observed,1256,1298,1296,1258,7342
2022-03-01,raw_reversal,primary_available,-0.004517810327247992,observed,1301,1303,1302,1302,7343
2022-03-01,raw_reversal,matched_complete8,-0.002745795094948858,observed,1285,1303,1302,1302,7343
2022-03-01,univariate_reversal_ridge,primary_available,-0.002745795094948858,observed,1285,1303,1302,1286,7343
2022-03-01,univariate_reversal_ridge,matched_complete8,-0.002745795094948858,observed,1285,1303,1302,1286,7343
2022-03-01,ridge,primary_available,0.04051131620394849,observed,1285,1303,1302,1286,7343
2022-03-01,ridge,matched_complete8,0.04051131620394849,observed,1285,1303,1302,1286,7343
2022-03-02,raw_reversal,primary_available,-0.05420656429190674,observed,1304,1306,1305,1305,7344
2022-03-02,raw_reversal,matched_complete8,-0.05186701488351032,observed,1287,1306,1305,1305,7344
2022-03-02,univariate_reversal_ridge,primary_available,-0.05186701488351032,observed,1287,1306,1305,1288,7344
2022-03-02,univariate_reversal_ridge,matched_complete8,-0.05186701488351032,observed,1287,1306,1305,1288,7344
2022-03-02,ridge,primary_available,0.1012476097916098,observed,1287,1306,1305,1288,7344
2022-03-02,ridge,matched_complete8,0.1012476097916098,observed,1287,1306,1305,1288,7344
2022-03-03,raw_reversal,primary_available,-0.2095207690200217,observed,1299,1303,1300,1302,7345
2022-03-03,raw_reversal,matched_complete8,-0.211717771357928,observed,1271,1303,1300,1302,7345
2022-03-03,univariate_reversal_ridge,primary_available,-0.211717771357928,observed,1271,1303,1300,1274,7345
2022-03-03,univariate_reversal_ridge,matched_complete8,-0.211717771357928,observed,1271,1303,1300,1274,7345
2022-03-03,ridge,primary_available,-0.20232527938594766,observed,1271,1303,1300,1274,7345
2022-03-03,ridge,matched_complete8,-0.20232527938594766,observed,1271,1303,1300,1274,7345
2022-03-04,raw_reversal,primary_available,-0.029704459721026616,observed,1299,1302,1300,1301,7346
2022-03-04,raw_reversal,matched_complete8,-0.028940212522138013,observed,1280,1302,1300,1301,7346
2022-03-04,univariate_reversal_ridge,primary_available,-0.028940212522138013,observed,1280,1302,1300,1282,7346
2022-03-04,univariate_reversal_ridge,matched_complete8,-0.028940212522138013,observed,1280,1302,1300,1282,7346
2022-03-04,ridge,primary_available,0.03020176372618166,observed,1280,1302,1300,1282,7346
2022-03-04,ridge,matched_complete8,0.03020176372618166,observed,1280,1302,1300,1282,7346
2022-03-07,raw_reversal,primary_available,0.2582263376321919,observed,1306,1308,1307,1307,7347
2022-03-07,raw_reversal,matched_complete8,0.26071364651868484,observed,1283,1308,1307,1307,7347
2022-03-07,univariate_reversal_ridge,primary_available,0.26071364651868484,observed,1283,1308,1307,1284,7347
2022-03-07,univariate_reversal_ridge,matched_complete8,0.26071364651868484,observed,1283,1308,1307,1284,7347
2022-03-07,ridge,primary_available,0.37860490368294825,observed,1283,1308,1307,1284,7347
2022-03-07,ridge,matched_complete8,0.37860490368294825,observed,1283,1308,1307,1284,7347
2022-03-08,raw_reversal,primary_available,0.04099294848589615,observed,1320,1321,1320,1321,7348
2022-03-08,raw_reversal,matched_complete8,0.0395776165173815,observed,1303,1321,1320,1321,7348
2022-03-08,univariate_reversal_ridge,primary_available,0.0395776165173815,observed,1303,1321,1320,1304,7348
2022-03-08,univariate_reversal_ridge,matched_complete8,0.0395776165173815,observed,1303,1321,1320,1304,7348
2022-03-08,ridge,primary_available,0.047377009194369164,observed,1303,1321,1320,1304,7348
2022-03-08,ridge,matched_complete8,0.047377009194369164,observed,1303,1321,1320,1304,7348
2022-03-09,raw_reversal,primary_available,0.17717363214297147,observed,1331,1333,1331,1333,7349
2022-03-09,raw_reversal,matched_complete8,0.17454449788360157,observed,1302,1333,1331,1333,7349
2022-03-09,univariate_reversal_ridge,primary_available,0.17454449788360157,observed,1302,1333,1331,1304,7349
2022-03-09,univariate_reversal_ridge,matched_complete8,0.17454449788360157,observed,1302,1333,1331,1304,7349
2022-03-09,ridge,primary_available,0.10080745982253214,observed,1302,1333,1331,1304,7349
2022-03-09,ridge,matched_complete8,0.10080745982253214,observed,1302,1333,1331,1304,7349
2022-03-10,raw_reversal,primary_available,0.18676549276666474,observed,1322,1324,1322,1324,7350
2022-03-10,raw_reversal,matched_complete8,0.17849268862781897,observed,1288,1324,1322,1324,7350
2022-03-10,univariate_reversal_ridge,primary_available,0.17849268862781897,observed,1288,1324,1322,1290,7350
2022-03-10,univariate_reversal_ridge,matched_complete8,0.17849268862781897,observed,1288,1324,1322,1290,7350
2022-03-10,ridge,primary_available,0.06506560266356237,observed,1288,1324,1322,1290,7350
2022-03-10,ridge,matched_complete8,0.06506560266356237,observed,1288,1324,1322,1290,7350
2022-03-11,raw_reversal,primary_available,0.2947877345838506,observed,1313,1314,1314,1313,7351
2022-03-11,raw_reversal,matched_complete8,0.2961892665581956,observed,1305,1314,1314,1313,7351
2022-03-11,univariate_reversal_ridge,primary_available,0.2961892665581956,observed,1305,1314,1314,1305,7351
2022-03-11,univariate_reversal_ridge,matched_complete8,0.2961892665581956,observed,1305,1314,1314,1305,7351
2022-03-11,ridge,primary_available,0.2747927341724853,observed,1305,1314,1314,1305,7351
2022-03-11,ridge,matched_complete8,0.2747927341724853,observed,1305,1314,1314,1305,7351
2022-03-14,raw_reversal,primary_available,0.3361573235352101,observed,1304,1306,1305,1305,7352
2022-03-14,raw_reversal,matched_complete8,0.3444210537535982,observed,1258,1306,1305,1305,7352
2022-03-14,univariate_reversal_ridge,primary_available,0.3444210537535982,observed,1258,1306,1305,1259,7352
2022-03-14,univariate_reversal_ridge,matched_complete8,0.3444210537535982,observed,1258,1306,1305,1259,7352
2022-03-14,ridge,primary_available,0.352609864077654,observed,1258,1306,1305,1259,7352
2022-03-14,ridge,matched_complete8,0.352609864077654,observed,1258,1306,1305,1259,7352
2022-03-15,raw_reversal,primary_available,0.3962556933614432,observed,1307,1308,1308,1307,7353
2022-03-15,raw_reversal,matched_complete8,0.4003650008610944,observed,1298,1308,1308,1307,7353
2022-03-15,univariate_reversal_ridge,primary_available,0.4003650008610944,observed,1298,1308,1308,1298,7353
2022-03-15,univariate_reversal_ridge,matched_complete8,0.4003650008610944,observed,1298,1308,1308,1298,7353
2022-03-15,ridge,primary_available,0.036066945658927076,observed,1298,1308,1308,1298,7353
2022-03-15,ridge,matched_complete8,0.036066945658927076,observed,1298,1308,1308,1298,7353
2022-03-16,raw_reversal,primary_available,0.3193344825902762,observed,1322,1323,1323,1322,7354
2022-03-16,raw_reversal,matched_complete8,0.3227270069174144,observed,1307,1323,1323,1322,7354
2022-03-16,univariate_reversal_ridge,primary_available,0.3227270069174144,observed,1307,1323,1323,1307,7354
2022-03-16,univariate_reversal_ridge,matched_complete8,0.3227270069174144,observed,1307,1323,1323,1307,7354
2022-03-16,ridge,primary_available,-0.039545254101276864,observed,1307,1323,1323,1307,7354
2022-03-16,ridge,matched_complete8,-0.039545254101276864,observed,1307,1323,1323,1307,7354
2022-03-17,raw_reversal,primary_available,0.07935094930579853,observed,1322,1323,1323,1322,7355
2022-03-17,raw_reversal,matched_complete8,0.08186390799194222,observed,1306,1323,1323,1322,7355
2022-03-17,univariate_reversal_ridge,primary_available,0.08186390799194222,observed,1306,1323,1323,1306,7355
2022-03-17,univariate_reversal_ridge,matched_complete8,0.08186390799194222,observed,1306,1323,1323,1306,7355
2022-03-17,ridge,primary_available,-0.09294094332170967,observed,1306,1323,1323,1306,7355
2022-03-17,ridge,matched_complete8,-0.09294094332170967,observed,1306,1323,1323,1306,7355
2022-03-18,raw_reversal,primary_available,0.2073784824775356,observed,1359,1359,1359,1359,7356
2022-03-18,raw_reversal,matched_complete8,0.20337727193506813,observed,1349,1359,1359,1359,7356
2022-03-18,univariate_reversal_ridge,primary_available,0.20337727193506813,observed,1349,1359,1359,1349,7356
2022-03-18,univariate_reversal_ridge,matched_complete8,0.20337727193506813,observed,1349,1359,1359,1349,7356
2022-03-18,ridge,primary_available,0.22789486916337964,observed,1349,1359,1359,1349,7356
2022-03-18,ridge,matched_complete8,0.22789486916337964,observed,1349,1359,1359,1349,7356
2022-03-21,raw_reversal,primary_available,-0.22265559123654674,observed,1361,1362,1361,1362,7357
2022-03-21,raw_reversal,matched_complete8,-0.22890840726329048,observed,1353,1362,1361,1362,7357
2022-03-21,univariate_reversal_ridge,primary_available,-0.22890840726329048,observed,1353,1362,1361,1354,7357
2022-03-21,univariate_reversal_ridge,matched_complete8,-0.22890840726329048,observed,1353,1362,1361,1354,7357
2022-03-21,ridge,primary_available,-0.23284679150979168,observed,1353,1362,1361,1354,7357
2022-03-21,ridge,matched_complete8,-0.23284679150979168,observed,1353,1362,1361,1354,7357
2022-03-22,raw_reversal,primary_available,-0.19960505152720065,observed,1359,1360,1359,1360,7358
2022-03-22,raw_reversal,matched_complete8,-0.20490253909950576,observed,1353,1360,1359,1360,7358
2022-03-22,univariate_reversal_ridge,primary_available,-0.20490253909950576,observed,1353,1360,1359,1354,7358
2022-03-22,univariate_reversal_ridge,matched_complete8,-0.20490253909950576,observed,1353,1360,1359,1354,7358
2022-03-22,ridge,primary_available,-0.19685892876237535,observed,1353,1360,1359,1354,7358
2022-03-22,ridge,matched_complete8,-0.19685892876237535,observed,1353,1360,1359,1354,7358
2022-03-23,raw_reversal,primary_available,-0.06679727721801591,observed,1355,1357,1356,1356,7359
2022-03-23,raw_reversal,matched_complete8,-0.07055139964729966,observed,1346,1357,1356,1356,7359
2022-03-23,univariate_reversal_ridge,primary_available,-0.07055139964729966,observed,1346,1357,1356,1347,7359
2022-03-23,univariate_reversal_ridge,matched_complete8,-0.07055139964729966,observed,1346,1357,1356,1347,7359
2022-03-23,ridge,primary_available,-0.08113871479804553,observed,1346,1357,1356,1347,7359
2022-03-23,ridge,matched_complete8,-0.08113871479804553,observed,1346,1357,1356,1347,7359
2022-03-24,raw_reversal,primary_available,-0.07044555561031166,observed,1340,1343,1341,1342,7360
2022-03-24,raw_reversal,matched_complete8,-0.07210398568027064,observed,1325,1343,1341,1342,7360
2022-03-24,univariate_reversal_ridge,primary_available,-0.07210398568027064,observed,1325,1343,1341,1327,7360
2022-03-24,univariate_reversal_ridge,matched_complete8,-0.07210398568027064,observed,1325,1343,1341,1327,7360
2022-03-24,ridge,primary_available,-0.04874073362527894,observed,1325,1343,1341,1327,7360
2022-03-24,ridge,matched_complete8,-0.04874073362527894,observed,1325,1343,1341,1327,7360
2022-03-25,raw_reversal,primary_available,-0.03990614950696156,observed,1336,1340,1337,1339,7361
2022-03-25,raw_reversal,matched_complete8,-0.03918972549851176,observed,1328,1340,1337,1339,7361
2022-03-25,univariate_reversal_ridge,primary_available,-0.03918972549851176,observed,1328,1340,1337,1331,7361
2022-03-25,univariate_reversal_ridge,matched_complete8,-0.03918972549851176,observed,1328,1340,1337,1331,7361
2022-03-25,ridge,primary_available,0.016912642861604262,observed,1328,1340,1337,1331,7361
2022-03-25,ridge,matched_complete8,0.016912642861604262,observed,1328,1340,1337,1331,7361
2022-03-28,raw_reversal,primary_available,-0.19756076991922128,observed,1330,1335,1331,1334,7362
2022-03-28,raw_reversal,matched_complete8,-0.20099760305570286,observed,1324,1335,1331,1334,7362
2022-03-28,univariate_reversal_ridge,primary_available,-0.20099760305570286,observed,1324,1335,1331,1328,7362
2022-03-28,univariate_reversal_ridge,matched_complete8,-0.20099760305570286,observed,1324,1335,1331,1328,7362
2022-03-28,ridge,primary_available,-0.14222616551146286,observed,1324,1335,1331,1328,7362
2022-03-28,ridge,matched_complete8,-0.14222616551146286,observed,1324,1335,1331,1328,7362
2022-03-29,raw_reversal,primary_available,-0.13335985765829106,observed,1330,1335,1331,1334,7363
2022-03-29,raw_reversal,matched_complete8,-0.13045408028694794,observed,1321,1335,1331,1334,7363
2022-03-29,univariate_reversal_ridge,primary_available,-0.13045408028694794,observed,1321,1335,1331,1325,7363
2022-03-29,univariate_reversal_ridge,matched_complete8,-0.13045408028694794,observed,1321,1335,1331,1325,7363
2022-03-29,ridge,primary_available,0.10081855686290178,observed,1321,1335,1331,1325,7363
2022-03-29,ridge,matched_complete8,0.10081855686290178,observed,1321,1335,1331,1325,7363
2022-03-30,raw_reversal,primary_available,-0.15080482189886504,observed,1325,1329,1325,1329,7364
2022-03-30,raw_reversal,matched_complete8,-0.1509403827358696,observed,1295,1329,1325,1329,7364
2022-03-30,univariate_reversal_ridge,primary_available,-0.1509403827358696,observed,1295,1329,1325,1299,7364
2022-03-30,univariate_reversal_ridge,matched_complete8,-0.1509403827358696,observed,1295,1329,1325,1299,7364
2022-03-30,ridge,primary_available,-0.21142128578598096,observed,1295,1329,1325,1299,7364
2022-03-30,ridge,matched_complete8,-0.21142128578598096,observed,1295,1329,1325,1299,7364
2022-03-31,raw_reversal,primary_available,-0.24645494704807291,observed,1336,1340,1336,1340,7365
2022-03-31,raw_reversal,matched_complete8,-0.23728641402005451,observed,1312,1340,1336,1340,7365
2022-03-31,univariate_reversal_ridge,primary_available,-0.23728641402005451,observed,1312,1340,1336,1316,7365
2022-03-31,univariate_reversal_ridge,matched_complete8,-0.23728641402005451,observed,1312,1340,1336,1316,7365
2022-03-31,ridge,primary_available,-0.16761514261772606,observed,1312,1340,1336,1316,7365
2022-03-31,ridge,matched_complete8,-0.16761514261772606,observed,1312,1340,1336,1316,7365
2022-04-01,raw_reversal,primary_available,-0.012694497472776175,observed,1332,1339,1333,1338,7366
2022-04-01,raw_reversal,matched_complete8,-0.006593765419792561,observed,1323,1339,1333,1338,7366
2022-04-01,univariate_reversal_ridge,primary_available,-0.006593765419792561,observed,1323,1339,1333,1329,7366
2022-04-01,univariate_reversal_ridge,matched_complete8,-0.006593765419792561,observed,1323,1339,1333,1329,7366
2022-04-01,ridge,primary_available,0.0725109504974755,observed,1323,1339,1333,1329,7366
2022-04-01,ridge,matched_complete8,0.0725109504974755,observed,1323,1339,1333,1329,7366
2022-04-04,raw_reversal,primary_available,0.13217802534384124,observed,1327,1333,1328,1332,7367
2022-04-04,raw_reversal,matched_complete8,0.13635651212458066,observed,1315,1333,1328,1332,7367
2022-04-04,univariate_reversal_ridge,primary_available,0.13635651212458066,observed,1315,1333,1328,1320,7367
2022-04-04,univariate_reversal_ridge,matched_complete8,0.13635651212458066,observed,1315,1333,1328,1320,7367
2022-04-04,ridge,primary_available,0.3636504830474963,observed,1315,1333,1328,1320,7367
2022-04-04,ridge,matched_complete8,0.3636504830474963,observed,1315,1333,1328,1320,7367
2022-04-05,raw_reversal,primary_available,-0.2926632421322223,observed,1316,1322,1318,1320,7368
2022-04-05,raw_reversal,matched_complete8,-0.2893923567318047,observed,1297,1322,1318,1320,7368
2022-04-05,univariate_reversal_ridge,primary_available,-0.2893923567318047,observed,1297,1322,1318,1301,7368
2022-04-05,univariate_reversal_ridge,matched_complete8,-0.2893923567318047,observed,1297,1322,1318,1301,7368
2022-04-05,ridge,primary_available,-0.27089208292260586,observed,1297,1322,1318,1301,7368
2022-04-05,ridge,matched_complete8,-0.27089208292260586,observed,1297,1322,1318,1301,7368
2022-04-06,raw_reversal,primary_available,-0.04449584720291689,observed,1313,1320,1315,1318,7369
2022-04-06,raw_reversal,matched_complete8,-0.043802425109983674,observed,1301,1320,1315,1318,7369
2022-04-06,univariate_reversal_ridge,primary_available,-0.043802425109983674,observed,1301,1320,1315,1306,7369
2022-04-06,univariate_reversal_ridge,matched_complete8,-0.043802425109983674,observed,1301,1320,1315,1306,7369
2022-04-06,ridge,primary_available,0.0037636252524841833,observed,1301,1320,1315,1306,7369
2022-04-06,ridge,matched_complete8,0.0037636252524841833,observed,1301,1320,1315,1306,7369
2022-04-07,raw_reversal,primary_available,-0.034568397144732865,observed,1319,1324,1321,1322,7370
2022-04-07,raw_reversal,matched_complete8,-0.03587859369725158,observed,1298,1324,1321,1322,7370
2022-04-07,univariate_reversal_ridge,primary_available,-0.03587859369725158,observed,1298,1324,1321,1301,7370
2022-04-07,univariate_reversal_ridge,matched_complete8,-0.03587859369725158,observed,1298,1324,1321,1301,7370
2022-04-07,ridge,primary_available,0.05502682001212478,observed,1298,1324,1321,1301,7370
2022-04-07,ridge,matched_complete8,0.05502682001212478,observed,1298,1324,1321,1301,7370
2022-04-08,raw_reversal,primary_available,0.03785238136791074,observed,1320,1323,1321,1322,7371
2022-04-08,raw_reversal,matched_complete8,0.03196157735558483,observed,1304,1323,1321,1322,7371
2022-04-08,univariate_reversal_ridge,primary_available,0.03196157735558483,observed,1304,1323,1321,1306,7371
2022-04-08,univariate_reversal_ridge,matched_complete8,0.03196157735558483,observed,1304,1323,1321,1306,7371
2022-04-08,ridge,primary_available,-0.041100498317772384,observed,1304,1323,1321,1306,7371
2022-04-08,ridge,matched_complete8,-0.041100498317772384,observed,1304,1323,1321,1306,7371
2022-04-11,raw_reversal,primary_available,-0.08339325654608397,observed,1315,1317,1317,1315,7372
2022-04-11,raw_reversal,matched_complete8,-0.08839316432767653,observed,1305,1317,1317,1315,7372
2022-04-11,univariate_reversal_ridge,primary_available,-0.08839316432767653,observed,1305,1317,1317,1305,7372
2022-04-11,univariate_reversal_ridge,matched_complete8,-0.08839316432767653,observed,1305,1317,1317,1305,7372
2022-04-11,ridge,primary_available,-0.1323200428893872,observed,1305,1317,1317,1305,7372
2022-04-11,ridge,matched_complete8,-0.1323200428893872,observed,1305,1317,1317,1305,7372
2022-04-12,raw_reversal,primary_available,-0.0847097299290256,observed,1313,1314,1314,1313,7373
2022-04-12,raw_reversal,matched_complete8,-0.08959355419793938,observed,1302,1314,1314,1313,7373
2022-04-12,univariate_reversal_ridge,primary_available,-0.08959355419793938,observed,1302,1314,1314,1302,7373
2022-04-12,univariate_reversal_ridge,matched_complete8,-0.08959355419793938,observed,1302,1314,1314,1302,7373
2022-04-12,ridge,primary_available,-0.15652239105782825,observed,1302,1314,1314,1302,7373
2022-04-12,ridge,matched_complete8,-0.15652239105782825,observed,1302,1314,1314,1302,7373
2022-04-13,raw_reversal,primary_available,-0.1340198763587298,observed,1310,1311,1311,1310,7374
2022-04-13,raw_reversal,matched_complete8,-0.13785063162717812,observed,1284,1311,1311,1310,7374
2022-04-13,univariate_reversal_ridge,primary_available,-0.13785063162717812,observed,1284,1311,1311,1284,7374
2022-04-13,univariate_reversal_ridge,matched_complete8,-0.13785063162717812,observed,1284,1311,1311,1284,7374
2022-04-13,ridge,primary_available,0.09639250973161954,observed,1284,1311,1311,1284,7374
2022-04-13,ridge,matched_complete8,0.09639250973161954,observed,1284,1311,1311,1284,7374
2022-04-14,raw_reversal,primary_available,-0.08427441706237779,observed,1306,1307,1307,1306,7375
2022-04-14,raw_reversal,matched_complete8,-0.08228541379518681,observed,1291,1307,1307,1306,7375
2022-04-14,univariate_reversal_ridge,primary_available,-0.08228541379518681,observed,1291,1307,1307,1291,7375
2022-04-14,univariate_reversal_ridge,matched_complete8,-0.08228541379518681,observed,1291,1307,1307,1291,7375
2022-04-14,ridge,primary_available,-0.1349715146840783,observed,1291,1307,1307,1291,7375
2022-04-14,ridge,matched_complete8,-0.1349715146840783,observed,1291,1307,1307,1291,7375
2022-04-18,raw_reversal,primary_available,-0.042630471578411974,observed,1259,1260,1260,1259,7376
2022-04-18,raw_reversal,matched_complete8,-0.04202284472279677,observed,1250,1260,1260,1259,7376
2022-04-18,univariate_reversal_ridge,primary_available,-0.04202284472279677,observed,1250,1260,1260,1250,7376
2022-04-18,univariate_reversal_ridge,matched_complete8,-0.04202284472279677,observed,1250,1260,1260,1250,7376
2022-04-18,ridge,primary_available,-0.09383184874050891,observed,1250,1260,1260,1250,7376
2022-04-18,ridge,matched_complete8,-0.09383184874050891,observed,1250,1260,1260,1250,7376
2022-04-19,raw_reversal,primary_available,0.010609023392984446,observed,1261,1261,1261,1261,7377
2022-04-19,raw_reversal,matched_complete8,0.008463327833506984,observed,1249,1261,1261,1261,7377
2022-04-19,univariate_reversal_ridge,primary_available,0.008463327833506984,observed,1249,1261,1261,1249,7377
2022-04-19,univariate_reversal_ridge,matched_complete8,0.008463327833506984,observed,1249,1261,1261,1249,7377
2022-04-19,ridge,primary_available,0.18660564759499906,observed,1249,1261,1261,1249,7377
2022-04-19,ridge,matched_complete8,0.18660564759499906,observed,1249,1261,1261,1249,7377
2022-04-20,raw_reversal,primary_available,-0.08350003950850408,observed,1255,1255,1255,1255,7378
2022-04-20,raw_reversal,matched_complete8,-0.0857291668527094,observed,1243,1255,1255,1255,7378
2022-04-20,univariate_reversal_ridge,primary_available,-0.0857291668527094,observed,1243,1255,1255,1243,7378
2022-04-20,univariate_reversal_ridge,matched_complete8,-0.0857291668527094,observed,1243,1255,1255,1243,7378
2022-04-20,ridge,primary_available,-0.09733750361100328,observed,1243,1255,1255,1243,7378
2022-04-20,ridge,matched_complete8,-0.09733750361100328,observed,1243,1255,1255,1243,7378
2022-04-21,raw_reversal,primary_available,-0.07032352159364363,observed,1256,1256,1256,1256,7379
2022-04-21,raw_reversal,matched_complete8,-0.06908310637710081,observed,1240,1256,1256,1256,7379
2022-04-21,univariate_reversal_ridge,primary_available,-0.06908310637710081,observed,1240,1256,1256,1240,7379
2022-04-21,univariate_reversal_ridge,matched_complete8,-0.06908310637710081,observed,1240,1256,1256,1240,7379
2022-04-21,ridge,primary_available,-0.0984008818566849,observed,1240,1256,1256,1240,7379
2022-04-21,ridge,matched_complete8,-0.0984008818566849,observed,1240,1256,1256,1240,7379
2022-04-22,raw_reversal,primary_available,-0.12340338119237078,observed,1257,1257,1257,1257,7380
2022-04-22,raw_reversal,matched_complete8,-0.12365134287635242,observed,1246,1257,1257,1257,7380
2022-04-22,univariate_reversal_ridge,primary_available,-0.12365134287635242,observed,1246,1257,1257,1246,7380
2022-04-22,univariate_reversal_ridge,matched_complete8,-0.12365134287635242,observed,1246,1257,1257,1246,7380
2022-04-22,ridge,primary_available,-0.10892571486156397,observed,1246,1257,1257,1246,7380
2022-04-22,ridge,matched_complete8,-0.10892571486156397,observed,1246,1257,1257,1246,7380
2022-04-25,raw_reversal,primary_available,-0.034584977088373284,observed,1263,1263,1263,1263,7381
2022-04-25,raw_reversal,matched_complete8,-0.03404104873241346,observed,1250,1263,1263,1263,7381
2022-04-25,univariate_reversal_ridge,primary_available,-0.03404104873241346,observed,1250,1263,1263,1250,7381
2022-04-25,univariate_reversal_ridge,matched_complete8,-0.03404104873241346,observed,1250,1263,1263,1250,7381
2022-04-25,ridge,primary_available,-0.03320967163423007,observed,1250,1263,1263,1250,7381
2022-04-25,ridge,matched_complete8,-0.03320967163423007,observed,1250,1263,1263,1250,7381
2022-04-26,raw_reversal,primary_available,0.12537081805820283,observed,1267,1267,1267,1267,7382
2022-04-26,raw_reversal,matched_complete8,0.12290157978011199,observed,1251,1267,1267,1267,7382
2022-04-26,univariate_reversal_ridge,primary_available,0.12290157978011199,observed,1251,1267,1267,1251,7382
2022-04-26,univariate_reversal_ridge,matched_complete8,0.12290157978011199,observed,1251,1267,1267,1251,7382
2022-04-26,ridge,primary_available,0.06626535193570385,observed,1251,1267,1267,1251,7382
2022-04-26,ridge,matched_complete8,0.06626535193570385,observed,1251,1267,1267,1251,7382
2022-04-27,raw_reversal,primary_available,0.16300412689537105,observed,1260,1260,1260,1260,7383
2022-04-27,raw_reversal,matched_complete8,0.16295599145171835,observed,1246,1260,1260,1260,7383
2022-04-27,univariate_reversal_ridge,primary_available,0.16295599145171835,observed,1246,1260,1260,1246,7383
2022-04-27,univariate_reversal_ridge,matched_complete8,0.16295599145171835,observed,1246,1260,1260,1246,7383
2022-04-27,ridge,primary_available,0.0549997713594397,observed,1246,1260,1260,1246,7383
2022-04-27,ridge,matched_complete8,0.0549997713594397,observed,1246,1260,1260,1246,7383
2022-04-28,raw_reversal,primary_available,-0.02971743121802203,observed,1261,1261,1261,1261,7384
2022-04-28,raw_reversal,matched_complete8,-0.03459024075469279,observed,1237,1261,1261,1261,7384
2022-04-28,univariate_reversal_ridge,primary_available,-0.03459024075469279,observed,1237,1261,1261,1237,7384
2022-04-28,univariate_reversal_ridge,matched_complete8,-0.03459024075469279,observed,1237,1261,1261,1237,7384
2022-04-28,ridge,primary_available,-0.021914090152968576,observed,1237,1261,1261,1237,7384
2022-04-28,ridge,matched_complete8,-0.021914090152968576,observed,1237,1261,1261,1237,7384
2022-04-29,raw_reversal,primary_available,-0.13098801122385814,observed,1257,1258,1257,1258,7385
2022-04-29,raw_reversal,matched_complete8,-0.1368011691267916,observed,1237,1258,1257,1258,7385
2022-04-29,univariate_reversal_ridge,primary_available,-0.1368011691267916,observed,1237,1258,1257,1238,7385
2022-04-29,univariate_reversal_ridge,matched_complete8,-0.1368011691267916,observed,1237,1258,1257,1238,7385
2022-04-29,ridge,primary_available,-0.12630809915143165,observed,1237,1258,1257,1238,7385
2022-04-29,ridge,matched_complete8,-0.12630809915143165,observed,1237,1258,1257,1238,7385
2022-05-02,raw_reversal,primary_available,-0.15080545092468745,observed,1266,1266,1266,1266,7386
2022-05-02,raw_reversal,matched_complete8,-0.1532029629503081,observed,1254,1266,1266,1266,7386
2022-05-02,univariate_reversal_ridge,primary_available,-0.1532029629503081,observed,1254,1266,1266,1254,7386
2022-05-02,univariate_reversal_ridge,matched_complete8,-0.1532029629503081,observed,1254,1266,1266,1254,7386
2022-05-02,ridge,primary_available,0.07922567692609729,observed,1254,1266,1266,1254,7386
2022-05-02,ridge,matched_complete8,0.07922567692609729,observed,1254,1266,1266,1254,7386
2022-05-03,raw_reversal,primary_available,0.03041597159713253,observed,1270,1270,1270,1270,7387
2022-05-03,raw_reversal,matched_complete8,0.0272262292287389,observed,1257,1270,1270,1270,7387
2022-05-03,univariate_reversal_ridge,primary_available,0.0272262292287389,observed,1257,1270,1270,1257,7387
2022-05-03,univariate_reversal_ridge,matched_complete8,0.0272262292287389,observed,1257,1270,1270,1257,7387
2022-05-03,ridge,primary_available,0.053858075073641584,observed,1257,1270,1270,1257,7387
2022-05-03,ridge,matched_complete8,0.053858075073641584,observed,1257,1270,1270,1257,7387
2022-05-04,raw_reversal,primary_available,0.19579549564945284,observed,1274,1274,1274,1274,7388
2022-05-04,raw_reversal,matched_complete8,0.19299401920857964,observed,1258,1274,1274,1274,7388
2022-05-04,univariate_reversal_ridge,primary_available,0.19299401920857964,observed,1258,1274,1274,1258,7388
2022-05-04,univariate_reversal_ridge,matched_complete8,0.19299401920857964,observed,1258,1274,1274,1258,7388
2022-05-04,ridge,primary_available,0.299918189650591,observed,1258,1274,1274,1258,7388
2022-05-04,ridge,matched_complete8,0.299918189650591,observed,1258,1274,1274,1258,7388
2022-05-05,raw_reversal,primary_available,-0.12974122463846685,observed,1271,1271,1271,1271,7389
2022-05-05,raw_reversal,matched_complete8,-0.13531403400738673,observed,1247,1271,1271,1271,7389
2022-05-05,univariate_reversal_ridge,primary_available,-0.13531403400738673,observed,1247,1271,1271,1247,7389
2022-05-05,univariate_reversal_ridge,matched_complete8,-0.13531403400738673,observed,1247,1271,1271,1247,7389
2022-05-05,ridge,primary_available,-0.19855436106292096,observed,1247,1271,1271,1247,7389
2022-05-05,ridge,matched_complete8,-0.19855436106292096,observed,1247,1271,1271,1247,7389
2022-05-06,raw_reversal,primary_available,-0.03297211994060878,observed,1268,1268,1268,1268,7390
2022-05-06,raw_reversal,matched_complete8,-0.033688845599326445,observed,1244,1268,1268,1268,7390
2022-05-06,univariate_reversal_ridge,primary_available,-0.033688845599326445,observed,1244,1268,1268,1244,7390
2022-05-06,univariate_reversal_ridge,matched_complete8,-0.033688845599326445,observed,1244,1268,1268,1244,7390
2022-05-06,ridge,primary_available,-0.057908201909591214,observed,1244,1268,1268,1244,7390
2022-05-06,ridge,matched_complete8,-0.057908201909591214,observed,1244,1268,1268,1244,7390
2022-05-09,raw_reversal,primary_available,0.15199348771347151,observed,1258,1259,1258,1259,7391
2022-05-09,raw_reversal,matched_complete8,0.1519254422666836,observed,1237,1259,1258,1259,7391
2022-05-09,univariate_reversal_ridge,primary_available,0.1519254422666836,observed,1237,1259,1258,1238,7391
2022-05-09,univariate_reversal_ridge,matched_complete8,0.1519254422666836,observed,1237,1259,1258,1238,7391
2022-05-09,ridge,primary_available,0.26204901935955177,observed,1237,1259,1258,1238,7391
2022-05-09,ridge,matched_complete8,0.26204901935955177,observed,1237,1259,1258,1238,7391
2022-05-10,raw_reversal,primary_available,0.1542287701116956,observed,1263,1264,1263,1264,7392
2022-05-10,raw_reversal,matched_complete8,0.1568554782684025,observed,1247,1264,1263,1264,7392
2022-05-10,univariate_reversal_ridge,primary_available,0.1568554782684025,observed,1247,1264,1263,1248,7392
2022-05-10,univariate_reversal_ridge,matched_complete8,0.1568554782684025,observed,1247,1264,1263,1248,7392
2022-05-10,ridge,primary_available,0.12410667810424982,observed,1247,1264,1263,1248,7392
2022-05-10,ridge,matched_complete8,0.12410667810424982,observed,1247,1264,1263,1248,7392
2022-05-11,raw_reversal,primary_available,0.4356265397061008,observed,1261,1262,1261,1262,7393
2022-05-11,raw_reversal,matched_complete8,0.43767219480337505,observed,1238,1262,1261,1262,7393
2022-05-11,univariate_reversal_ridge,primary_available,0.43767219480337505,observed,1238,1262,1261,1239,7393
2022-05-11,univariate_reversal_ridge,matched_complete8,0.43767219480337505,observed,1238,1262,1261,1239,7393
2022-05-11,ridge,primary_available,0.3676337637871788,observed,1238,1262,1261,1239,7393
2022-05-11,ridge,matched_complete8,0.3676337637871788,observed,1238,1262,1261,1239,7393
2022-05-12,raw_reversal,primary_available,0.3265891921645958,observed,1266,1268,1266,1268,7394
2022-05-12,raw_reversal,matched_complete8,0.33050431536298425,observed,1224,1268,1266,1268,7394
2022-05-12,univariate_reversal_ridge,primary_available,0.33050431536298425,observed,1224,1268,1266,1226,7394
2022-05-12,univariate_reversal_ridge,matched_complete8,0.33050431536298425,observed,1224,1268,1266,1226,7394
2022-05-12,ridge,primary_available,0.10983460304754641,observed,1224,1268,1266,1226,7394
2022-05-12,ridge,matched_complete8,0.10983460304754641,observed,1224,1268,1266,1226,7394
2022-05-13,raw_reversal,primary_available,0.07569419866695308,observed,1285,1287,1285,1287,7395
2022-05-13,raw_reversal,matched_complete8,0.07668811649653005,observed,1235,1287,1285,1287,7395
2022-05-13,univariate_reversal_ridge,primary_available,0.07668811649653005,observed,1235,1287,1285,1237,7395
2022-05-13,univariate_reversal_ridge,matched_complete8,0.07668811649653005,observed,1235,1287,1285,1237,7395
2022-05-13,ridge,primary_available,0.0683741845283506,observed,1235,1287,1285,1237,7395
2022-05-13,ridge,matched_complete8,0.0683741845283506,observed,1235,1287,1285,1237,7395
2022-05-16,raw_reversal,primary_available,-0.08138291254482974,observed,1285,1287,1285,1287,7396
2022-05-16,raw_reversal,matched_complete8,-0.08552324650581401,observed,1263,1287,1285,1287,7396
2022-05-16,univariate_reversal_ridge,primary_available,-0.08552324650581401,observed,1263,1287,1285,1265,7396
2022-05-16,univariate_reversal_ridge,matched_complete8,-0.08552324650581401,observed,1263,1287,1285,1265,7396
2022-05-16,ridge,primary_available,-0.0968115423785159,observed,1263,1287,1285,1265,7396
2022-05-16,ridge,matched_complete8,-0.0968115423785159,observed,1263,1287,1285,1265,7396
2022-05-17,raw_reversal,primary_available,-0.018305152710027608,observed,1288,1289,1288,1289,7397
2022-05-17,raw_reversal,matched_complete8,-0.007905906792881905,observed,1265,1289,1288,1289,7397
2022-05-17,univariate_reversal_ridge,primary_available,-0.007905906792881905,observed,1265,1289,1288,1266,7397
2022-05-17,univariate_reversal_ridge,matched_complete8,-0.007905906792881905,observed,1265,1289,1288,1266,7397
2022-05-17,ridge,primary_available,0.15578127560165292,observed,1265,1289,1288,1266,7397
2022-05-17,ridge,matched_complete8,0.15578127560165292,observed,1265,1289,1288,1266,7397
2022-05-18,raw_reversal,primary_available,0.1154802157037021,observed,1285,1286,1285,1286,7398
2022-05-18,raw_reversal,matched_complete8,0.12075104411890036,observed,1263,1286,1285,1286,7398
2022-05-18,univariate_reversal_ridge,primary_available,0.12075104411890036,observed,1263,1286,1285,1264,7398
2022-05-18,univariate_reversal_ridge,matched_complete8,0.12075104411890036,observed,1263,1286,1285,1264,7398
2022-05-18,ridge,primary_available,0.15248985197986392,observed,1263,1286,1285,1264,7398
2022-05-18,ridge,matched_complete8,0.15248985197986392,observed,1263,1286,1285,1264,7398
2022-05-19,raw_reversal,primary_available,0.18613035112776918,observed,1292,1293,1292,1293,7399
2022-05-19,raw_reversal,matched_complete8,0.19700329587842896,observed,1256,1293,1292,1293,7399
2022-05-19,univariate_reversal_ridge,primary_available,0.19700329587842896,observed,1256,1293,1292,1257,7399
2022-05-19,univariate_reversal_ridge,matched_complete8,0.19700329587842896,observed,1256,1293,1292,1257,7399
2022-05-19,ridge,primary_available,0.23440135591529482,observed,1256,1293,1292,1257,7399
2022-05-19,ridge,matched_complete8,0.23440135591529482,observed,1256,1293,1292,1257,7399
2022-05-20,raw_reversal,primary_available,0.17073276942579088,observed,1296,1297,1296,1297,7400
2022-05-20,raw_reversal,matched_complete8,0.17107429383059594,observed,1277,1297,1296,1297,7400
2022-05-20,univariate_reversal_ridge,primary_available,0.17107429383059594,observed,1277,1297,1296,1278,7400
2022-05-20,univariate_reversal_ridge,matched_complete8,0.17107429383059594,observed,1277,1297,1296,1278,7400
2022-05-20,ridge,primary_available,0.15139352302076983,observed,1277,1297,1296,1278,7400
2022-05-20,ridge,matched_complete8,0.15139352302076983,observed,1277,1297,1296,1278,7400
2022-05-23,raw_reversal,primary_available,0.09943715338352542,observed,1293,1293,1293,1293,7401
2022-05-23,raw_reversal,matched_complete8,0.10028880882628877,observed,1275,1293,1293,1293,7401
2022-05-23,univariate_reversal_ridge,primary_available,0.10028880882628877,observed,1275,1293,1293,1275,7401
2022-05-23,univariate_reversal_ridge,matched_complete8,0.10028880882628877,observed,1275,1293,1293,1275,7401
2022-05-23,ridge,primary_available,-0.0329525299389107,observed,1275,1293,1293,1275,7401
2022-05-23,ridge,matched_complete8,-0.0329525299389107,observed,1275,1293,1293,1275,7401
2022-05-24,raw_reversal,primary_available,0.4324252605748603,observed,1281,1282,1281,1282,7402
2022-05-24,raw_reversal,matched_complete8,0.4352238364887738,observed,1261,1282,1281,1282,7402
2022-05-24,univariate_reversal_ridge,primary_available,0.4352238364887738,observed,1261,1282,1281,1262,7402
2022-05-24,univariate_reversal_ridge,matched_complete8,0.4352238364887738,observed,1261,1282,1281,1262,7402
2022-05-24,ridge,primary_available,0.44231574227743076,observed,1261,1282,1281,1262,7402
2022-05-24,ridge,matched_complete8,0.44231574227743076,observed,1261,1282,1281,1262,7402
2022-05-25,raw_reversal,primary_available,0.12359437099260594,observed,1277,1277,1277,1277,7403
2022-05-25,raw_reversal,matched_complete8,0.11696103374993529,observed,1260,1277,1277,1277,7403
2022-05-25,univariate_reversal_ridge,primary_available,0.11696103374993529,observed,1260,1277,1277,1260,7403
2022-05-25,univariate_reversal_ridge,matched_complete8,0.11696103374993529,observed,1260,1277,1277,1260,7403
2022-05-25,ridge,primary_available,-0.24038379273105875,observed,1260,1277,1277,1260,7403
2022-05-25,ridge,matched_complete8,-0.24038379273105875,observed,1260,1277,1277,1260,7403
2022-05-26,raw_reversal,primary_available,-0.014269322119174444,observed,1279,1279,1279,1279,7404
2022-05-26,raw_reversal,matched_complete8,-0.02080061206683065,observed,1246,1279,1279,1279,7404
2022-05-26,univariate_reversal_ridge,primary_available,-0.02080061206683065,observed,1246,1279,1279,1246,7404
2022-05-26,univariate_reversal_ridge,matched_complete8,-0.02080061206683065,observed,1246,1279,1279,1246,7404
2022-05-26,ridge,primary_available,-0.14535404528666512,observed,1246,1279,1279,1246,7404
2022-05-26,ridge,matched_complete8,-0.14535404528666512,observed,1246,1279,1279,1246,7404
2022-05-27,raw_reversal,primary_available,-0.032294499110131165,observed,1270,1271,1270,1271,7405
2022-05-27,raw_reversal,matched_complete8,-0.043002658423700935,observed,1230,1271,1270,1271,7405
2022-05-27,univariate_reversal_ridge,primary_available,-0.043002658423700935,observed,1230,1271,1270,1231,7405
2022-05-27,univariate_reversal_ridge,matched_complete8,-0.043002658423700935,observed,1230,1271,1270,1231,7405
2022-05-27,ridge,primary_available,0.1025409217059625,observed,1230,1271,1270,1231,7405
2022-05-27,ridge,matched_complete8,0.1025409217059625,observed,1230,1271,1270,1231,7405
2022-05-31,raw_reversal,primary_available,0.014505950787933024,observed,1273,1273,1273,1273,7406
2022-05-31,raw_reversal,matched_complete8,0.014674810540803988,observed,1223,1273,1273,1273,7406
2022-05-31,univariate_reversal_ridge,primary_available,0.014674810540803988,observed,1223,1273,1273,1223,7406
2022-05-31,univariate_reversal_ridge,matched_complete8,0.014674810540803988,observed,1223,1273,1273,1223,7406
2022-05-31,ridge,primary_available,0.1196907555048722,observed,1223,1273,1273,1223,7406
2022-05-31,ridge,matched_complete8,0.1196907555048722,observed,1223,1273,1273,1223,7406
2022-06-01,raw_reversal,primary_available,-0.19484421386690134,observed,1269,1269,1269,1269,7407
2022-06-01,raw_reversal,matched_complete8,-0.19587777210418353,observed,1247,1269,1269,1269,7407
2022-06-01,univariate_reversal_ridge,primary_available,-0.19587777210418353,observed,1247,1269,1269,1247,7407
2022-06-01,univariate_reversal_ridge,matched_complete8,-0.19587777210418353,observed,1247,1269,1269,1247,7407
2022-06-01,ridge,primary_available,-0.24675979976341295,observed,1247,1269,1269,1247,7407
2022-06-01,ridge,matched_complete8,-0.24675979976341295,observed,1247,1269,1269,1247,7407
2022-06-02,raw_reversal,primary_available,0.10119318949560976,observed,1263,1263,1263,1263,7408
2022-06-02,raw_reversal,matched_complete8,0.10230089049397736,observed,1232,1263,1263,1263,7408
2022-06-02,univariate_reversal_ridge,primary_available,0.10230089049397736,observed,1232,1263,1263,1232,7408
2022-06-02,univariate_reversal_ridge,matched_complete8,0.10230089049397736,observed,1232,1263,1263,1232,7408
2022-06-02,ridge,primary_available,0.22932446613919272,observed,1232,1263,1263,1232,7408
2022-06-02,ridge,matched_complete8,0.22932446613919272,observed,1232,1263,1263,1232,7408
2022-06-03,raw_reversal,primary_available,0.1340252108023435,observed,1257,1257,1257,1257,7409
2022-06-03,raw_reversal,matched_complete8,0.13533360175014564,observed,1241,1257,1257,1257,7409
2022-06-03,univariate_reversal_ridge,primary_available,0.13533360175014564,observed,1241,1257,1257,1241,7409
2022-06-03,univariate_reversal_ridge,matched_complete8,0.13533360175014564,observed,1241,1257,1257,1241,7409
2022-06-03,ridge,primary_available,0.1153111503652227,observed,1241,1257,1257,1241,7409
2022-06-03,ridge,matched_complete8,0.1153111503652227,observed,1241,1257,1257,1241,7409
2022-06-06,raw_reversal,primary_available,-0.036702103541779496,observed,1243,1244,1243,1244,7410
2022-06-06,raw_reversal,matched_complete8,-0.0352097554197537,observed,1228,1244,1243,1244,7410
2022-06-06,univariate_reversal_ridge,primary_available,-0.0352097554197537,observed,1228,1244,1243,1229,7410
2022-06-06,univariate_reversal_ridge,matched_complete8,-0.0352097554197537,observed,1228,1244,1243,1229,7410
2022-06-06,ridge,primary_available,0.10882902760776869,observed,1228,1244,1243,1229,7410
2022-06-06,ridge,matched_complete8,0.10882902760776869,observed,1228,1244,1243,1229,7410
2022-06-07,raw_reversal,primary_available,0.15058411913808428,observed,1236,1238,1237,1237,7411
2022-06-07,raw_reversal,matched_complete8,0.1562338684844773,observed,1213,1238,1237,1237,7411
2022-06-07,univariate_reversal_ridge,primary_available,0.1562338684844773,observed,1213,1238,1237,1214,7411
2022-06-07,univariate_reversal_ridge,matched_complete8,0.1562338684844773,observed,1213,1238,1237,1214,7411
2022-06-07,ridge,primary_available,0.30196697950529167,observed,1213,1238,1237,1214,7411
2022-06-07,ridge,matched_complete8,0.30196697950529167,observed,1213,1238,1237,1214,7411
2022-06-08,raw_reversal,primary_available,0.22235246560100147,observed,1217,1218,1218,1217,7412
2022-06-08,raw_reversal,matched_complete8,0.2269667756408519,observed,1200,1218,1218,1217,7412
2022-06-08,univariate_reversal_ridge,primary_available,0.2269667756408519,observed,1200,1218,1218,1200,7412
2022-06-08,univariate_reversal_ridge,matched_complete8,0.2269667756408519,observed,1200,1218,1218,1200,7412
2022-06-08,ridge,primary_available,0.22555632755840918,observed,1200,1218,1218,1200,7412
2022-06-08,ridge,matched_complete8,0.22555632755840918,observed,1200,1218,1218,1200,7412
2022-06-09,raw_reversal,primary_available,0.0023460951785600416,observed,1211,1213,1212,1212,7413
2022-06-09,raw_reversal,matched_complete8,0.008527025381274997,observed,1170,1213,1212,1212,7413
2022-06-09,univariate_reversal_ridge,primary_available,0.008527025381274997,observed,1170,1213,1212,1171,7413
2022-06-09,univariate_reversal_ridge,matched_complete8,0.008527025381274997,observed,1170,1213,1212,1171,7413
2022-06-09,ridge,primary_available,-0.008614308314250963,observed,1170,1213,1212,1171,7413
2022-06-09,ridge,matched_complete8,-0.008614308314250963,observed,1170,1213,1212,1171,7413
2022-06-10,raw_reversal,primary_available,0.10814417545826868,observed,1199,1201,1200,1200,7414
2022-06-10,raw_reversal,matched_complete8,0.11049969733062688,observed,1187,1201,1200,1200,7414
2022-06-10,univariate_reversal_ridge,primary_available,0.11049969733062688,observed,1187,1201,1200,1188,7414
2022-06-10,univariate_reversal_ridge,matched_complete8,0.11049969733062688,observed,1187,1201,1200,1188,7414
2022-06-10,ridge,primary_available,0.034085030931895875,observed,1187,1201,1200,1188,7414
2022-06-10,ridge,matched_complete8,0.034085030931895875,observed,1187,1201,1200,1188,7414
2022-06-13,raw_reversal,primary_available,-0.08607559003011875,observed,1186,1187,1187,1186,7415
2022-06-13,raw_reversal,matched_complete8,-0.0877530292686186,observed,1175,1187,1187,1186,7415
2022-06-13,univariate_reversal_ridge,primary_available,-0.0877530292686186,observed,1175,1187,1187,1175,7415
2022-06-13,univariate_reversal_ridge,matched_complete8,-0.0877530292686186,observed,1175,1187,1187,1175,7415
2022-06-13,ridge,primary_available,-0.22843361209615815,observed,1175,1187,1187,1175,7415
2022-06-13,ridge,matched_complete8,-0.22843361209615815,observed,1175,1187,1187,1175,7415
2022-06-14,raw_reversal,primary_available,-0.04785621812556393,observed,1186,1187,1187,1186,7416
2022-06-14,raw_reversal,matched_complete8,-0.036670273094583,observed,1137,1187,1187,1186,7416
2022-06-14,univariate_reversal_ridge,primary_available,-0.036670273094583,observed,1137,1187,1187,1137,7416
2022-06-14,univariate_reversal_ridge,matched_complete8,-0.036670273094583,observed,1137,1187,1187,1137,7416
2022-06-14,ridge,primary_available,-0.1032024895336564,observed,1137,1187,1187,1137,7416
2022-06-14,ridge,matched_complete8,-0.1032024895336564,observed,1137,1187,1187,1137,7416
2022-06-15,raw_reversal,primary_available,-0.006522571299475772,observed,1193,1193,1193,1193,7417
2022-06-15,raw_reversal,matched_complete8,-0.0030878602058696148,observed,1174,1193,1193,1193,7417
2022-06-15,univariate_reversal_ridge,primary_available,-0.0030878602058696148,observed,1174,1193,1193,1174,7417
2022-06-15,univariate_reversal_ridge,matched_complete8,-0.0030878602058696148,observed,1174,1193,1193,1174,7417
2022-06-15,ridge,primary_available,-0.3566555156330709,observed,1174,1193,1193,1174,7417
2022-06-15,ridge,matched_complete8,-0.3566555156330709,observed,1174,1193,1193,1174,7417
2022-06-16,raw_reversal,primary_available,0.18040706039189452,observed,1184,1185,1184,1185,7418
2022-06-16,raw_reversal,matched_complete8,0.183050221248798,observed,1167,1185,1184,1185,7418
2022-06-16,univariate_reversal_ridge,primary_available,0.183050221248798,observed,1167,1185,1184,1168,7418
2022-06-16,univariate_reversal_ridge,matched_complete8,0.183050221248798,observed,1167,1185,1184,1168,7418
2022-06-16,ridge,primary_available,0.03295858578904988,observed,1167,1185,1184,1168,7418
2022-06-16,ridge,matched_complete8,0.03295858578904988,observed,1167,1185,1184,1168,7418
2022-06-17,raw_reversal,primary_available,-0.06701710379097024,observed,1209,1210,1210,1209,7419
2022-06-17,raw_reversal,matched_complete8,-0.06774747586333561,observed,1198,1210,1210,1209,7419
2022-06-17,univariate_reversal_ridge,primary_available,-0.06774747586333561,observed,1198,1210,1210,1198,7419
2022-06-17,univariate_reversal_ridge,matched_complete8,-0.06774747586333561,observed,1198,1210,1210,1198,7419
2022-06-17,ridge,primary_available,-0.17506591998200013,observed,1198,1210,1210,1198,7419
2022-06-17,ridge,matched_complete8,-0.17506591998200013,observed,1198,1210,1210,1198,7419
2022-06-21,raw_reversal,primary_available,0.0962080288640487,observed,1205,1207,1206,1206,7420
2022-06-21,raw_reversal,matched_complete8,0.10075518228632069,observed,1194,1207,1206,1206,7420
2022-06-21,univariate_reversal_ridge,primary_available,0.10075518228632069,observed,1194,1207,1206,1195,7420
2022-06-21,univariate_reversal_ridge,matched_complete8,0.10075518228632069,observed,1194,1207,1206,1195,7420
2022-06-21,ridge,primary_available,0.03694607179630595,observed,1194,1207,1206,1195,7420
2022-06-21,ridge,matched_complete8,0.03694607179630595,observed,1194,1207,1206,1195,7420
2022-06-22,raw_reversal,primary_available,-0.1252924248489901,observed,1205,1207,1206,1206,7421
2022-06-22,raw_reversal,matched_complete8,-0.12297095836188432,observed,1195,1207,1206,1206,7421
2022-06-22,univariate_reversal_ridge,primary_available,-0.12297095836188432,observed,1195,1207,1206,1196,7421
2022-06-22,univariate_reversal_ridge,matched_complete8,-0.12297095836188432,observed,1195,1207,1206,1196,7421
2022-06-22,ridge,primary_available,-0.10755693944207943,observed,1195,1207,1206,1196,7421
2022-06-22,ridge,matched_complete8,-0.10755693944207943,observed,1195,1207,1206,1196,7421
2022-06-23,raw_reversal,primary_available,0.24246463039337807,observed,1209,1213,1210,1212,7422
2022-06-23,raw_reversal,matched_complete8,0.24358312747838032,observed,1195,1213,1210,1212,7422
2022-06-23,univariate_reversal_ridge,primary_available,0.24358312747838032,observed,1195,1213,1210,1198,7422
2022-06-23,univariate_reversal_ridge,matched_complete8,0.24358312747838032,observed,1195,1213,1210,1198,7422
2022-06-23,ridge,primary_available,0.3904869809542738,observed,1195,1213,1210,1198,7422
2022-06-23,ridge,matched_complete8,0.3904869809542738,observed,1195,1213,1210,1198,7422
2022-06-24,raw_reversal,primary_available,0.22747895749391048,observed,1259,1263,1260,1262,7423
2022-06-24,raw_reversal,matched_complete8,0.2337209032154691,observed,1245,1263,1260,1262,7423
2022-06-24,univariate_reversal_ridge,primary_available,0.2337209032154691,observed,1245,1263,1260,1248,7423
2022-06-24,univariate_reversal_ridge,matched_complete8,0.2337209032154691,observed,1245,1263,1260,1248,7423
2022-06-24,ridge,primary_available,0.4477569376322253,observed,1245,1263,1260,1248,7423
2022-06-24,ridge,matched_complete8,0.4477569376322253,observed,1245,1263,1260,1248,7423
2022-06-27,raw_reversal,primary_available,-0.3498977763180149,observed,1258,1264,1259,1263,7424
2022-06-27,raw_reversal,matched_complete8,-0.34694686885386755,observed,1246,1264,1259,1263,7424
2022-06-27,univariate_reversal_ridge,primary_available,-0.34694686885386755,observed,1246,1264,1259,1251,7424
2022-06-27,univariate_reversal_ridge,matched_complete8,-0.34694686885386755,observed,1246,1264,1259,1251,7424
2022-06-27,ridge,primary_available,-0.11864530739209761,observed,1246,1264,1259,1251,7424
2022-06-27,ridge,matched_complete8,-0.11864530739209761,observed,1246,1264,1259,1251,7424
2022-06-28,raw_reversal,primary_available,-0.3279515383764136,observed,1248,1252,1248,1252,7425
2022-06-28,raw_reversal,matched_complete8,-0.3218472544522358,observed,1237,1252,1248,1252,7425
2022-06-28,univariate_reversal_ridge,primary_available,-0.3218472544522358,observed,1237,1252,1248,1241,7425
2022-06-28,univariate_reversal_ridge,matched_complete8,-0.3218472544522358,observed,1237,1252,1248,1241,7425
2022-06-28,ridge,primary_available,-0.09522360965388775,observed,1237,1252,1248,1241,7425
2022-06-28,ridge,matched_complete8,-0.09522360965388775,observed,1237,1252,1248,1241,7425
2022-06-29,raw_reversal,primary_available,-0.1035200960931715,observed,1238,1242,1238,1242,7426
2022-06-29,raw_reversal,matched_complete8,-0.09470103909066648,observed,1208,1242,1238,1242,7426
2022-06-29,univariate_reversal_ridge,primary_available,-0.09470103909066648,observed,1208,1242,1238,1212,7426
2022-06-29,univariate_reversal_ridge,matched_complete8,-0.09470103909066648,observed,1208,1242,1238,1212,7426
2022-06-29,ridge,primary_available,-0.19468154551916989,observed,1208,1242,1238,1212,7426
2022-06-29,ridge,matched_complete8,-0.19468154551916989,observed,1208,1242,1238,1212,7426
2022-06-30,raw_reversal,primary_available,0.39858937563420144,observed,1241,1245,1241,1245,7427
2022-06-30,raw_reversal,matched_complete8,0.40072936968287676,observed,1210,1245,1241,1245,7427
2022-06-30,univariate_reversal_ridge,primary_available,0.40072936968287676,observed,1210,1245,1241,1214,7427
2022-06-30,univariate_reversal_ridge,matched_complete8,0.40072936968287676,observed,1210,1245,1241,1214,7427
2022-06-30,ridge,primary_available,0.24442843610327217,observed,1210,1245,1241,1214,7427
2022-06-30,ridge,matched_complete8,0.24442843610327217,observed,1210,1245,1241,1214,7427
2022-07-01,raw_reversal,primary_available,0.3467079483784873,observed,1240,1242,1241,1241,7428
2022-07-01,raw_reversal,matched_complete8,0.34900562617445063,observed,1228,1242,1241,1241,7428
2022-07-01,univariate_reversal_ridge,primary_available,0.34900562617445063,observed,1228,1242,1241,1229,7428
2022-07-01,univariate_reversal_ridge,matched_complete8,0.34900562617445063,observed,1228,1242,1241,1229,7428
2022-07-01,ridge,primary_available,0.20253213896488623,observed,1228,1242,1241,1229,7428
2022-07-01,ridge,matched_complete8,0.20253213896488623,observed,1228,1242,1241,1229,7428
2022-07-05,raw_reversal,primary_available,0.10412077925505414,observed,1247,1250,1248,1249,7429
2022-07-05,raw_reversal,matched_complete8,0.10793166935549357,observed,1235,1250,1248,1249,7429
2022-07-05,univariate_reversal_ridge,primary_available,0.10793166935549357,observed,1235,1250,1248,1237,7429
2022-07-05,univariate_reversal_ridge,matched_complete8,0.10793166935549357,observed,1235,1250,1248,1237,7429
2022-07-05,ridge,primary_available,0.312536220177496,observed,1235,1250,1248,1237,7429
2022-07-05,ridge,matched_complete8,0.312536220177496,observed,1235,1250,1248,1237,7429
2022-07-06,raw_reversal,primary_available,-0.06826744588474423,observed,1241,1242,1242,1241,7430
2022-07-06,raw_reversal,matched_complete8,-0.06322601776870157,observed,1230,1242,1242,1241,7430
2022-07-06,univariate_reversal_ridge,primary_available,-0.06322601776870157,observed,1230,1242,1242,1230,7430
2022-07-06,univariate_reversal_ridge,matched_complete8,-0.06322601776870157,observed,1230,1242,1242,1230,7430
2022-07-06,ridge,primary_available,-0.029551941537018615,observed,1230,1242,1242,1230,7430
2022-07-06,ridge,matched_complete8,-0.029551941537018615,observed,1230,1242,1242,1230,7430
2022-07-07,raw_reversal,primary_available,0.036984799062013275,observed,1249,1250,1250,1249,7431
2022-07-07,raw_reversal,matched_complete8,0.03846983782774715,observed,1234,1250,1250,1249,7431
2022-07-07,univariate_reversal_ridge,primary_available,0.03846983782774715,observed,1234,1250,1250,1234,7431
2022-07-07,univariate_reversal_ridge,matched_complete8,0.03846983782774715,observed,1234,1250,1250,1234,7431
2022-07-07,ridge,primary_available,0.15577231095963556,observed,1234,1250,1250,1234,7431
2022-07-07,ridge,matched_complete8,0.15577231095963556,observed,1234,1250,1250,1234,7431
2022-07-08,raw_reversal,primary_available,0.09438354714191159,observed,1247,1248,1248,1247,7432
2022-07-08,raw_reversal,matched_complete8,0.09286901819112217,observed,1236,1248,1248,1247,7432
2022-07-08,univariate_reversal_ridge,primary_available,0.09286901819112217,observed,1236,1248,1248,1236,7432
2022-07-08,univariate_reversal_ridge,matched_complete8,0.09286901819112217,observed,1236,1248,1248,1236,7432
2022-07-08,ridge,primary_available,0.04952980442000033,observed,1236,1248,1248,1236,7432
2022-07-08,ridge,matched_complete8,0.04952980442000033,observed,1236,1248,1248,1236,7432
2022-07-11,raw_reversal,primary_available,0.10416588463405539,observed,1234,1234,1234,1234,7433
2022-07-11,raw_reversal,matched_complete8,0.10042096765119644,observed,1227,1234,1234,1234,7433
2022-07-11,univariate_reversal_ridge,primary_available,0.10042096765119644,observed,1227,1234,1234,1227,7433
2022-07-11,univariate_reversal_ridge,matched_complete8,0.10042096765119644,observed,1227,1234,1234,1227,7433
2022-07-11,ridge,primary_available,0.04532895436126633,observed,1227,1234,1234,1227,7433
2022-07-11,ridge,matched_complete8,0.04532895436126633,observed,1227,1234,1234,1227,7433
2022-07-12,raw_reversal,primary_available,0.010147476455803897,observed,1237,1237,1237,1237,7434
2022-07-12,raw_reversal,matched_complete8,0.008553478576039336,observed,1231,1237,1237,1237,7434
2022-07-12,univariate_reversal_ridge,primary_available,0.008553478576039336,observed,1231,1237,1237,1231,7434
2022-07-12,univariate_reversal_ridge,matched_complete8,0.008553478576039336,observed,1231,1237,1237,1231,7434
2022-07-12,ridge,primary_available,-0.22229606593646314,observed,1231,1237,1237,1231,7434
2022-07-12,ridge,matched_complete8,-0.22229606593646314,observed,1231,1237,1237,1231,7434
2022-07-13,raw_reversal,primary_available,-0.015629602575535403,observed,1231,1231,1231,1231,7435
2022-07-13,raw_reversal,matched_complete8,-0.01935488405756891,observed,1225,1231,1231,1231,7435
2022-07-13,univariate_reversal_ridge,primary_available,-0.01935488405756891,observed,1225,1231,1231,1225,7435
2022-07-13,univariate_reversal_ridge,matched_complete8,-0.01935488405756891,observed,1225,1231,1231,1225,7435
2022-07-13,ridge,primary_available,-0.21813296642985575,observed,1225,1231,1231,1225,7435
2022-07-13,ridge,matched_complete8,-0.21813296642985575,observed,1225,1231,1231,1225,7435
2022-07-14,raw_reversal,primary_available,0.3844802588089533,observed,1211,1211,1211,1211,7436
2022-07-14,raw_reversal,matched_complete8,0.3814886307371374,observed,1190,1211,1211,1211,7436
2022-07-14,univariate_reversal_ridge,primary_available,0.3814886307371374,observed,1190,1211,1211,1190,7436
2022-07-14,univariate_reversal_ridge,matched_complete8,0.3814886307371374,observed,1190,1211,1211,1190,7436
2022-07-14,ridge,primary_available,0.21126381192381705,observed,1190,1211,1211,1190,7436
2022-07-14,ridge,matched_complete8,0.21126381192381705,observed,1190,1211,1211,1190,7436
2022-07-15,raw_reversal,primary_available,0.06845705079307506,observed,1212,1212,1212,1212,7437
2022-07-15,raw_reversal,matched_complete8,0.07150294505944071,observed,1205,1212,1212,1212,7437
2022-07-15,univariate_reversal_ridge,primary_available,0.07150294505944071,observed,1205,1212,1212,1205,7437
2022-07-15,univariate_reversal_ridge,matched_complete8,0.07150294505944071,observed,1205,1212,1212,1205,7437
2022-07-15,ridge,primary_available,-0.12022297893045675,observed,1205,1212,1212,1205,7437
2022-07-15,ridge,matched_complete8,-0.12022297893045675,observed,1205,1212,1212,1205,7437
2022-07-18,raw_reversal,primary_available,-0.029645534061410423,observed,1206,1207,1206,1207,7438
2022-07-18,raw_reversal,matched_complete8,-0.02629690265159706,observed,1200,1207,1206,1207,7438
2022-07-18,univariate_reversal_ridge,primary_available,-0.02629690265159706,observed,1200,1207,1206,1201,7438
2022-07-18,univariate_reversal_ridge,matched_complete8,-0.02629690265159706,observed,1200,1207,1206,1201,7438
2022-07-18,ridge,primary_available,-0.07059152271476973,observed,1200,1207,1206,1201,7438
2022-07-18,ridge,matched_complete8,-0.07059152271476973,observed,1200,1207,1206,1201,7438
2022-07-19,raw_reversal,primary_available,-0.06676818733899423,observed,1186,1187,1186,1187,7439
2022-07-19,raw_reversal,matched_complete8,-0.06568333649818144,observed,1178,1187,1186,1187,7439
2022-07-19,univariate_reversal_ridge,primary_available,-0.06568333649818144,observed,1178,1187,1186,1179,7439
2022-07-19,univariate_reversal_ridge,matched_complete8,-0.06568333649818144,observed,1178,1187,1186,1179,7439
2022-07-19,ridge,primary_available,-0.027965612925673167,observed,1178,1187,1186,1179,7439
2022-07-19,ridge,matched_complete8,-0.027965612925673167,observed,1178,1187,1186,1179,7439
2022-07-20,raw_reversal,primary_available,0.10528836642273508,observed,1186,1188,1186,1188,7440
2022-07-20,raw_reversal,matched_complete8,0.10727665760280601,observed,1180,1188,1186,1188,7440
2022-07-20,univariate_reversal_ridge,primary_available,0.10727665760280601,observed,1180,1188,1186,1182,7440
2022-07-20,univariate_reversal_ridge,matched_complete8,0.10727665760280601,observed,1180,1188,1186,1182,7440
2022-07-20,ridge,primary_available,0.18717874856324063,observed,1180,1188,1186,1182,7440
2022-07-20,ridge,matched_complete8,0.18717874856324063,observed,1180,1188,1186,1182,7440
2022-07-21,raw_reversal,primary_available,0.14436255656266322,observed,1179,1181,1179,1181,7441
2022-07-21,raw_reversal,matched_complete8,0.14573805934428888,observed,1169,1181,1179,1181,7441
2022-07-21,univariate_reversal_ridge,primary_available,0.14573805934428888,observed,1169,1181,1179,1171,7441
2022-07-21,univariate_reversal_ridge,matched_complete8,0.14573805934428888,observed,1169,1181,1179,1171,7441
2022-07-21,ridge,primary_available,0.19920820859566588,observed,1169,1181,1179,1171,7441
2022-07-21,ridge,matched_complete8,0.19920820859566588,observed,1169,1181,1179,1171,7441
2022-07-22,raw_reversal,primary_available,-0.10081337722661377,observed,1172,1174,1172,1174,7442
2022-07-22,raw_reversal,matched_complete8,-0.09824088406275701,observed,1165,1174,1172,1174,7442
2022-07-22,univariate_reversal_ridge,primary_available,-0.09824088406275701,observed,1165,1174,1172,1167,7442
2022-07-22,univariate_reversal_ridge,matched_complete8,-0.09824088406275701,observed,1165,1174,1172,1167,7442
2022-07-22,ridge,primary_available,-0.09296731199273209,observed,1165,1174,1172,1167,7442
2022-07-22,ridge,matched_complete8,-0.09296731199273209,observed,1165,1174,1172,1167,7442
2022-07-25,raw_reversal,primary_available,-0.13037408217593874,observed,1120,1121,1120,1121,7443
2022-07-25,raw_reversal,matched_complete8,-0.12957105762071838,observed,1115,1121,1120,1121,7443
2022-07-25,univariate_reversal_ridge,primary_available,-0.12957105762071838,observed,1115,1121,1120,1116,7443
2022-07-25,univariate_reversal_ridge,matched_complete8,-0.12957105762071838,observed,1115,1121,1120,1116,7443
2022-07-25,ridge,primary_available,-0.1034405083313423,observed,1115,1121,1120,1116,7443
2022-07-25,ridge,matched_complete8,-0.1034405083313423,observed,1115,1121,1120,1116,7443
2022-07-26,raw_reversal,primary_available,0.16902380147996493,observed,1111,1111,1111,1111,7444
2022-07-26,raw_reversal,matched_complete8,0.1694536169183168,observed,1102,1111,1111,1111,7444
2022-07-26,univariate_reversal_ridge,primary_available,0.1694536169183168,observed,1102,1111,1111,1102,7444
2022-07-26,univariate_reversal_ridge,matched_complete8,0.1694536169183168,observed,1102,1111,1111,1102,7444
2022-07-26,ridge,primary_available,0.17322219372328457,observed,1102,1111,1111,1102,7444
2022-07-26,ridge,matched_complete8,0.17322219372328457,observed,1102,1111,1111,1102,7444
2022-07-27,raw_reversal,primary_available,0.2456143736897873,observed,1116,1116,1116,1116,7445
2022-07-27,raw_reversal,matched_complete8,0.24625486963248502,observed,1110,1116,1116,1116,7445
2022-07-27,univariate_reversal_ridge,primary_available,0.24625486963248502,observed,1110,1116,1116,1110,7445
2022-07-27,univariate_reversal_ridge,matched_complete8,0.24625486963248502,observed,1110,1116,1116,1110,7445
2022-07-27,ridge,primary_available,-0.055363593165146385,observed,1110,1116,1116,1110,7445
2022-07-27,ridge,matched_complete8,-0.055363593165146385,observed,1110,1116,1116,1110,7445
2022-07-28,raw_reversal,primary_available,0.17985476945656897,observed,1120,1121,1120,1121,7446
2022-07-28,raw_reversal,matched_complete8,0.17645516306677805,observed,1103,1121,1120,1121,7446
2022-07-28,univariate_reversal_ridge,primary_available,0.17645516306677805,observed,1103,1121,1120,1104,7446
2022-07-28,univariate_reversal_ridge,matched_complete8,0.17645516306677805,observed,1103,1121,1120,1104,7446
2022-07-28,ridge,primary_available,-0.03783635038707054,observed,1103,1121,1120,1104,7446
2022-07-28,ridge,matched_complete8,-0.03783635038707054,observed,1103,1121,1120,1104,7446
2022-07-29,raw_reversal,primary_available,0.1353336133523415,observed,1125,1125,1125,1125,7447
2022-07-29,raw_reversal,matched_complete8,0.14096990108921417,observed,1106,1125,1125,1125,7447
2022-07-29,univariate_reversal_ridge,primary_available,0.14096990108921417,observed,1106,1125,1125,1106,7447
2022-07-29,univariate_reversal_ridge,matched_complete8,0.14096990108921417,observed,1106,1125,1125,1106,7447
2022-07-29,ridge,primary_available,0.017644134421241322,observed,1106,1125,1125,1106,7447
2022-07-29,ridge,matched_complete8,0.017644134421241322,observed,1106,1125,1125,1106,7447
2022-08-01,raw_reversal,primary_available,0.0434365706156058,observed,1140,1140,1140,1140,7448
2022-08-01,raw_reversal,matched_complete8,0.04456428552408111,observed,1134,1140,1140,1140,7448
2022-08-01,univariate_reversal_ridge,primary_available,0.04456428552408111,observed,1134,1140,1140,1134,7448
2022-08-01,univariate_reversal_ridge,matched_complete8,0.04456428552408111,observed,1134,1140,1140,1134,7448
2022-08-01,ridge,primary_available,-0.11039109044494809,observed,1134,1140,1140,1134,7448
2022-08-01,ridge,matched_complete8,-0.11039109044494809,observed,1134,1140,1140,1134,7448
2022-08-02,raw_reversal,primary_available,-0.1472128133726764,observed,1128,1129,1128,1129,7449
2022-08-02,raw_reversal,matched_complete8,-0.14798079094343844,observed,1119,1129,1128,1129,7449
2022-08-02,univariate_reversal_ridge,primary_available,-0.14798079094343844,observed,1119,1129,1128,1120,7449
2022-08-02,univariate_reversal_ridge,matched_complete8,-0.14798079094343844,observed,1119,1129,1128,1120,7449
2022-08-02,ridge,primary_available,-0.17725867792576114,observed,1119,1129,1128,1120,7449
2022-08-02,ridge,matched_complete8,-0.17725867792576114,observed,1119,1129,1128,1120,7449
2022-08-03,raw_reversal,primary_available,-0.09336184550285663,observed,1131,1131,1131,1131,7450
2022-08-03,raw_reversal,matched_complete8,-0.10235980647116859,observed,1122,1131,1131,1131,7450
2022-08-03,univariate_reversal_ridge,primary_available,-0.10235980647116859,observed,1122,1131,1131,1122,7450
2022-08-03,univariate_reversal_ridge,matched_complete8,-0.10235980647116859,observed,1122,1131,1131,1122,7450
2022-08-03,ridge,primary_available,-0.1617361730700942,observed,1122,1131,1131,1122,7450
2022-08-03,ridge,matched_complete8,-0.1617361730700942,observed,1122,1131,1131,1122,7450
2022-08-04,raw_reversal,primary_available,0.04234378888597048,observed,1138,1138,1138,1138,7451
2022-08-04,raw_reversal,matched_complete8,0.039900814275612415,observed,1124,1138,1138,1138,7451
2022-08-04,univariate_reversal_ridge,primary_available,0.039900814275612415,observed,1124,1138,1138,1124,7451
2022-08-04,univariate_reversal_ridge,matched_complete8,0.039900814275612415,observed,1124,1138,1138,1124,7451
2022-08-04,ridge,primary_available,0.005583476775020957,observed,1124,1138,1138,1124,7451
2022-08-04,ridge,matched_complete8,0.005583476775020957,observed,1124,1138,1138,1124,7451
2022-08-05,raw_reversal,primary_available,0.06972891267998985,observed,1147,1147,1147,1147,7452
2022-08-05,raw_reversal,matched_complete8,0.0657646137692746,observed,1129,1147,1147,1147,7452
2022-08-05,univariate_reversal_ridge,primary_available,0.0657646137692746,observed,1129,1147,1147,1129,7452
2022-08-05,univariate_reversal_ridge,matched_complete8,0.0657646137692746,observed,1129,1147,1147,1129,7452
2022-08-05,ridge,primary_available,-0.037178899015916374,observed,1129,1147,1147,1129,7452
2022-08-05,ridge,matched_complete8,-0.037178899015916374,observed,1129,1147,1147,1129,7452
2022-08-08,raw_reversal,primary_available,-0.0512210979152737,observed,1159,1159,1159,1159,7453
2022-08-08,raw_reversal,matched_complete8,-0.05405065743438056,observed,1148,1159,1159,1159,7453
2022-08-08,univariate_reversal_ridge,primary_available,-0.05405065743438056,observed,1148,1159,1159,1148,7453
2022-08-08,univariate_reversal_ridge,matched_complete8,-0.05405065743438056,observed,1148,1159,1159,1148,7453
2022-08-08,ridge,primary_available,-0.07871252212985666,observed,1148,1159,1159,1148,7453
2022-08-08,ridge,matched_complete8,-0.07871252212985666,observed,1148,1159,1159,1148,7453
2022-08-09,raw_reversal,primary_available,0.017939081033659477,observed,1169,1169,1169,1169,7454
2022-08-09,raw_reversal,matched_complete8,0.018748698149152337,observed,1154,1169,1169,1169,7454
2022-08-09,univariate_reversal_ridge,primary_available,0.018748698149152337,observed,1154,1169,1169,1154,7454
2022-08-09,univariate_reversal_ridge,matched_complete8,0.018748698149152337,observed,1154,1169,1169,1154,7454
2022-08-09,ridge,primary_available,-0.027854200312939927,observed,1154,1169,1169,1154,7454
2022-08-09,ridge,matched_complete8,-0.027854200312939927,observed,1154,1169,1169,1154,7454
2022-08-10,raw_reversal,primary_available,0.05368863930464935,observed,1179,1179,1179,1179,7455
2022-08-10,raw_reversal,matched_complete8,0.05467627937110627,observed,1161,1179,1179,1179,7455
2022-08-10,univariate_reversal_ridge,primary_available,0.05467627937110627,observed,1161,1179,1179,1161,7455
2022-08-10,univariate_reversal_ridge,matched_complete8,0.05467627937110627,observed,1161,1179,1179,1161,7455
2022-08-10,ridge,primary_available,0.1707526460018928,observed,1161,1179,1179,1161,7455
2022-08-10,ridge,matched_complete8,0.1707526460018928,observed,1161,1179,1179,1161,7455
2022-08-11,raw_reversal,primary_available,-0.05913277784146067,observed,1182,1182,1182,1182,7456
2022-08-11,raw_reversal,matched_complete8,-0.06013399560066767,observed,1153,1182,1182,1182,7456
2022-08-11,univariate_reversal_ridge,primary_available,-0.06013399560066767,observed,1153,1182,1182,1153,7456
2022-08-11,univariate_reversal_ridge,matched_complete8,-0.06013399560066767,observed,1153,1182,1182,1153,7456
2022-08-11,ridge,primary_available,-0.11949998695335087,observed,1153,1182,1182,1153,7456
2022-08-11,ridge,matched_complete8,-0.11949998695335087,observed,1153,1182,1182,1153,7456
2022-08-12,raw_reversal,primary_available,0.015925436069243452,observed,1191,1192,1191,1192,7457
2022-08-12,raw_reversal,matched_complete8,0.01925648686792587,observed,1151,1192,1191,1192,7457
2022-08-12,univariate_reversal_ridge,primary_available,0.01925648686792587,observed,1151,1192,1191,1152,7457
2022-08-12,univariate_reversal_ridge,matched_complete8,0.01925648686792587,observed,1151,1192,1191,1152,7457
2022-08-12,ridge,primary_available,0.14868620000320337,observed,1151,1192,1191,1152,7457
2022-08-12,ridge,matched_complete8,0.14868620000320337,observed,1151,1192,1191,1152,7457
2022-08-15,raw_reversal,primary_available,-0.06898281290876267,observed,1189,1191,1189,1191,7458
2022-08-15,raw_reversal,matched_complete8,-0.06345936975713,observed,1178,1191,1189,1191,7458
2022-08-15,univariate_reversal_ridge,primary_available,-0.06345936975713,observed,1178,1191,1189,1180,7458
2022-08-15,univariate_reversal_ridge,matched_complete8,-0.06345936975713,observed,1178,1191,1189,1180,7458
2022-08-15,ridge,primary_available,-0.007467626376646368,observed,1178,1191,1189,1180,7458
2022-08-15,ridge,matched_complete8,-0.007467626376646368,observed,1178,1191,1189,1180,7458
2022-08-16,raw_reversal,primary_available,0.2626256113504757,observed,1194,1196,1194,1196,7459
2022-08-16,raw_reversal,matched_complete8,0.25902534280444484,observed,1173,1196,1194,1196,7459
2022-08-16,univariate_reversal_ridge,primary_available,0.25902534280444484,observed,1173,1196,1194,1175,7459
2022-08-16,univariate_reversal_ridge,matched_complete8,0.25902534280444484,observed,1173,1196,1194,1175,7459
2022-08-16,ridge,primary_available,0.21945852240622593,observed,1173,1196,1194,1175,7459
2022-08-16,ridge,matched_complete8,0.21945852240622593,observed,1173,1196,1194,1175,7459
2022-08-17,raw_reversal,primary_available,-0.018824521417343452,observed,1192,1193,1192,1193,7460
2022-08-17,raw_reversal,matched_complete8,-0.013871352540542371,observed,1173,1193,1192,1193,7460
2022-08-17,univariate_reversal_ridge,primary_available,-0.013871352540542371,observed,1173,1193,1192,1174,7460
2022-08-17,univariate_reversal_ridge,matched_complete8,-0.013871352540542371,observed,1173,1193,1192,1174,7460
2022-08-17,ridge,primary_available,-0.1319599783818163,observed,1173,1193,1192,1174,7460
2022-08-17,ridge,matched_complete8,-0.1319599783818163,observed,1173,1193,1192,1174,7460
2022-08-18,raw_reversal,primary_available,-0.0356066133274727,observed,1193,1194,1193,1194,7461
2022-08-18,raw_reversal,matched_complete8,-0.03600321855822033,observed,1170,1194,1193,1194,7461
2022-08-18,univariate_reversal_ridge,primary_available,-0.03600321855822033,observed,1170,1194,1193,1171,7461
2022-08-18,univariate_reversal_ridge,matched_complete8,-0.03600321855822033,observed,1170,1194,1193,1171,7461
2022-08-18,ridge,primary_available,-0.10873600273432547,observed,1170,1194,1193,1171,7461
2022-08-18,ridge,matched_complete8,-0.10873600273432547,observed,1170,1194,1193,1171,7461
2022-08-19,raw_reversal,primary_available,-0.14901238055674668,observed,1191,1191,1191,1191,7462
2022-08-19,raw_reversal,matched_complete8,-0.14651353199829345,observed,1175,1191,1191,1191,7462
2022-08-19,univariate_reversal_ridge,primary_available,-0.14651353199829345,observed,1175,1191,1191,1175,7462
2022-08-19,univariate_reversal_ridge,matched_complete8,-0.14651353199829345,observed,1175,1191,1191,1175,7462
2022-08-19,ridge,primary_available,-0.1505838139989685,observed,1175,1191,1191,1175,7462
2022-08-19,ridge,matched_complete8,-0.1505838139989685,observed,1175,1191,1191,1175,7462
2022-08-22,raw_reversal,primary_available,-0.08562891015959287,observed,1187,1188,1188,1187,7463
2022-08-22,raw_reversal,matched_complete8,-0.08573458604962778,observed,1179,1188,1188,1187,7463
2022-08-22,univariate_reversal_ridge,primary_available,-0.08573458604962778,observed,1179,1188,1188,1179,7463
2022-08-22,univariate_reversal_ridge,matched_complete8,-0.08573458604962778,observed,1179,1188,1188,1179,7463
2022-08-22,ridge,primary_available,-0.104175352140093,observed,1179,1188,1188,1179,7463
2022-08-22,ridge,matched_complete8,-0.104175352140093,observed,1179,1188,1188,1179,7463
2022-08-23,raw_reversal,primary_available,0.06524638189035625,observed,1186,1187,1187,1186,7464
2022-08-23,raw_reversal,matched_complete8,0.07142684291517817,observed,1176,1187,1187,1186,7464
2022-08-23,univariate_reversal_ridge,primary_available,0.07142684291517817,observed,1176,1187,1187,1176,7464
2022-08-23,univariate_reversal_ridge,matched_complete8,0.07142684291517817,observed,1176,1187,1187,1176,7464
2022-08-23,ridge,primary_available,0.10932662562577979,observed,1176,1187,1187,1176,7464
2022-08-23,ridge,matched_complete8,0.10932662562577979,observed,1176,1187,1187,1176,7464
2022-08-24,raw_reversal,primary_available,-0.10982355308597762,observed,1185,1186,1186,1185,7465
2022-08-24,raw_reversal,matched_complete8,-0.10611068937503482,observed,1172,1186,1186,1185,7465
2022-08-24,univariate_reversal_ridge,primary_available,-0.10611068937503482,observed,1172,1186,1186,1172,7465
2022-08-24,univariate_reversal_ridge,matched_complete8,-0.10611068937503482,observed,1172,1186,1186,1172,7465
2022-08-24,ridge,primary_available,0.05948683830834927,observed,1172,1186,1186,1172,7465
2022-08-24,ridge,matched_complete8,0.05948683830834927,observed,1172,1186,1186,1172,7465
2022-08-25,raw_reversal,primary_available,-0.08125999687200208,observed,1186,1187,1187,1186,7466
2022-08-25,raw_reversal,matched_complete8,-0.0789170718853175,observed,1171,1187,1187,1186,7466
2022-08-25,univariate_reversal_ridge,primary_available,-0.0789170718853175,observed,1171,1187,1187,1171,7466
2022-08-25,univariate_reversal_ridge,matched_complete8,-0.0789170718853175,observed,1171,1187,1187,1171,7466
2022-08-25,ridge,primary_available,0.18676811371431656,observed,1171,1187,1187,1171,7466
2022-08-25,ridge,matched_complete8,0.18676811371431656,observed,1171,1187,1187,1171,7466
2022-08-26,raw_reversal,primary_available,-0.01674352089165456,observed,1165,1166,1166,1165,7467
2022-08-26,raw_reversal,matched_complete8,-0.014880548624744092,observed,1156,1166,1166,1165,7467
2022-08-26,univariate_reversal_ridge,primary_available,-0.014880548624744092,observed,1156,1166,1166,1156,7467
2022-08-26,univariate_reversal_ridge,matched_complete8,-0.014880548624744092,observed,1156,1166,1166,1156,7467
2022-08-26,ridge,primary_available,-0.04938068529811534,observed,1156,1166,1166,1156,7467
2022-08-26,ridge,matched_complete8,-0.04938068529811534,observed,1156,1166,1166,1156,7467
2022-08-29,raw_reversal,primary_available,0.12026692207008415,observed,1159,1159,1159,1159,7468
2022-08-29,raw_reversal,matched_complete8,0.12302122821178689,observed,1145,1159,1159,1159,7468
2022-08-29,univariate_reversal_ridge,primary_available,0.12302122821178689,observed,1145,1159,1159,1145,7468
2022-08-29,univariate_reversal_ridge,matched_complete8,0.12302122821178689,observed,1145,1159,1159,1145,7468
2022-08-29,ridge,primary_available,0.1602362726334081,observed,1145,1159,1159,1145,7468
2022-08-29,ridge,matched_complete8,0.1602362726334081,observed,1145,1159,1159,1145,7468
2022-08-30,raw_reversal,primary_available,-0.08323180572900782,observed,1156,1156,1156,1156,7469
2022-08-30,raw_reversal,matched_complete8,-0.0816594256827194,observed,1129,1156,1156,1156,7469
2022-08-30,univariate_reversal_ridge,primary_available,-0.0816594256827194,observed,1129,1156,1156,1129,7469
2022-08-30,univariate_reversal_ridge,matched_complete8,-0.0816594256827194,observed,1129,1156,1156,1129,7469
2022-08-30,ridge,primary_available,0.003311150095586829,observed,1129,1156,1156,1129,7469
2022-08-30,ridge,matched_complete8,0.003311150095586829,observed,1129,1156,1156,1129,7469
2022-08-31,raw_reversal,primary_available,0.08669711364345796,observed,1155,1155,1155,1155,7470
2022-08-31,raw_reversal,matched_complete8,0.08424796907669647,observed,1108,1155,1155,1155,7470
2022-08-31,univariate_reversal_ridge,primary_available,0.08424796907669647,observed,1108,1155,1155,1108,7470
2022-08-31,univariate_reversal_ridge,matched_complete8,0.08424796907669647,observed,1108,1155,1155,1108,7470
2022-08-31,ridge,primary_available,0.06087921294732073,observed,1108,1155,1155,1108,7470
2022-08-31,ridge,matched_complete8,0.06087921294732073,observed,1108,1155,1155,1108,7470
2022-09-01,raw_reversal,primary_available,0.27864897035453184,observed,1150,1150,1150,1150,7471
2022-09-01,raw_reversal,matched_complete8,0.2792251316844941,observed,1128,1150,1150,1150,7471
2022-09-01,univariate_reversal_ridge,primary_available,0.2792251316844941,observed,1128,1150,1150,1128,7471
2022-09-01,univariate_reversal_ridge,matched_complete8,0.2792251316844941,observed,1128,1150,1150,1128,7471
2022-09-01,ridge,primary_available,0.21941946574178564,observed,1128,1150,1150,1128,7471
2022-09-01,ridge,matched_complete8,0.21941946574178564,observed,1128,1150,1150,1128,7471
2022-09-02,raw_reversal,primary_available,0.05482400892599046,observed,1145,1145,1145,1145,7472
2022-09-02,raw_reversal,matched_complete8,0.05977637782126863,observed,1135,1145,1145,1145,7472
2022-09-02,univariate_reversal_ridge,primary_available,0.05977637782126863,observed,1135,1145,1145,1135,7472
2022-09-02,univariate_reversal_ridge,matched_complete8,0.05977637782126863,observed,1135,1145,1145,1135,7472
2022-09-02,ridge,primary_available,0.11763513885900477,observed,1135,1145,1145,1135,7472
2022-09-02,ridge,matched_complete8,0.11763513885900477,observed,1135,1145,1145,1135,7472
2022-09-06,raw_reversal,primary_available,0.08798736870952367,observed,1132,1132,1132,1132,7473
2022-09-06,raw_reversal,matched_complete8,0.08266978149140425,observed,1116,1132,1132,1132,7473
2022-09-06,univariate_reversal_ridge,primary_available,0.08266978149140425,observed,1116,1132,1132,1116,7473
2022-09-06,univariate_reversal_ridge,matched_complete8,0.08266978149140425,observed,1116,1132,1132,1116,7473
2022-09-06,ridge,primary_available,0.07056722328407597,observed,1116,1132,1132,1116,7473
2022-09-06,ridge,matched_complete8,0.07056722328407597,observed,1116,1132,1132,1116,7473
2022-09-07,raw_reversal,primary_available,0.04216855237926799,observed,1133,1133,1133,1133,7474
2022-09-07,raw_reversal,matched_complete8,0.04334856624757701,observed,1121,1133,1133,1133,7474
2022-09-07,univariate_reversal_ridge,primary_available,0.04334856624757701,observed,1121,1133,1133,1121,7474
2022-09-07,univariate_reversal_ridge,matched_complete8,0.04334856624757701,observed,1121,1133,1133,1121,7474
2022-09-07,ridge,primary_available,-0.039994942036458495,observed,1121,1133,1133,1121,7474
2022-09-07,ridge,matched_complete8,-0.039994942036458495,observed,1121,1133,1133,1121,7474
2022-09-08,raw_reversal,primary_available,0.03567018861331244,observed,1132,1132,1132,1132,7475
2022-09-08,raw_reversal,matched_complete8,0.03927770319349816,observed,1109,1132,1132,1132,7475
2022-09-08,univariate_reversal_ridge,primary_available,0.03927770319349816,observed,1109,1132,1132,1109,7475
2022-09-08,univariate_reversal_ridge,matched_complete8,0.03927770319349816,observed,1109,1132,1132,1109,7475
2022-09-08,ridge,primary_available,0.04472188943618131,observed,1109,1132,1132,1109,7475
2022-09-08,ridge,matched_complete8,0.04472188943618131,observed,1109,1132,1132,1109,7475
2022-09-09,raw_reversal,primary_available,0.23097756201210026,observed,1131,1132,1131,1132,7476
2022-09-09,raw_reversal,matched_complete8,0.23136776140692672,observed,1121,1132,1131,1132,7476
2022-09-09,univariate_reversal_ridge,primary_available,0.23136776140692672,observed,1121,1132,1131,1122,7476
2022-09-09,univariate_reversal_ridge,matched_complete8,0.23136776140692672,observed,1121,1132,1131,1122,7476
2022-09-09,ridge,primary_available,0.3683987689366938,observed,1121,1132,1131,1122,7476
2022-09-09,ridge,matched_complete8,0.3683987689366938,observed,1121,1132,1131,1122,7476
2022-09-12,raw_reversal,primary_available,0.04253903544894966,observed,1137,1137,1137,1137,7477
2022-09-12,raw_reversal,matched_complete8,0.043252130100648385,observed,1134,1137,1137,1137,7477
2022-09-12,univariate_reversal_ridge,primary_available,0.043252130100648385,observed,1134,1137,1137,1134,7477
2022-09-12,univariate_reversal_ridge,matched_complete8,0.043252130100648385,observed,1134,1137,1137,1134,7477
2022-09-12,ridge,primary_available,0.1275345547960064,observed,1134,1137,1137,1134,7477
2022-09-12,ridge,matched_complete8,0.1275345547960064,observed,1134,1137,1137,1134,7477
2022-09-13,raw_reversal,primary_available,0.10569465323779217,observed,1139,1140,1139,1140,7478
2022-09-13,raw_reversal,matched_complete8,0.10681797945514497,observed,1128,1140,1139,1140,7478
2022-09-13,univariate_reversal_ridge,primary_available,0.10681797945514497,observed,1128,1140,1139,1129,7478
2022-09-13,univariate_reversal_ridge,matched_complete8,0.10681797945514497,observed,1128,1140,1139,1129,7478
2022-09-13,ridge,primary_available,0.11826225145151185,observed,1128,1140,1139,1129,7478
2022-09-13,ridge,matched_complete8,0.11826225145151185,observed,1128,1140,1139,1129,7478
2022-09-14,raw_reversal,primary_available,0.16743367585613403,observed,1142,1142,1142,1142,7479
2022-09-14,raw_reversal,matched_complete8,0.1653039548510415,observed,1101,1142,1142,1142,7479
2022-09-14,univariate_reversal_ridge,primary_available,0.1653039548510415,observed,1101,1142,1142,1101,7479
2022-09-14,univariate_reversal_ridge,matched_complete8,0.1653039548510415,observed,1101,1142,1142,1101,7479
2022-09-14,ridge,primary_available,0.2210849550909981,observed,1101,1142,1142,1101,7479
2022-09-14,ridge,matched_complete8,0.2210849550909981,observed,1101,1142,1142,1101,7479
2022-09-15,raw_reversal,primary_available,0.2458652348140456,observed,1139,1139,1139,1139,7480
2022-09-15,raw_reversal,matched_complete8,0.2403776128296054,observed,1120,1139,1139,1139,7480
2022-09-15,univariate_reversal_ridge,primary_available,0.2403776128296054,observed,1120,1139,1139,1120,7480
2022-09-15,univariate_reversal_ridge,matched_complete8,0.2403776128296054,observed,1120,1139,1139,1120,7480
2022-09-15,ridge,primary_available,0.27882426652444203,observed,1120,1139,1139,1120,7480
2022-09-15,ridge,matched_complete8,0.27882426652444203,observed,1120,1139,1139,1120,7480
2022-09-16,raw_reversal,primary_available,-0.1415628423407708,observed,1182,1182,1182,1182,7481
2022-09-16,raw_reversal,matched_complete8,-0.14228236780579379,observed,1176,1182,1182,1182,7481
2022-09-16,univariate_reversal_ridge,primary_available,-0.14228236780579379,observed,1176,1182,1182,1176,7481
2022-09-16,univariate_reversal_ridge,matched_complete8,-0.14228236780579379,observed,1176,1182,1182,1176,7481
2022-09-16,ridge,primary_available,-0.24532427320428338,observed,1176,1182,1182,1176,7481
2022-09-16,ridge,matched_complete8,-0.24532427320428338,observed,1176,1182,1182,1176,7481
2022-09-19,raw_reversal,primary_available,-0.15130619628410577,observed,1182,1182,1182,1182,7482
2022-09-19,raw_reversal,matched_complete8,-0.1505230850293715,observed,1176,1182,1182,1182,7482
2022-09-19,univariate_reversal_ridge,primary_available,-0.1505230850293715,observed,1176,1182,1182,1176,7482
2022-09-19,univariate_reversal_ridge,matched_complete8,-0.1505230850293715,observed,1176,1182,1182,1176,7482
2022-09-19,ridge,primary_available,-0.00689303708250957,observed,1176,1182,1182,1176,7482
2022-09-19,ridge,matched_complete8,-0.00689303708250957,observed,1176,1182,1182,1176,7482
2022-09-20,raw_reversal,primary_available,-0.11494735870914981,observed,1182,1182,1182,1182,7483
2022-09-20,raw_reversal,matched_complete8,-0.11479388228905679,observed,1178,1182,1182,1182,7483
2022-09-20,univariate_reversal_ridge,primary_available,-0.11479388228905679,observed,1178,1182,1182,1178,7483
2022-09-20,univariate_reversal_ridge,matched_complete8,-0.11479388228905679,observed,1178,1182,1182,1178,7483
2022-09-20,ridge,primary_available,-0.11905623819738786,observed,1178,1182,1182,1178,7483
2022-09-20,ridge,matched_complete8,-0.11905623819738786,observed,1178,1182,1182,1178,7483
2022-09-21,raw_reversal,primary_available,-0.14749853447880312,observed,1179,1179,1179,1179,7484
2022-09-21,raw_reversal,matched_complete8,-0.14391244955690227,observed,1173,1179,1179,1179,7484
2022-09-21,univariate_reversal_ridge,primary_available,-0.14391244955690227,observed,1173,1179,1179,1173,7484
2022-09-21,univariate_reversal_ridge,matched_complete8,-0.14391244955690227,observed,1173,1179,1179,1173,7484
2022-09-21,ridge,primary_available,-0.15517124612795388,observed,1173,1179,1179,1173,7484
2022-09-21,ridge,matched_complete8,-0.15517124612795388,observed,1173,1179,1179,1173,7484
2022-09-22,raw_reversal,primary_available,0.05993916182952243,observed,1177,1177,1177,1177,7485
2022-09-22,raw_reversal,matched_complete8,0.0629346008177163,observed,1171,1177,1177,1177,7485
2022-09-22,univariate_reversal_ridge,primary_available,0.0629346008177163,observed,1171,1177,1177,1171,7485
2022-09-22,univariate_reversal_ridge,matched_complete8,0.0629346008177163,observed,1171,1177,1177,1171,7485
2022-09-22,ridge,primary_available,0.0718391636267834,observed,1171,1177,1177,1171,7485
2022-09-22,ridge,matched_complete8,0.0718391636267834,observed,1171,1177,1177,1171,7485
2022-09-23,raw_reversal,primary_available,0.10964438759070126,observed,1181,1181,1181,1181,7486
2022-09-23,raw_reversal,matched_complete8,0.1087783921840316,observed,1176,1181,1181,1181,7486
2022-09-23,univariate_reversal_ridge,primary_available,0.1087783921840316,observed,1176,1181,1181,1176,7486
2022-09-23,univariate_reversal_ridge,matched_complete8,0.1087783921840316,observed,1176,1181,1181,1176,7486
2022-09-23,ridge,primary_available,0.15918295626306048,observed,1176,1181,1181,1176,7486
2022-09-23,ridge,matched_complete8,0.15918295626306048,observed,1176,1181,1181,1176,7486
2022-09-26,raw_reversal,primary_available,0.26958478778560235,observed,1185,1186,1185,1186,7487
2022-09-26,raw_reversal,matched_complete8,0.27164730650792557,observed,1182,1186,1185,1186,7487
2022-09-26,univariate_reversal_ridge,primary_available,0.27164730650792557,observed,1182,1186,1185,1183,7487
2022-09-26,univariate_reversal_ridge,matched_complete8,0.27164730650792557,observed,1182,1186,1185,1183,7487
2022-09-26,ridge,primary_available,0.2349445518716171,observed,1182,1186,1185,1183,7487
2022-09-26,ridge,matched_complete8,0.2349445518716171,observed,1182,1186,1185,1183,7487
2022-09-27,raw_reversal,primary_available,0.2182768394920502,observed,1189,1189,1189,1189,7488
2022-09-27,raw_reversal,matched_complete8,0.22005151385412808,observed,1187,1189,1189,1189,7488
2022-09-27,univariate_reversal_ridge,primary_available,0.22005151385412808,observed,1187,1189,1189,1187,7488
2022-09-27,univariate_reversal_ridge,matched_complete8,0.22005151385412808,observed,1187,1189,1189,1187,7488
2022-09-27,ridge,primary_available,0.07105119681853862,observed,1187,1189,1189,1187,7488
2022-09-27,ridge,matched_complete8,0.07105119681853862,observed,1187,1189,1189,1187,7488
2022-09-28,raw_reversal,primary_available,0.09365832832836707,observed,1198,1198,1198,1198,7489
2022-09-28,raw_reversal,matched_complete8,0.0928424369684873,observed,1195,1198,1198,1198,7489
2022-09-28,univariate_reversal_ridge,primary_available,0.0928424369684873,observed,1195,1198,1198,1195,7489
2022-09-28,univariate_reversal_ridge,matched_complete8,0.0928424369684873,observed,1195,1198,1198,1195,7489
2022-09-28,ridge,primary_available,-0.10809530457678136,observed,1195,1198,1198,1195,7489
2022-09-28,ridge,matched_complete8,-0.10809530457678136,observed,1195,1198,1198,1195,7489
2022-09-29,raw_reversal,primary_available,-0.0641722138777442,observed,1191,1192,1191,1192,7490
2022-09-29,raw_reversal,matched_complete8,-0.06204249910426395,observed,1158,1192,1191,1192,7490
2022-09-29,univariate_reversal_ridge,primary_available,-0.06204249910426395,observed,1158,1192,1191,1159,7490
2022-09-29,univariate_reversal_ridge,matched_complete8,-0.06204249910426395,observed,1158,1192,1191,1159,7490
2022-09-29,ridge,primary_available,-0.08492845226685623,observed,1158,1192,1191,1159,7490
2022-09-29,ridge,matched_complete8,-0.08492845226685623,observed,1158,1192,1191,1159,7490
2022-09-30,raw_reversal,primary_available,-0.1844889487992738,observed,1191,1192,1191,1192,7491
2022-09-30,raw_reversal,matched_complete8,-0.18576502559762967,observed,1179,1192,1191,1192,7491
2022-09-30,univariate_reversal_ridge,primary_available,-0.18576502559762967,observed,1179,1192,1191,1180,7491
2022-09-30,univariate_reversal_ridge,matched_complete8,-0.18576502559762967,observed,1179,1192,1191,1180,7491
2022-09-30,ridge,primary_available,-0.18165531099355128,observed,1179,1192,1191,1180,7491
2022-09-30,ridge,matched_complete8,-0.18165531099355128,observed,1179,1192,1191,1180,7491
2022-10-03,raw_reversal,primary_available,-0.14087494954630186,observed,1198,1198,1198,1198,7492
2022-10-03,raw_reversal,matched_complete8,-0.14053770669549168,observed,1194,1198,1198,1198,7492
2022-10-03,univariate_reversal_ridge,primary_available,-0.14053770669549168,observed,1194,1198,1198,1194,7492
2022-10-03,univariate_reversal_ridge,matched_complete8,-0.14053770669549168,observed,1194,1198,1198,1194,7492
2022-10-03,ridge,primary_available,-0.010886282468020874,observed,1194,1198,1198,1194,7492
2022-10-03,ridge,matched_complete8,-0.010886282468020874,observed,1194,1198,1198,1194,7492
2022-10-04,raw_reversal,primary_available,-0.0646724866068186,observed,1205,1207,1205,1207,7493
2022-10-04,raw_reversal,matched_complete8,-0.06042969050646249,observed,1198,1207,1205,1207,7493
2022-10-04,univariate_reversal_ridge,primary_available,-0.06042969050646249,observed,1198,1207,1205,1200,7493
2022-10-04,univariate_reversal_ridge,matched_complete8,-0.06042969050646249,observed,1198,1207,1205,1200,7493
2022-10-04,ridge,primary_available,0.03968130144059929,observed,1198,1207,1205,1200,7493
2022-10-04,ridge,matched_complete8,0.03968130144059929,observed,1198,1207,1205,1200,7493
2022-10-05,raw_reversal,primary_available,-0.03445124488087459,observed,1205,1206,1205,1206,7494
2022-10-05,raw_reversal,matched_complete8,-0.03588310716914329,observed,1198,1206,1205,1206,7494
2022-10-05,univariate_reversal_ridge,primary_available,-0.03588310716914329,observed,1198,1206,1205,1199,7494
2022-10-05,univariate_reversal_ridge,matched_complete8,-0.03588310716914329,observed,1198,1206,1205,1199,7494
2022-10-05,ridge,primary_available,0.05406545632372627,observed,1198,1206,1205,1199,7494
2022-10-05,ridge,matched_complete8,0.05406545632372627,observed,1198,1206,1205,1199,7494
2022-10-06,raw_reversal,primary_available,0.10772080505041041,observed,1204,1205,1204,1205,7495
2022-10-06,raw_reversal,matched_complete8,0.10550709812511187,observed,1181,1205,1204,1205,7495
2022-10-06,univariate_reversal_ridge,primary_available,0.10550709812511187,observed,1181,1205,1204,1182,7495
2022-10-06,univariate_reversal_ridge,matched_complete8,0.10550709812511187,observed,1181,1205,1204,1182,7495
2022-10-06,ridge,primary_available,0.12957167782070456,observed,1181,1205,1204,1182,7495
2022-10-06,ridge,matched_complete8,0.12957167782070456,observed,1181,1205,1204,1182,7495
2022-10-07,raw_reversal,primary_available,0.03801023060060239,observed,1199,1200,1199,1200,7496
2022-10-07,raw_reversal,matched_complete8,0.04086538708109516,observed,1194,1200,1199,1200,7496
2022-10-07,univariate_reversal_ridge,primary_available,0.04086538708109516,observed,1194,1200,1199,1195,7496
2022-10-07,univariate_reversal_ridge,matched_complete8,0.04086538708109516,observed,1194,1200,1199,1195,7496
2022-10-07,ridge,primary_available,-0.09614922353825212,observed,1194,1200,1199,1195,7496
2022-10-07,ridge,matched_complete8,-0.09614922353825212,observed,1194,1200,1199,1195,7496
2022-10-10,raw_reversal,primary_available,-0.003934229155187657,observed,1190,1191,1190,1191,7497
2022-10-10,raw_reversal,matched_complete8,-0.0035996234516029904,observed,1188,1191,1190,1191,7497
2022-10-10,univariate_reversal_ridge,primary_available,-0.0035996234516029904,observed,1188,1191,1190,1189,7497
2022-10-10,univariate_reversal_ridge,matched_complete8,-0.0035996234516029904,observed,1188,1191,1190,1189,7497
2022-10-10,ridge,primary_available,-0.026824461882253983,observed,1188,1191,1190,1189,7497
2022-10-10,ridge,matched_complete8,-0.026824461882253983,observed,1188,1191,1190,1189,7497
2022-10-11,raw_reversal,primary_available,0.007817847540808753,observed,1192,1193,1192,1193,7498
2022-10-11,raw_reversal,matched_complete8,0.005902468875443402,observed,1189,1193,1192,1193,7498
2022-10-11,univariate_reversal_ridge,primary_available,0.005902468875443402,observed,1189,1193,1192,1190,7498
2022-10-11,univariate_reversal_ridge,matched_complete8,0.005902468875443402,observed,1189,1193,1192,1190,7498
2022-10-11,ridge,primary_available,0.02375899455358503,observed,1189,1193,1192,1190,7498
2022-10-11,ridge,matched_complete8,0.02375899455358503,observed,1189,1193,1192,1190,7498
2022-10-12,raw_reversal,primary_available,0.11334706014222701,observed,1182,1183,1182,1183,7499
2022-10-12,raw_reversal,matched_complete8,0.11148885009816935,observed,1179,1183,1182,1183,7499
2022-10-12,univariate_reversal_ridge,primary_available,0.11148885009816935,observed,1179,1183,1182,1180,7499
2022-10-12,univariate_reversal_ridge,matched_complete8,0.11148885009816935,observed,1179,1183,1182,1180,7499
2022-10-12,ridge,primary_available,0.114536386460201,observed,1179,1183,1182,1180,7499
2022-10-12,ridge,matched_complete8,0.114536386460201,observed,1179,1183,1182,1180,7499
2022-10-13,raw_reversal,primary_available,-0.11075960217512222,observed,1182,1182,1182,1182,7500
2022-10-13,raw_reversal,matched_complete8,-0.11320753929894184,observed,1167,1182,1182,1182,7500
2022-10-13,univariate_reversal_ridge,primary_available,-0.11320753929894184,observed,1167,1182,1182,1167,7500
2022-10-13,univariate_reversal_ridge,matched_complete8,-0.11320753929894184,observed,1167,1182,1182,1167,7500
2022-10-13,ridge,primary_available,-0.06246901369691727,observed,1167,1182,1182,1167,7500
2022-10-13,ridge,matched_complete8,-0.06246901369691727,observed,1167,1182,1182,1167,7500
2022-10-14,raw_reversal,primary_available,0.07723940342815844,observed,1149,1149,1149,1149,7501
2022-10-14,raw_reversal,matched_complete8,0.07712301991754733,observed,1137,1149,1149,1149,7501
2022-10-14,univariate_reversal_ridge,primary_available,0.07712301991754733,observed,1137,1149,1149,1137,7501
2022-10-14,univariate_reversal_ridge,matched_complete8,0.07712301991754733,observed,1137,1149,1149,1137,7501
2022-10-14,ridge,primary_available,0.13554708967832765,observed,1137,1149,1149,1137,7501
2022-10-14,ridge,matched_complete8,0.13554708967832765,observed,1137,1149,1149,1137,7501
2022-10-17,raw_reversal,primary_available,-0.054769714970813115,observed,1150,1151,1150,1151,7502
2022-10-17,raw_reversal,matched_complete8,-0.05373408482267104,observed,1146,1151,1150,1151,7502
2022-10-17,univariate_reversal_ridge,primary_available,-0.05373408482267104,observed,1146,1151,1150,1147,7502
2022-10-17,univariate_reversal_ridge,matched_complete8,-0.05373408482267104,observed,1146,1151,1150,1147,7502
2022-10-17,ridge,primary_available,0.11149128227158529,observed,1146,1151,1150,1147,7502
2022-10-17,ridge,matched_complete8,0.11149128227158529,observed,1146,1151,1150,1147,7502
2022-10-18,raw_reversal,primary_available,-0.007062956926209361,observed,1143,1145,1143,1145,7503
2022-10-18,raw_reversal,matched_complete8,-0.0071076805261495,observed,1139,1145,1143,1145,7503
2022-10-18,univariate_reversal_ridge,primary_available,-0.0071076805261495,observed,1139,1145,1143,1141,7503
2022-10-18,univariate_reversal_ridge,matched_complete8,-0.0071076805261495,observed,1139,1145,1143,1141,7503
2022-10-18,ridge,primary_available,-0.020188173745313405,observed,1139,1145,1143,1141,7503
2022-10-18,ridge,matched_complete8,-0.020188173745313405,observed,1139,1145,1143,1141,7503
2022-10-19,raw_reversal,primary_available,0.0949262375435187,observed,1144,1145,1144,1145,7504
2022-10-19,raw_reversal,matched_complete8,0.09696479972358622,observed,1141,1145,1144,1145,7504
2022-10-19,univariate_reversal_ridge,primary_available,0.09696479972358622,observed,1141,1145,1144,1142,7504
2022-10-19,univariate_reversal_ridge,matched_complete8,0.09696479972358622,observed,1141,1145,1144,1142,7504
2022-10-19,ridge,primary_available,0.08097390059208498,observed,1141,1145,1144,1142,7504
2022-10-19,ridge,matched_complete8,0.08097390059208498,observed,1141,1145,1144,1142,7504
2022-10-20,raw_reversal,primary_available,0.09565713957660771,observed,1140,1140,1140,1140,7505
2022-10-20,raw_reversal,matched_complete8,0.09727590870819985,observed,1130,1140,1140,1140,7505
2022-10-20,univariate_reversal_ridge,primary_available,0.09727590870819985,observed,1130,1140,1140,1130,7505
2022-10-20,univariate_reversal_ridge,matched_complete8,0.09727590870819985,observed,1130,1140,1140,1130,7505
2022-10-20,ridge,primary_available,0.09141592317399869,observed,1130,1140,1140,1130,7505
2022-10-20,ridge,matched_complete8,0.09141592317399869,observed,1130,1140,1140,1130,7505
2022-10-21,raw_reversal,primary_available,0.15317368060846487,observed,1145,1145,1145,1145,7506
2022-10-21,raw_reversal,matched_complete8,0.155062427856617,observed,1141,1145,1145,1145,7506
2022-10-21,univariate_reversal_ridge,primary_available,0.155062427856617,observed,1141,1145,1145,1141,7506
2022-10-21,univariate_reversal_ridge,matched_complete8,0.155062427856617,observed,1141,1145,1145,1141,7506
2022-10-21,ridge,primary_available,0.04245789694720568,observed,1141,1145,1145,1141,7506
2022-10-21,ridge,matched_complete8,0.04245789694720568,observed,1141,1145,1145,1141,7506
2022-10-24,raw_reversal,primary_available,0.12457985228278244,observed,1148,1148,1148,1148,7507
2022-10-24,raw_reversal,matched_complete8,0.12336611229522426,observed,1145,1148,1148,1148,7507
2022-10-24,univariate_reversal_ridge,primary_available,0.12336611229522426,observed,1145,1148,1148,1145,7507
2022-10-24,univariate_reversal_ridge,matched_complete8,0.12336611229522426,observed,1145,1148,1148,1145,7507
2022-10-24,ridge,primary_available,0.0034927543160612226,observed,1145,1148,1148,1145,7507
2022-10-24,ridge,matched_complete8,0.0034927543160612226,observed,1145,1148,1148,1145,7507
2022-10-25,raw_reversal,primary_available,0.05880483359478092,observed,1147,1147,1147,1147,7508
2022-10-25,raw_reversal,matched_complete8,0.06151411933938819,observed,1140,1147,1147,1147,7508
2022-10-25,univariate_reversal_ridge,primary_available,0.06151411933938819,observed,1140,1147,1147,1140,7508
2022-10-25,univariate_reversal_ridge,matched_complete8,0.06151411933938819,observed,1140,1147,1147,1140,7508
2022-10-25,ridge,primary_available,0.06859988972792773,observed,1140,1147,1147,1140,7508
2022-10-25,ridge,matched_complete8,0.06859988972792773,observed,1140,1147,1147,1140,7508
2022-10-26,raw_reversal,primary_available,0.17208865977204155,observed,1146,1146,1146,1146,7509
2022-10-26,raw_reversal,matched_complete8,0.16862119487770233,observed,1138,1146,1146,1146,7509
2022-10-26,univariate_reversal_ridge,primary_available,0.16862119487770233,observed,1138,1146,1146,1138,7509
2022-10-26,univariate_reversal_ridge,matched_complete8,0.16862119487770233,observed,1138,1146,1146,1138,7509
2022-10-26,ridge,primary_available,0.21066558115939982,observed,1138,1146,1146,1138,7509
2022-10-26,ridge,matched_complete8,0.21066558115939982,observed,1138,1146,1146,1138,7509
2022-10-27,raw_reversal,primary_available,-0.03483008928313801,observed,1149,1150,1149,1150,7510
2022-10-27,raw_reversal,matched_complete8,-0.0327057941551365,observed,1142,1150,1149,1150,7510
2022-10-27,univariate_reversal_ridge,primary_available,-0.0327057941551365,observed,1142,1150,1149,1143,7510
2022-10-27,univariate_reversal_ridge,matched_complete8,-0.0327057941551365,observed,1142,1150,1149,1143,7510
2022-10-27,ridge,primary_available,0.018332127434786755,observed,1142,1150,1149,1143,7510
2022-10-27,ridge,matched_complete8,0.018332127434786755,observed,1142,1150,1149,1143,7510
2022-10-28,raw_reversal,primary_available,0.052160381767551126,observed,1148,1148,1148,1148,7511
2022-10-28,raw_reversal,matched_complete8,0.05023197111864931,observed,1136,1148,1148,1148,7511
2022-10-28,univariate_reversal_ridge,primary_available,0.05023197111864931,observed,1136,1148,1148,1136,7511
2022-10-28,univariate_reversal_ridge,matched_complete8,0.05023197111864931,observed,1136,1148,1148,1136,7511
2022-10-28,ridge,primary_available,0.13157557622419042,observed,1136,1148,1148,1136,7511
2022-10-28,ridge,matched_complete8,0.13157557622419042,observed,1136,1148,1148,1136,7511
2022-10-31,raw_reversal,primary_available,0.01817383738615604,observed,1156,1156,1156,1156,7512
2022-10-31,raw_reversal,matched_complete8,0.020447266629776504,observed,1143,1156,1156,1156,7512
2022-10-31,univariate_reversal_ridge,primary_available,0.020447266629776504,observed,1143,1156,1156,1143,7512
2022-10-31,univariate_reversal_ridge,matched_complete8,0.020447266629776504,observed,1143,1156,1156,1143,7512
2022-10-31,ridge,primary_available,0.0419548919088655,observed,1143,1156,1156,1143,7512
2022-10-31,ridge,matched_complete8,0.0419548919088655,observed,1143,1156,1156,1143,7512
2022-11-01,raw_reversal,primary_available,-0.13618852217863223,observed,1152,1152,1152,1152,7513
2022-11-01,raw_reversal,matched_complete8,-0.13607636999593767,observed,1145,1152,1152,1152,7513
2022-11-01,univariate_reversal_ridge,primary_available,-0.13607636999593767,observed,1145,1152,1152,1145,7513
2022-11-01,univariate_reversal_ridge,matched_complete8,-0.13607636999593767,observed,1145,1152,1152,1145,7513
2022-11-01,ridge,primary_available,-0.14315648029211042,observed,1145,1152,1152,1145,7513
2022-11-01,ridge,matched_complete8,-0.14315648029211042,observed,1145,1152,1152,1145,7513
2022-11-02,raw_reversal,primary_available,0.004416894545115014,observed,1154,1155,1154,1155,7514
2022-11-02,raw_reversal,matched_complete8,0.005370096439827164,observed,1150,1155,1154,1155,7514
2022-11-02,univariate_reversal_ridge,primary_available,0.005370096439827164,observed,1150,1155,1154,1151,7514
2022-11-02,univariate_reversal_ridge,matched_complete8,0.005370096439827164,observed,1150,1155,1154,1151,7514
2022-11-02,ridge,primary_available,-0.0007803684734813547,observed,1150,1155,1154,1151,7514
2022-11-02,ridge,matched_complete8,-0.0007803684734813547,observed,1150,1155,1154,1151,7514
2022-11-03,raw_reversal,primary_available,0.19937809004148938,observed,1154,1155,1154,1155,7515
2022-11-03,raw_reversal,matched_complete8,0.2008781647381813,observed,1139,1155,1154,1155,7515
2022-11-03,univariate_reversal_ridge,primary_available,0.2008781647381813,observed,1139,1155,1154,1140,7515
2022-11-03,univariate_reversal_ridge,matched_complete8,0.2008781647381813,observed,1139,1155,1154,1140,7515
2022-11-03,ridge,primary_available,0.10551457282158219,observed,1139,1155,1154,1140,7515
2022-11-03,ridge,matched_complete8,0.10551457282158219,observed,1139,1155,1154,1140,7515
2022-11-04,raw_reversal,primary_available,0.2995263249424275,observed,1162,1163,1162,1163,7516
2022-11-04,raw_reversal,matched_complete8,0.298035384557281,observed,1147,1163,1162,1163,7516
2022-11-04,univariate_reversal_ridge,primary_available,0.298035384557281,observed,1147,1163,1162,1148,7516
2022-11-04,univariate_reversal_ridge,matched_complete8,0.298035384557281,observed,1147,1163,1162,1148,7516
2022-11-04,ridge,primary_available,0.010451856306421085,observed,1147,1163,1162,1148,7516
2022-11-04,ridge,matched_complete8,0.010451856306421085,observed,1147,1163,1162,1148,7516
2022-11-07,raw_reversal,primary_available,0.2825447834602606,observed,1170,1171,1170,1171,7517
2022-11-07,raw_reversal,matched_complete8,0.282383739200466,observed,1160,1171,1170,1171,7517
2022-11-07,univariate_reversal_ridge,primary_available,0.282383739200466,observed,1160,1171,1170,1161,7517
2022-11-07,univariate_reversal_ridge,matched_complete8,0.282383739200466,observed,1160,1171,1170,1161,7517
2022-11-07,ridge,primary_available,0.04068608883482392,observed,1160,1171,1170,1161,7517
2022-11-07,ridge,matched_complete8,0.04068608883482392,observed,1160,1171,1170,1161,7517
2022-11-08,raw_reversal,primary_available,0.21414861787626335,observed,1174,1176,1174,1176,7518
2022-11-08,raw_reversal,matched_complete8,0.2132315790085605,observed,1165,1176,1174,1176,7518
2022-11-08,univariate_reversal_ridge,primary_available,0.2132315790085605,observed,1165,1176,1174,1167,7518
2022-11-08,univariate_reversal_ridge,matched_complete8,0.2132315790085605,observed,1165,1176,1174,1167,7518
2022-11-08,ridge,primary_available,-0.0416723429367383,observed,1165,1176,1174,1167,7518
2022-11-08,ridge,matched_complete8,-0.0416723429367383,observed,1165,1176,1174,1167,7518
2022-11-09,raw_reversal,primary_available,0.05822751391591055,observed,1181,1182,1182,1181,7519
2022-11-09,raw_reversal,matched_complete8,0.06280891836635431,observed,1143,1182,1182,1181,7519
2022-11-09,univariate_reversal_ridge,primary_available,0.06280891836635431,observed,1143,1182,1182,1143,7519
2022-11-09,univariate_reversal_ridge,matched_complete8,0.06280891836635431,observed,1143,1182,1182,1143,7519
2022-11-09,ridge,primary_available,-0.01769593973575861,observed,1143,1182,1182,1143,7519
2022-11-09,ridge,matched_complete8,-0.01769593973575861,observed,1143,1182,1182,1143,7519
2022-11-10,raw_reversal,primary_available,-0.07391238761929793,observed,1199,1200,1200,1199,7520
2022-11-10,raw_reversal,matched_complete8,-0.0788668467950806,observed,1170,1200,1200,1199,7520
2022-11-10,univariate_reversal_ridge,primary_available,-0.0788668467950806,observed,1170,1200,1200,1170,7520
2022-11-10,univariate_reversal_ridge,matched_complete8,-0.0788668467950806,observed,1170,1200,1200,1170,7520
2022-11-10,ridge,primary_available,-0.12126037976100991,observed,1170,1200,1200,1170,7520
2022-11-10,ridge,matched_complete8,-0.12126037976100991,observed,1170,1200,1200,1170,7520
2022-11-11,raw_reversal,primary_available,0.4117738178880896,observed,1208,1209,1209,1208,7521
2022-11-11,raw_reversal,matched_complete8,0.4110175343976955,observed,1206,1209,1209,1208,7521
2022-11-11,univariate_reversal_ridge,primary_available,0.4110175343976955,observed,1206,1209,1209,1206,7521
2022-11-11,univariate_reversal_ridge,matched_complete8,0.4110175343976955,observed,1206,1209,1209,1206,7521
2022-11-11,ridge,primary_available,0.5227936890348672,observed,1206,1209,1209,1206,7521
2022-11-11,ridge,matched_complete8,0.5227936890348672,observed,1206,1209,1209,1206,7521
2022-11-14,raw_reversal,primary_available,0.45668999537408156,observed,1212,1212,1212,1212,7522
2022-11-14,raw_reversal,matched_complete8,0.45600258636405616,observed,1175,1212,1212,1212,7522
2022-11-14,univariate_reversal_ridge,primary_available,0.45600258636405616,observed,1175,1212,1212,1175,7522
2022-11-14,univariate_reversal_ridge,matched_complete8,0.45600258636405616,observed,1175,1212,1212,1175,7522
2022-11-14,ridge,primary_available,0.3566255953205544,observed,1175,1212,1212,1175,7522
2022-11-14,ridge,matched_complete8,0.3566255953205544,observed,1175,1212,1212,1175,7522
2022-11-15,raw_reversal,primary_available,0.40651537705875257,observed,1217,1218,1218,1217,7523
2022-11-15,raw_reversal,matched_complete8,0.410533973927733,observed,1204,1218,1218,1217,7523
2022-11-15,univariate_reversal_ridge,primary_available,0.410533973927733,observed,1204,1218,1218,1204,7523
2022-11-15,univariate_reversal_ridge,matched_complete8,0.410533973927733,observed,1204,1218,1218,1204,7523
2022-11-15,ridge,primary_available,0.3991452456033484,observed,1204,1218,1218,1204,7523
2022-11-15,ridge,matched_complete8,0.3991452456033484,observed,1204,1218,1218,1204,7523
2022-11-16,raw_reversal,primary_available,0.22159282664094881,observed,1208,1210,1209,1209,7524
2022-11-16,raw_reversal,matched_complete8,0.22721645378084743,observed,1190,1210,1209,1209,7524
2022-11-16,univariate_reversal_ridge,primary_available,0.22721645378084743,observed,1190,1210,1209,1191,7524
2022-11-16,univariate_reversal_ridge,matched_complete8,0.22721645378084743,observed,1190,1210,1209,1191,7524
2022-11-16,ridge,primary_available,0.13049009454927632,observed,1190,1210,1209,1191,7524
2022-11-16,ridge,matched_complete8,0.13049009454927632,observed,1190,1210,1209,1191,7524
2022-11-17,raw_reversal,primary_available,0.07440752934078616,observed,1209,1209,1209,1209,7525
2022-11-17,raw_reversal,matched_complete8,0.07608879513246257,observed,1186,1209,1209,1209,7525
2022-11-17,univariate_reversal_ridge,primary_available,0.07608879513246257,observed,1186,1209,1209,1186,7525
2022-11-17,univariate_reversal_ridge,matched_complete8,0.07608879513246257,observed,1186,1209,1209,1186,7525
2022-11-17,ridge,primary_available,0.07313692215346805,observed,1186,1209,1209,1186,7525
2022-11-17,ridge,matched_complete8,0.07313692215346805,observed,1186,1209,1209,1186,7525
2022-11-18,raw_reversal,primary_available,-0.11336887598380037,observed,1205,1205,1205,1205,7526
2022-11-18,raw_reversal,matched_complete8,-0.10424608454156953,observed,1186,1205,1205,1205,7526
2022-11-18,univariate_reversal_ridge,primary_available,-0.10424608454156953,observed,1186,1205,1205,1186,7526
2022-11-18,univariate_reversal_ridge,matched_complete8,-0.10424608454156953,observed,1186,1205,1205,1186,7526
2022-11-18,ridge,primary_available,-0.11917054837678213,observed,1186,1205,1205,1186,7526
2022-11-18,ridge,matched_complete8,-0.11917054837678213,observed,1186,1205,1205,1186,7526
2022-11-21,raw_reversal,primary_available,0.027674087480932,observed,1203,1204,1203,1204,7527
2022-11-21,raw_reversal,matched_complete8,0.028240591951353394,observed,1190,1204,1203,1204,7527
2022-11-21,univariate_reversal_ridge,primary_available,0.028240591951353394,observed,1190,1204,1203,1191,7527
2022-11-21,univariate_reversal_ridge,matched_complete8,0.028240591951353394,observed,1190,1204,1203,1191,7527
2022-11-21,ridge,primary_available,0.040812885927439584,observed,1190,1204,1203,1191,7527
2022-11-21,ridge,matched_complete8,0.040812885927439584,observed,1190,1204,1203,1191,7527
2022-11-22,raw_reversal,primary_available,0.18130782002523133,observed,1196,1199,1196,1199,7528
2022-11-22,raw_reversal,matched_complete8,0.18504256558963558,observed,1182,1199,1196,1199,7528
2022-11-22,univariate_reversal_ridge,primary_available,0.18504256558963558,observed,1182,1199,1196,1185,7528
2022-11-22,univariate_reversal_ridge,matched_complete8,0.18504256558963558,observed,1182,1199,1196,1185,7528
2022-11-22,ridge,primary_available,0.03909677991842915,observed,1182,1199,1196,1185,7528
2022-11-22,ridge,matched_complete8,0.03909677991842915,observed,1182,1199,1196,1185,7528
2022-11-23,raw_reversal,primary_available,0.07074010488528036,observed,1187,1189,1187,1189,7529
2022-11-23,raw_reversal,matched_complete8,0.07420187685498567,observed,1170,1189,1187,1189,7529
2022-11-23,univariate_reversal_ridge,primary_available,0.07420187685498567,observed,1170,1189,1187,1172,7529
2022-11-23,univariate_reversal_ridge,matched_complete8,0.07420187685498567,observed,1170,1189,1187,1172,7529
2022-11-23,ridge,primary_available,-0.0997757698209562,observed,1170,1189,1187,1172,7529
2022-11-23,ridge,matched_complete8,-0.0997757698209562,observed,1170,1189,1187,1172,7529
2022-11-25,raw_reversal,primary_available,0.14325801542051386,observed,1176,1178,1176,1178,7530
2022-11-25,raw_reversal,matched_complete8,0.146816926134148,observed,1159,1178,1176,1178,7530
2022-11-25,univariate_reversal_ridge,primary_available,0.146816926134148,observed,1159,1178,1176,1161,7530
2022-11-25,univariate_reversal_ridge,matched_complete8,0.146816926134148,observed,1159,1178,1176,1161,7530
2022-11-25,ridge,primary_available,0.1004918146581399,observed,1159,1178,1176,1161,7530
2022-11-25,ridge,matched_complete8,0.1004918146581399,observed,1159,1178,1176,1161,7530
2022-11-28,raw_reversal,primary_available,-0.0696593340130661,observed,1172,1174,1172,1174,7531
2022-11-28,raw_reversal,matched_complete8,-0.06506709433428319,observed,1163,1174,1172,1174,7531
2022-11-28,univariate_reversal_ridge,primary_available,-0.06506709433428319,observed,1163,1174,1172,1165,7531
2022-11-28,univariate_reversal_ridge,matched_complete8,-0.06506709433428319,observed,1163,1174,1172,1165,7531
2022-11-28,ridge,primary_available,-0.10696227998836884,observed,1163,1174,1172,1165,7531
2022-11-28,ridge,matched_complete8,-0.10696227998836884,observed,1163,1174,1172,1165,7531
2022-11-29,raw_reversal,primary_available,0.011217546662584916,observed,1163,1165,1163,1165,7532
2022-11-29,raw_reversal,matched_complete8,0.01354333325851357,observed,1135,1165,1163,1165,7532
2022-11-29,univariate_reversal_ridge,primary_available,0.01354333325851357,observed,1135,1165,1163,1137,7532
2022-11-29,univariate_reversal_ridge,matched_complete8,0.01354333325851357,observed,1135,1165,1163,1137,7532
2022-11-29,ridge,primary_available,0.11622757452741322,observed,1135,1165,1163,1137,7532
2022-11-29,ridge,matched_complete8,0.11622757452741322,observed,1135,1165,1163,1137,7532
2022-11-30,raw_reversal,primary_available,-0.021673525420297227,observed,1171,1172,1171,1172,7533
2022-11-30,raw_reversal,matched_complete8,-0.014502256530354222,observed,1118,1172,1171,1172,7533
2022-11-30,univariate_reversal_ridge,primary_available,-0.014502256530354222,observed,1118,1172,1171,1119,7533
2022-11-30,univariate_reversal_ridge,matched_complete8,-0.014502256530354222,observed,1118,1172,1171,1119,7533
2022-11-30,ridge,primary_available,0.08658040529498039,observed,1118,1172,1171,1119,7533
2022-11-30,ridge,matched_complete8,0.08658040529498039,observed,1118,1172,1171,1119,7533
2022-12-01,raw_reversal,primary_available,-0.10485809714859383,observed,1164,1165,1165,1164,7534
2022-12-01,raw_reversal,matched_complete8,-0.10568033647488512,observed,1137,1165,1165,1164,7534
2022-12-01,univariate_reversal_ridge,primary_available,-0.10568033647488512,observed,1137,1165,1165,1137,7534
2022-12-01,univariate_reversal_ridge,matched_complete8,-0.10568033647488512,observed,1137,1165,1165,1137,7534
2022-12-01,ridge,primary_available,-0.078046579288426,observed,1137,1165,1165,1137,7534
2022-12-01,ridge,matched_complete8,-0.078046579288426,observed,1137,1165,1165,1137,7534
2022-12-02,raw_reversal,primary_available,0.03487774591872628,observed,1158,1159,1159,1158,7535
2022-12-02,raw_reversal,matched_complete8,0.037745444875172174,observed,1143,1159,1159,1158,7535
2022-12-02,univariate_reversal_ridge,primary_available,0.037745444875172174,observed,1143,1159,1159,1143,7535
2022-12-02,univariate_reversal_ridge,matched_complete8,0.037745444875172174,observed,1143,1159,1159,1143,7535
2022-12-02,ridge,primary_available,0.1073392671468018,observed,1143,1159,1159,1143,7535
2022-12-02,ridge,matched_complete8,0.1073392671468018,observed,1143,1159,1159,1143,7535
2022-12-05,raw_reversal,primary_available,0.017954409710484173,observed,1154,1157,1155,1156,7536
2022-12-05,raw_reversal,matched_complete8,0.024076549409368028,observed,1144,1157,1155,1156,7536
2022-12-05,univariate_reversal_ridge,primary_available,0.024076549409368028,observed,1144,1157,1155,1146,7536
2022-12-05,univariate_reversal_ridge,matched_complete8,0.024076549409368028,observed,1144,1157,1155,1146,7536
2022-12-05,ridge,primary_available,-0.01572149386391968,observed,1144,1157,1155,1146,7536
2022-12-05,ridge,matched_complete8,-0.01572149386391968,observed,1144,1157,1155,1146,7536
2022-12-06,raw_reversal,primary_available,-0.03452000130656544,observed,1155,1156,1156,1155,7537
2022-12-06,raw_reversal,matched_complete8,-0.0289087247303649,observed,1138,1156,1156,1155,7537
2022-12-06,univariate_reversal_ridge,primary_available,-0.0289087247303649,observed,1138,1156,1156,1138,7537
2022-12-06,univariate_reversal_ridge,matched_complete8,-0.0289087247303649,observed,1138,1156,1156,1138,7537
2022-12-06,ridge,primary_available,-0.032039326672105274,observed,1138,1156,1156,1138,7537
2022-12-06,ridge,matched_complete8,-0.032039326672105274,observed,1138,1156,1156,1138,7537
2022-12-07,raw_reversal,primary_available,-0.028702996215505584,observed,1147,1149,1148,1148,7538
2022-12-07,raw_reversal,matched_complete8,-0.027850616942692426,observed,1137,1149,1148,1148,7538
2022-12-07,univariate_reversal_ridge,primary_available,-0.027850616942692426,observed,1137,1149,1148,1138,7538
2022-12-07,univariate_reversal_ridge,matched_complete8,-0.027850616942692426,observed,1137,1149,1148,1138,7538
2022-12-07,ridge,primary_available,-0.09222108606363737,observed,1137,1149,1148,1138,7538
2022-12-07,ridge,matched_complete8,-0.09222108606363737,observed,1137,1149,1148,1138,7538
2022-12-08,raw_reversal,primary_available,0.052044458642250595,observed,1148,1149,1148,1149,7539
2022-12-08,raw_reversal,matched_complete8,0.05254186761220725,observed,1124,1149,1148,1149,7539
2022-12-08,univariate_reversal_ridge,primary_available,0.05254186761220725,observed,1124,1149,1148,1125,7539
2022-12-08,univariate_reversal_ridge,matched_complete8,0.05254186761220725,observed,1124,1149,1148,1125,7539
2022-12-08,ridge,primary_available,0.009361874913514366,observed,1124,1149,1148,1125,7539
2022-12-08,ridge,matched_complete8,0.009361874913514366,observed,1124,1149,1148,1125,7539
2022-12-09,raw_reversal,primary_available,0.016859834729338198,observed,1127,1128,1127,1128,7540
2022-12-09,raw_reversal,matched_complete8,0.02047962801597183,observed,1118,1128,1127,1128,7540
2022-12-09,univariate_reversal_ridge,primary_available,0.02047962801597183,observed,1118,1128,1127,1119,7540
2022-12-09,univariate_reversal_ridge,matched_complete8,0.02047962801597183,observed,1118,1128,1127,1119,7540
2022-12-09,ridge,primary_available,0.07279943399790707,observed,1118,1128,1127,1119,7540
2022-12-09,ridge,matched_complete8,0.07279943399790707,observed,1118,1128,1127,1119,7540
2022-12-12,raw_reversal,primary_available,-0.015589596838424407,observed,1121,1123,1121,1123,7541
2022-12-12,raw_reversal,matched_complete8,-0.012029301751478346,observed,1116,1123,1121,1123,7541
2022-12-12,univariate_reversal_ridge,primary_available,-0.012029301751478346,observed,1116,1123,1121,1118,7541
2022-12-12,univariate_reversal_ridge,matched_complete8,-0.012029301751478346,observed,1116,1123,1121,1118,7541
2022-12-12,ridge,primary_available,0.18518678039197142,observed,1116,1123,1121,1118,7541
2022-12-12,ridge,matched_complete8,0.18518678039197142,observed,1116,1123,1121,1118,7541
2022-12-13,raw_reversal,primary_available,0.2515870456722557,observed,1125,1126,1125,1126,7542
2022-12-13,raw_reversal,matched_complete8,0.2535013033737771,observed,1113,1126,1125,1126,7542
2022-12-13,univariate_reversal_ridge,primary_available,0.2535013033737771,observed,1113,1126,1125,1114,7542
2022-12-13,univariate_reversal_ridge,matched_complete8,0.2535013033737771,observed,1113,1126,1125,1114,7542
2022-12-13,ridge,primary_available,0.23468340023866902,observed,1113,1126,1125,1114,7542
2022-12-13,ridge,matched_complete8,0.23468340023866902,observed,1113,1126,1125,1114,7542
2022-12-14,raw_reversal,primary_available,0.27095740813053565,observed,1123,1125,1124,1124,7543
2022-12-14,raw_reversal,matched_complete8,0.26920806784638796,observed,1083,1125,1124,1124,7543
2022-12-14,univariate_reversal_ridge,primary_available,0.26920806784638796,observed,1083,1125,1124,1084,7543
2022-12-14,univariate_reversal_ridge,matched_complete8,0.26920806784638796,observed,1083,1125,1124,1084,7543
2022-12-14,ridge,primary_available,0.26309033253696823,observed,1083,1125,1124,1084,7543
2022-12-14,ridge,matched_complete8,0.26309033253696823,observed,1083,1125,1124,1084,7543
2022-12-15,raw_reversal,primary_available,0.05742259030141076,observed,1119,1122,1121,1120,7544
2022-12-15,raw_reversal,matched_complete8,0.05982800663764122,observed,1100,1122,1121,1120,7544
2022-12-15,univariate_reversal_ridge,primary_available,0.05982800663764122,observed,1100,1122,1121,1101,7544
2022-12-15,univariate_reversal_ridge,matched_complete8,0.05982800663764122,observed,1100,1122,1121,1101,7544
2022-12-15,ridge,primary_available,-0.012372204119953238,observed,1100,1122,1121,1101,7544
2022-12-15,ridge,matched_complete8,-0.012372204119953238,observed,1100,1122,1121,1101,7544
2022-12-16,raw_reversal,primary_available,-0.0338127647894034,observed,1179,1182,1181,1180,7545
2022-12-16,raw_reversal,matched_complete8,-0.03193851463329767,observed,1162,1182,1181,1180,7545
2022-12-16,univariate_reversal_ridge,primary_available,-0.03193851463329767,observed,1162,1182,1181,1163,7545
2022-12-16,univariate_reversal_ridge,matched_complete8,-0.03193851463329767,observed,1162,1182,1181,1163,7545
2022-12-16,ridge,primary_available,0.03556928940110432,observed,1162,1182,1181,1163,7545
2022-12-16,ridge,matched_complete8,0.03556928940110432,observed,1162,1182,1181,1163,7545
2022-12-19,raw_reversal,primary_available,-0.2724316360050573,observed,1172,1175,1174,1173,7546
2022-12-19,raw_reversal,matched_complete8,-0.28273731097398935,observed,1161,1175,1174,1173,7546
2022-12-19,univariate_reversal_ridge,primary_available,-0.28273731097398935,observed,1161,1175,1174,1162,7546
2022-12-19,univariate_reversal_ridge,matched_complete8,-0.28273731097398935,observed,1161,1175,1174,1162,7546
2022-12-19,ridge,primary_available,-0.28775748520023287,observed,1161,1175,1174,1162,7546
2022-12-19,ridge,matched_complete8,-0.28775748520023287,observed,1161,1175,1174,1162,7546
2022-12-20,raw_reversal,primary_available,-0.2902983854424574,observed,1169,1172,1171,1170,7547
2022-12-20,raw_reversal,matched_complete8,-0.29277307224031074,observed,1162,1172,1171,1170,7547
2022-12-20,univariate_reversal_ridge,primary_available,-0.29277307224031074,observed,1162,1172,1171,1163,7547
2022-12-20,univariate_reversal_ridge,matched_complete8,-0.29277307224031074,observed,1162,1172,1171,1163,7547
2022-12-20,ridge,primary_available,-0.12374255504459274,observed,1162,1172,1171,1163,7547
2022-12-20,ridge,matched_complete8,-0.12374255504459274,observed,1162,1172,1171,1163,7547
2022-12-21,raw_reversal,primary_available,-0.12137868492522709,observed,1165,1167,1166,1166,7548
2022-12-21,raw_reversal,matched_complete8,-0.12332249134570616,observed,1153,1167,1166,1166,7548
2022-12-21,univariate_reversal_ridge,primary_available,-0.12332249134570616,observed,1153,1167,1166,1154,7548
2022-12-21,univariate_reversal_ridge,matched_complete8,-0.12332249134570616,observed,1153,1167,1166,1154,7548
2022-12-21,ridge,primary_available,-0.08342133853220367,observed,1153,1167,1166,1154,7548
2022-12-21,ridge,matched_complete8,-0.08342133853220367,observed,1153,1167,1166,1154,7548
2022-12-22,raw_reversal,primary_available,0.14253600700879623,observed,1173,1173,1173,1173,7549
2022-12-22,raw_reversal,matched_complete8,0.13960255068010624,observed,1167,1173,1173,1173,7549
2022-12-22,univariate_reversal_ridge,primary_available,0.13960255068010624,observed,1167,1173,1173,1167,7549
2022-12-22,univariate_reversal_ridge,matched_complete8,0.13960255068010624,observed,1167,1173,1173,1167,7549
2022-12-22,ridge,primary_available,0.04971066638737045,observed,1167,1173,1173,1167,7549
2022-12-22,ridge,matched_complete8,0.04971066638737045,observed,1167,1173,1173,1167,7549
2022-12-23,raw_reversal,primary_available,0.1666906143434639,observed,1178,1179,1178,1179,7550
2022-12-23,raw_reversal,matched_complete8,0.1649870043301568,observed,1168,1179,1178,1179,7550
2022-12-23,univariate_reversal_ridge,primary_available,0.1649870043301568,observed,1168,1179,1178,1169,7550
2022-12-23,univariate_reversal_ridge,matched_complete8,0.1649870043301568,observed,1168,1179,1178,1169,7550
2022-12-23,ridge,primary_available,0.10375364130768071,observed,1168,1179,1178,1169,7550
2022-12-23,ridge,matched_complete8,0.10375364130768071,observed,1168,1179,1178,1169,7550
2022-12-27,raw_reversal,primary_available,0.21106463759081137,observed,1163,1165,1163,1165,7551
2022-12-27,raw_reversal,matched_complete8,0.2124910633307128,observed,1154,1165,1163,1165,7551
2022-12-27,univariate_reversal_ridge,primary_available,0.2124910633307128,observed,1154,1165,1163,1156,7551
2022-12-27,univariate_reversal_ridge,matched_complete8,0.2124910633307128,observed,1154,1165,1163,1156,7551
2022-12-27,ridge,primary_available,0.1483198779634876,observed,1154,1165,1163,1156,7551
2022-12-27,ridge,matched_complete8,0.1483198779634876,observed,1154,1165,1163,1156,7551
2022-12-28,raw_reversal,primary_available,-0.01732388184444839,observed,1160,1161,1160,1161,7552
2022-12-28,raw_reversal,matched_complete8,-0.019435633980503145,observed,1151,1161,1160,1161,7552
2022-12-28,univariate_reversal_ridge,primary_available,-0.019435633980503145,observed,1151,1161,1160,1152,7552
2022-12-28,univariate_reversal_ridge,matched_complete8,-0.019435633980503145,observed,1151,1161,1160,1152,7552
2022-12-28,ridge,primary_available,0.05098519413448214,observed,1151,1161,1160,1152,7552
2022-12-28,ridge,matched_complete8,0.05098519413448214,observed,1151,1161,1160,1152,7552
2022-12-29,raw_reversal,primary_available,-0.025549445747602203,observed,1150,1151,1150,1151,7553
2022-12-29,raw_reversal,matched_complete8,-0.026598702340166848,observed,1112,1151,1150,1151,7553
2022-12-29,univariate_reversal_ridge,primary_available,-0.026598702340166848,observed,1112,1151,1150,1113,7553
2022-12-29,univariate_reversal_ridge,matched_complete8,-0.026598702340166848,observed,1112,1151,1150,1113,7553
2022-12-29,ridge,primary_available,-0.13030666540834307,observed,1112,1151,1150,1113,7553
2022-12-29,ridge,matched_complete8,-0.13030666540834307,observed,1112,1151,1150,1113,7553
2022-12-30,raw_reversal,primary_available,-0.0634214348828623,observed,1148,1149,1148,1149,7554
2022-12-30,raw_reversal,matched_complete8,-0.06265119482345437,observed,1130,1149,1148,1149,7554
2022-12-30,univariate_reversal_ridge,primary_available,-0.06265119482345437,observed,1130,1149,1148,1131,7554
2022-12-30,univariate_reversal_ridge,matched_complete8,-0.06265119482345437,observed,1130,1149,1148,1131,7554
2022-12-30,ridge,primary_available,-0.016242573481696138,observed,1130,1149,1148,1131,7554
2022-12-30,ridge,matched_complete8,-0.016242573481696138,observed,1130,1149,1148,1131,7554
2023-01-03,raw_reversal,primary_available,0.07445876859080161,observed,1149,1149,1149,1149,7555
2023-01-03,raw_reversal,matched_complete8,0.0726565207026837,observed,1135,1149,1149,1149,7555
2023-01-03,univariate_reversal_ridge,primary_available,0.0726565207026837,observed,1135,1149,1149,1135,7555
2023-01-03,univariate_reversal_ridge,matched_complete8,0.0726565207026837,observed,1135,1149,1149,1135,7555
2023-01-03,ridge,primary_available,0.02174642733214428,observed,1135,1149,1149,1135,7555
2023-01-03,ridge,matched_complete8,0.02174642733214428,observed,1135,1149,1149,1135,7555
2023-01-04,raw_reversal,primary_available,-0.20140195613370945,observed,1155,1156,1156,1155,7556
2023-01-04,raw_reversal,matched_complete8,-0.20490911433797224,observed,1143,1156,1156,1155,7556
2023-01-04,univariate_reversal_ridge,primary_available,-0.20490911433797224,observed,1143,1156,1156,1143,7556
2023-01-04,univariate_reversal_ridge,matched_complete8,-0.20490911433797224,observed,1143,1156,1156,1143,7556
2023-01-04,ridge,primary_available,-0.31852804082675845,observed,1143,1156,1156,1143,7556
2023-01-04,ridge,matched_complete8,-0.31852804082675845,observed,1143,1156,1156,1143,7556
2023-01-05,raw_reversal,primary_available,-0.08701676107894755,observed,1145,1146,1146,1145,7557
2023-01-05,raw_reversal,matched_complete8,-0.09194053651628739,observed,1122,1146,1146,1145,7557
2023-01-05,univariate_reversal_ridge,primary_available,-0.09194053651628739,observed,1122,1146,1146,1122,7557
2023-01-05,univariate_reversal_ridge,matched_complete8,-0.09194053651628739,observed,1122,1146,1146,1122,7557
2023-01-05,ridge,primary_available,-0.10582379658279138,observed,1122,1146,1146,1122,7557
2023-01-05,ridge,matched_complete8,-0.10582379658279138,observed,1122,1146,1146,1122,7557
2023-01-06,raw_reversal,primary_available,0.059946290750300064,observed,1142,1144,1143,1143,7558
2023-01-06,raw_reversal,matched_complete8,0.061204964735640396,observed,1132,1144,1143,1143,7558
2023-01-06,univariate_reversal_ridge,primary_available,0.061204964735640396,observed,1132,1144,1143,1133,7558
2023-01-06,univariate_reversal_ridge,matched_complete8,0.061204964735640396,observed,1132,1144,1143,1133,7558
2023-01-06,ridge,primary_available,-0.06998536547136329,observed,1132,1144,1143,1133,7558
2023-01-06,ridge,matched_complete8,-0.06998536547136329,observed,1132,1144,1143,1133,7558
2023-01-09,raw_reversal,primary_available,-0.062022917329264786,observed,1145,1147,1146,1146,7559
2023-01-09,raw_reversal,matched_complete8,-0.05871406411029917,observed,1129,1147,1146,1146,7559
2023-01-09,univariate_reversal_ridge,primary_available,-0.05871406411029917,observed,1129,1147,1146,1130,7559
2023-01-09,univariate_reversal_ridge,matched_complete8,-0.05871406411029917,observed,1129,1147,1146,1130,7559
2023-01-09,ridge,primary_available,-0.2947665382442209,observed,1129,1147,1146,1130,7559
2023-01-09,ridge,matched_complete8,-0.2947665382442209,observed,1129,1147,1146,1130,7559
2023-01-10,raw_reversal,primary_available,-0.0778474207862506,observed,1153,1155,1154,1154,7560
2023-01-10,raw_reversal,matched_complete8,-0.08010750066493694,observed,1144,1155,1154,1154,7560
2023-01-10,univariate_reversal_ridge,primary_available,-0.08010750066493694,observed,1144,1155,1154,1145,7560
2023-01-10,univariate_reversal_ridge,matched_complete8,-0.08010750066493694,observed,1144,1155,1154,1145,7560
2023-01-10,ridge,primary_available,-0.20687565302710623,observed,1144,1155,1154,1145,7560
2023-01-10,ridge,matched_complete8,-0.20687565302710623,observed,1144,1155,1154,1145,7560
2023-01-11,raw_reversal,primary_available,-0.06154869294584991,observed,1154,1156,1154,1156,7561
2023-01-11,raw_reversal,matched_complete8,-0.06322371738801469,observed,1145,1156,1154,1156,7561
2023-01-11,univariate_reversal_ridge,primary_available,-0.06322371738801469,observed,1145,1156,1154,1147,7561
2023-01-11,univariate_reversal_ridge,matched_complete8,-0.06322371738801469,observed,1145,1156,1154,1147,7561
2023-01-11,ridge,primary_available,-0.11084199982311235,observed,1145,1156,1154,1147,7561
2023-01-11,ridge,matched_complete8,-0.11084199982311235,observed,1145,1156,1154,1147,7561
2023-01-12,raw_reversal,primary_available,-0.23853346818530785,observed,1150,1151,1150,1151,7562
2023-01-12,raw_reversal,matched_complete8,-0.23280838922189376,observed,1130,1151,1150,1151,7562
2023-01-12,univariate_reversal_ridge,primary_available,-0.23280838922189376,observed,1130,1151,1150,1131,7562
2023-01-12,univariate_reversal_ridge,matched_complete8,-0.23280838922189376,observed,1130,1151,1150,1131,7562
2023-01-12,ridge,primary_available,-0.27112978039308905,observed,1130,1151,1150,1131,7562
2023-01-12,ridge,matched_complete8,-0.27112978039308905,observed,1130,1151,1150,1131,7562
2023-01-13,raw_reversal,primary_available,-0.2658402991780498,observed,1146,1146,1146,1146,7563
2023-01-13,raw_reversal,matched_complete8,-0.2656846339970054,observed,1131,1146,1146,1146,7563
2023-01-13,univariate_reversal_ridge,primary_available,-0.2656846339970054,observed,1131,1146,1146,1131,7563
2023-01-13,univariate_reversal_ridge,matched_complete8,-0.2656846339970054,observed,1131,1146,1146,1131,7563
2023-01-13,ridge,primary_available,-0.3073333851467347,observed,1131,1146,1146,1131,7563
2023-01-13,ridge,matched_complete8,-0.3073333851467347,observed,1131,1146,1146,1131,7563
2023-01-17,raw_reversal,primary_available,0.033568952014989564,observed,1141,1142,1142,1141,7564
2023-01-17,raw_reversal,matched_complete8,0.03529943808142133,observed,1131,1142,1142,1141,7564
2023-01-17,univariate_reversal_ridge,primary_available,0.03529943808142133,observed,1131,1142,1142,1131,7564
2023-01-17,univariate_reversal_ridge,matched_complete8,0.03529943808142133,observed,1131,1142,1142,1131,7564
2023-01-17,ridge,primary_available,0.03448573293842066,observed,1131,1142,1142,1131,7564
2023-01-17,ridge,matched_complete8,0.03448573293842066,observed,1131,1142,1142,1131,7564
2023-01-18,raw_reversal,primary_available,-0.17806105168633218,observed,1088,1089,1089,1088,7565
2023-01-18,raw_reversal,matched_complete8,-0.17603184775936986,observed,1080,1089,1089,1088,7565
2023-01-18,univariate_reversal_ridge,primary_available,-0.17603184775936986,observed,1080,1089,1089,1080,7565
2023-01-18,univariate_reversal_ridge,matched_complete8,-0.17603184775936986,observed,1080,1089,1089,1080,7565
2023-01-18,ridge,primary_available,-0.13924414691724066,observed,1080,1089,1089,1080,7565
2023-01-18,ridge,matched_complete8,-0.13924414691724066,observed,1080,1089,1089,1080,7565
2023-01-19,raw_reversal,primary_available,0.04320674652328433,observed,1084,1085,1085,1084,7566
2023-01-19,raw_reversal,matched_complete8,0.04634825877687283,observed,1067,1085,1085,1084,7566
2023-01-19,univariate_reversal_ridge,primary_available,0.04634825877687283,observed,1067,1085,1085,1067,7566
2023-01-19,univariate_reversal_ridge,matched_complete8,0.04634825877687283,observed,1067,1085,1085,1067,7566
2023-01-19,ridge,primary_available,0.04971256801725818,observed,1067,1085,1085,1067,7566
2023-01-19,ridge,matched_complete8,0.04971256801725818,observed,1067,1085,1085,1067,7566
2023-01-20,raw_reversal,primary_available,-0.0333479748391128,observed,1089,1090,1090,1089,7567
2023-01-20,raw_reversal,matched_complete8,-0.0323312800115477,observed,1077,1090,1090,1089,7567
2023-01-20,univariate_reversal_ridge,primary_available,-0.0323312800115477,observed,1077,1090,1090,1077,7567
2023-01-20,univariate_reversal_ridge,matched_complete8,-0.0323312800115477,observed,1077,1090,1090,1077,7567
2023-01-20,ridge,primary_available,-0.16272059751515364,observed,1077,1090,1090,1077,7567
2023-01-20,ridge,matched_complete8,-0.16272059751515364,observed,1077,1090,1090,1077,7567
2023-01-23,raw_reversal,primary_available,0.09923837049892542,observed,1100,1101,1101,1100,7568
2023-01-23,raw_reversal,matched_complete8,0.10180904194706233,observed,1094,1101,1101,1100,7568
2023-01-23,univariate_reversal_ridge,primary_available,0.10180904194706233,observed,1094,1101,1101,1094,7568
2023-01-23,univariate_reversal_ridge,matched_complete8,0.10180904194706233,observed,1094,1101,1101,1094,7568
2023-01-23,ridge,primary_available,0.09817474251443171,observed,1094,1101,1101,1094,7568
2023-01-23,ridge,matched_complete8,0.09817474251443171,observed,1094,1101,1101,1094,7568
2023-01-24,raw_reversal,primary_available,-0.074700918395901,observed,1096,1096,1096,1096,7569
2023-01-24,raw_reversal,matched_complete8,-0.07542469242402706,observed,1084,1096,1096,1096,7569
2023-01-24,univariate_reversal_ridge,primary_available,-0.07542469242402706,observed,1084,1096,1096,1084,7569
2023-01-24,univariate_reversal_ridge,matched_complete8,-0.07542469242402706,observed,1084,1096,1096,1084,7569
2023-01-24,ridge,primary_available,-0.026240982580371008,observed,1084,1096,1096,1084,7569
2023-01-24,ridge,matched_complete8,-0.026240982580371008,observed,1084,1096,1096,1084,7569
2023-01-25,raw_reversal,primary_available,-0.06182963171609066,observed,1112,1112,1112,1112,7570
2023-01-25,raw_reversal,matched_complete8,-0.06242374382957744,observed,1102,1112,1112,1112,7570
2023-01-25,univariate_reversal_ridge,primary_available,-0.06242374382957744,observed,1102,1112,1112,1102,7570
2023-01-25,univariate_reversal_ridge,matched_complete8,-0.06242374382957744,observed,1102,1112,1112,1102,7570
2023-01-25,ridge,primary_available,-0.10240464057015922,observed,1102,1112,1112,1102,7570
2023-01-25,ridge,matched_complete8,-0.10240464057015922,observed,1102,1112,1112,1102,7570
2023-01-26,raw_reversal,primary_available,-0.20030320746758207,observed,1120,1120,1120,1120,7571
2023-01-26,raw_reversal,matched_complete8,-0.19970705631800378,observed,1109,1120,1120,1120,7571
2023-01-26,univariate_reversal_ridge,primary_available,-0.19970705631800378,observed,1109,1120,1120,1109,7571
2023-01-26,univariate_reversal_ridge,matched_complete8,-0.19970705631800378,observed,1109,1120,1120,1109,7571
2023-01-26,ridge,primary_available,-0.15227609386571064,observed,1109,1120,1120,1109,7571
2023-01-26,ridge,matched_complete8,-0.15227609386571064,observed,1109,1120,1120,1109,7571
2023-01-27,raw_reversal,primary_available,-0.17412796591591034,observed,1125,1125,1125,1125,7572
2023-01-27,raw_reversal,matched_complete8,-0.17503910553839325,observed,1115,1125,1125,1125,7572
2023-01-27,univariate_reversal_ridge,primary_available,-0.17503910553839325,observed,1115,1125,1125,1115,7572
2023-01-27,univariate_reversal_ridge,matched_complete8,-0.17503910553839325,observed,1115,1125,1125,1115,7572
2023-01-27,ridge,primary_available,-0.22747908719726892,observed,1115,1125,1125,1115,7572
2023-01-27,ridge,matched_complete8,-0.22747908719726892,observed,1115,1125,1125,1115,7572
2023-01-30,raw_reversal,primary_available,0.014363706433802439,observed,1130,1131,1130,1131,7573
2023-01-30,raw_reversal,matched_complete8,0.012251791126541308,observed,1117,1131,1130,1131,7573
2023-01-30,univariate_reversal_ridge,primary_available,0.012251791126541308,observed,1117,1131,1130,1118,7573
2023-01-30,univariate_reversal_ridge,matched_complete8,0.012251791126541308,observed,1117,1131,1130,1118,7573
2023-01-30,ridge,primary_available,0.08267724014425297,observed,1117,1131,1130,1118,7573
2023-01-30,ridge,matched_complete8,0.08267724014425297,observed,1117,1131,1130,1118,7573
2023-01-31,raw_reversal,primary_available,-0.13184957223823984,observed,1149,1151,1149,1151,7574
2023-01-31,raw_reversal,matched_complete8,-0.1352135827633914,observed,1136,1151,1149,1151,7574
2023-01-31,univariate_reversal_ridge,primary_available,-0.1352135827633914,observed,1136,1151,1149,1138,7574
2023-01-31,univariate_reversal_ridge,matched_complete8,-0.1352135827633914,observed,1136,1151,1149,1138,7574
2023-01-31,ridge,primary_available,-0.19564875449856042,observed,1136,1151,1149,1138,7574
2023-01-31,ridge,matched_complete8,-0.19564875449856042,observed,1136,1151,1149,1138,7574
2023-02-01,raw_reversal,primary_available,0.07398250836224539,observed,1153,1153,1153,1153,7575
2023-02-01,raw_reversal,matched_complete8,0.07116344423874665,observed,1144,1153,1153,1153,7575
2023-02-01,univariate_reversal_ridge,primary_available,0.07116344423874665,observed,1144,1153,1153,1144,7575
2023-02-01,univariate_reversal_ridge,matched_complete8,0.07116344423874665,observed,1144,1153,1153,1144,7575
2023-02-01,ridge,primary_available,0.07104619540238578,observed,1144,1153,1153,1144,7575
2023-02-01,ridge,matched_complete8,0.07104619540238578,observed,1144,1153,1153,1144,7575
2023-02-02,raw_reversal,primary_available,0.38254273355584617,observed,1165,1165,1165,1165,7576
2023-02-02,raw_reversal,matched_complete8,0.3811886603379636,observed,1152,1165,1165,1165,7576
2023-02-02,univariate_reversal_ridge,primary_available,0.3811886603379636,observed,1152,1165,1165,1152,7576
2023-02-02,univariate_reversal_ridge,matched_complete8,0.3811886603379636,observed,1152,1165,1165,1152,7576
2023-02-02,ridge,primary_available,0.40673405589840117,observed,1152,1165,1165,1152,7576
2023-02-02,ridge,matched_complete8,0.40673405589840117,observed,1152,1165,1165,1152,7576
2023-02-03,raw_reversal,primary_available,0.3604050284073685,observed,1169,1169,1169,1169,7577
2023-02-03,raw_reversal,matched_complete8,0.36028253136744914,observed,1150,1169,1169,1169,7577
2023-02-03,univariate_reversal_ridge,primary_available,0.36028253136744914,observed,1150,1169,1169,1150,7577
2023-02-03,univariate_reversal_ridge,matched_complete8,0.36028253136744914,observed,1150,1169,1169,1150,7577
2023-02-03,ridge,primary_available,0.25632832668925165,observed,1150,1169,1169,1150,7577
2023-02-03,ridge,matched_complete8,0.25632832668925165,observed,1150,1169,1169,1150,7577
2023-02-06,raw_reversal,primary_available,0.3264827444230982,observed,1168,1168,1168,1168,7578
2023-02-06,raw_reversal,matched_complete8,0.3273147009968692,observed,1153,1168,1168,1168,7578
2023-02-06,univariate_reversal_ridge,primary_available,0.3273147009968692,observed,1153,1168,1168,1153,7578
2023-02-06,univariate_reversal_ridge,matched_complete8,0.3273147009968692,observed,1153,1168,1168,1153,7578
2023-02-06,ridge,primary_available,0.20630351278883155,observed,1153,1168,1168,1153,7578
2023-02-06,ridge,matched_complete8,0.20630351278883155,observed,1153,1168,1168,1153,7578
2023-02-07,raw_reversal,primary_available,0.1988036710827559,observed,1174,1174,1174,1174,7579
2023-02-07,raw_reversal,matched_complete8,0.19880945452899115,observed,1162,1174,1174,1174,7579
2023-02-07,univariate_reversal_ridge,primary_available,0.19880945452899115,observed,1162,1174,1174,1162,7579
2023-02-07,univariate_reversal_ridge,matched_complete8,0.19880945452899115,observed,1162,1174,1174,1162,7579
2023-02-07,ridge,primary_available,0.1489099724486386,observed,1162,1174,1174,1162,7579
2023-02-07,ridge,matched_complete8,0.1489099724486386,observed,1162,1174,1174,1162,7579
2023-02-08,raw_reversal,primary_available,0.05602591410308367,observed,1170,1170,1170,1170,7580
2023-02-08,raw_reversal,matched_complete8,0.0549936974584305,observed,1158,1170,1170,1170,7580
2023-02-08,univariate_reversal_ridge,primary_available,0.0549936974584305,observed,1158,1170,1170,1158,7580
2023-02-08,univariate_reversal_ridge,matched_complete8,0.0549936974584305,observed,1158,1170,1170,1158,7580
2023-02-08,ridge,primary_available,0.010618274499820961,observed,1158,1170,1170,1158,7580
2023-02-08,ridge,matched_complete8,0.010618274499820961,observed,1158,1170,1170,1158,7580
2023-02-09,raw_reversal,primary_available,0.13849329803712873,observed,1169,1169,1169,1169,7581
2023-02-09,raw_reversal,matched_complete8,0.14007490546833665,observed,1139,1169,1169,1169,7581
2023-02-09,univariate_reversal_ridge,primary_available,0.14007490546833665,observed,1139,1169,1169,1139,7581
2023-02-09,univariate_reversal_ridge,matched_complete8,0.14007490546833665,observed,1139,1169,1169,1139,7581
2023-02-09,ridge,primary_available,0.14596937513593222,observed,1139,1169,1169,1139,7581
2023-02-09,ridge,matched_complete8,0.14596937513593222,observed,1139,1169,1169,1139,7581
2023-02-10,raw_reversal,primary_available,0.12770898030791686,observed,1169,1169,1169,1169,7582
2023-02-10,raw_reversal,matched_complete8,0.1291650178430403,observed,1150,1169,1169,1169,7582
2023-02-10,univariate_reversal_ridge,primary_available,0.1291650178430403,observed,1150,1169,1169,1150,7582
2023-02-10,univariate_reversal_ridge,matched_complete8,0.1291650178430403,observed,1150,1169,1169,1150,7582
2023-02-10,ridge,primary_available,0.1383786186413917,observed,1150,1169,1169,1150,7582
2023-02-10,ridge,matched_complete8,0.1383786186413917,observed,1150,1169,1169,1150,7582
2023-02-13,raw_reversal,primary_available,0.07144090549030539,observed,1164,1165,1164,1165,7583
2023-02-13,raw_reversal,matched_complete8,0.06307169121897171,observed,1144,1165,1164,1165,7583
2023-02-13,univariate_reversal_ridge,primary_available,0.06307169121897171,observed,1144,1165,1164,1145,7583
2023-02-13,univariate_reversal_ridge,matched_complete8,0.06307169121897171,observed,1144,1165,1164,1145,7583
2023-02-13,ridge,primary_available,0.1914401021963752,observed,1144,1165,1164,1145,7583
2023-02-13,ridge,matched_complete8,0.1914401021963752,observed,1144,1165,1164,1145,7583
2023-02-14,raw_reversal,primary_available,0.038076133560100915,observed,1168,1168,1168,1168,7584
2023-02-14,raw_reversal,matched_complete8,0.038231034900745635,observed,1144,1168,1168,1168,7584
2023-02-14,univariate_reversal_ridge,primary_available,0.038231034900745635,observed,1144,1168,1168,1144,7584
2023-02-14,univariate_reversal_ridge,matched_complete8,0.038231034900745635,observed,1144,1168,1168,1144,7584
2023-02-14,ridge,primary_available,0.1339180117918237,observed,1144,1168,1168,1144,7584
2023-02-14,ridge,matched_complete8,0.1339180117918237,observed,1144,1168,1168,1144,7584
2023-02-15,raw_reversal,primary_available,0.11401930666165222,observed,1176,1176,1176,1176,7585
2023-02-15,raw_reversal,matched_complete8,0.11706171946892996,observed,1162,1176,1176,1176,7585
2023-02-15,univariate_reversal_ridge,primary_available,0.11706171946892996,observed,1162,1176,1176,1162,7585
2023-02-15,univariate_reversal_ridge,matched_complete8,0.11706171946892996,observed,1162,1176,1176,1162,7585
2023-02-15,ridge,primary_available,0.21660128033561826,observed,1162,1176,1176,1162,7585
2023-02-15,ridge,matched_complete8,0.21660128033561826,observed,1162,1176,1176,1162,7585
2023-02-16,raw_reversal,primary_available,0.10053421621411421,observed,1176,1176,1176,1176,7586
2023-02-16,raw_reversal,matched_complete8,0.10251577069691882,observed,1149,1176,1176,1176,7586
2023-02-16,univariate_reversal_ridge,primary_available,0.10251577069691882,observed,1149,1176,1176,1149,7586
2023-02-16,univariate_reversal_ridge,matched_complete8,0.10251577069691882,observed,1149,1176,1176,1149,7586
2023-02-16,ridge,primary_available,0.06750388335714598,observed,1149,1176,1176,1149,7586
2023-02-16,ridge,matched_complete8,0.06750388335714598,observed,1149,1176,1176,1149,7586
2023-02-17,raw_reversal,primary_available,0.17886938743710012,observed,1179,1179,1179,1179,7587
2023-02-17,raw_reversal,matched_complete8,0.18204640828902344,observed,1150,1179,1179,1179,7587
2023-02-17,univariate_reversal_ridge,primary_available,0.18204640828902344,observed,1150,1179,1179,1150,7587
2023-02-17,univariate_reversal_ridge,matched_complete8,0.18204640828902344,observed,1150,1179,1179,1150,7587
2023-02-17,ridge,primary_available,0.24774570056048437,observed,1150,1179,1179,1150,7587
2023-02-17,ridge,matched_complete8,0.24774570056048437,observed,1150,1179,1179,1150,7587
2023-02-21,raw_reversal,primary_available,0.13176139176913082,observed,1181,1184,1181,1184,7588
2023-02-21,raw_reversal,matched_complete8,0.13289581432278239,observed,1167,1184,1181,1184,7588
2023-02-21,univariate_reversal_ridge,primary_available,0.13289581432278239,observed,1167,1184,1181,1170,7588
2023-02-21,univariate_reversal_ridge,matched_complete8,0.13289581432278239,observed,1167,1184,1181,1170,7588
2023-02-21,ridge,primary_available,0.19619207441247052,observed,1167,1184,1181,1170,7588
2023-02-21,ridge,matched_complete8,0.19619207441247052,observed,1167,1184,1181,1170,7588
2023-02-22,raw_reversal,primary_available,0.024857997256419104,observed,1189,1191,1189,1190,7589
2023-02-22,raw_reversal,matched_complete8,0.023197214360413443,observed,1175,1191,1189,1190,7589
2023-02-22,univariate_reversal_ridge,primary_available,0.023197214360413443,observed,1175,1191,1189,1176,7589
2023-02-22,univariate_reversal_ridge,matched_complete8,0.023197214360413443,observed,1175,1191,1189,1176,7589
2023-02-22,ridge,primary_available,0.10172109429468174,observed,1175,1191,1189,1176,7589
2023-02-22,ridge,matched_complete8,0.10172109429468174,observed,1175,1191,1189,1176,7589
2023-02-23,raw_reversal,primary_available,0.10267681157509916,observed,1194,1196,1194,1196,7590
2023-02-23,raw_reversal,matched_complete8,0.10643624054649568,observed,1168,1196,1194,1196,7590
2023-02-23,univariate_reversal_ridge,primary_available,0.10643624054649568,observed,1168,1196,1194,1170,7590
2023-02-23,univariate_reversal_ridge,matched_complete8,0.10643624054649568,observed,1168,1196,1194,1170,7590
2023-02-23,ridge,primary_available,0.09929643373829125,observed,1168,1196,1194,1170,7590
2023-02-23,ridge,matched_complete8,0.09929643373829125,observed,1168,1196,1194,1170,7590
2023-02-24,raw_reversal,primary_available,0.22097232648021448,observed,1193,1194,1193,1194,7591
2023-02-24,raw_reversal,matched_complete8,0.22103153247518462,observed,1170,1194,1193,1194,7591
2023-02-24,univariate_reversal_ridge,primary_available,0.22103153247518462,observed,1170,1194,1193,1171,7591
2023-02-24,univariate_reversal_ridge,matched_complete8,0.22103153247518462,observed,1170,1194,1193,1171,7591
2023-02-24,ridge,primary_available,0.18301166614743047,observed,1170,1194,1193,1171,7591
2023-02-24,ridge,matched_complete8,0.18301166614743047,observed,1170,1194,1193,1171,7591
2023-02-27,raw_reversal,primary_available,0.04086713467995432,observed,1194,1196,1194,1196,7592
2023-02-27,raw_reversal,matched_complete8,0.04337102784194756,observed,1164,1196,1194,1196,7592
2023-02-27,univariate_reversal_ridge,primary_available,0.04337102784194756,observed,1164,1196,1194,1166,7592
2023-02-27,univariate_reversal_ridge,matched_complete8,0.04337102784194756,observed,1164,1196,1194,1166,7592
2023-02-27,ridge,primary_available,0.004542882646303948,observed,1164,1196,1194,1166,7592
2023-02-27,ridge,matched_complete8,0.004542882646303948,observed,1164,1196,1194,1166,7592
2023-02-28,raw_reversal,primary_available,0.025477313223532905,observed,1216,1219,1216,1219,7593
2023-02-28,raw_reversal,matched_complete8,0.02673743217646262,observed,1166,1219,1216,1219,7593
2023-02-28,univariate_reversal_ridge,primary_available,0.02673743217646262,observed,1166,1219,1216,1168,7593
2023-02-28,univariate_reversal_ridge,matched_complete8,0.02673743217646262,observed,1166,1219,1216,1168,7593
2023-02-28,ridge,primary_available,0.03962432086828938,observed,1166,1219,1216,1168,7593
2023-02-28,ridge,matched_complete8,0.03962432086828938,observed,1166,1219,1216,1168,7593
2023-03-01,raw_reversal,primary_available,0.0479407441860316,observed,1210,1210,1210,1210,7594
2023-03-01,raw_reversal,matched_complete8,0.05082476354711769,observed,1192,1210,1210,1210,7594
2023-03-01,univariate_reversal_ridge,primary_available,0.05082476354711769,observed,1192,1210,1210,1192,7594
2023-03-01,univariate_reversal_ridge,matched_complete8,0.05082476354711769,observed,1192,1210,1210,1192,7594
2023-03-01,ridge,primary_available,0.07435359955427788,observed,1192,1210,1210,1192,7594
2023-03-01,ridge,matched_complete8,0.07435359955427788,observed,1192,1210,1210,1192,7594
2023-03-02,raw_reversal,primary_available,-0.04648243310447847,observed,1212,1213,1212,1213,7595
2023-03-02,raw_reversal,matched_complete8,-0.04108805233970387,observed,1187,1213,1212,1213,7595
2023-03-02,univariate_reversal_ridge,primary_available,-0.04108805233970387,observed,1187,1213,1212,1188,7595
2023-03-02,univariate_reversal_ridge,matched_complete8,-0.04108805233970387,observed,1187,1213,1212,1188,7595
2023-03-02,ridge,primary_available,-0.07527040346602105,observed,1187,1213,1212,1188,7595
2023-03-02,ridge,matched_complete8,-0.07527040346602105,observed,1187,1213,1212,1188,7595
2023-03-03,raw_reversal,primary_available,0.16773007745135668,observed,1201,1203,1201,1203,7596
2023-03-03,raw_reversal,matched_complete8,0.17475697406459118,observed,1182,1203,1201,1203,7596
2023-03-03,univariate_reversal_ridge,primary_available,0.17475697406459118,observed,1182,1203,1201,1184,7596
2023-03-03,univariate_reversal_ridge,matched_complete8,0.17475697406459118,observed,1182,1203,1201,1184,7596
2023-03-03,ridge,primary_available,0.2594868604365583,observed,1182,1203,1201,1184,7596
2023-03-03,ridge,matched_complete8,0.2594868604365583,observed,1182,1203,1201,1184,7596
2023-03-06,raw_reversal,primary_available,0.007653737553840201,observed,1199,1201,1199,1201,7597
2023-03-06,raw_reversal,matched_complete8,0.006557069363382312,observed,1182,1201,1199,1201,7597
2023-03-06,univariate_reversal_ridge,primary_available,0.006557069363382312,observed,1182,1201,1199,1184,7597
2023-03-06,univariate_reversal_ridge,matched_complete8,0.006557069363382312,observed,1182,1201,1199,1184,7597
2023-03-06,ridge,primary_available,-0.03262400026107313,observed,1182,1201,1199,1184,7597
2023-03-06,ridge,matched_complete8,-0.03262400026107313,observed,1182,1201,1199,1184,7597
2023-03-07,raw_reversal,primary_available,-0.12061902240313382,observed,1197,1199,1197,1199,7598
2023-03-07,raw_reversal,matched_complete8,-0.12123473569130272,observed,1178,1199,1197,1199,7598
2023-03-07,univariate_reversal_ridge,primary_available,-0.12123473569130272,observed,1178,1199,1197,1180,7598
2023-03-07,univariate_reversal_ridge,matched_complete8,-0.12123473569130272,observed,1178,1199,1197,1180,7598
2023-03-07,ridge,primary_available,-0.1453100642637595,observed,1178,1199,1197,1180,7598
2023-03-07,ridge,matched_complete8,-0.1453100642637595,observed,1178,1199,1197,1180,7598
2023-03-08,raw_reversal,primary_available,-0.25361605164902906,observed,1195,1197,1195,1197,7599
2023-03-08,raw_reversal,matched_complete8,-0.2538468136137815,observed,1176,1197,1195,1197,7599
2023-03-08,univariate_reversal_ridge,primary_available,-0.2538468136137815,observed,1176,1197,1195,1178,7599
2023-03-08,univariate_reversal_ridge,matched_complete8,-0.2538468136137815,observed,1176,1197,1195,1178,7599
2023-03-08,ridge,primary_available,-0.22738281234148058,observed,1176,1197,1195,1178,7599
2023-03-08,ridge,matched_complete8,-0.22738281234148058,observed,1176,1197,1195,1178,7599
2023-03-09,raw_reversal,primary_available,-0.3326426402260499,observed,1198,1201,1198,1201,7600
2023-03-09,raw_reversal,matched_complete8,-0.33183143873070003,observed,1154,1201,1198,1201,7600
2023-03-09,univariate_reversal_ridge,primary_available,-0.33183143873070003,observed,1154,1201,1198,1157,7600
2023-03-09,univariate_reversal_ridge,matched_complete8,-0.33183143873070003,observed,1154,1201,1198,1157,7600
2023-03-09,ridge,primary_available,-0.3533624014918738,observed,1154,1201,1198,1157,7600
2023-03-09,ridge,matched_complete8,-0.3533624014918738,observed,1154,1201,1198,1157,7600
2023-03-10,raw_reversal,primary_available,-0.22343847954936585,observed,1194,1196,1194,1195,7601
2023-03-10,raw_reversal,matched_complete8,-0.22069262686739766,observed,1183,1196,1194,1195,7601
2023-03-10,univariate_reversal_ridge,primary_available,-0.22069262686739766,observed,1183,1196,1194,1184,7601
2023-03-10,univariate_reversal_ridge,matched_complete8,-0.22069262686739766,observed,1183,1196,1194,1184,7601
2023-03-10,ridge,primary_available,-0.1678316057455431,observed,1183,1196,1194,1184,7601
2023-03-10,ridge,matched_complete8,-0.1678316057455431,observed,1183,1196,1194,1184,7601
2023-03-13,raw_reversal,primary_available,-0.3704185196472844,observed,1211,1212,1211,1212,7602
2023-03-13,raw_reversal,matched_complete8,-0.37252309873949263,observed,1199,1212,1211,1212,7602
2023-03-13,univariate_reversal_ridge,primary_available,-0.37252309873949263,observed,1199,1212,1211,1200,7602
2023-03-13,univariate_reversal_ridge,matched_complete8,-0.37252309873949263,observed,1199,1212,1211,1200,7602
2023-03-13,ridge,primary_available,-0.2827260702973546,observed,1199,1212,1211,1200,7602
2023-03-13,ridge,matched_complete8,-0.2827260702973546,observed,1199,1212,1211,1200,7602
2023-03-14,raw_reversal,primary_available,0.18095928049683851,observed,1225,1226,1225,1226,7603
2023-03-14,raw_reversal,matched_complete8,0.1702646533444548,observed,1165,1226,1225,1226,7603
2023-03-14,univariate_reversal_ridge,primary_available,0.1702646533444548,observed,1165,1226,1225,1166,7603
2023-03-14,univariate_reversal_ridge,matched_complete8,0.1702646533444548,observed,1165,1226,1225,1166,7603
2023-03-14,ridge,primary_available,0.13516643478841223,observed,1165,1226,1225,1166,7603
2023-03-14,ridge,matched_complete8,0.13516643478841223,observed,1165,1226,1225,1166,7603
2023-03-15,raw_reversal,primary_available,0.18967143496456373,observed,1231,1232,1231,1232,7604
2023-03-15,raw_reversal,matched_complete8,0.1868598397208947,observed,1220,1232,1231,1232,7604
2023-03-15,univariate_reversal_ridge,primary_available,0.1868598397208947,observed,1220,1232,1231,1221,7604
2023-03-15,univariate_reversal_ridge,matched_complete8,0.1868598397208947,observed,1220,1232,1231,1221,7604
2023-03-15,ridge,primary_available,0.24467085932995866,observed,1220,1232,1231,1221,7604
2023-03-15,ridge,matched_complete8,0.24467085932995866,observed,1220,1232,1231,1221,7604
2023-03-16,raw_reversal,primary_available,-0.1650366809850851,observed,1239,1240,1239,1240,7605
2023-03-16,raw_reversal,matched_complete8,-0.16602339314139936,observed,1212,1240,1239,1240,7605
2023-03-16,univariate_reversal_ridge,primary_available,-0.16602339314139936,observed,1212,1240,1239,1213,7605
2023-03-16,univariate_reversal_ridge,matched_complete8,-0.16602339314139936,observed,1212,1240,1239,1213,7605
2023-03-16,ridge,primary_available,-0.06736179268365311,observed,1212,1240,1239,1213,7605
2023-03-16,ridge,matched_complete8,-0.06736179268365311,observed,1212,1240,1239,1213,7605
2023-03-17,raw_reversal,primary_available,0.10139837675518326,observed,1260,1262,1260,1262,7606
2023-03-17,raw_reversal,matched_complete8,0.09791339163946897,observed,1249,1262,1260,1262,7606
2023-03-17,univariate_reversal_ridge,primary_available,0.09791339163946897,observed,1249,1262,1260,1251,7606
2023-03-17,univariate_reversal_ridge,matched_complete8,0.09791339163946897,observed,1249,1262,1260,1251,7606
2023-03-17,ridge,primary_available,0.0837855294631253,observed,1249,1262,1260,1251,7606
2023-03-17,ridge,matched_complete8,0.0837855294631253,observed,1249,1262,1260,1251,7606
2023-03-20,raw_reversal,primary_available,-0.027079525720743174,observed,1260,1261,1260,1261,7607
2023-03-20,raw_reversal,matched_complete8,-0.030298704733554827,observed,1254,1261,1260,1261,7607
2023-03-20,univariate_reversal_ridge,primary_available,-0.030298704733554827,observed,1254,1261,1260,1255,7607
2023-03-20,univariate_reversal_ridge,matched_complete8,-0.030298704733554827,observed,1254,1261,1260,1255,7607
2023-03-20,ridge,primary_available,-0.00908469439309126,observed,1254,1261,1260,1255,7607
2023-03-20,ridge,matched_complete8,-0.00908469439309126,observed,1254,1261,1260,1255,7607
2023-03-21,raw_reversal,primary_available,0.140260715196269,observed,1262,1262,1262,1262,7608
2023-03-21,raw_reversal,matched_complete8,0.14156084935176122,observed,1255,1262,1262,1262,7608
2023-03-21,univariate_reversal_ridge,primary_available,0.14156084935176122,observed,1255,1262,1262,1255,7608
2023-03-21,univariate_reversal_ridge,matched_complete8,0.14156084935176122,observed,1255,1262,1262,1255,7608
2023-03-21,ridge,primary_available,0.27661267515233545,observed,1255,1262,1262,1255,7608
2023-03-21,ridge,matched_complete8,0.27661267515233545,observed,1255,1262,1262,1255,7608
2023-03-22,raw_reversal,primary_available,0.08498242854896876,observed,1254,1254,1254,1254,7609
2023-03-22,raw_reversal,matched_complete8,0.08245748169428646,observed,1246,1254,1254,1254,7609
2023-03-22,univariate_reversal_ridge,primary_available,0.08245748169428646,observed,1246,1254,1254,1246,7609
2023-03-22,univariate_reversal_ridge,matched_complete8,0.08245748169428646,observed,1246,1254,1254,1246,7609
2023-03-22,ridge,primary_available,0.04603818716382525,observed,1246,1254,1254,1246,7609
2023-03-22,ridge,matched_complete8,0.04603818716382525,observed,1246,1254,1254,1246,7609
2023-03-23,raw_reversal,primary_available,0.25259290278678986,observed,1250,1251,1250,1251,7610
2023-03-23,raw_reversal,matched_complete8,0.25846450597943776,observed,1243,1251,1250,1251,7610
2023-03-23,univariate_reversal_ridge,primary_available,0.25846450597943776,observed,1243,1251,1250,1244,7610
2023-03-23,univariate_reversal_ridge,matched_complete8,0.25846450597943776,observed,1243,1251,1250,1244,7610
2023-03-23,ridge,primary_available,0.2728102069017767,observed,1243,1251,1250,1244,7610
2023-03-23,ridge,matched_complete8,0.2728102069017767,observed,1243,1251,1250,1244,7610
2023-03-24,raw_reversal,primary_available,0.07265522238048648,observed,1251,1252,1251,1252,7611
2023-03-24,raw_reversal,matched_complete8,0.07624272270058044,observed,1243,1252,1251,1252,7611
2023-03-24,univariate_reversal_ridge,primary_available,0.07624272270058044,observed,1243,1252,1251,1244,7611
2023-03-24,univariate_reversal_ridge,matched_complete8,0.07624272270058044,observed,1243,1252,1251,1244,7611
2023-03-24,ridge,primary_available,0.12981665578121585,observed,1243,1252,1251,1244,7611
2023-03-24,ridge,matched_complete8,0.12981665578121585,observed,1243,1252,1251,1244,7611
2023-03-27,raw_reversal,primary_available,0.016894934454052598,observed,1250,1251,1250,1251,7612
2023-03-27,raw_reversal,matched_complete8,0.018014799311442568,observed,1244,1251,1250,1251,7612
2023-03-27,univariate_reversal_ridge,primary_available,0.018014799311442568,observed,1244,1251,1250,1245,7612
2023-03-27,univariate_reversal_ridge,matched_complete8,0.018014799311442568,observed,1244,1251,1250,1245,7612
2023-03-27,ridge,primary_available,-0.00858120078342295,observed,1244,1251,1250,1245,7612
2023-03-27,ridge,matched_complete8,-0.00858120078342295,observed,1244,1251,1250,1245,7612
2023-03-28,raw_reversal,primary_available,-0.06731762886326587,observed,1237,1239,1237,1239,7613
2023-03-28,raw_reversal,matched_complete8,-0.06985396873256343,observed,1229,1239,1237,1239,7613
2023-03-28,univariate_reversal_ridge,primary_available,-0.06985396873256343,observed,1229,1239,1237,1231,7613
2023-03-28,univariate_reversal_ridge,matched_complete8,-0.06985396873256343,observed,1229,1239,1237,1231,7613
2023-03-28,ridge,primary_available,-0.014813083466241628,observed,1229,1239,1237,1231,7613
2023-03-28,ridge,matched_complete8,-0.014813083466241628,observed,1229,1239,1237,1231,7613
2023-03-29,raw_reversal,primary_available,-0.09021913018275823,observed,1226,1228,1226,1228,7614
2023-03-29,raw_reversal,matched_complete8,-0.08850864250321605,observed,1221,1228,1226,1228,7614
2023-03-29,univariate_reversal_ridge,primary_available,-0.08850864250321605,observed,1221,1228,1226,1223,7614
2023-03-29,univariate_reversal_ridge,matched_complete8,-0.08850864250321605,observed,1221,1228,1226,1223,7614
2023-03-29,ridge,primary_available,0.0352267616414498,observed,1221,1228,1226,1223,7614
2023-03-29,ridge,matched_complete8,0.0352267616414498,observed,1221,1228,1226,1223,7614
2023-03-30,raw_reversal,primary_available,-0.09918867626820246,observed,1223,1224,1223,1224,7615
2023-03-30,raw_reversal,matched_complete8,-0.1015362847352482,observed,1189,1224,1223,1224,7615
2023-03-30,univariate_reversal_ridge,primary_available,-0.1015362847352482,observed,1189,1224,1223,1190,7615
2023-03-30,univariate_reversal_ridge,matched_complete8,-0.1015362847352482,observed,1189,1224,1223,1190,7615
2023-03-30,ridge,primary_available,-0.09806426114318811,observed,1189,1224,1223,1190,7615
2023-03-30,ridge,matched_complete8,-0.09806426114318811,observed,1189,1224,1223,1190,7615
2023-03-31,raw_reversal,primary_available,0.1626570282700281,observed,1227,1228,1227,1228,7616
2023-03-31,raw_reversal,matched_complete8,0.16657878097488474,observed,1213,1228,1227,1228,7616
2023-03-31,univariate_reversal_ridge,primary_available,0.16657878097488474,observed,1213,1228,1227,1214,7616
2023-03-31,univariate_reversal_ridge,matched_complete8,0.16657878097488474,observed,1213,1228,1227,1214,7616
2023-03-31,ridge,primary_available,0.1869816669608139,observed,1213,1228,1227,1214,7616
2023-03-31,ridge,matched_complete8,0.1869816669608139,observed,1213,1228,1227,1214,7616
2023-04-03,raw_reversal,primary_available,0.05333738265966775,observed,1229,1229,1229,1229,7617
2023-04-03,raw_reversal,matched_complete8,0.05449925893431673,observed,1226,1229,1229,1229,7617
2023-04-03,univariate_reversal_ridge,primary_available,0.05449925893431673,observed,1226,1229,1229,1226,7617
2023-04-03,univariate_reversal_ridge,matched_complete8,0.05449925893431673,observed,1226,1229,1229,1226,7617
2023-04-03,ridge,primary_available,-0.003255772701130264,observed,1226,1229,1229,1226,7617
2023-04-03,ridge,matched_complete8,-0.003255772701130264,observed,1226,1229,1229,1226,7617
2023-04-04,raw_reversal,primary_available,0.10073414429813506,observed,1225,1226,1226,1225,7618
2023-04-04,raw_reversal,matched_complete8,0.10130893680786099,observed,1216,1226,1226,1225,7618
2023-04-04,univariate_reversal_ridge,primary_available,0.10130893680786099,observed,1216,1226,1226,1216,7618
2023-04-04,univariate_reversal_ridge,matched_complete8,0.10130893680786099,observed,1216,1226,1226,1216,7618
2023-04-04,ridge,primary_available,0.053184503953477645,observed,1216,1226,1226,1216,7618
2023-04-04,ridge,matched_complete8,0.053184503953477645,observed,1216,1226,1226,1216,7618
2023-04-05,raw_reversal,primary_available,0.18725383641988388,observed,1222,1223,1223,1222,7619
2023-04-05,raw_reversal,matched_complete8,0.18873067126357973,observed,1202,1223,1223,1222,7619
2023-04-05,univariate_reversal_ridge,primary_available,0.18873067126357973,observed,1202,1223,1223,1202,7619
2023-04-05,univariate_reversal_ridge,matched_complete8,0.18873067126357973,observed,1202,1223,1223,1202,7619
2023-04-05,ridge,primary_available,0.16617206820567282,observed,1202,1223,1223,1202,7619
2023-04-05,ridge,matched_complete8,0.16617206820567282,observed,1202,1223,1223,1202,7619
2023-04-06,raw_reversal,primary_available,0.1561227886304336,observed,1217,1218,1218,1217,7620
2023-04-06,raw_reversal,matched_complete8,0.14819116622596556,observed,1203,1218,1218,1217,7620
2023-04-06,univariate_reversal_ridge,primary_available,0.14819116622596556,observed,1203,1218,1218,1203,7620
2023-04-06,univariate_reversal_ridge,matched_complete8,0.14819116622596556,observed,1203,1218,1218,1203,7620
2023-04-06,ridge,primary_available,0.19074758645158957,observed,1203,1218,1218,1203,7620
2023-04-06,ridge,matched_complete8,0.19074758645158957,observed,1203,1218,1218,1203,7620
2023-04-10,raw_reversal,primary_available,0.1992877242696794,observed,1211,1212,1212,1211,7621
2023-04-10,raw_reversal,matched_complete8,0.20241424211580572,observed,1205,1212,1212,1211,7621
2023-04-10,univariate_reversal_ridge,primary_available,0.20241424211580572,observed,1205,1212,1212,1205,7621
2023-04-10,univariate_reversal_ridge,matched_complete8,0.20241424211580572,observed,1205,1212,1212,1205,7621
2023-04-10,ridge,primary_available,0.2022695557829838,observed,1205,1212,1212,1205,7621
2023-04-10,ridge,matched_complete8,0.2022695557829838,observed,1205,1212,1212,1205,7621
2023-04-11,raw_reversal,primary_available,0.06055735113277015,observed,1210,1211,1211,1210,7622
2023-04-11,raw_reversal,matched_complete8,0.058459314832842287,observed,1204,1211,1211,1210,7622
2023-04-11,univariate_reversal_ridge,primary_available,0.058459314832842287,observed,1204,1211,1211,1204,7622
2023-04-11,univariate_reversal_ridge,matched_complete8,0.058459314832842287,observed,1204,1211,1211,1204,7622
2023-04-11,ridge,primary_available,0.0676293934934299,observed,1204,1211,1211,1204,7622
2023-04-11,ridge,matched_complete8,0.0676293934934299,observed,1204,1211,1211,1204,7622
2023-04-12,raw_reversal,primary_available,-0.004116085202101647,observed,1190,1190,1190,1190,7623
2023-04-12,raw_reversal,matched_complete8,-0.004997239761770951,observed,1186,1190,1190,1190,7623
2023-04-12,univariate_reversal_ridge,primary_available,-0.004997239761770951,observed,1186,1190,1190,1186,7623
2023-04-12,univariate_reversal_ridge,matched_complete8,-0.004997239761770951,observed,1186,1190,1190,1186,7623
2023-04-12,ridge,primary_available,-0.037199276135760274,observed,1186,1190,1190,1186,7623
2023-04-12,ridge,matched_complete8,-0.037199276135760274,observed,1186,1190,1190,1186,7623
2023-04-13,raw_reversal,primary_available,0.0008922395253199108,observed,1178,1178,1178,1178,7624
2023-04-13,raw_reversal,matched_complete8,-0.002748733729117276,observed,1162,1178,1178,1178,7624
2023-04-13,univariate_reversal_ridge,primary_available,-0.002748733729117276,observed,1162,1178,1178,1162,7624
2023-04-13,univariate_reversal_ridge,matched_complete8,-0.002748733729117276,observed,1162,1178,1178,1162,7624
2023-04-13,ridge,primary_available,0.09275103549061328,observed,1162,1178,1178,1162,7624
2023-04-13,ridge,matched_complete8,0.09275103549061328,observed,1162,1178,1178,1162,7624
2023-04-14,raw_reversal,primary_available,0.02569382387331141,observed,1169,1169,1169,1169,7625
2023-04-14,raw_reversal,matched_complete8,0.026795391026238513,observed,1160,1169,1169,1169,7625
2023-04-14,univariate_reversal_ridge,primary_available,0.026795391026238513,observed,1160,1169,1169,1160,7625
2023-04-14,univariate_reversal_ridge,matched_complete8,0.026795391026238513,observed,1160,1169,1169,1160,7625
2023-04-14,ridge,primary_available,0.012479257570455848,observed,1160,1169,1169,1160,7625
2023-04-14,ridge,matched_complete8,0.012479257570455848,observed,1160,1169,1169,1160,7625
2023-04-17,raw_reversal,primary_available,-0.10883699483369631,observed,1134,1134,1134,1134,7626
2023-04-17,raw_reversal,matched_complete8,-0.10810120466503449,observed,1131,1134,1134,1134,7626
2023-04-17,univariate_reversal_ridge,primary_available,-0.10810120466503449,observed,1131,1134,1134,1131,7626
2023-04-17,univariate_reversal_ridge,matched_complete8,-0.10810120466503449,observed,1131,1134,1134,1131,7626
2023-04-17,ridge,primary_available,-0.0044718839557170275,observed,1131,1134,1134,1131,7626
2023-04-17,ridge,matched_complete8,-0.0044718839557170275,observed,1131,1134,1134,1131,7626
2023-04-18,raw_reversal,primary_available,-0.03452215840795597,observed,1126,1126,1126,1126,7627
2023-04-18,raw_reversal,matched_complete8,-0.035294738809696975,observed,1124,1126,1126,1126,7627
2023-04-18,univariate_reversal_ridge,primary_available,-0.035294738809696975,observed,1124,1126,1126,1124,7627
2023-04-18,univariate_reversal_ridge,matched_complete8,-0.035294738809696975,observed,1124,1126,1126,1124,7627
2023-04-18,ridge,primary_available,-0.0123379915822529,observed,1124,1126,1126,1124,7627
2023-04-18,ridge,matched_complete8,-0.0123379915822529,observed,1124,1126,1126,1124,7627
2023-04-19,raw_reversal,primary_available,-0.025526663422246684,observed,1123,1123,1123,1123,7628
2023-04-19,raw_reversal,matched_complete8,-0.02520417817162203,observed,1120,1123,1123,1123,7628
2023-04-19,univariate_reversal_ridge,primary_available,-0.02520417817162203,observed,1120,1123,1123,1120,7628
2023-04-19,univariate_reversal_ridge,matched_complete8,-0.02520417817162203,observed,1120,1123,1123,1120,7628
2023-04-19,ridge,primary_available,0.020412584121442322,observed,1120,1123,1123,1120,7628
2023-04-19,ridge,matched_complete8,0.020412584121442322,observed,1120,1123,1123,1120,7628
2023-04-20,raw_reversal,primary_available,-0.12573321504840215,observed,1120,1120,1120,1120,7629
2023-04-20,raw_reversal,matched_complete8,-0.12200916962357561,observed,1109,1120,1120,1120,7629
2023-04-20,univariate_reversal_ridge,primary_available,-0.12200916962357561,observed,1109,1120,1120,1109,7629
2023-04-20,univariate_reversal_ridge,matched_complete8,-0.12200916962357561,observed,1109,1120,1120,1109,7629
2023-04-20,ridge,primary_available,-0.07732722736167068,observed,1109,1120,1120,1109,7629
2023-04-20,ridge,matched_complete8,-0.07732722736167068,observed,1109,1120,1120,1109,7629
2023-04-21,raw_reversal,primary_available,-0.04711453880536202,observed,1118,1119,1118,1119,7630
2023-04-21,raw_reversal,matched_complete8,-0.04780740575312428,observed,1115,1119,1118,1119,7630
2023-04-21,univariate_reversal_ridge,primary_available,-0.04780740575312428,observed,1115,1119,1118,1116,7630
2023-04-21,univariate_reversal_ridge,matched_complete8,-0.04780740575312428,observed,1115,1119,1118,1116,7630
2023-04-21,ridge,primary_available,0.01845003226527394,observed,1115,1119,1118,1116,7630
2023-04-21,ridge,matched_complete8,0.01845003226527394,observed,1115,1119,1118,1116,7630
2023-04-24,raw_reversal,primary_available,-0.06425626760709442,observed,1114,1115,1114,1115,7631
2023-04-24,raw_reversal,matched_complete8,-0.06670197929945754,observed,1111,1115,1114,1115,7631
2023-04-24,univariate_reversal_ridge,primary_available,-0.06670197929945754,observed,1111,1115,1114,1112,7631
2023-04-24,univariate_reversal_ridge,matched_complete8,-0.06670197929945754,observed,1111,1115,1114,1112,7631
2023-04-24,ridge,primary_available,0.04492740934771433,observed,1111,1115,1114,1112,7631
2023-04-24,ridge,matched_complete8,0.04492740934771433,observed,1111,1115,1114,1112,7631
2023-04-25,raw_reversal,primary_available,-0.1666443291811463,observed,1120,1121,1120,1121,7632
2023-04-25,raw_reversal,matched_complete8,-0.1640601264284204,observed,1109,1121,1120,1121,7632
2023-04-25,univariate_reversal_ridge,primary_available,-0.1640601264284204,observed,1109,1121,1120,1110,7632
2023-04-25,univariate_reversal_ridge,matched_complete8,-0.1640601264284204,observed,1109,1121,1120,1110,7632
2023-04-25,ridge,primary_available,-0.1337274368972887,observed,1109,1121,1120,1110,7632
2023-04-25,ridge,matched_complete8,-0.1337274368972887,observed,1109,1121,1120,1110,7632
2023-04-26,raw_reversal,primary_available,-0.1939895663356363,observed,1122,1124,1122,1124,7633
2023-04-26,raw_reversal,matched_complete8,-0.19242448107974583,observed,1118,1124,1122,1124,7633
2023-04-26,univariate_reversal_ridge,primary_available,-0.19242448107974583,observed,1118,1124,1122,1120,7633
2023-04-26,univariate_reversal_ridge,matched_complete8,-0.19242448107974583,observed,1118,1124,1122,1120,7633
2023-04-26,ridge,primary_available,-0.060995910740570654,observed,1118,1124,1122,1120,7633
2023-04-26,ridge,matched_complete8,-0.060995910740570654,observed,1118,1124,1122,1120,7633
2023-04-27,raw_reversal,primary_available,-0.11839298471130161,observed,1122,1123,1122,1123,7634
2023-04-27,raw_reversal,matched_complete8,-0.11304986563692125,observed,1110,1123,1122,1123,7634
2023-04-27,univariate_reversal_ridge,primary_available,-0.11304986563692125,observed,1110,1123,1122,1111,7634
2023-04-27,univariate_reversal_ridge,matched_complete8,-0.11304986563692125,observed,1110,1123,1122,1111,7634
2023-04-27,ridge,primary_available,-0.029931106908585192,observed,1110,1123,1122,1111,7634
2023-04-27,ridge,matched_complete8,-0.029931106908585192,observed,1110,1123,1122,1111,7634
2023-04-28,raw_reversal,primary_available,-0.004853322039497001,observed,1128,1128,1128,1128,7635
2023-04-28,raw_reversal,matched_complete8,-0.002700644125877246,observed,1112,1128,1128,1128,7635
2023-04-28,univariate_reversal_ridge,primary_available,-0.002700644125877246,observed,1112,1128,1128,1112,7635
2023-04-28,univariate_reversal_ridge,matched_complete8,-0.002700644125877246,observed,1112,1128,1128,1112,7635
2023-04-28,ridge,primary_available,0.06714932249704766,observed,1112,1128,1128,1112,7635
2023-04-28,ridge,matched_complete8,0.06714932249704766,observed,1112,1128,1128,1112,7635
2023-05-01,raw_reversal,primary_available,-0.09987582015199373,observed,1125,1126,1125,1126,7636
2023-05-01,raw_reversal,matched_complete8,-0.10347323966680361,observed,1120,1126,1125,1126,7636
2023-05-01,univariate_reversal_ridge,primary_available,-0.10347323966680361,observed,1120,1126,1125,1121,7636
2023-05-01,univariate_reversal_ridge,matched_complete8,-0.10347323966680361,observed,1120,1126,1125,1121,7636
2023-05-01,ridge,primary_available,-0.06537029167113492,observed,1120,1126,1125,1121,7636
2023-05-01,ridge,matched_complete8,-0.06537029167113492,observed,1120,1126,1125,1121,7636
2023-05-02,raw_reversal,primary_available,0.08346230413175354,observed,1123,1124,1123,1124,7637
2023-05-02,raw_reversal,matched_complete8,0.08417780141143626,observed,1117,1124,1123,1124,7637
2023-05-02,univariate_reversal_ridge,primary_available,0.08417780141143626,observed,1117,1124,1123,1118,7637
2023-05-02,univariate_reversal_ridge,matched_complete8,0.08417780141143626,observed,1117,1124,1123,1118,7637
2023-05-02,ridge,primary_available,0.09501915041095803,observed,1117,1124,1123,1118,7637
2023-05-02,ridge,matched_complete8,0.09501915041095803,observed,1117,1124,1123,1118,7637
2023-05-03,raw_reversal,primary_available,0.10498237748512522,observed,1131,1131,1131,1131,7638
2023-05-03,raw_reversal,matched_complete8,0.10436771943888741,observed,1121,1131,1131,1131,7638
2023-05-03,univariate_reversal_ridge,primary_available,0.10436771943888741,observed,1121,1131,1131,1121,7638
2023-05-03,univariate_reversal_ridge,matched_complete8,0.10436771943888741,observed,1121,1131,1131,1121,7638
2023-05-03,ridge,primary_available,0.09747462626421242,observed,1121,1131,1131,1121,7638
2023-05-03,ridge,matched_complete8,0.09747462626421242,observed,1121,1131,1131,1121,7638
2023-05-04,raw_reversal,primary_available,-0.007908236545224163,observed,1134,1135,1134,1135,7639
2023-05-04,raw_reversal,matched_complete8,-0.01180904679310631,observed,1118,1135,1134,1135,7639
2023-05-04,univariate_reversal_ridge,primary_available,-0.01180904679310631,observed,1118,1135,1134,1119,7639
2023-05-04,univariate_reversal_ridge,matched_complete8,-0.01180904679310631,observed,1118,1135,1134,1119,7639
2023-05-04,ridge,primary_available,-0.01677297171260234,observed,1118,1135,1134,1119,7639
2023-05-04,ridge,matched_complete8,-0.01677297171260234,observed,1118,1135,1134,1119,7639
2023-05-05,raw_reversal,primary_available,-0.18588816758029797,observed,1144,1144,1144,1144,7640
2023-05-05,raw_reversal,matched_complete8,-0.1825213931108884,observed,1131,1144,1144,1144,7640
2023-05-05,univariate_reversal_ridge,primary_available,-0.1825213931108884,observed,1131,1144,1144,1131,7640
2023-05-05,univariate_reversal_ridge,matched_complete8,-0.1825213931108884,observed,1131,1144,1144,1131,7640
2023-05-05,ridge,primary_available,-0.04093969003228431,observed,1131,1144,1144,1131,7640
2023-05-05,ridge,matched_complete8,-0.04093969003228431,observed,1131,1144,1144,1131,7640
2023-05-08,raw_reversal,primary_available,-0.027613693125648046,observed,1149,1149,1149,1149,7641
2023-05-08,raw_reversal,matched_complete8,-0.027231036462470458,observed,1142,1149,1149,1149,7641
2023-05-08,univariate_reversal_ridge,primary_available,-0.027231036462470458,observed,1142,1149,1149,1142,7641
2023-05-08,univariate_reversal_ridge,matched_complete8,-0.027231036462470458,observed,1142,1149,1149,1142,7641
2023-05-08,ridge,primary_available,-0.04991105090658043,observed,1142,1149,1149,1142,7641
2023-05-08,ridge,matched_complete8,-0.04991105090658043,observed,1142,1149,1149,1142,7641
2023-05-09,raw_reversal,primary_available,-0.03795863652661008,observed,1149,1149,1149,1149,7642
2023-05-09,raw_reversal,matched_complete8,-0.037601349836785,observed,1135,1149,1149,1149,7642
2023-05-09,univariate_reversal_ridge,primary_available,-0.037601349836785,observed,1135,1149,1149,1135,7642
2023-05-09,univariate_reversal_ridge,matched_complete8,-0.037601349836785,observed,1135,1149,1149,1135,7642
2023-05-09,ridge,primary_available,0.01160400704322289,observed,1135,1149,1149,1135,7642
2023-05-09,ridge,matched_complete8,0.01160400704322289,observed,1135,1149,1149,1135,7642
2023-05-10,raw_reversal,primary_available,0.055048119115443585,observed,1157,1157,1157,1157,7643
2023-05-10,raw_reversal,matched_complete8,0.054917413106219934,observed,1142,1157,1157,1157,7643
2023-05-10,univariate_reversal_ridge,primary_available,0.054917413106219934,observed,1142,1157,1157,1142,7643
2023-05-10,univariate_reversal_ridge,matched_complete8,0.054917413106219934,observed,1142,1157,1157,1142,7643
2023-05-10,ridge,primary_available,0.013996677837804289,observed,1142,1157,1157,1142,7643
2023-05-10,ridge,matched_complete8,0.013996677837804289,observed,1142,1157,1157,1142,7643
2023-05-11,raw_reversal,primary_available,-0.0948390370088348,observed,1159,1161,1159,1161,7644
2023-05-11,raw_reversal,matched_complete8,-0.08969866207362544,observed,1136,1161,1159,1161,7644
2023-05-11,univariate_reversal_ridge,primary_available,-0.08969866207362544,observed,1136,1161,1159,1138,7644
2023-05-11,univariate_reversal_ridge,matched_complete8,-0.08969866207362544,observed,1136,1161,1159,1138,7644
2023-05-11,ridge,primary_available,-0.16156024703246136,observed,1136,1161,1159,1138,7644
2023-05-11,ridge,matched_complete8,-0.16156024703246136,observed,1136,1161,1159,1138,7644
2023-05-12,raw_reversal,primary_available,-0.00016403126437518803,observed,1161,1163,1162,1162,7645
2023-05-12,raw_reversal,matched_complete8,0.006404341061113919,observed,1127,1163,1162,1162,7645
2023-05-12,univariate_reversal_ridge,primary_available,0.006404341061113919,observed,1127,1163,1162,1128,7645
2023-05-12,univariate_reversal_ridge,matched_complete8,0.006404341061113919,observed,1127,1163,1162,1128,7645
2023-05-12,ridge,primary_available,-0.06431194834375856,observed,1127,1163,1162,1128,7645
2023-05-12,ridge,matched_complete8,-0.06431194834375856,observed,1127,1163,1162,1128,7645
2023-05-15,raw_reversal,primary_available,-0.1575485395566528,observed,1162,1163,1163,1162,7646
2023-05-15,raw_reversal,matched_complete8,-0.1601628459759304,observed,1151,1163,1163,1162,7646
2023-05-15,univariate_reversal_ridge,primary_available,-0.1601628459759304,observed,1151,1163,1163,1151,7646
2023-05-15,univariate_reversal_ridge,matched_complete8,-0.1601628459759304,observed,1151,1163,1163,1151,7646
2023-05-15,ridge,primary_available,-0.394624247661139,observed,1151,1163,1163,1151,7646
2023-05-15,ridge,matched_complete8,-0.394624247661139,observed,1151,1163,1163,1151,7646
2023-05-16,raw_reversal,primary_available,0.04176730544237237,observed,1158,1160,1159,1159,7647
2023-05-16,raw_reversal,matched_complete8,0.042693544430268654,observed,1143,1160,1159,1159,7647
2023-05-16,univariate_reversal_ridge,primary_available,0.042693544430268654,observed,1143,1160,1159,1144,7647
2023-05-16,univariate_reversal_ridge,matched_complete8,0.042693544430268654,observed,1143,1160,1159,1144,7647
2023-05-16,ridge,primary_available,-0.010768619175986618,observed,1143,1160,1159,1144,7647
2023-05-16,ridge,matched_complete8,-0.010768619175986618,observed,1143,1160,1159,1144,7647
2023-05-17,raw_reversal,primary_available,-0.20905734044545285,observed,1167,1169,1168,1168,7648
2023-05-17,raw_reversal,matched_complete8,-0.2043090572738518,observed,1149,1169,1168,1168,7648
2023-05-17,univariate_reversal_ridge,primary_available,-0.2043090572738518,observed,1149,1169,1168,1150,7648
2023-05-17,univariate_reversal_ridge,matched_complete8,-0.2043090572738518,observed,1149,1169,1168,1150,7648
2023-05-17,ridge,primary_available,-0.2579329151764981,observed,1149,1169,1168,1150,7648
2023-05-17,ridge,matched_complete8,-0.2579329151764981,observed,1149,1169,1168,1150,7648
2023-05-18,raw_reversal,primary_available,-0.21457063476379176,observed,1171,1173,1172,1172,7649
2023-05-18,raw_reversal,matched_complete8,-0.21375255013258307,observed,1148,1173,1172,1172,7649
2023-05-18,univariate_reversal_ridge,primary_available,-0.21375255013258307,observed,1148,1173,1172,1149,7649
2023-05-18,univariate_reversal_ridge,matched_complete8,-0.21375255013258307,observed,1148,1173,1172,1149,7649
2023-05-18,ridge,primary_available,-0.20509964762040678,observed,1148,1173,1172,1149,7649
2023-05-18,ridge,matched_complete8,-0.20509964762040678,observed,1148,1173,1172,1149,7649
2023-05-19,raw_reversal,primary_available,-0.38999418468748215,observed,1176,1178,1177,1177,7650
2023-05-19,raw_reversal,matched_complete8,-0.3895940863623503,observed,1162,1178,1177,1177,7650
2023-05-19,univariate_reversal_ridge,primary_available,-0.3895940863623503,observed,1162,1178,1177,1163,7650
2023-05-19,univariate_reversal_ridge,matched_complete8,-0.3895940863623503,observed,1162,1178,1177,1163,7650
2023-05-19,ridge,primary_available,-0.31573372343383815,observed,1162,1178,1177,1163,7650
2023-05-19,ridge,matched_complete8,-0.31573372343383815,observed,1162,1178,1177,1163,7650
2023-05-22,raw_reversal,primary_available,-0.2052635382779941,observed,1184,1185,1184,1185,7651
2023-05-22,raw_reversal,matched_complete8,-0.2052877908101728,observed,1169,1185,1184,1185,7651
2023-05-22,univariate_reversal_ridge,primary_available,-0.2052877908101728,observed,1169,1185,1184,1170,7651
2023-05-22,univariate_reversal_ridge,matched_complete8,-0.2052877908101728,observed,1169,1185,1184,1170,7651
2023-05-22,ridge,primary_available,-0.1223308881346553,observed,1169,1185,1184,1170,7651
2023-05-22,ridge,matched_complete8,-0.1223308881346553,observed,1169,1185,1184,1170,7651
2023-05-23,raw_reversal,primary_available,-0.04979761797703748,observed,1182,1184,1182,1184,7652
2023-05-23,raw_reversal,matched_complete8,-0.05030331401999689,observed,1172,1184,1182,1184,7652
2023-05-23,univariate_reversal_ridge,primary_available,-0.05030331401999689,observed,1172,1184,1182,1174,7652
2023-05-23,univariate_reversal_ridge,matched_complete8,-0.05030331401999689,observed,1172,1184,1182,1174,7652
2023-05-23,ridge,primary_available,0.06064586311153908,observed,1172,1184,1182,1174,7652
2023-05-23,ridge,matched_complete8,0.06064586311153908,observed,1172,1184,1182,1174,7652
2023-05-24,raw_reversal,primary_available,-0.059636516826353216,observed,1181,1182,1181,1182,7653
2023-05-24,raw_reversal,matched_complete8,-0.059827743033814385,observed,1169,1182,1181,1182,7653
2023-05-24,univariate_reversal_ridge,primary_available,-0.059827743033814385,observed,1169,1182,1181,1170,7653
2023-05-24,univariate_reversal_ridge,matched_complete8,-0.059827743033814385,observed,1169,1182,1181,1170,7653
2023-05-24,ridge,primary_available,-0.08155893096987314,observed,1169,1182,1181,1170,7653
2023-05-24,ridge,matched_complete8,-0.08155893096987314,observed,1169,1182,1181,1170,7653
2023-05-25,raw_reversal,primary_available,0.02962119426133854,observed,1180,1181,1180,1181,7654
2023-05-25,raw_reversal,matched_complete8,0.038290805737325295,observed,1157,1181,1180,1181,7654
2023-05-25,univariate_reversal_ridge,primary_available,0.038290805737325295,observed,1157,1181,1180,1158,7654
2023-05-25,univariate_reversal_ridge,matched_complete8,0.038290805737325295,observed,1157,1181,1180,1158,7654
2023-05-25,ridge,primary_available,0.003207220790314199,observed,1157,1181,1180,1158,7654
2023-05-25,ridge,matched_complete8,0.003207220790314199,observed,1157,1181,1180,1158,7654
2023-05-26,raw_reversal,primary_available,0.20876171497057922,observed,1169,1170,1169,1170,7655
2023-05-26,raw_reversal,matched_complete8,0.21241099032662636,observed,1145,1170,1169,1170,7655
2023-05-26,univariate_reversal_ridge,primary_available,0.21241099032662636,observed,1145,1170,1169,1146,7655
2023-05-26,univariate_reversal_ridge,matched_complete8,0.21241099032662636,observed,1145,1170,1169,1146,7655
2023-05-26,ridge,primary_available,0.18722193195609796,observed,1145,1170,1169,1146,7655
2023-05-26,ridge,matched_complete8,0.18722193195609796,observed,1145,1170,1169,1146,7655
2023-05-30,raw_reversal,primary_available,0.16314753476983174,observed,1164,1165,1164,1165,7656
2023-05-30,raw_reversal,matched_complete8,0.16922630960108323,observed,1139,1165,1164,1165,7656
2023-05-30,univariate_reversal_ridge,primary_available,0.16922630960108323,observed,1139,1165,1164,1140,7656
2023-05-30,univariate_reversal_ridge,matched_complete8,0.16922630960108323,observed,1139,1165,1164,1140,7656
2023-05-30,ridge,primary_available,0.0760192758345495,observed,1139,1165,1164,1140,7656
2023-05-30,ridge,matched_complete8,0.0760192758345495,observed,1139,1165,1164,1140,7656
2023-05-31,raw_reversal,primary_available,0.34252270957566694,observed,1172,1173,1172,1173,7657
2023-05-31,raw_reversal,matched_complete8,0.34528357372914437,observed,1118,1173,1172,1173,7657
2023-05-31,univariate_reversal_ridge,primary_available,0.34528357372914437,observed,1118,1173,1172,1119,7657
2023-05-31,univariate_reversal_ridge,matched_complete8,0.34528357372914437,observed,1118,1173,1172,1119,7657
2023-05-31,ridge,primary_available,0.34479189609269606,observed,1118,1173,1172,1119,7657
2023-05-31,ridge,matched_complete8,0.34479189609269606,observed,1118,1173,1172,1119,7657
2023-06-01,raw_reversal,primary_available,0.15040431341316404,observed,1165,1167,1166,1166,7658
2023-06-01,raw_reversal,matched_complete8,0.1607219661764479,observed,1141,1167,1166,1166,7658
2023-06-01,univariate_reversal_ridge,primary_available,0.1607219661764479,observed,1141,1167,1166,1142,7658
2023-06-01,univariate_reversal_ridge,matched_complete8,0.1607219661764479,observed,1141,1167,1166,1142,7658
2023-06-01,ridge,primary_available,0.020960368492064632,observed,1141,1167,1166,1142,7658
2023-06-01,ridge,matched_complete8,0.020960368492064632,observed,1141,1167,1166,1142,7658
2023-06-02,raw_reversal,primary_available,-0.18712608771655817,observed,1159,1160,1160,1159,7659
2023-06-02,raw_reversal,matched_complete8,-0.18793543418029848,observed,1146,1160,1160,1159,7659
2023-06-02,univariate_reversal_ridge,primary_available,-0.18793543418029848,observed,1146,1160,1160,1146,7659
2023-06-02,univariate_reversal_ridge,matched_complete8,-0.18793543418029848,observed,1146,1160,1160,1146,7659
2023-06-02,ridge,primary_available,-0.24640687137245199,observed,1146,1160,1160,1146,7659
2023-06-02,ridge,matched_complete8,-0.24640687137245199,observed,1146,1160,1160,1146,7659
2023-06-05,raw_reversal,primary_available,-0.013125921007876873,observed,1156,1157,1157,1156,7660
2023-06-05,raw_reversal,matched_complete8,-0.010121287637037677,observed,1145,1157,1157,1156,7660
2023-06-05,univariate_reversal_ridge,primary_available,-0.010121287637037677,observed,1145,1157,1157,1145,7660
2023-06-05,univariate_reversal_ridge,matched_complete8,-0.010121287637037677,observed,1145,1157,1157,1145,7660
2023-06-05,ridge,primary_available,0.017349541026158388,observed,1145,1157,1157,1145,7660
2023-06-05,ridge,matched_complete8,0.017349541026158388,observed,1145,1157,1157,1145,7660
2023-06-06,raw_reversal,primary_available,-0.040872767556163446,observed,1165,1166,1166,1165,7661
2023-06-06,raw_reversal,matched_complete8,-0.040365826546366994,observed,1149,1166,1166,1165,7661
2023-06-06,univariate_reversal_ridge,primary_available,-0.040365826546366994,observed,1149,1166,1166,1149,7661
2023-06-06,univariate_reversal_ridge,matched_complete8,-0.040365826546366994,observed,1149,1166,1166,1149,7661
2023-06-06,ridge,primary_available,-0.0889363990753082,observed,1149,1166,1166,1149,7661
2023-06-06,ridge,matched_complete8,-0.0889363990753082,observed,1149,1166,1166,1149,7661
2023-06-07,raw_reversal,primary_available,0.2081629016646711,observed,1178,1179,1179,1178,7662
2023-06-07,raw_reversal,matched_complete8,0.20217531557094093,observed,1165,1179,1179,1178,7662
2023-06-07,univariate_reversal_ridge,primary_available,0.20217531557094093,observed,1165,1179,1179,1165,7662
2023-06-07,univariate_reversal_ridge,matched_complete8,0.20217531557094093,observed,1165,1179,1179,1165,7662
2023-06-07,ridge,primary_available,0.2572594466933756,observed,1165,1179,1179,1165,7662
2023-06-07,ridge,matched_complete8,0.2572594466933756,observed,1165,1179,1179,1165,7662
2023-06-08,raw_reversal,primary_available,0.15336288805746384,observed,1176,1177,1176,1177,7663
2023-06-08,raw_reversal,matched_complete8,0.15638714034767395,observed,1147,1177,1176,1177,7663
2023-06-08,univariate_reversal_ridge,primary_available,0.15638714034767395,observed,1147,1177,1176,1148,7663
2023-06-08,univariate_reversal_ridge,matched_complete8,0.15638714034767395,observed,1147,1177,1176,1148,7663
2023-06-08,ridge,primary_available,0.0877097068268632,observed,1147,1177,1176,1148,7663
2023-06-08,ridge,matched_complete8,0.0877097068268632,observed,1147,1177,1176,1148,7663
2023-06-09,raw_reversal,primary_available,0.11087644655617185,observed,1176,1177,1177,1176,7664
2023-06-09,raw_reversal,matched_complete8,0.10924032355302143,observed,1165,1177,1177,1176,7664
2023-06-09,univariate_reversal_ridge,primary_available,0.10924032355302143,observed,1165,1177,1177,1165,7664
2023-06-09,univariate_reversal_ridge,matched_complete8,0.10924032355302143,observed,1165,1177,1177,1165,7664
2023-06-09,ridge,primary_available,0.04648388429382087,observed,1165,1177,1177,1165,7664
2023-06-09,ridge,matched_complete8,0.04648388429382087,observed,1165,1177,1177,1165,7664
2023-06-12,raw_reversal,primary_available,0.14181533725834633,observed,1180,1182,1181,1181,7665
2023-06-12,raw_reversal,matched_complete8,0.14048842515833226,observed,1175,1182,1181,1181,7665
2023-06-12,univariate_reversal_ridge,primary_available,0.14048842515833226,observed,1175,1182,1181,1176,7665
2023-06-12,univariate_reversal_ridge,matched_complete8,0.14048842515833226,observed,1175,1182,1181,1176,7665
2023-06-12,ridge,primary_available,0.13486283482040082,observed,1175,1182,1181,1176,7665
2023-06-12,ridge,matched_complete8,0.13486283482040082,observed,1175,1182,1181,1176,7665
2023-06-13,raw_reversal,primary_available,0.1688387922737583,observed,1188,1189,1189,1188,7666
2023-06-13,raw_reversal,matched_complete8,0.16788524922480835,observed,1176,1189,1189,1188,7666
2023-06-13,univariate_reversal_ridge,primary_available,0.16788524922480835,observed,1176,1189,1189,1176,7666
2023-06-13,univariate_reversal_ridge,matched_complete8,0.16788524922480835,observed,1176,1189,1189,1176,7666
2023-06-13,ridge,primary_available,0.23904632581684176,observed,1176,1189,1189,1176,7666
2023-06-13,ridge,matched_complete8,0.23904632581684176,observed,1176,1189,1189,1176,7666
2023-06-14,raw_reversal,primary_available,0.0013987754575824883,observed,1195,1197,1196,1196,7667
2023-06-14,raw_reversal,matched_complete8,0.015951670089096287,observed,1141,1197,1196,1196,7667
2023-06-14,univariate_reversal_ridge,primary_available,0.015951670089096287,observed,1141,1197,1196,1142,7667
2023-06-14,univariate_reversal_ridge,matched_complete8,0.015951670089096287,observed,1141,1197,1196,1142,7667
2023-06-14,ridge,primary_available,-0.002297913342536636,observed,1141,1197,1196,1142,7667
2023-06-14,ridge,matched_complete8,-0.002297913342536636,observed,1141,1197,1196,1142,7667
2023-06-15,raw_reversal,primary_available,0.05409232258551025,observed,1197,1199,1198,1198,7668
2023-06-15,raw_reversal,matched_complete8,0.05265902186943034,observed,1169,1199,1198,1198,7668
2023-06-15,univariate_reversal_ridge,primary_available,0.05265902186943034,observed,1169,1199,1198,1170,7668
2023-06-15,univariate_reversal_ridge,matched_complete8,0.05265902186943034,observed,1169,1199,1198,1170,7668
2023-06-15,ridge,primary_available,0.11530623523748586,observed,1169,1199,1198,1170,7668
2023-06-15,ridge,matched_complete8,0.11530623523748586,observed,1169,1199,1198,1170,7668
2023-06-16,raw_reversal,primary_available,-0.022929867495175348,observed,1229,1230,1230,1229,7669
2023-06-16,raw_reversal,matched_complete8,-0.02274059815684619,observed,1220,1230,1230,1229,7669
2023-06-16,univariate_reversal_ridge,primary_available,-0.02274059815684619,observed,1220,1230,1230,1220,7669
2023-06-16,univariate_reversal_ridge,matched_complete8,-0.02274059815684619,observed,1220,1230,1230,1220,7669
2023-06-16,ridge,primary_available,-0.02308640615428845,observed,1220,1230,1230,1220,7669
2023-06-16,ridge,matched_complete8,-0.02308640615428845,observed,1220,1230,1230,1220,7669
2023-06-20,raw_reversal,primary_available,-0.06131246317593068,observed,1237,1237,1237,1237,7670
2023-06-20,raw_reversal,matched_complete8,-0.06089421625844217,observed,1227,1237,1237,1237,7670
2023-06-20,univariate_reversal_ridge,primary_available,-0.06089421625844217,observed,1227,1237,1237,1227,7670
2023-06-20,univariate_reversal_ridge,matched_complete8,-0.06089421625844217,observed,1227,1237,1237,1227,7670
2023-06-20,ridge,primary_available,-0.0303185319897877,observed,1227,1237,1237,1227,7670
2023-06-20,ridge,matched_complete8,-0.0303185319897877,observed,1227,1237,1237,1227,7670
2023-06-21,raw_reversal,primary_available,0.053229937427174245,observed,1238,1238,1238,1238,7671
2023-06-21,raw_reversal,matched_complete8,0.05655478738819916,observed,1229,1238,1238,1238,7671
2023-06-21,univariate_reversal_ridge,primary_available,0.05655478738819916,observed,1229,1238,1238,1229,7671
2023-06-21,univariate_reversal_ridge,matched_complete8,0.05655478738819916,observed,1229,1238,1238,1229,7671
2023-06-21,ridge,primary_available,0.09230874226984108,observed,1229,1238,1238,1229,7671
2023-06-21,ridge,matched_complete8,0.09230874226984108,observed,1229,1238,1238,1229,7671
2023-06-22,raw_reversal,primary_available,0.13312607657441017,observed,1240,1240,1240,1240,7672
2023-06-22,raw_reversal,matched_complete8,0.13655287221064236,observed,1229,1240,1240,1240,7672
2023-06-22,univariate_reversal_ridge,primary_available,0.13655287221064236,observed,1229,1240,1240,1229,7672
2023-06-22,univariate_reversal_ridge,matched_complete8,0.13655287221064236,observed,1229,1240,1240,1229,7672
2023-06-22,ridge,primary_available,0.16056218826184462,observed,1229,1240,1240,1229,7672
2023-06-22,ridge,matched_complete8,0.16056218826184462,observed,1229,1240,1240,1229,7672
2023-06-23,raw_reversal,primary_available,0.1344664338856023,observed,1263,1265,1263,1265,7673
2023-06-23,raw_reversal,matched_complete8,0.1385865113523428,observed,1250,1265,1263,1265,7673
2023-06-23,univariate_reversal_ridge,primary_available,0.1385865113523428,observed,1250,1265,1263,1252,7673
2023-06-23,univariate_reversal_ridge,matched_complete8,0.1385865113523428,observed,1250,1265,1263,1252,7673
2023-06-23,ridge,primary_available,0.07195883265429674,observed,1250,1265,1263,1252,7673
2023-06-23,ridge,matched_complete8,0.07195883265429674,observed,1250,1265,1263,1252,7673
2023-06-26,raw_reversal,primary_available,0.08263371417633093,observed,1261,1263,1261,1263,7674
2023-06-26,raw_reversal,matched_complete8,0.07865747583092965,observed,1251,1263,1261,1263,7674
2023-06-26,univariate_reversal_ridge,primary_available,0.07865747583092965,observed,1251,1263,1261,1253,7674
2023-06-26,univariate_reversal_ridge,matched_complete8,0.07865747583092965,observed,1251,1263,1261,1253,7674
2023-06-26,ridge,primary_available,-0.008740190480827133,observed,1251,1263,1261,1253,7674
2023-06-26,ridge,matched_complete8,-0.008740190480827133,observed,1251,1263,1261,1253,7674
2023-06-27,raw_reversal,primary_available,0.07453462070688593,observed,1266,1269,1266,1269,7675
2023-06-27,raw_reversal,matched_complete8,0.07329925122641659,observed,1258,1269,1266,1269,7675
2023-06-27,univariate_reversal_ridge,primary_available,0.07329925122641659,observed,1258,1269,1266,1261,7675
2023-06-27,univariate_reversal_ridge,matched_complete8,0.07329925122641659,observed,1258,1269,1266,1261,7675
2023-06-27,ridge,primary_available,0.06465562794076173,observed,1258,1269,1266,1261,7675
2023-06-27,ridge,matched_complete8,0.06465562794076173,observed,1258,1269,1266,1261,7675
2023-06-28,raw_reversal,primary_available,0.141442616417696,observed,1269,1271,1269,1271,7676
2023-06-28,raw_reversal,matched_complete8,0.14649437579546162,observed,1260,1271,1269,1271,7676
2023-06-28,univariate_reversal_ridge,primary_available,0.14649437579546162,observed,1260,1271,1269,1262,7676
2023-06-28,univariate_reversal_ridge,matched_complete8,0.14649437579546162,observed,1260,1271,1269,1262,7676
2023-06-28,ridge,primary_available,0.13900638475239013,observed,1260,1271,1269,1262,7676
2023-06-28,ridge,matched_complete8,0.13900638475239013,observed,1260,1271,1269,1262,7676
2023-06-29,raw_reversal,primary_available,0.030167144705639182,observed,1260,1262,1260,1262,7677
2023-06-29,raw_reversal,matched_complete8,0.03247396291685721,observed,1226,1262,1260,1262,7677
2023-06-29,univariate_reversal_ridge,primary_available,0.03247396291685721,observed,1226,1262,1260,1228,7677
2023-06-29,univariate_reversal_ridge,matched_complete8,0.03247396291685721,observed,1226,1262,1260,1228,7677
2023-06-29,ridge,primary_available,-0.024569423911925778,observed,1226,1262,1260,1228,7677
2023-06-29,ridge,matched_complete8,-0.024569423911925778,observed,1226,1262,1260,1228,7677
2023-06-30,raw_reversal,primary_available,-0.15544897608334304,observed,1267,1268,1267,1268,7678
2023-06-30,raw_reversal,matched_complete8,-0.1513836653721129,observed,1247,1268,1267,1268,7678
2023-06-30,univariate_reversal_ridge,primary_available,-0.1513836653721129,observed,1247,1268,1267,1248,7678
2023-06-30,univariate_reversal_ridge,matched_complete8,-0.1513836653721129,observed,1247,1268,1267,1248,7678
2023-06-30,ridge,primary_available,-0.11699187478845947,observed,1247,1268,1267,1248,7678
2023-06-30,ridge,matched_complete8,-0.11699187478845947,observed,1247,1268,1267,1248,7678
2023-07-03,raw_reversal,primary_available,-0.2387808285842248,observed,1249,1250,1250,1249,7679
2023-07-03,raw_reversal,matched_complete8,-0.23634362193781158,observed,1237,1250,1250,1249,7679
2023-07-03,univariate_reversal_ridge,primary_available,-0.23634362193781158,observed,1237,1250,1250,1237,7679
2023-07-03,univariate_reversal_ridge,matched_complete8,-0.23634362193781158,observed,1237,1250,1250,1237,7679
2023-07-03,ridge,primary_available,-0.2582521107907138,observed,1237,1250,1250,1237,7679
2023-07-03,ridge,matched_complete8,-0.2582521107907138,observed,1237,1250,1250,1237,7679
2023-07-05,raw_reversal,primary_available,-0.06239533997958972,observed,1252,1254,1254,1252,7680
2023-07-05,raw_reversal,matched_complete8,-0.06194285545667394,observed,1235,1254,1254,1252,7680
2023-07-05,univariate_reversal_ridge,primary_available,-0.06194285545667394,observed,1235,1254,1254,1235,7680
2023-07-05,univariate_reversal_ridge,matched_complete8,-0.06194285545667394,observed,1235,1254,1254,1235,7680
2023-07-05,ridge,primary_available,0.044502757704196885,observed,1235,1254,1254,1235,7680
2023-07-05,ridge,matched_complete8,0.044502757704196885,observed,1235,1254,1254,1235,7680
2023-07-06,raw_reversal,primary_available,0.1811425237484629,observed,1248,1250,1250,1248,7681
2023-07-06,raw_reversal,matched_complete8,0.184892849677839,observed,1224,1250,1250,1248,7681
2023-07-06,univariate_reversal_ridge,primary_available,0.184892849677839,observed,1224,1250,1250,1224,7681
2023-07-06,univariate_reversal_ridge,matched_complete8,0.184892849677839,observed,1224,1250,1250,1224,7681
2023-07-06,ridge,primary_available,0.20945086490761614,observed,1224,1250,1250,1224,7681
2023-07-06,ridge,matched_complete8,0.20945086490761614,observed,1224,1250,1250,1224,7681
2023-07-07,raw_reversal,primary_available,0.17311890479162353,observed,1246,1248,1248,1246,7682
2023-07-07,raw_reversal,matched_complete8,0.1741383028990005,observed,1228,1248,1248,1246,7682
2023-07-07,univariate_reversal_ridge,primary_available,0.1741383028990005,observed,1228,1248,1248,1228,7682
2023-07-07,univariate_reversal_ridge,matched_complete8,0.1741383028990005,observed,1228,1248,1248,1228,7682
2023-07-07,ridge,primary_available,0.09849438468185386,observed,1228,1248,1248,1228,7682
2023-07-07,ridge,matched_complete8,0.09849438468185386,observed,1228,1248,1248,1228,7682
2023-07-10,raw_reversal,primary_available,0.02847635559643316,observed,1247,1250,1249,1248,7683
2023-07-10,raw_reversal,matched_complete8,0.029308478671032402,observed,1233,1250,1249,1248,7683
2023-07-10,univariate_reversal_ridge,primary_available,0.029308478671032402,observed,1233,1250,1249,1234,7683
2023-07-10,univariate_reversal_ridge,matched_complete8,0.029308478671032402,observed,1233,1250,1249,1234,7683
2023-07-10,ridge,primary_available,-0.05528954204100659,observed,1233,1250,1249,1234,7683
2023-07-10,ridge,matched_complete8,-0.05528954204100659,observed,1233,1250,1249,1234,7683
2023-07-11,raw_reversal,primary_available,0.008749354194718634,observed,1244,1245,1245,1244,7684
2023-07-11,raw_reversal,matched_complete8,0.013080139206256326,observed,1234,1245,1245,1244,7684
2023-07-11,univariate_reversal_ridge,primary_available,0.013080139206256326,observed,1234,1245,1245,1234,7684
2023-07-11,univariate_reversal_ridge,matched_complete8,0.013080139206256326,observed,1234,1245,1245,1234,7684
2023-07-11,ridge,primary_available,0.021854825486062497,observed,1234,1245,1245,1234,7684
2023-07-11,ridge,matched_complete8,0.021854825486062497,observed,1234,1245,1245,1234,7684
2023-07-12,raw_reversal,primary_available,-0.04434247079327855,observed,1244,1245,1244,1245,7685
2023-07-12,raw_reversal,matched_complete8,-0.043582917414178864,observed,1235,1245,1244,1245,7685
2023-07-12,univariate_reversal_ridge,primary_available,-0.043582917414178864,observed,1235,1245,1244,1236,7685
2023-07-12,univariate_reversal_ridge,matched_complete8,-0.043582917414178864,observed,1235,1245,1244,1236,7685
2023-07-12,ridge,primary_available,-0.011156232017673568,observed,1235,1245,1244,1236,7685
2023-07-12,ridge,matched_complete8,-0.011156232017673568,observed,1235,1245,1244,1236,7685
2023-07-13,raw_reversal,primary_available,0.1562810895671498,observed,1244,1245,1244,1245,7686
2023-07-13,raw_reversal,matched_complete8,0.16127318526077639,observed,1220,1245,1244,1245,7686
2023-07-13,univariate_reversal_ridge,primary_available,0.16127318526077639,observed,1220,1245,1244,1221,7686
2023-07-13,univariate_reversal_ridge,matched_complete8,0.16127318526077639,observed,1220,1245,1244,1221,7686
2023-07-13,ridge,primary_available,0.15736623873540412,observed,1220,1245,1244,1221,7686
2023-07-13,ridge,matched_complete8,0.15736623873540412,observed,1220,1245,1244,1221,7686
2023-07-14,raw_reversal,primary_available,0.18600656995652984,observed,1238,1239,1238,1239,7687
2023-07-14,raw_reversal,matched_complete8,0.19368777880257654,observed,1219,1239,1238,1239,7687
2023-07-14,univariate_reversal_ridge,primary_available,0.19368777880257654,observed,1219,1239,1238,1220,7687
2023-07-14,univariate_reversal_ridge,matched_complete8,0.19368777880257654,observed,1219,1239,1238,1220,7687
2023-07-14,ridge,primary_available,0.17626548397843847,observed,1219,1239,1238,1220,7687
2023-07-14,ridge,matched_complete8,0.17626548397843847,observed,1219,1239,1238,1220,7687
2023-07-17,raw_reversal,primary_available,0.21197290517401446,observed,1236,1237,1236,1237,7688
2023-07-17,raw_reversal,matched_complete8,0.22025473330636264,observed,1223,1237,1236,1237,7688
2023-07-17,univariate_reversal_ridge,primary_available,0.22025473330636264,observed,1223,1237,1236,1224,7688
2023-07-17,univariate_reversal_ridge,matched_complete8,0.22025473330636264,observed,1223,1237,1236,1224,7688
2023-07-17,ridge,primary_available,0.195124893128172,observed,1223,1237,1236,1224,7688
2023-07-17,ridge,matched_complete8,0.195124893128172,observed,1223,1237,1236,1224,7688
2023-07-18,raw_reversal,primary_available,0.24293553999415116,observed,1210,1211,1210,1211,7689
2023-07-18,raw_reversal,matched_complete8,0.24456966544393027,observed,1201,1211,1210,1211,7689
2023-07-18,univariate_reversal_ridge,primary_available,0.24456966544393027,observed,1201,1211,1210,1202,7689
2023-07-18,univariate_reversal_ridge,matched_complete8,0.24456966544393027,observed,1201,1211,1210,1202,7689
2023-07-18,ridge,primary_available,0.13537714459540395,observed,1201,1211,1210,1202,7689
2023-07-18,ridge,matched_complete8,0.13537714459540395,observed,1201,1211,1210,1202,7689
2023-07-19,raw_reversal,primary_available,0.009761944054252177,observed,1205,1205,1205,1205,7690
2023-07-19,raw_reversal,matched_complete8,0.006816186747996989,observed,1194,1205,1205,1205,7690
2023-07-19,univariate_reversal_ridge,primary_available,0.006816186747996989,observed,1194,1205,1205,1194,7690
2023-07-19,univariate_reversal_ridge,matched_complete8,0.006816186747996989,observed,1194,1205,1205,1194,7690
2023-07-19,ridge,primary_available,-0.06632498942387005,observed,1194,1205,1205,1194,7690
2023-07-19,ridge,matched_complete8,-0.06632498942387005,observed,1194,1205,1205,1194,7690
2023-07-20,raw_reversal,primary_available,-0.04448774804527194,observed,1205,1206,1206,1205,7691
2023-07-20,raw_reversal,matched_complete8,-0.04304414088400485,observed,1185,1206,1206,1205,7691
2023-07-20,univariate_reversal_ridge,primary_available,-0.04304414088400485,observed,1185,1206,1206,1185,7691
2023-07-20,univariate_reversal_ridge,matched_complete8,-0.04304414088400485,observed,1185,1206,1206,1185,7691
2023-07-20,ridge,primary_available,-0.06858130711091816,observed,1185,1206,1206,1185,7691
2023-07-20,ridge,matched_complete8,-0.06858130711091816,observed,1185,1206,1206,1185,7691
2023-07-21,raw_reversal,primary_available,-0.04406770318580883,observed,1203,1204,1204,1203,7692
2023-07-21,raw_reversal,matched_complete8,-0.04622243488747214,observed,1194,1204,1204,1203,7692
2023-07-21,univariate_reversal_ridge,primary_available,-0.04622243488747214,observed,1194,1204,1204,1194,7692
2023-07-21,univariate_reversal_ridge,matched_complete8,-0.04622243488747214,observed,1194,1204,1204,1194,7692
2023-07-21,ridge,primary_available,-0.01952735764781166,observed,1194,1204,1204,1194,7692
2023-07-21,ridge,matched_complete8,-0.01952735764781166,observed,1194,1204,1204,1194,7692
2023-07-24,raw_reversal,primary_available,0.03294778634491249,observed,1172,1173,1173,1172,7693
2023-07-24,raw_reversal,matched_complete8,0.034338053795099806,observed,1160,1173,1173,1172,7693
2023-07-24,univariate_reversal_ridge,primary_available,0.034338053795099806,observed,1160,1173,1173,1160,7693
2023-07-24,univariate_reversal_ridge,matched_complete8,0.034338053795099806,observed,1160,1173,1173,1160,7693
2023-07-24,ridge,primary_available,0.005800119339242077,observed,1160,1173,1173,1160,7693
2023-07-24,ridge,matched_complete8,0.005800119339242077,observed,1160,1173,1173,1160,7693
2023-07-25,raw_reversal,primary_available,0.1086946049675073,observed,1167,1168,1168,1167,7694
2023-07-25,raw_reversal,matched_complete8,0.10785728708572218,observed,1153,1168,1168,1167,7694
2023-07-25,univariate_reversal_ridge,primary_available,0.10785728708572218,observed,1153,1168,1168,1153,7694
2023-07-25,univariate_reversal_ridge,matched_complete8,0.10785728708572218,observed,1153,1168,1168,1153,7694
2023-07-25,ridge,primary_available,0.09635049181247043,observed,1153,1168,1168,1153,7694
2023-07-25,ridge,matched_complete8,0.09635049181247043,observed,1153,1168,1168,1153,7694
2023-07-26,raw_reversal,primary_available,-0.07307538230265942,observed,1166,1167,1167,1166,7695
2023-07-26,raw_reversal,matched_complete8,-0.07027592532248755,observed,1152,1167,1167,1166,7695
2023-07-26,univariate_reversal_ridge,primary_available,-0.07027592532248755,observed,1152,1167,1167,1152,7695
2023-07-26,univariate_reversal_ridge,matched_complete8,-0.07027592532248755,observed,1152,1167,1167,1152,7695
2023-07-26,ridge,primary_available,0.013207049202455792,observed,1152,1167,1167,1152,7695
2023-07-26,ridge,matched_complete8,0.013207049202455792,observed,1152,1167,1167,1152,7695
2023-07-27,raw_reversal,primary_available,-0.03596470270230833,observed,1159,1163,1159,1163,7696
2023-07-27,raw_reversal,matched_complete8,-0.03531371174555614,observed,1143,1163,1159,1163,7696
2023-07-27,univariate_reversal_ridge,primary_available,-0.03531371174555614,observed,1143,1163,1159,1146,7696
2023-07-27,univariate_reversal_ridge,matched_complete8,-0.03531371174555614,observed,1143,1163,1159,1146,7696
2023-07-27,ridge,primary_available,-0.001584219798569537,observed,1143,1163,1159,1146,7696
2023-07-27,ridge,matched_complete8,-0.001584219798569537,observed,1143,1163,1159,1146,7696
2023-07-28,raw_reversal,primary_available,-0.06763377253070411,observed,1156,1160,1156,1160,7697
2023-07-28,raw_reversal,matched_complete8,-0.06553857778957152,observed,1135,1160,1156,1160,7697
2023-07-28,univariate_reversal_ridge,primary_available,-0.06553857778957152,observed,1135,1160,1156,1138,7697
2023-07-28,univariate_reversal_ridge,matched_complete8,-0.06553857778957152,observed,1135,1160,1156,1138,7697
2023-07-28,ridge,primary_available,0.014894478151006012,observed,1135,1160,1156,1138,7697
2023-07-28,ridge,matched_complete8,0.014894478151006012,observed,1135,1160,1156,1138,7697
2023-07-31,raw_reversal,primary_available,0.08732268881197713,observed,1165,1170,1165,1170,7698
2023-07-31,raw_reversal,matched_complete8,0.08489033858921688,observed,1148,1170,1165,1170,7698
2023-07-31,univariate_reversal_ridge,primary_available,0.08489033858921688,observed,1148,1170,1165,1152,7698
2023-07-31,univariate_reversal_ridge,matched_complete8,0.08489033858921688,observed,1148,1170,1165,1152,7698
2023-07-31,ridge,primary_available,0.1716159670814383,observed,1148,1170,1165,1152,7698
2023-07-31,ridge,matched_complete8,0.1716159670814383,observed,1148,1170,1165,1152,7698
2023-08-01,raw_reversal,primary_available,0.0011700685817700109,observed,1178,1182,1178,1182,7699
2023-08-01,raw_reversal,matched_complete8,-0.00011049295660479941,observed,1164,1182,1178,1182,7699
2023-08-01,univariate_reversal_ridge,primary_available,-0.00011049295660479941,observed,1164,1182,1178,1167,7699
2023-08-01,univariate_reversal_ridge,matched_complete8,-0.00011049295660479941,observed,1164,1182,1178,1167,7699
2023-08-01,ridge,primary_available,0.022425392934609153,observed,1164,1182,1178,1167,7699
2023-08-01,ridge,matched_complete8,0.022425392934609153,observed,1164,1182,1178,1167,7699
2023-08-02,raw_reversal,primary_available,-0.0906603599682875,observed,1184,1188,1184,1188,7700
2023-08-02,raw_reversal,matched_complete8,-0.09514997543325841,observed,1172,1188,1184,1188,7700
2023-08-02,univariate_reversal_ridge,primary_available,-0.09514997543325841,observed,1172,1188,1184,1175,7700
2023-08-02,univariate_reversal_ridge,matched_complete8,-0.09514997543325841,observed,1172,1188,1184,1175,7700
2023-08-02,ridge,primary_available,-0.1001039611238258,observed,1172,1188,1184,1175,7700
2023-08-02,ridge,matched_complete8,-0.1001039611238258,observed,1172,1188,1184,1175,7700
2023-08-03,raw_reversal,primary_available,-0.05578886606104415,observed,1195,1197,1195,1197,7701
2023-08-03,raw_reversal,matched_complete8,-0.05902893828168795,observed,1176,1197,1195,1197,7701
2023-08-03,univariate_reversal_ridge,primary_available,-0.05902893828168795,observed,1176,1197,1195,1178,7701
2023-08-03,univariate_reversal_ridge,matched_complete8,-0.05902893828168795,observed,1176,1197,1195,1178,7701
2023-08-03,ridge,primary_available,-0.018897592618822647,observed,1176,1197,1195,1178,7701
2023-08-03,ridge,matched_complete8,-0.018897592618822647,observed,1176,1197,1195,1178,7701
2023-08-04,raw_reversal,primary_available,-0.1876413942099174,observed,1195,1200,1198,1197,7702
2023-08-04,raw_reversal,matched_complete8,-0.19234537448372271,observed,1170,1200,1198,1197,7702
2023-08-04,univariate_reversal_ridge,primary_available,-0.19234537448372271,observed,1170,1200,1198,1172,7702
2023-08-04,univariate_reversal_ridge,matched_complete8,-0.19234537448372271,observed,1170,1200,1198,1172,7702
2023-08-04,ridge,primary_available,-0.1721175967042561,observed,1170,1200,1198,1172,7702
2023-08-04,ridge,matched_complete8,-0.1721175967042561,observed,1170,1200,1198,1172,7702
2023-08-07,raw_reversal,primary_available,-0.10451933711289292,observed,1204,1208,1207,1205,7703
2023-08-07,raw_reversal,matched_complete8,-0.09901384454881375,observed,1188,1208,1207,1205,7703
2023-08-07,univariate_reversal_ridge,primary_available,-0.09901384454881375,observed,1188,1208,1207,1189,7703
2023-08-07,univariate_reversal_ridge,matched_complete8,-0.09901384454881375,observed,1188,1208,1207,1189,7703
2023-08-07,ridge,primary_available,-0.08665201029430701,observed,1188,1208,1207,1189,7703
2023-08-07,ridge,matched_complete8,-0.08665201029430701,observed,1188,1208,1207,1189,7703
2023-08-08,raw_reversal,primary_available,-0.11734008716634638,observed,1214,1219,1217,1216,7704
2023-08-08,raw_reversal,matched_complete8,-0.11954883829339669,observed,1197,1219,1217,1216,7704
2023-08-08,univariate_reversal_ridge,primary_available,-0.11954883829339669,observed,1197,1219,1217,1199,7704
2023-08-08,univariate_reversal_ridge,matched_complete8,-0.11954883829339669,observed,1197,1219,1217,1199,7704
2023-08-08,ridge,primary_available,-0.07972501101129248,observed,1197,1219,1217,1199,7704
2023-08-08,ridge,matched_complete8,-0.07972501101129248,observed,1197,1219,1217,1199,7704
2023-08-09,raw_reversal,primary_available,-0.1557148296244754,observed,1213,1217,1216,1214,7705
2023-08-09,raw_reversal,matched_complete8,-0.16131608459466457,observed,1183,1217,1216,1214,7705
2023-08-09,univariate_reversal_ridge,primary_available,-0.16131608459466457,observed,1183,1217,1216,1184,7705
2023-08-09,univariate_reversal_ridge,matched_complete8,-0.16131608459466457,observed,1183,1217,1216,1184,7705
2023-08-09,ridge,primary_available,-0.23550752969159927,observed,1183,1217,1216,1184,7705
2023-08-09,ridge,matched_complete8,-0.23550752969159927,observed,1183,1217,1216,1184,7705
2023-08-10,raw_reversal,primary_available,-0.09610732213070419,observed,1219,1223,1222,1220,7706
2023-08-10,raw_reversal,matched_complete8,-0.0947899460374484,observed,1190,1223,1222,1220,7706
2023-08-10,univariate_reversal_ridge,primary_available,-0.0947899460374484,observed,1190,1223,1222,1191,7706
2023-08-10,univariate_reversal_ridge,matched_complete8,-0.0947899460374484,observed,1190,1223,1222,1191,7706
2023-08-10,ridge,primary_available,-0.11488418466514877,observed,1190,1223,1222,1191,7706
2023-08-10,ridge,matched_complete8,-0.11488418466514877,observed,1190,1223,1222,1191,7706
2023-08-11,raw_reversal,primary_available,-0.06417545850762331,observed,1227,1227,1227,1227,7707
2023-08-11,raw_reversal,matched_complete8,-0.060348274576602086,observed,1198,1227,1227,1227,7707
2023-08-11,univariate_reversal_ridge,primary_available,-0.060348274576602086,observed,1198,1227,1227,1198,7707
2023-08-11,univariate_reversal_ridge,matched_complete8,-0.060348274576602086,observed,1198,1227,1227,1198,7707
2023-08-11,ridge,primary_available,-0.050693714328555156,observed,1198,1227,1227,1198,7707
2023-08-11,ridge,matched_complete8,-0.050693714328555156,observed,1198,1227,1227,1198,7707
2023-08-14,raw_reversal,primary_available,-0.07803912372952324,observed,1223,1223,1223,1223,7708
2023-08-14,raw_reversal,matched_complete8,-0.06720799613828628,observed,1185,1223,1223,1223,7708
2023-08-14,univariate_reversal_ridge,primary_available,-0.06720799613828628,observed,1185,1223,1223,1185,7708
2023-08-14,univariate_reversal_ridge,matched_complete8,-0.06720799613828628,observed,1185,1223,1223,1185,7708
2023-08-14,ridge,primary_available,-0.021669488129808595,observed,1185,1223,1223,1185,7708
2023-08-14,ridge,matched_complete8,-0.021669488129808595,observed,1185,1223,1223,1185,7708
2023-08-15,raw_reversal,primary_available,-0.11265206170605958,observed,1218,1218,1218,1218,7709
2023-08-15,raw_reversal,matched_complete8,-0.1083489163426127,observed,1193,1218,1218,1218,7709
2023-08-15,univariate_reversal_ridge,primary_available,-0.1083489163426127,observed,1193,1218,1218,1193,7709
2023-08-15,univariate_reversal_ridge,matched_complete8,-0.1083489163426127,observed,1193,1218,1218,1193,7709
2023-08-15,ridge,primary_available,-0.11789301962536812,observed,1193,1218,1218,1193,7709
2023-08-15,ridge,matched_complete8,-0.11789301962536812,observed,1193,1218,1218,1193,7709
2023-08-16,raw_reversal,primary_available,-0.09856055595292106,observed,1213,1213,1213,1213,7710
2023-08-16,raw_reversal,matched_complete8,-0.09770791517846551,observed,1180,1213,1213,1213,7710
2023-08-16,univariate_reversal_ridge,primary_available,-0.09770791517846551,observed,1180,1213,1213,1180,7710
2023-08-16,univariate_reversal_ridge,matched_complete8,-0.09770791517846551,observed,1180,1213,1213,1180,7710
2023-08-16,ridge,primary_available,-0.13117061064475904,observed,1180,1213,1213,1180,7710
2023-08-16,ridge,matched_complete8,-0.13117061064475904,observed,1180,1213,1213,1180,7710
2023-08-17,raw_reversal,primary_available,0.03152082535491535,observed,1209,1210,1209,1210,7711
2023-08-17,raw_reversal,matched_complete8,0.033057404759574485,observed,1172,1210,1209,1210,7711
2023-08-17,univariate_reversal_ridge,primary_available,0.033057404759574485,observed,1172,1210,1209,1173,7711
2023-08-17,univariate_reversal_ridge,matched_complete8,0.033057404759574485,observed,1172,1210,1209,1173,7711
2023-08-17,ridge,primary_available,0.09924647549258084,observed,1172,1210,1209,1173,7711
2023-08-17,ridge,matched_complete8,0.09924647549258084,observed,1172,1210,1209,1173,7711
2023-08-18,raw_reversal,primary_available,-0.01733033045238221,observed,1208,1209,1208,1209,7712
2023-08-18,raw_reversal,matched_complete8,-0.01739994350263576,observed,1184,1209,1208,1209,7712
2023-08-18,univariate_reversal_ridge,primary_available,-0.01739994350263576,observed,1184,1209,1208,1185,7712
2023-08-18,univariate_reversal_ridge,matched_complete8,-0.01739994350263576,observed,1184,1209,1208,1185,7712
2023-08-18,ridge,primary_available,-0.024241823073241457,observed,1184,1209,1208,1185,7712
2023-08-18,ridge,matched_complete8,-0.024241823073241457,observed,1184,1209,1208,1185,7712
2023-08-21,raw_reversal,primary_available,0.02096406256245644,observed,1207,1207,1207,1207,7713
2023-08-21,raw_reversal,matched_complete8,0.016287870575807516,observed,1190,1207,1207,1207,7713
2023-08-21,univariate_reversal_ridge,primary_available,0.016287870575807516,observed,1190,1207,1207,1190,7713
2023-08-21,univariate_reversal_ridge,matched_complete8,0.016287870575807516,observed,1190,1207,1207,1190,7713
2023-08-21,ridge,primary_available,0.06499349335057672,observed,1190,1207,1207,1190,7713
2023-08-21,ridge,matched_complete8,0.06499349335057672,observed,1190,1207,1207,1190,7713
2023-08-22,raw_reversal,primary_available,0.16206512878025447,observed,1203,1203,1203,1203,7714
2023-08-22,raw_reversal,matched_complete8,0.1591714910319992,observed,1186,1203,1203,1203,7714
2023-08-22,univariate_reversal_ridge,primary_available,0.1591714910319992,observed,1186,1203,1203,1186,7714
2023-08-22,univariate_reversal_ridge,matched_complete8,0.1591714910319992,observed,1186,1203,1203,1186,7714
2023-08-22,ridge,primary_available,0.18228345942401095,observed,1186,1203,1203,1186,7714
2023-08-22,ridge,matched_complete8,0.18228345942401095,observed,1186,1203,1203,1186,7714
2023-08-23,raw_reversal,primary_available,0.10039252115262777,observed,1200,1200,1200,1200,7715
2023-08-23,raw_reversal,matched_complete8,0.09769538554217506,observed,1184,1200,1200,1200,7715
2023-08-23,univariate_reversal_ridge,primary_available,0.09769538554217506,observed,1184,1200,1200,1184,7715
2023-08-23,univariate_reversal_ridge,matched_complete8,0.09769538554217506,observed,1184,1200,1200,1184,7715
2023-08-23,ridge,primary_available,0.07391499176867067,observed,1184,1200,1200,1184,7715
2023-08-23,ridge,matched_complete8,0.07391499176867067,observed,1184,1200,1200,1184,7715
2023-08-24,raw_reversal,primary_available,-0.07441947190823223,observed,1195,1197,1195,1197,7716
2023-08-24,raw_reversal,matched_complete8,-0.07576870423400443,observed,1167,1197,1195,1197,7716
2023-08-24,univariate_reversal_ridge,primary_available,-0.07576870423400443,observed,1167,1197,1195,1169,7716
2023-08-24,univariate_reversal_ridge,matched_complete8,-0.07576870423400443,observed,1167,1197,1195,1169,7716
2023-08-24,ridge,primary_available,0.10380958370923235,observed,1167,1197,1195,1169,7716
2023-08-24,ridge,matched_complete8,0.10380958370923235,observed,1167,1197,1195,1169,7716
2023-08-25,raw_reversal,primary_available,0.001887511968241626,observed,1189,1191,1189,1191,7717
2023-08-25,raw_reversal,matched_complete8,-0.0006391514481429777,observed,1166,1191,1189,1191,7717
2023-08-25,univariate_reversal_ridge,primary_available,-0.0006391514481429777,observed,1166,1191,1189,1168,7717
2023-08-25,univariate_reversal_ridge,matched_complete8,-0.0006391514481429777,observed,1166,1191,1189,1168,7717
2023-08-25,ridge,primary_available,0.02170583113694025,observed,1166,1191,1189,1168,7717
2023-08-25,ridge,matched_complete8,0.02170583113694025,observed,1166,1191,1189,1168,7717
2023-08-28,raw_reversal,primary_available,-0.02322063399731674,observed,1174,1176,1174,1176,7718
2023-08-28,raw_reversal,matched_complete8,-0.020279368890066193,observed,1158,1176,1174,1176,7718
2023-08-28,univariate_reversal_ridge,primary_available,-0.020279368890066193,observed,1158,1176,1174,1160,7718
2023-08-28,univariate_reversal_ridge,matched_complete8,-0.020279368890066193,observed,1158,1176,1174,1160,7718
2023-08-28,ridge,primary_available,-0.06359285364121134,observed,1158,1176,1174,1160,7718
2023-08-28,ridge,matched_complete8,-0.06359285364121134,observed,1158,1176,1174,1160,7718
2023-08-29,raw_reversal,primary_available,-0.008875229806065565,observed,1165,1167,1165,1167,7719
2023-08-29,raw_reversal,matched_complete8,-0.007361813251397168,observed,1151,1167,1165,1167,7719
2023-08-29,univariate_reversal_ridge,primary_available,-0.007361813251397168,observed,1151,1167,1165,1153,7719
2023-08-29,univariate_reversal_ridge,matched_complete8,-0.007361813251397168,observed,1151,1167,1165,1153,7719
2023-08-29,ridge,primary_available,0.052500724111399506,observed,1151,1167,1165,1153,7719
2023-08-29,ridge,matched_complete8,0.052500724111399506,observed,1151,1167,1165,1153,7719
2023-08-30,raw_reversal,primary_available,-0.0018665559987557805,observed,1151,1154,1151,1154,7720
2023-08-30,raw_reversal,matched_complete8,-0.006948906725411322,observed,1118,1154,1151,1154,7720
2023-08-30,univariate_reversal_ridge,primary_available,-0.006948906725411322,observed,1118,1154,1151,1121,7720
2023-08-30,univariate_reversal_ridge,matched_complete8,-0.006948906725411322,observed,1118,1154,1151,1121,7720
2023-08-30,ridge,primary_available,-0.013193505413729921,observed,1118,1154,1151,1121,7720
2023-08-30,ridge,matched_complete8,-0.013193505413729921,observed,1118,1154,1151,1121,7720
2023-08-31,raw_reversal,primary_available,0.06297297849562657,observed,1150,1153,1150,1153,7721
2023-08-31,raw_reversal,matched_complete8,0.05718248293228446,observed,1087,1153,1150,1153,7721
2023-08-31,univariate_reversal_ridge,primary_available,0.05718248293228446,observed,1087,1153,1150,1090,7721
2023-08-31,univariate_reversal_ridge,matched_complete8,0.05718248293228446,observed,1087,1153,1150,1090,7721
2023-08-31,ridge,primary_available,0.040381595343999925,observed,1087,1153,1150,1090,7721
2023-08-31,ridge,matched_complete8,0.040381595343999925,observed,1087,1153,1150,1090,7721
2023-09-01,raw_reversal,primary_available,0.2461024909195016,observed,1141,1142,1141,1142,7722
2023-09-01,raw_reversal,matched_complete8,0.24431712156680385,observed,1124,1142,1141,1142,7722
2023-09-01,univariate_reversal_ridge,primary_available,0.24431712156680385,observed,1124,1142,1141,1125,7722
2023-09-01,univariate_reversal_ridge,matched_complete8,0.24431712156680385,observed,1124,1142,1141,1125,7722
2023-09-01,ridge,primary_available,0.26413062790420083,observed,1124,1142,1141,1125,7722
2023-09-01,ridge,matched_complete8,0.26413062790420083,observed,1124,1142,1141,1125,7722
2023-09-05,raw_reversal,primary_available,0.12827262717157234,observed,1137,1138,1137,1138,7723
2023-09-05,raw_reversal,matched_complete8,0.1322130137598212,observed,1115,1138,1137,1138,7723
2023-09-05,univariate_reversal_ridge,primary_available,0.1322130137598212,observed,1115,1138,1137,1116,7723
2023-09-05,univariate_reversal_ridge,matched_complete8,0.1322130137598212,observed,1115,1138,1137,1116,7723
2023-09-05,ridge,primary_available,0.07502372610324974,observed,1115,1138,1137,1116,7723
2023-09-05,ridge,matched_complete8,0.07502372610324974,observed,1115,1138,1137,1116,7723
2023-09-06,raw_reversal,primary_available,0.025711369105593004,observed,1127,1127,1127,1127,7724
2023-09-06,raw_reversal,matched_complete8,0.02517332490813874,observed,1110,1127,1127,1127,7724
2023-09-06,univariate_reversal_ridge,primary_available,0.02517332490813874,observed,1110,1127,1127,1110,7724
2023-09-06,univariate_reversal_ridge,matched_complete8,0.02517332490813874,observed,1110,1127,1127,1110,7724
2023-09-06,ridge,primary_available,0.04423891661477489,observed,1110,1127,1127,1110,7724
2023-09-06,ridge,matched_complete8,0.04423891661477489,observed,1110,1127,1127,1110,7724
2023-09-07,raw_reversal,primary_available,0.059082587918636305,observed,1128,1128,1128,1128,7725
2023-09-07,raw_reversal,matched_complete8,0.059074466981299104,observed,1095,1128,1128,1128,7725
2023-09-07,univariate_reversal_ridge,primary_available,0.059074466981299104,observed,1095,1128,1128,1095,7725
2023-09-07,univariate_reversal_ridge,matched_complete8,0.059074466981299104,observed,1095,1128,1128,1095,7725
2023-09-07,ridge,primary_available,0.04741299646866437,observed,1095,1128,1128,1095,7725
2023-09-07,ridge,matched_complete8,0.04741299646866437,observed,1095,1128,1128,1095,7725
2023-09-08,raw_reversal,primary_available,-0.02186376774009241,observed,1125,1125,1125,1125,7726
2023-09-08,raw_reversal,matched_complete8,-0.018519555571504982,observed,1115,1125,1125,1125,7726
2023-09-08,univariate_reversal_ridge,primary_available,-0.018519555571504982,observed,1115,1125,1125,1115,7726
2023-09-08,univariate_reversal_ridge,matched_complete8,-0.018519555571504982,observed,1115,1125,1125,1115,7726
2023-09-08,ridge,primary_available,-0.07460964033407436,observed,1115,1125,1125,1115,7726
2023-09-08,ridge,matched_complete8,-0.07460964033407436,observed,1115,1125,1125,1115,7726
2023-09-11,raw_reversal,primary_available,-0.02112072498739967,observed,1125,1125,1125,1125,7727
2023-09-11,raw_reversal,matched_complete8,-0.01927741454518848,observed,1118,1125,1125,1125,7727
2023-09-11,univariate_reversal_ridge,primary_available,-0.01927741454518848,observed,1118,1125,1125,1118,7727
2023-09-11,univariate_reversal_ridge,matched_complete8,-0.01927741454518848,observed,1118,1125,1125,1118,7727
2023-09-11,ridge,primary_available,0.05186482966590668,observed,1118,1125,1125,1118,7727
2023-09-11,ridge,matched_complete8,0.05186482966590668,observed,1118,1125,1125,1118,7727
2023-09-12,raw_reversal,primary_available,-0.05271985232750649,observed,1126,1127,1126,1127,7728
2023-09-12,raw_reversal,matched_complete8,-0.04829995886669598,observed,1110,1127,1126,1127,7728
2023-09-12,univariate_reversal_ridge,primary_available,-0.04829995886669598,observed,1110,1127,1126,1111,7728
2023-09-12,univariate_reversal_ridge,matched_complete8,-0.04829995886669598,observed,1110,1127,1126,1111,7728
2023-09-12,ridge,primary_available,-0.01563297711125422,observed,1110,1127,1126,1111,7728
2023-09-12,ridge,matched_complete8,-0.01563297711125422,observed,1110,1127,1126,1111,7728
2023-09-13,raw_reversal,primary_available,-0.25174205163836844,observed,1131,1131,1131,1131,7729
2023-09-13,raw_reversal,matched_complete8,-0.25337775335213725,observed,1121,1131,1131,1131,7729
2023-09-13,univariate_reversal_ridge,primary_available,-0.25337775335213725,observed,1121,1131,1131,1121,7729
2023-09-13,univariate_reversal_ridge,matched_complete8,-0.25337775335213725,observed,1121,1131,1131,1121,7729
2023-09-13,ridge,primary_available,-0.22503083383849473,observed,1121,1131,1131,1121,7729
2023-09-13,ridge,matched_complete8,-0.22503083383849473,observed,1121,1131,1131,1121,7729
2023-09-14,raw_reversal,primary_available,-0.1269197772500177,observed,1133,1134,1134,1133,7730
2023-09-14,raw_reversal,matched_complete8,-0.1238251654678262,observed,1073,1134,1134,1133,7730
2023-09-14,univariate_reversal_ridge,primary_available,-0.1238251654678262,observed,1073,1134,1134,1073,7730
2023-09-14,univariate_reversal_ridge,matched_complete8,-0.1238251654678262,observed,1073,1134,1134,1073,7730
2023-09-14,ridge,primary_available,-0.017133601546803594,observed,1073,1134,1134,1073,7730
2023-09-14,ridge,matched_complete8,-0.017133601546803594,observed,1073,1134,1134,1073,7730
2023-09-15,raw_reversal,primary_available,-0.07724742831812137,observed,1184,1185,1185,1184,7731
2023-09-15,raw_reversal,matched_complete8,-0.07633904187477161,observed,1173,1185,1185,1184,7731
2023-09-15,univariate_reversal_ridge,primary_available,-0.07633904187477161,observed,1173,1185,1185,1173,7731
2023-09-15,univariate_reversal_ridge,matched_complete8,-0.07633904187477161,observed,1173,1185,1185,1173,7731
2023-09-15,ridge,primary_available,-0.009805749421717884,observed,1173,1185,1185,1173,7731
2023-09-15,ridge,matched_complete8,-0.009805749421717884,observed,1173,1185,1185,1173,7731
2023-09-18,raw_reversal,primary_available,-0.12990311656978906,observed,1176,1177,1177,1176,7732
2023-09-18,raw_reversal,matched_complete8,-0.1324942035520482,observed,1168,1177,1177,1176,7732
2023-09-18,univariate_reversal_ridge,primary_available,-0.1324942035520482,observed,1168,1177,1177,1168,7732
2023-09-18,univariate_reversal_ridge,matched_complete8,-0.1324942035520482,observed,1168,1177,1177,1168,7732
2023-09-18,ridge,primary_available,-0.12332848291936496,observed,1168,1177,1177,1168,7732
2023-09-18,ridge,matched_complete8,-0.12332848291936496,observed,1168,1177,1177,1168,7732
2023-09-19,raw_reversal,primary_available,-0.09021503635440245,observed,1172,1173,1173,1172,7733
2023-09-19,raw_reversal,matched_complete8,-0.08940669290778831,observed,1165,1173,1173,1172,7733
2023-09-19,univariate_reversal_ridge,primary_available,-0.08940669290778831,observed,1165,1173,1173,1165,7733
2023-09-19,univariate_reversal_ridge,matched_complete8,-0.08940669290778831,observed,1165,1173,1173,1165,7733
2023-09-19,ridge,primary_available,0.017969567217346365,observed,1165,1173,1173,1165,7733
2023-09-19,ridge,matched_complete8,0.017969567217346365,observed,1165,1173,1173,1165,7733
2023-09-20,raw_reversal,primary_available,0.03111715442917554,observed,1172,1174,1173,1173,7734
2023-09-20,raw_reversal,matched_complete8,0.03212347202867461,observed,1162,1174,1173,1173,7734
2023-09-20,univariate_reversal_ridge,primary_available,0.03212347202867461,observed,1162,1174,1173,1163,7734
2023-09-20,univariate_reversal_ridge,matched_complete8,0.03212347202867461,observed,1162,1174,1173,1163,7734
2023-09-20,ridge,primary_available,0.10207698308245362,observed,1162,1174,1173,1163,7734
2023-09-20,ridge,matched_complete8,0.10207698308245362,observed,1162,1174,1173,1163,7734
2023-09-21,raw_reversal,primary_available,0.1759826696618109,observed,1182,1182,1182,1182,7735
2023-09-21,raw_reversal,matched_complete8,0.1819792944507313,observed,1173,1182,1182,1182,7735
2023-09-21,univariate_reversal_ridge,primary_available,0.1819792944507313,observed,1173,1182,1182,1173,7735
2023-09-21,univariate_reversal_ridge,matched_complete8,0.1819792944507313,observed,1173,1182,1182,1173,7735
2023-09-21,ridge,primary_available,0.19504974576163425,observed,1173,1182,1182,1173,7735
2023-09-21,ridge,matched_complete8,0.19504974576163425,observed,1173,1182,1182,1173,7735
2023-09-22,raw_reversal,primary_available,0.20313347332210627,observed,1172,1175,1172,1175,7736
2023-09-22,raw_reversal,matched_complete8,0.20127704873206334,observed,1161,1175,1172,1175,7736
2023-09-22,univariate_reversal_ridge,primary_available,0.20127704873206334,observed,1161,1175,1172,1164,7736
2023-09-22,univariate_reversal_ridge,matched_complete8,0.20127704873206334,observed,1161,1175,1172,1164,7736
2023-09-22,ridge,primary_available,0.10313869085325426,observed,1161,1175,1172,1164,7736
2023-09-22,ridge,matched_complete8,0.10313869085325426,observed,1161,1175,1172,1164,7736
2023-09-25,raw_reversal,primary_available,0.0999589118765764,observed,1172,1176,1172,1176,7737
2023-09-25,raw_reversal,matched_complete8,0.09566156008491597,observed,1165,1176,1172,1176,7737
2023-09-25,univariate_reversal_ridge,primary_available,0.09566156008491597,observed,1165,1176,1172,1169,7737
2023-09-25,univariate_reversal_ridge,matched_complete8,0.09566156008491597,observed,1165,1176,1172,1169,7737
2023-09-25,ridge,primary_available,0.009246836428643055,observed,1165,1176,1172,1169,7737
2023-09-25,ridge,matched_complete8,0.009246836428643055,observed,1165,1176,1172,1169,7737
2023-09-26,raw_reversal,primary_available,-0.008450686852308696,observed,1173,1176,1173,1176,7738
2023-09-26,raw_reversal,matched_complete8,-0.008369942897789017,observed,1164,1176,1173,1176,7738
2023-09-26,univariate_reversal_ridge,primary_available,-0.008369942897789017,observed,1164,1176,1173,1167,7738
2023-09-26,univariate_reversal_ridge,matched_complete8,-0.008369942897789017,observed,1164,1176,1173,1167,7738
2023-09-26,ridge,primary_available,-0.014198064497941278,observed,1164,1176,1173,1167,7738
2023-09-26,ridge,matched_complete8,-0.014198064497941278,observed,1164,1176,1173,1167,7738
2023-09-27,raw_reversal,primary_available,0.008659965854667486,observed,1175,1179,1175,1179,7739
2023-09-27,raw_reversal,matched_complete8,0.0036967412952386776,observed,1168,1179,1175,1179,7739
2023-09-27,univariate_reversal_ridge,primary_available,0.0036967412952386776,observed,1168,1179,1175,1172,7739
2023-09-27,univariate_reversal_ridge,matched_complete8,0.0036967412952386776,observed,1168,1179,1175,1172,7739
2023-09-27,ridge,primary_available,0.015570913838948711,observed,1168,1179,1175,1172,7739
2023-09-27,ridge,matched_complete8,0.015570913838948711,observed,1168,1179,1175,1172,7739
2023-09-28,raw_reversal,primary_available,-0.015934085061267013,observed,1179,1182,1179,1182,7740
2023-09-28,raw_reversal,matched_complete8,-0.009501583800551373,observed,1148,1182,1179,1182,7740
2023-09-28,univariate_reversal_ridge,primary_available,-0.009501583800551373,observed,1148,1182,1179,1151,7740
2023-09-28,univariate_reversal_ridge,matched_complete8,-0.009501583800551373,observed,1148,1182,1179,1151,7740
2023-09-28,ridge,primary_available,0.12159062948487889,observed,1148,1182,1179,1151,7740
2023-09-28,ridge,matched_complete8,0.12159062948487889,observed,1148,1182,1179,1151,7740
2023-09-29,raw_reversal,primary_available,0.008227874028674956,observed,1182,1182,1182,1182,7741
2023-09-29,raw_reversal,matched_complete8,0.006130932291395707,observed,1169,1182,1182,1182,7741
2023-09-29,univariate_reversal_ridge,primary_available,0.006130932291395707,observed,1169,1182,1182,1169,7741
2023-09-29,univariate_reversal_ridge,matched_complete8,0.006130932291395707,observed,1169,1182,1182,1169,7741
2023-09-29,ridge,primary_available,0.12321538617781748,observed,1169,1182,1182,1169,7741
2023-09-29,ridge,matched_complete8,0.12321538617781748,observed,1169,1182,1182,1169,7741
2023-10-02,raw_reversal,primary_available,0.00390771420889132,observed,1176,1179,1179,1176,7742
2023-10-02,raw_reversal,matched_complete8,0.0014786405934308516,observed,1170,1179,1179,1176,7742
2023-10-02,univariate_reversal_ridge,primary_available,0.0014786405934308516,observed,1170,1179,1179,1170,7742
2023-10-02,univariate_reversal_ridge,matched_complete8,0.0014786405934308516,observed,1170,1179,1179,1170,7742
2023-10-02,ridge,primary_available,0.06461197465629336,observed,1170,1179,1179,1170,7742
2023-10-02,ridge,matched_complete8,0.06461197465629336,observed,1170,1179,1179,1170,7742
2023-10-03,raw_reversal,primary_available,-0.014725150311388858,observed,1175,1178,1178,1175,7743
2023-10-03,raw_reversal,matched_complete8,-0.01209020792552068,observed,1167,1178,1178,1175,7743
2023-10-03,univariate_reversal_ridge,primary_available,-0.01209020792552068,observed,1167,1178,1178,1167,7743
2023-10-03,univariate_reversal_ridge,matched_complete8,-0.01209020792552068,observed,1167,1178,1178,1167,7743
2023-10-03,ridge,primary_available,0.02588988714898735,observed,1167,1178,1178,1167,7743
2023-10-03,ridge,matched_complete8,0.02588988714898735,observed,1167,1178,1178,1167,7743
2023-10-04,raw_reversal,primary_available,0.1514680971386767,observed,1174,1177,1177,1174,7744
2023-10-04,raw_reversal,matched_complete8,0.15483296351894665,observed,1164,1177,1177,1174,7744
2023-10-04,univariate_reversal_ridge,primary_available,0.15483296351894665,observed,1164,1177,1177,1164,7744
2023-10-04,univariate_reversal_ridge,matched_complete8,0.15483296351894665,observed,1164,1177,1177,1164,7744
2023-10-04,ridge,primary_available,0.12895597380144688,observed,1164,1177,1177,1164,7744
2023-10-04,ridge,matched_complete8,0.12895597380144688,observed,1164,1177,1177,1164,7744
2023-10-05,raw_reversal,primary_available,0.012216996817108352,observed,1168,1171,1171,1168,7745
2023-10-05,raw_reversal,matched_complete8,0.010387705205578933,observed,1145,1171,1171,1168,7745
2023-10-05,univariate_reversal_ridge,primary_available,0.010387705205578933,observed,1145,1171,1171,1145,7745
2023-10-05,univariate_reversal_ridge,matched_complete8,0.010387705205578933,observed,1145,1171,1171,1145,7745
2023-10-05,ridge,primary_available,0.01379689953173621,observed,1145,1171,1171,1145,7745
2023-10-05,ridge,matched_complete8,0.01379689953173621,observed,1145,1171,1171,1145,7745
2023-10-06,raw_reversal,primary_available,0.02544998370237556,observed,1171,1174,1174,1171,7746
2023-10-06,raw_reversal,matched_complete8,0.02597237676953396,observed,1154,1174,1174,1171,7746
2023-10-06,univariate_reversal_ridge,primary_available,0.02597237676953396,observed,1154,1174,1174,1154,7746
2023-10-06,univariate_reversal_ridge,matched_complete8,0.02597237676953396,observed,1154,1174,1174,1154,7746
2023-10-06,ridge,primary_available,0.04323358576756383,observed,1154,1174,1174,1154,7746
2023-10-06,ridge,matched_complete8,0.04323358576756383,observed,1154,1174,1174,1154,7746
2023-10-09,raw_reversal,primary_available,-0.1678512454925666,observed,1173,1174,1173,1174,7747
2023-10-09,raw_reversal,matched_complete8,-0.17041239203650493,observed,1165,1174,1173,1174,7747
2023-10-09,univariate_reversal_ridge,primary_available,-0.17041239203650493,observed,1165,1174,1173,1166,7747
2023-10-09,univariate_reversal_ridge,matched_complete8,-0.17041239203650493,observed,1165,1174,1173,1166,7747
2023-10-09,ridge,primary_available,-0.1605425637693689,observed,1165,1174,1173,1166,7747
2023-10-09,ridge,matched_complete8,-0.1605425637693689,observed,1165,1174,1173,1166,7747
2023-10-10,raw_reversal,primary_available,-0.054781217743110684,observed,1173,1175,1173,1175,7748
2023-10-10,raw_reversal,matched_complete8,-0.05132197785012607,observed,1165,1175,1173,1175,7748
2023-10-10,univariate_reversal_ridge,primary_available,-0.05132197785012607,observed,1165,1175,1173,1167,7748
2023-10-10,univariate_reversal_ridge,matched_complete8,-0.05132197785012607,observed,1165,1175,1173,1167,7748
2023-10-10,ridge,primary_available,0.11811335143382425,observed,1165,1175,1173,1167,7748
2023-10-10,ridge,matched_complete8,0.11811335143382425,observed,1165,1175,1173,1167,7748
2023-10-11,raw_reversal,primary_available,0.02134050164998419,observed,1170,1171,1170,1171,7749
2023-10-11,raw_reversal,matched_complete8,0.02092366131603081,observed,1159,1171,1170,1171,7749
2023-10-11,univariate_reversal_ridge,primary_available,0.02092366131603081,observed,1159,1171,1170,1160,7749
2023-10-11,univariate_reversal_ridge,matched_complete8,0.02092366131603081,observed,1159,1171,1170,1160,7749
2023-10-11,ridge,primary_available,0.09393470887255448,observed,1159,1171,1170,1160,7749
2023-10-11,ridge,matched_complete8,0.09393470887255448,observed,1159,1171,1170,1160,7749
2023-10-12,raw_reversal,primary_available,0.18779159956993635,observed,1165,1167,1165,1167,7750
2023-10-12,raw_reversal,matched_complete8,0.18924036452000345,observed,1145,1167,1165,1167,7750
2023-10-12,univariate_reversal_ridge,primary_available,0.18924036452000345,observed,1145,1167,1165,1147,7750
2023-10-12,univariate_reversal_ridge,matched_complete8,0.18924036452000345,observed,1145,1167,1165,1147,7750
2023-10-12,ridge,primary_available,0.14673776948581393,observed,1145,1167,1165,1147,7750
2023-10-12,ridge,matched_complete8,0.14673776948581393,observed,1145,1167,1165,1147,7750
2023-10-13,raw_reversal,primary_available,-0.03992326668978312,observed,1128,1129,1128,1129,7751
2023-10-13,raw_reversal,matched_complete8,-0.04053298879606978,observed,1115,1129,1128,1129,7751
2023-10-13,univariate_reversal_ridge,primary_available,-0.04053298879606978,observed,1115,1129,1128,1116,7751
2023-10-13,univariate_reversal_ridge,matched_complete8,-0.04053298879606978,observed,1115,1129,1128,1116,7751
2023-10-13,ridge,primary_available,-0.16666134310014563,observed,1115,1129,1128,1116,7751
2023-10-13,ridge,matched_complete8,-0.16666134310014563,observed,1115,1129,1128,1116,7751
2023-10-16,raw_reversal,primary_available,0.04287231925792195,observed,1124,1125,1124,1125,7752
2023-10-16,raw_reversal,matched_complete8,0.04678257926859284,observed,1113,1125,1124,1125,7752
2023-10-16,univariate_reversal_ridge,primary_available,0.04678257926859284,observed,1113,1125,1124,1114,7752
2023-10-16,univariate_reversal_ridge,matched_complete8,0.04678257926859284,observed,1113,1125,1124,1114,7752
2023-10-16,ridge,primary_available,0.07773257408726028,observed,1113,1125,1124,1114,7752
2023-10-16,ridge,matched_complete8,0.07773257408726028,observed,1113,1125,1124,1114,7752
2023-10-17,raw_reversal,primary_available,0.040212864644628046,observed,1126,1128,1127,1127,7753
2023-10-17,raw_reversal,matched_complete8,0.03843199270053275,observed,1116,1128,1127,1127,7753
2023-10-17,univariate_reversal_ridge,primary_available,0.03843199270053275,observed,1116,1128,1127,1117,7753
2023-10-17,univariate_reversal_ridge,matched_complete8,0.03843199270053275,observed,1116,1128,1127,1117,7753
2023-10-17,ridge,primary_available,0.09628430972619224,observed,1116,1128,1127,1117,7753
2023-10-17,ridge,matched_complete8,0.09628430972619224,observed,1116,1128,1127,1117,7753
2023-10-18,raw_reversal,primary_available,-0.12354561594385555,observed,1120,1121,1121,1120,7754
2023-10-18,raw_reversal,matched_complete8,-0.12009988876498226,observed,1111,1121,1121,1120,7754
2023-10-18,univariate_reversal_ridge,primary_available,-0.12009988876498226,observed,1111,1121,1121,1111,7754
2023-10-18,univariate_reversal_ridge,matched_complete8,-0.12009988876498226,observed,1111,1121,1121,1111,7754
2023-10-18,ridge,primary_available,-0.14279593343602462,observed,1111,1121,1121,1111,7754
2023-10-18,ridge,matched_complete8,-0.14279593343602462,observed,1111,1121,1121,1111,7754
2023-10-19,raw_reversal,primary_available,-0.016386051335670285,observed,1125,1126,1126,1125,7755
2023-10-19,raw_reversal,matched_complete8,-0.013821629683591343,observed,1110,1126,1126,1125,7755
2023-10-19,univariate_reversal_ridge,primary_available,-0.013821629683591343,observed,1110,1126,1126,1110,7755
2023-10-19,univariate_reversal_ridge,matched_complete8,-0.013821629683591343,observed,1110,1126,1126,1110,7755
2023-10-19,ridge,primary_available,-0.021103178911392576,observed,1110,1126,1126,1110,7755
2023-10-19,ridge,matched_complete8,-0.021103178911392576,observed,1110,1126,1126,1110,7755
2023-10-20,raw_reversal,primary_available,0.012172305296693978,observed,1132,1133,1133,1132,7756
2023-10-20,raw_reversal,matched_complete8,0.017474875978404664,observed,1119,1133,1133,1132,7756
2023-10-20,univariate_reversal_ridge,primary_available,0.017474875978404664,observed,1119,1133,1133,1119,7756
2023-10-20,univariate_reversal_ridge,matched_complete8,0.017474875978404664,observed,1119,1133,1133,1119,7756
2023-10-20,ridge,primary_available,0.05077415235346409,observed,1119,1133,1133,1119,7756
2023-10-20,ridge,matched_complete8,0.05077415235346409,observed,1119,1133,1133,1119,7756
2023-10-23,raw_reversal,primary_available,-0.05351254850340979,observed,1134,1135,1135,1134,7757
2023-10-23,raw_reversal,matched_complete8,-0.05379816317956014,observed,1120,1135,1135,1134,7757
2023-10-23,univariate_reversal_ridge,primary_available,-0.05379816317956014,observed,1120,1135,1135,1120,7757
2023-10-23,univariate_reversal_ridge,matched_complete8,-0.05379816317956014,observed,1120,1135,1135,1120,7757
2023-10-23,ridge,primary_available,0.015003676846314328,observed,1120,1135,1135,1120,7757
2023-10-23,ridge,matched_complete8,0.015003676846314328,observed,1120,1135,1135,1120,7757
2023-10-24,raw_reversal,primary_available,0.04101456742323346,observed,1136,1137,1136,1137,7758
2023-10-24,raw_reversal,matched_complete8,0.035970925133085266,observed,1121,1137,1136,1137,7758
2023-10-24,univariate_reversal_ridge,primary_available,0.035970925133085266,observed,1121,1137,1136,1122,7758
2023-10-24,univariate_reversal_ridge,matched_complete8,0.035970925133085266,observed,1121,1137,1136,1122,7758
2023-10-24,ridge,primary_available,0.12916980996060232,observed,1121,1137,1136,1122,7758
2023-10-24,ridge,matched_complete8,0.12916980996060232,observed,1121,1137,1136,1122,7758
2023-10-25,raw_reversal,primary_available,0.08900644564536736,observed,1132,1134,1132,1134,7759
2023-10-25,raw_reversal,matched_complete8,0.09025836276301831,observed,1117,1134,1132,1134,7759
2023-10-25,univariate_reversal_ridge,primary_available,0.09025836276301831,observed,1117,1134,1132,1119,7759
2023-10-25,univariate_reversal_ridge,matched_complete8,0.09025836276301831,observed,1117,1134,1132,1119,7759
2023-10-25,ridge,primary_available,0.07756453729145966,observed,1117,1134,1132,1119,7759
2023-10-25,ridge,matched_complete8,0.07756453729145966,observed,1117,1134,1132,1119,7759
2023-10-26,raw_reversal,primary_available,0.005446060916247285,observed,1134,1136,1134,1136,7760
2023-10-26,raw_reversal,matched_complete8,0.009169755274866439,observed,1117,1136,1134,1136,7760
2023-10-26,univariate_reversal_ridge,primary_available,0.009169755274866439,observed,1117,1136,1134,1119,7760
2023-10-26,univariate_reversal_ridge,matched_complete8,0.009169755274866439,observed,1117,1136,1134,1119,7760
2023-10-26,ridge,primary_available,-0.07916193030552601,observed,1117,1136,1134,1119,7760
2023-10-26,ridge,matched_complete8,-0.07916193030552601,observed,1117,1136,1134,1119,7760
2023-10-27,raw_reversal,primary_available,0.056264686309080325,observed,1132,1134,1132,1134,7761
2023-10-27,raw_reversal,matched_complete8,0.055965720109878755,observed,1120,1134,1132,1134,7761
2023-10-27,univariate_reversal_ridge,primary_available,0.055965720109878755,observed,1120,1134,1132,1122,7761
2023-10-27,univariate_reversal_ridge,matched_complete8,0.055965720109878755,observed,1120,1134,1132,1122,7761
2023-10-27,ridge,primary_available,0.018578666647198035,observed,1120,1134,1132,1122,7761
2023-10-27,ridge,matched_complete8,0.018578666647198035,observed,1120,1134,1132,1122,7761
2023-10-30,raw_reversal,primary_available,0.03955378834092861,observed,1129,1132,1129,1132,7762
2023-10-30,raw_reversal,matched_complete8,0.03629103403810695,observed,1112,1132,1129,1132,7762
2023-10-30,univariate_reversal_ridge,primary_available,0.03629103403810695,observed,1112,1132,1129,1115,7762
2023-10-30,univariate_reversal_ridge,matched_complete8,0.03629103403810695,observed,1112,1132,1129,1115,7762
2023-10-30,ridge,primary_available,-0.07100671524548886,observed,1112,1132,1129,1115,7762
2023-10-30,ridge,matched_complete8,-0.07100671524548886,observed,1112,1132,1129,1115,7762
2023-10-31,raw_reversal,primary_available,0.09938204850652445,observed,1129,1132,1129,1132,7763
2023-10-31,raw_reversal,matched_complete8,0.10365688769229485,observed,1104,1132,1129,1132,7763
2023-10-31,univariate_reversal_ridge,primary_available,0.10365688769229485,observed,1104,1132,1129,1107,7763
2023-10-31,univariate_reversal_ridge,matched_complete8,0.10365688769229485,observed,1104,1132,1129,1107,7763
2023-10-31,ridge,primary_available,-0.02319661361559009,observed,1104,1132,1129,1107,7763
2023-10-31,ridge,matched_complete8,-0.02319661361559009,observed,1104,1132,1129,1107,7763
2023-11-01,raw_reversal,primary_available,0.036536237735681286,observed,1134,1136,1134,1136,7764
2023-11-01,raw_reversal,matched_complete8,0.03828522477238371,observed,1123,1136,1134,1136,7764
2023-11-01,univariate_reversal_ridge,primary_available,0.03828522477238371,observed,1123,1136,1134,1125,7764
2023-11-01,univariate_reversal_ridge,matched_complete8,0.03828522477238371,observed,1123,1136,1134,1125,7764
2023-11-01,ridge,primary_available,0.02077763373460988,observed,1123,1136,1134,1125,7764
2023-11-01,ridge,matched_complete8,0.02077763373460988,observed,1123,1136,1134,1125,7764
2023-11-02,raw_reversal,primary_available,0.004354807469659505,observed,1151,1152,1151,1152,7765
2023-11-02,raw_reversal,matched_complete8,0.0012661278872355987,observed,1132,1152,1151,1152,7765
2023-11-02,univariate_reversal_ridge,primary_available,0.0012661278872355987,observed,1132,1152,1151,1133,7765
2023-11-02,univariate_reversal_ridge,matched_complete8,0.0012661278872355987,observed,1132,1152,1151,1133,7765
2023-11-02,ridge,primary_available,0.16757742261056255,observed,1132,1152,1151,1133,7765
2023-11-02,ridge,matched_complete8,0.16757742261056255,observed,1132,1152,1151,1133,7765
2023-11-03,raw_reversal,primary_available,0.10800472631268707,observed,1158,1159,1158,1159,7766
2023-11-03,raw_reversal,matched_complete8,0.1046603027865705,observed,1142,1159,1158,1159,7766
2023-11-03,univariate_reversal_ridge,primary_available,0.1046603027865705,observed,1142,1159,1158,1143,7766
2023-11-03,univariate_reversal_ridge,matched_complete8,0.1046603027865705,observed,1142,1159,1158,1143,7766
2023-11-03,ridge,primary_available,0.16723612493584028,observed,1142,1159,1158,1143,7766
2023-11-03,ridge,matched_complete8,0.16723612493584028,observed,1142,1159,1158,1143,7766
2023-11-06,raw_reversal,primary_available,-0.08298904367106931,observed,1158,1159,1158,1159,7767
2023-11-06,raw_reversal,matched_complete8,-0.08926657415824511,observed,1145,1159,1158,1159,7767
2023-11-06,univariate_reversal_ridge,primary_available,-0.08926657415824511,observed,1145,1159,1158,1146,7767
2023-11-06,univariate_reversal_ridge,matched_complete8,-0.08926657415824511,observed,1145,1159,1158,1146,7767
2023-11-06,ridge,primary_available,-0.08156800103346665,observed,1145,1159,1158,1146,7767
2023-11-06,ridge,matched_complete8,-0.08156800103346665,observed,1145,1159,1158,1146,7767
2023-11-07,raw_reversal,primary_available,-0.15484117796661268,observed,1160,1161,1160,1161,7768
2023-11-07,raw_reversal,matched_complete8,-0.16307396662368293,observed,1139,1161,1160,1161,7768
2023-11-07,univariate_reversal_ridge,primary_available,-0.16307396662368293,observed,1139,1161,1160,1140,7768
2023-11-07,univariate_reversal_ridge,matched_complete8,-0.16307396662368293,observed,1139,1161,1160,1140,7768
2023-11-07,ridge,primary_available,-0.1900932609447552,observed,1139,1161,1160,1140,7768
2023-11-07,ridge,matched_complete8,-0.1900932609447552,observed,1139,1161,1160,1140,7768
2023-11-08,raw_reversal,primary_available,-0.18836910739803162,observed,1162,1163,1162,1163,7769
2023-11-08,raw_reversal,matched_complete8,-0.19152396821357762,observed,1138,1163,1162,1163,7769
2023-11-08,univariate_reversal_ridge,primary_available,-0.19152396821357762,observed,1138,1163,1162,1139,7769
2023-11-08,univariate_reversal_ridge,matched_complete8,-0.19152396821357762,observed,1138,1163,1162,1139,7769
2023-11-08,ridge,primary_available,-0.16835678127605525,observed,1138,1163,1162,1139,7769
2023-11-08,ridge,matched_complete8,-0.16835678127605525,observed,1138,1163,1162,1139,7769
2023-11-09,raw_reversal,primary_available,-0.015279947212335486,observed,1156,1156,1156,1156,7770
2023-11-09,raw_reversal,matched_complete8,-0.009760063614335875,observed,1126,1156,1156,1156,7770
2023-11-09,univariate_reversal_ridge,primary_available,-0.009760063614335875,observed,1126,1156,1156,1126,7770
2023-11-09,univariate_reversal_ridge,matched_complete8,-0.009760063614335875,observed,1126,1156,1156,1126,7770
2023-11-09,ridge,primary_available,0.04372767900807654,observed,1126,1156,1156,1126,7770
2023-11-09,ridge,matched_complete8,0.04372767900807654,observed,1126,1156,1156,1126,7770
2023-11-10,raw_reversal,primary_available,0.24300277680253335,observed,1155,1155,1155,1155,7771
2023-11-10,raw_reversal,matched_complete8,0.24522935460923304,observed,1125,1155,1155,1155,7771
2023-11-10,univariate_reversal_ridge,primary_available,0.24522935460923304,observed,1125,1155,1155,1125,7771
2023-11-10,univariate_reversal_ridge,matched_complete8,0.24522935460923304,observed,1125,1155,1155,1125,7771
2023-11-10,ridge,primary_available,-0.0010993217621213325,observed,1125,1155,1155,1125,7771
2023-11-10,ridge,matched_complete8,-0.0010993217621213325,observed,1125,1155,1155,1125,7771
2023-11-13,raw_reversal,primary_available,0.1117549640140973,observed,1157,1157,1157,1157,7772
2023-11-13,raw_reversal,matched_complete8,0.1129351437022747,observed,1138,1157,1157,1157,7772
2023-11-13,univariate_reversal_ridge,primary_available,0.1129351437022747,observed,1138,1157,1157,1138,7772
2023-11-13,univariate_reversal_ridge,matched_complete8,0.1129351437022747,observed,1138,1157,1157,1138,7772
2023-11-13,ridge,primary_available,0.0441508684135271,observed,1138,1157,1157,1138,7772
2023-11-13,ridge,matched_complete8,0.0441508684135271,observed,1138,1157,1157,1138,7772
2023-11-14,raw_reversal,primary_available,-0.014877569425410303,observed,1168,1170,1168,1170,7773
2023-11-14,raw_reversal,matched_complete8,-0.012186894154273075,observed,1128,1170,1168,1170,7773
2023-11-14,univariate_reversal_ridge,primary_available,-0.012186894154273075,observed,1128,1170,1168,1130,7773
2023-11-14,univariate_reversal_ridge,matched_complete8,-0.012186894154273075,observed,1128,1170,1168,1130,7773
2023-11-14,ridge,primary_available,-0.05693058521027476,observed,1128,1170,1168,1130,7773
2023-11-14,ridge,matched_complete8,-0.05693058521027476,observed,1128,1170,1168,1130,7773
2023-11-15,raw_reversal,primary_available,0.007798606885999531,observed,1172,1173,1172,1173,7774
2023-11-15,raw_reversal,matched_complete8,0.0069185250396990835,observed,1148,1173,1172,1173,7774
2023-11-15,univariate_reversal_ridge,primary_available,0.0069185250396990835,observed,1148,1173,1172,1149,7774
2023-11-15,univariate_reversal_ridge,matched_complete8,0.0069185250396990835,observed,1148,1173,1172,1149,7774
2023-11-15,ridge,primary_available,0.08451464594719152,observed,1148,1173,1172,1149,7774
2023-11-15,ridge,matched_complete8,0.08451464594719152,observed,1148,1173,1172,1149,7774
2023-11-16,raw_reversal,primary_available,0.07374590736254623,observed,1169,1170,1169,1170,7775
2023-11-16,raw_reversal,matched_complete8,0.07315820881066071,observed,1133,1170,1169,1170,7775
2023-11-16,univariate_reversal_ridge,primary_available,0.07315820881066071,observed,1133,1170,1169,1134,7775
2023-11-16,univariate_reversal_ridge,matched_complete8,0.07315820881066071,observed,1133,1170,1169,1134,7775
2023-11-16,ridge,primary_available,0.030112486469823584,observed,1133,1170,1169,1134,7775
2023-11-16,ridge,matched_complete8,0.030112486469823584,observed,1133,1170,1169,1134,7775
2023-11-17,raw_reversal,primary_available,0.05024116797233976,observed,1173,1174,1173,1174,7776
2023-11-17,raw_reversal,matched_complete8,0.053205790358179114,observed,1153,1174,1173,1174,7776
2023-11-17,univariate_reversal_ridge,primary_available,0.053205790358179114,observed,1153,1174,1173,1154,7776
2023-11-17,univariate_reversal_ridge,matched_complete8,0.053205790358179114,observed,1153,1174,1173,1154,7776
2023-11-17,ridge,primary_available,0.15619208696406753,observed,1153,1174,1173,1154,7776
2023-11-17,ridge,matched_complete8,0.15619208696406753,observed,1153,1174,1173,1154,7776
2023-11-20,raw_reversal,primary_available,-0.16940111837911567,observed,1174,1175,1174,1175,7777
2023-11-20,raw_reversal,matched_complete8,-0.1733419515530817,observed,1155,1175,1174,1175,7777
2023-11-20,univariate_reversal_ridge,primary_available,-0.1733419515530817,observed,1155,1175,1174,1156,7777
2023-11-20,univariate_reversal_ridge,matched_complete8,-0.1733419515530817,observed,1155,1175,1174,1156,7777
2023-11-20,ridge,primary_available,-0.15114903354558148,observed,1155,1175,1174,1156,7777
2023-11-20,ridge,matched_complete8,-0.15114903354558148,observed,1155,1175,1174,1156,7777
2023-11-21,raw_reversal,primary_available,-0.06872895292967081,observed,1167,1168,1167,1168,7778
2023-11-21,raw_reversal,matched_complete8,-0.07064152617391681,observed,1149,1168,1167,1168,7778
2023-11-21,univariate_reversal_ridge,primary_available,-0.07064152617391681,observed,1149,1168,1167,1150,7778
2023-11-21,univariate_reversal_ridge,matched_complete8,-0.07064152617391681,observed,1149,1168,1167,1150,7778
2023-11-21,ridge,primary_available,-0.03345813245042255,observed,1149,1168,1167,1150,7778
2023-11-21,ridge,matched_complete8,-0.03345813245042255,observed,1149,1168,1167,1150,7778
2023-11-22,raw_reversal,primary_available,-0.02989207508277066,observed,1167,1167,1167,1167,7779
2023-11-22,raw_reversal,matched_complete8,-0.03011030408459647,observed,1143,1167,1167,1167,7779
2023-11-22,univariate_reversal_ridge,primary_available,-0.03011030408459647,observed,1143,1167,1167,1143,7779
2023-11-22,univariate_reversal_ridge,matched_complete8,-0.03011030408459647,observed,1143,1167,1167,1143,7779
2023-11-22,ridge,primary_available,0.020996185991980082,observed,1143,1167,1167,1143,7779
2023-11-22,ridge,matched_complete8,0.020996185991980082,observed,1143,1167,1167,1143,7779
2023-11-24,raw_reversal,primary_available,-0.04148368304692722,observed,1154,1154,1154,1154,7780
2023-11-24,raw_reversal,matched_complete8,-0.04297745692245772,observed,1134,1154,1154,1154,7780
2023-11-24,univariate_reversal_ridge,primary_available,-0.04297745692245772,observed,1134,1154,1154,1134,7780
2023-11-24,univariate_reversal_ridge,matched_complete8,-0.04297745692245772,observed,1134,1154,1154,1134,7780
2023-11-24,ridge,primary_available,-0.16426840991230882,observed,1134,1154,1154,1134,7780
2023-11-24,ridge,matched_complete8,-0.16426840991230882,observed,1134,1154,1154,1134,7780
2023-11-27,raw_reversal,primary_available,0.0794913272856755,observed,1148,1148,1148,1148,7781
2023-11-27,raw_reversal,matched_complete8,0.07668940159348779,observed,1131,1148,1148,1148,7781
2023-11-27,univariate_reversal_ridge,primary_available,0.07668940159348779,observed,1131,1148,1148,1131,7781
2023-11-27,univariate_reversal_ridge,matched_complete8,0.07668940159348779,observed,1131,1148,1148,1131,7781
2023-11-27,ridge,primary_available,-0.016259987100702342,observed,1131,1148,1148,1131,7781
2023-11-27,ridge,matched_complete8,-0.016259987100702342,observed,1131,1148,1148,1131,7781
2023-11-28,raw_reversal,primary_available,-0.09071005630166247,observed,1155,1155,1155,1155,7782
2023-11-28,raw_reversal,matched_complete8,-0.08955356120786571,observed,1142,1155,1155,1155,7782
2023-11-28,univariate_reversal_ridge,primary_available,-0.08955356120786571,observed,1142,1155,1155,1142,7782
2023-11-28,univariate_reversal_ridge,matched_complete8,-0.08955356120786571,observed,1142,1155,1155,1142,7782
2023-11-28,ridge,primary_available,-0.12856899248192646,observed,1142,1155,1155,1142,7782
2023-11-28,ridge,matched_complete8,-0.12856899248192646,observed,1142,1155,1155,1142,7782
2023-11-29,raw_reversal,primary_available,-0.14954134245980905,observed,1158,1160,1158,1160,7783
2023-11-29,raw_reversal,matched_complete8,-0.15034722751155813,observed,1126,1160,1158,1160,7783
2023-11-29,univariate_reversal_ridge,primary_available,-0.15034722751155813,observed,1126,1160,1158,1128,7783
2023-11-29,univariate_reversal_ridge,matched_complete8,-0.15034722751155813,observed,1126,1160,1158,1128,7783
2023-11-29,ridge,primary_available,-0.1517112516635357,observed,1126,1160,1158,1128,7783
2023-11-29,ridge,matched_complete8,-0.1517112516635357,observed,1126,1160,1158,1128,7783
2023-11-30,raw_reversal,primary_available,-0.12550243929884974,observed,1157,1157,1157,1157,7784
2023-11-30,raw_reversal,matched_complete8,-0.1259126197751962,observed,1086,1157,1157,1157,7784
2023-11-30,univariate_reversal_ridge,primary_available,-0.1259126197751962,observed,1086,1157,1157,1086,7784
2023-11-30,univariate_reversal_ridge,matched_complete8,-0.1259126197751962,observed,1086,1157,1157,1086,7784
2023-11-30,ridge,primary_available,-0.10224832252571134,observed,1086,1157,1157,1086,7784
2023-11-30,ridge,matched_complete8,-0.10224832252571134,observed,1086,1157,1157,1086,7784
2023-12-01,raw_reversal,primary_available,-0.14572650505252718,observed,1152,1153,1153,1152,7785
2023-12-01,raw_reversal,matched_complete8,-0.14185446684998332,observed,1138,1153,1153,1152,7785
2023-12-01,univariate_reversal_ridge,primary_available,-0.14185446684998332,observed,1138,1153,1153,1138,7785
2023-12-01,univariate_reversal_ridge,matched_complete8,-0.14185446684998332,observed,1138,1153,1153,1138,7785
2023-12-01,ridge,primary_available,-0.13869432489973493,observed,1138,1153,1153,1138,7785
2023-12-01,ridge,matched_complete8,-0.13869432489973493,observed,1138,1153,1153,1138,7785
2023-12-04,raw_reversal,primary_available,-0.07916492512480754,observed,1150,1151,1151,1150,7786
2023-12-04,raw_reversal,matched_complete8,-0.07797478532926296,observed,1137,1151,1151,1150,7786
2023-12-04,univariate_reversal_ridge,primary_available,-0.07797478532926296,observed,1137,1151,1151,1137,7786
2023-12-04,univariate_reversal_ridge,matched_complete8,-0.07797478532926296,observed,1137,1151,1151,1137,7786
2023-12-04,ridge,primary_available,-0.044574013909296814,observed,1137,1151,1151,1137,7786
2023-12-04,ridge,matched_complete8,-0.044574013909296814,observed,1137,1151,1151,1137,7786
2023-12-05,raw_reversal,primary_available,-0.0720137438151235,observed,1152,1153,1153,1152,7787
2023-12-05,raw_reversal,matched_complete8,-0.07336875716088107,observed,1130,1153,1153,1152,7787
2023-12-05,univariate_reversal_ridge,primary_available,-0.07336875716088107,observed,1130,1153,1153,1130,7787
2023-12-05,univariate_reversal_ridge,matched_complete8,-0.07336875716088107,observed,1130,1153,1153,1130,7787
2023-12-05,ridge,primary_available,-0.08755852324676308,observed,1130,1153,1153,1130,7787
2023-12-05,ridge,matched_complete8,-0.08755852324676308,observed,1130,1153,1153,1130,7787
2023-12-06,raw_reversal,primary_available,-0.15504423730957678,observed,1157,1158,1158,1157,7788
2023-12-06,raw_reversal,matched_complete8,-0.156374312348165,observed,1144,1158,1158,1157,7788
2023-12-06,univariate_reversal_ridge,primary_available,-0.156374312348165,observed,1144,1158,1158,1144,7788
2023-12-06,univariate_reversal_ridge,matched_complete8,-0.156374312348165,observed,1144,1158,1158,1144,7788
2023-12-06,ridge,primary_available,-0.22032306583897981,observed,1144,1158,1158,1144,7788
2023-12-06,ridge,matched_complete8,-0.22032306583897981,observed,1144,1158,1158,1144,7788
2023-12-07,raw_reversal,primary_available,-0.2789759204511798,observed,1157,1158,1158,1157,7789
2023-12-07,raw_reversal,matched_complete8,-0.274515117228092,observed,1126,1158,1158,1157,7789
2023-12-07,univariate_reversal_ridge,primary_available,-0.274515117228092,observed,1126,1158,1158,1126,7789
2023-12-07,univariate_reversal_ridge,matched_complete8,-0.274515117228092,observed,1126,1158,1158,1126,7789
2023-12-07,ridge,primary_available,-0.4088484576254378,observed,1126,1158,1158,1126,7789
2023-12-07,ridge,matched_complete8,-0.4088484576254378,observed,1126,1158,1158,1126,7789
2023-12-08,raw_reversal,primary_available,-0.08692901943968753,observed,1165,1165,1165,1165,7790
2023-12-08,raw_reversal,matched_complete8,-0.0861868221758943,observed,1149,1165,1165,1165,7790
2023-12-08,univariate_reversal_ridge,primary_available,-0.0861868221758943,observed,1149,1165,1165,1149,7790
2023-12-08,univariate_reversal_ridge,matched_complete8,-0.0861868221758943,observed,1149,1165,1165,1149,7790
2023-12-08,ridge,primary_available,-0.23257920246061303,observed,1149,1165,1165,1149,7790
2023-12-08,ridge,matched_complete8,-0.23257920246061303,observed,1149,1165,1165,1149,7790
2023-12-11,raw_reversal,primary_available,-0.043125970453754055,observed,1164,1164,1164,1164,7791
2023-12-11,raw_reversal,matched_complete8,-0.041894929688180406,observed,1155,1164,1164,1164,7791
2023-12-11,univariate_reversal_ridge,primary_available,-0.041894929688180406,observed,1155,1164,1164,1155,7791
2023-12-11,univariate_reversal_ridge,matched_complete8,-0.041894929688180406,observed,1155,1164,1164,1155,7791
2023-12-11,ridge,primary_available,-0.0638251803636827,observed,1155,1164,1164,1155,7791
2023-12-11,ridge,matched_complete8,-0.0638251803636827,observed,1155,1164,1164,1155,7791
2023-12-12,raw_reversal,primary_available,0.028037561702018883,observed,1174,1174,1174,1174,7792
2023-12-12,raw_reversal,matched_complete8,0.02920440208065689,observed,1158,1174,1174,1174,7792
2023-12-12,univariate_reversal_ridge,primary_available,0.02920440208065689,observed,1158,1174,1174,1158,7792
2023-12-12,univariate_reversal_ridge,matched_complete8,0.02920440208065689,observed,1158,1174,1174,1158,7792
2023-12-12,ridge,primary_available,0.08041831479637852,observed,1158,1174,1174,1158,7792
2023-12-12,ridge,matched_complete8,0.08041831479637852,observed,1158,1174,1174,1158,7792
2023-12-13,raw_reversal,primary_available,-0.09688264358035222,observed,1176,1178,1176,1178,7793
2023-12-13,raw_reversal,matched_complete8,-0.10158443747294535,observed,1163,1178,1176,1178,7793
2023-12-13,univariate_reversal_ridge,primary_available,-0.10158443747294535,observed,1163,1178,1176,1165,7793
2023-12-13,univariate_reversal_ridge,matched_complete8,-0.10158443747294535,observed,1163,1178,1176,1165,7793
2023-12-13,ridge,primary_available,-0.13497589729605916,observed,1163,1178,1176,1165,7793
2023-12-13,ridge,matched_complete8,-0.13497589729605916,observed,1163,1178,1176,1165,7793
2023-12-14,raw_reversal,primary_available,0.037528487334519585,observed,1192,1193,1192,1193,7794
2023-12-14,raw_reversal,matched_complete8,0.03019533324372682,observed,1134,1193,1192,1193,7794
2023-12-14,univariate_reversal_ridge,primary_available,0.03019533324372682,observed,1134,1193,1192,1135,7794
2023-12-14,univariate_reversal_ridge,matched_complete8,0.03019533324372682,observed,1134,1193,1192,1135,7794
2023-12-14,ridge,primary_available,0.02005013937874203,observed,1134,1193,1192,1135,7794
2023-12-14,ridge,matched_complete8,0.02005013937874203,observed,1134,1193,1192,1135,7794
2023-12-15,raw_reversal,primary_available,-0.06748194049251773,observed,1240,1241,1240,1241,7795
2023-12-15,raw_reversal,matched_complete8,-0.06825185490610422,observed,1223,1241,1240,1241,7795
2023-12-15,univariate_reversal_ridge,primary_available,-0.06825185490610422,observed,1223,1241,1240,1224,7795
2023-12-15,univariate_reversal_ridge,matched_complete8,-0.06825185490610422,observed,1223,1241,1240,1224,7795
2023-12-15,ridge,primary_available,-0.0655437239246224,observed,1223,1241,1240,1224,7795
2023-12-15,ridge,matched_complete8,-0.0655437239246224,observed,1223,1241,1240,1224,7795
2023-12-18,raw_reversal,primary_available,-0.24696016858601996,observed,1239,1240,1239,1240,7796
2023-12-18,raw_reversal,matched_complete8,-0.24708793342836086,observed,1227,1240,1239,1240,7796
2023-12-18,univariate_reversal_ridge,primary_available,-0.24708793342836086,observed,1227,1240,1239,1228,7796
2023-12-18,univariate_reversal_ridge,matched_complete8,-0.24708793342836086,observed,1227,1240,1239,1228,7796
2023-12-18,ridge,primary_available,-0.16898130111521997,observed,1227,1240,1239,1228,7796
2023-12-18,ridge,matched_complete8,-0.16898130111521997,observed,1227,1240,1239,1228,7796
2023-12-19,raw_reversal,primary_available,-0.15145110421440422,observed,1249,1250,1249,1250,7797
2023-12-19,raw_reversal,matched_complete8,-0.15363943876272942,observed,1239,1250,1249,1250,7797
2023-12-19,univariate_reversal_ridge,primary_available,-0.15363943876272942,observed,1239,1250,1249,1240,7797
2023-12-19,univariate_reversal_ridge,matched_complete8,-0.15363943876272942,observed,1239,1250,1249,1240,7797
2023-12-19,ridge,primary_available,-0.13304154594447912,observed,1239,1250,1249,1240,7797
2023-12-19,ridge,matched_complete8,-0.13304154594447912,observed,1239,1250,1249,1240,7797
2023-12-20,raw_reversal,primary_available,-0.0024643742974521303,observed,1249,1249,1249,1249,7798
2023-12-20,raw_reversal,matched_complete8,-0.0005553842374450187,observed,1234,1249,1249,1249,7798
2023-12-20,univariate_reversal_ridge,primary_available,-0.0005553842374450187,observed,1234,1249,1249,1234,7798
2023-12-20,univariate_reversal_ridge,matched_complete8,-0.0005553842374450187,observed,1234,1249,1249,1234,7798
2023-12-20,ridge,primary_available,0.054404659506608256,observed,1234,1249,1249,1234,7798
2023-12-20,ridge,matched_complete8,0.054404659506608256,observed,1234,1249,1249,1234,7798
2023-12-21,raw_reversal,primary_available,0.07238773266696354,observed,1257,1258,1258,1257,7799
2023-12-21,raw_reversal,matched_complete8,0.07332541221479254,observed,1247,1258,1258,1257,7799
2023-12-21,univariate_reversal_ridge,primary_available,0.07332541221479254,observed,1247,1258,1258,1247,7799
2023-12-21,univariate_reversal_ridge,matched_complete8,0.07332541221479254,observed,1247,1258,1258,1247,7799
2023-12-21,ridge,primary_available,0.08782809278698864,observed,1247,1258,1258,1247,7799
2023-12-21,ridge,matched_complete8,0.08782809278698864,observed,1247,1258,1258,1247,7799
2023-12-22,raw_reversal,primary_available,0.09014527210891903,observed,1269,1270,1270,1269,7800
2023-12-22,raw_reversal,matched_complete8,0.09114886348668166,observed,1259,1270,1270,1269,7800
2023-12-22,univariate_reversal_ridge,primary_available,0.09114886348668166,observed,1259,1270,1270,1259,7800
2023-12-22,univariate_reversal_ridge,matched_complete8,0.09114886348668166,observed,1259,1270,1270,1259,7800
2023-12-22,ridge,primary_available,0.03837907854351285,observed,1259,1270,1270,1259,7800
2023-12-22,ridge,matched_complete8,0.03837907854351285,observed,1259,1270,1270,1259,7800
2023-12-26,raw_reversal,primary_available,0.2674828861328223,observed,1266,1269,1266,1269,7801
2023-12-26,raw_reversal,matched_complete8,0.2637606172674663,observed,1256,1269,1266,1269,7801
2023-12-26,univariate_reversal_ridge,primary_available,0.2637606172674663,observed,1256,1269,1266,1259,7801
2023-12-26,univariate_reversal_ridge,matched_complete8,0.2637606172674663,observed,1256,1269,1266,1259,7801
2023-12-26,ridge,primary_available,0.2768425439358053,observed,1256,1269,1266,1259,7801
2023-12-26,ridge,matched_complete8,0.2768425439358053,observed,1256,1269,1266,1259,7801
2023-12-27,raw_reversal,primary_available,0.22249905962813937,observed,1271,1273,1271,1273,7802
2023-12-27,raw_reversal,matched_complete8,0.21946667633816794,observed,1260,1273,1271,1273,7802
2023-12-27,univariate_reversal_ridge,primary_available,0.21946667633816794,observed,1260,1273,1271,1262,7802
2023-12-27,univariate_reversal_ridge,matched_complete8,0.21946667633816794,observed,1260,1273,1271,1262,7802
2023-12-27,ridge,primary_available,0.1396157644036473,observed,1260,1273,1271,1262,7802
2023-12-27,ridge,matched_complete8,0.1396157644036473,observed,1260,1273,1271,1262,7802
2023-12-28,raw_reversal,primary_available,0.2535796451895713,observed,1261,1263,1261,1263,7803
2023-12-28,raw_reversal,matched_complete8,0.2550777284470005,observed,1226,1263,1261,1263,7803
2023-12-28,univariate_reversal_ridge,primary_available,0.2550777284470005,observed,1226,1263,1261,1228,7803
2023-12-28,univariate_reversal_ridge,matched_complete8,0.2550777284470005,observed,1226,1263,1261,1228,7803
2023-12-28,ridge,primary_available,0.06809685495468384,observed,1226,1263,1261,1228,7803
2023-12-28,ridge,matched_complete8,0.06809685495468384,observed,1226,1263,1261,1228,7803
2023-12-29,raw_reversal,primary_available,-0.11558207374745666,observed,1263,1265,1263,1265,7804
2023-12-29,raw_reversal,matched_complete8,-0.11675816778579617,observed,1247,1265,1263,1265,7804
2023-12-29,univariate_reversal_ridge,primary_available,-0.11675816778579617,observed,1247,1265,1263,1249,7804
2023-12-29,univariate_reversal_ridge,matched_complete8,-0.11675816778579617,observed,1247,1265,1263,1249,7804
2023-12-29,ridge,primary_available,-0.23797473239392278,observed,1247,1265,1263,1249,7804
2023-12-29,ridge,matched_complete8,-0.23797473239392278,observed,1247,1265,1263,1249,7804
2024-01-02,raw_reversal,primary_available,0.061836456247352796,observed,1269,1270,1269,1270,7805
2024-01-02,raw_reversal,matched_complete8,0.0633377308831756,observed,1261,1270,1269,1270,7805
2024-01-02,univariate_reversal_ridge,primary_available,0.0633377308831756,observed,1261,1270,1269,1262,7805
2024-01-02,univariate_reversal_ridge,matched_complete8,0.0633377308831756,observed,1261,1270,1269,1262,7805
2024-01-02,ridge,primary_available,0.09602883339999702,observed,1261,1270,1269,1262,7805
2024-01-02,ridge,matched_complete8,0.09602883339999702,observed,1261,1270,1269,1262,7805
2024-01-03,raw_reversal,primary_available,0.23042226231461835,observed,1260,1261,1260,1261,7806
2024-01-03,raw_reversal,matched_complete8,0.2318393597927538,observed,1248,1261,1260,1261,7806
2024-01-03,univariate_reversal_ridge,primary_available,0.2318393597927538,observed,1248,1261,1260,1249,7806
2024-01-03,univariate_reversal_ridge,matched_complete8,0.2318393597927538,observed,1248,1261,1260,1249,7806
2024-01-03,ridge,primary_available,0.23218632990984522,observed,1248,1261,1260,1249,7806
2024-01-03,ridge,matched_complete8,0.23218632990984522,observed,1248,1261,1260,1249,7806
2024-01-04,raw_reversal,primary_available,0.22718446830475514,observed,1266,1266,1266,1266,7807
2024-01-04,raw_reversal,matched_complete8,0.22927415958699526,observed,1248,1266,1266,1266,7807
2024-01-04,univariate_reversal_ridge,primary_available,0.22927415958699526,observed,1248,1266,1266,1248,7807
2024-01-04,univariate_reversal_ridge,matched_complete8,0.22927415958699526,observed,1248,1266,1266,1248,7807
2024-01-04,ridge,primary_available,0.14567731372431594,observed,1248,1266,1266,1248,7807
2024-01-04,ridge,matched_complete8,0.14567731372431594,observed,1248,1266,1266,1248,7807
2024-01-05,raw_reversal,primary_available,0.008029227813865803,observed,1270,1270,1270,1270,7808
2024-01-05,raw_reversal,matched_complete8,0.012688432529590125,observed,1262,1270,1270,1270,7808
2024-01-05,univariate_reversal_ridge,primary_available,0.012688432529590125,observed,1262,1270,1270,1262,7808
2024-01-05,univariate_reversal_ridge,matched_complete8,0.012688432529590125,observed,1262,1270,1270,1262,7808
2024-01-05,ridge,primary_available,0.09794510148509664,observed,1262,1270,1270,1262,7808
2024-01-05,ridge,matched_complete8,0.09794510148509664,observed,1262,1270,1270,1262,7808
2024-01-08,raw_reversal,primary_available,-0.01654660444684166,observed,1273,1273,1273,1273,7809
2024-01-08,raw_reversal,matched_complete8,-0.01243191995994514,observed,1264,1273,1273,1273,7809
2024-01-08,univariate_reversal_ridge,primary_available,-0.01243191995994514,observed,1264,1273,1273,1264,7809
2024-01-08,univariate_reversal_ridge,matched_complete8,-0.01243191995994514,observed,1264,1273,1273,1264,7809
2024-01-08,ridge,primary_available,0.03645718891337742,observed,1264,1273,1273,1264,7809
2024-01-08,ridge,matched_complete8,0.03645718891337742,observed,1264,1273,1273,1264,7809
2024-01-09,raw_reversal,primary_available,-0.13751824566458415,observed,1275,1275,1275,1275,7810
2024-01-09,raw_reversal,matched_complete8,-0.13316238954265752,observed,1263,1275,1275,1275,7810
2024-01-09,univariate_reversal_ridge,primary_available,-0.13316238954265752,observed,1263,1275,1275,1263,7810
2024-01-09,univariate_reversal_ridge,matched_complete8,-0.13316238954265752,observed,1263,1275,1275,1263,7810
2024-01-09,ridge,primary_available,-0.1595699835349102,observed,1263,1275,1275,1263,7810
2024-01-09,ridge,matched_complete8,-0.1595699835349102,observed,1263,1275,1275,1263,7810
2024-01-10,raw_reversal,primary_available,-0.08831047824469324,observed,1272,1272,1272,1272,7811
2024-01-10,raw_reversal,matched_complete8,-0.08496153673628598,observed,1267,1272,1272,1272,7811
2024-01-10,univariate_reversal_ridge,primary_available,-0.08496153673628598,observed,1267,1272,1272,1267,7811
2024-01-10,univariate_reversal_ridge,matched_complete8,-0.08496153673628598,observed,1267,1272,1272,1267,7811
2024-01-10,ridge,primary_available,-0.09767748498334584,observed,1267,1272,1272,1267,7811
2024-01-10,ridge,matched_complete8,-0.09767748498334584,observed,1267,1272,1272,1267,7811
2024-01-11,raw_reversal,primary_available,-0.25829477054615496,observed,1273,1273,1273,1273,7812
2024-01-11,raw_reversal,matched_complete8,-0.25464546628479157,observed,1260,1273,1273,1273,7812
2024-01-11,univariate_reversal_ridge,primary_available,-0.25464546628479157,observed,1260,1273,1273,1260,7812
2024-01-11,univariate_reversal_ridge,matched_complete8,-0.25464546628479157,observed,1260,1273,1273,1260,7812
2024-01-11,ridge,primary_available,-0.2740096660164154,observed,1260,1273,1273,1260,7812
2024-01-11,ridge,matched_complete8,-0.2740096660164154,observed,1260,1273,1273,1260,7812
2024-01-12,raw_reversal,primary_available,-0.105729375260686,observed,1260,1261,1260,1261,7813
2024-01-12,raw_reversal,matched_complete8,-0.10723893976366919,observed,1251,1261,1260,1261,7813
2024-01-12,univariate_reversal_ridge,primary_available,-0.10723893976366919,observed,1251,1261,1260,1252,7813
2024-01-12,univariate_reversal_ridge,matched_complete8,-0.10723893976366919,observed,1251,1261,1260,1252,7813
2024-01-12,ridge,primary_available,0.025019373204371326,observed,1251,1261,1260,1252,7813
2024-01-12,ridge,matched_complete8,0.025019373204371326,observed,1251,1261,1260,1252,7813
2024-01-16,raw_reversal,primary_available,0.07444435535716373,observed,1246,1247,1246,1247,7814
2024-01-16,raw_reversal,matched_complete8,0.07596475684729158,observed,1240,1247,1246,1247,7814
2024-01-16,univariate_reversal_ridge,primary_available,0.07596475684729158,observed,1240,1247,1246,1241,7814
2024-01-16,univariate_reversal_ridge,matched_complete8,0.07596475684729158,observed,1240,1247,1246,1241,7814
2024-01-16,ridge,primary_available,0.037508489736612055,observed,1240,1247,1246,1241,7814
2024-01-16,ridge,matched_complete8,0.037508489736612055,observed,1240,1247,1246,1241,7814
2024-01-17,raw_reversal,primary_available,-0.02047600478024567,observed,1184,1185,1184,1185,7815
2024-01-17,raw_reversal,matched_complete8,-0.021626088560202508,observed,1182,1185,1184,1185,7815
2024-01-17,univariate_reversal_ridge,primary_available,-0.021626088560202508,observed,1182,1185,1184,1183,7815
2024-01-17,univariate_reversal_ridge,matched_complete8,-0.021626088560202508,observed,1182,1185,1184,1183,7815
2024-01-17,ridge,primary_available,-0.042829308956732114,observed,1182,1185,1184,1183,7815
2024-01-17,ridge,matched_complete8,-0.042829308956732114,observed,1182,1185,1184,1183,7815
2024-01-18,raw_reversal,primary_available,0.1750938530579902,observed,1180,1181,1180,1181,7816
2024-01-18,raw_reversal,matched_complete8,0.17387759274797338,observed,1167,1181,1180,1181,7816
2024-01-18,univariate_reversal_ridge,primary_available,0.17387759274797338,observed,1167,1181,1180,1168,7816
2024-01-18,univariate_reversal_ridge,matched_complete8,0.17387759274797338,observed,1167,1181,1180,1168,7816
2024-01-18,ridge,primary_available,0.14900236442525663,observed,1167,1181,1180,1168,7816
2024-01-18,ridge,matched_complete8,0.14900236442525663,observed,1167,1181,1180,1168,7816
2024-01-19,raw_reversal,primary_available,0.19363865337957167,observed,1180,1181,1180,1181,7817
2024-01-19,raw_reversal,matched_complete8,0.1926217979647938,observed,1173,1181,1180,1181,7817
2024-01-19,univariate_reversal_ridge,primary_available,0.1926217979647938,observed,1173,1181,1180,1174,7817
2024-01-19,univariate_reversal_ridge,matched_complete8,0.1926217979647938,observed,1173,1181,1180,1174,7817
2024-01-19,ridge,primary_available,0.12505070607115537,observed,1173,1181,1180,1174,7817
2024-01-19,ridge,matched_complete8,0.12505070607115537,observed,1173,1181,1180,1174,7817
2024-01-22,raw_reversal,primary_available,0.13073630453127416,observed,1178,1179,1178,1179,7818
2024-01-22,raw_reversal,matched_complete8,0.13238787300859048,observed,1176,1179,1178,1179,7818
2024-01-22,univariate_reversal_ridge,primary_available,0.13238787300859048,observed,1176,1179,1178,1177,7818
2024-01-22,univariate_reversal_ridge,matched_complete8,0.13238787300859048,observed,1176,1179,1178,1177,7818
2024-01-22,ridge,primary_available,0.13394436351474284,observed,1176,1179,1178,1177,7818
2024-01-22,ridge,matched_complete8,0.13394436351474284,observed,1176,1179,1178,1177,7818
2024-01-23,raw_reversal,primary_available,0.17678248298993554,observed,1179,1179,1179,1179,7819
2024-01-23,raw_reversal,matched_complete8,0.17661311493418316,observed,1174,1179,1179,1179,7819
2024-01-23,univariate_reversal_ridge,primary_available,0.17661311493418316,observed,1174,1179,1179,1174,7819
2024-01-23,univariate_reversal_ridge,matched_complete8,0.17661311493418316,observed,1174,1179,1179,1174,7819
2024-01-23,ridge,primary_available,0.11963170131496033,observed,1174,1179,1179,1174,7819
2024-01-23,ridge,matched_complete8,0.11963170131496033,observed,1174,1179,1179,1174,7819
2024-01-24,raw_reversal,primary_available,0.2084001118811086,observed,1185,1185,1185,1185,7820
2024-01-24,raw_reversal,matched_complete8,0.209556762214064,observed,1183,1185,1185,1185,7820
2024-01-24,univariate_reversal_ridge,primary_available,0.209556762214064,observed,1183,1185,1185,1183,7820
2024-01-24,univariate_reversal_ridge,matched_complete8,0.209556762214064,observed,1183,1185,1185,1183,7820
2024-01-24,ridge,primary_available,0.18316053079077035,observed,1183,1185,1185,1183,7820
2024-01-24,ridge,matched_complete8,0.18316053079077035,observed,1183,1185,1185,1183,7820
2024-01-25,raw_reversal,primary_available,0.1030835261658202,observed,1190,1191,1190,1191,7821
2024-01-25,raw_reversal,matched_complete8,0.10355272729883623,observed,1184,1191,1190,1191,7821
2024-01-25,univariate_reversal_ridge,primary_available,0.10355272729883623,observed,1184,1191,1190,1185,7821
2024-01-25,univariate_reversal_ridge,matched_complete8,0.10355272729883623,observed,1184,1191,1190,1185,7821
2024-01-25,ridge,primary_available,0.047978706206554304,observed,1184,1191,1190,1185,7821
2024-01-25,ridge,matched_complete8,0.047978706206554304,observed,1184,1191,1190,1185,7821
2024-01-26,raw_reversal,primary_available,0.06323547435572881,observed,1191,1191,1191,1191,7822
2024-01-26,raw_reversal,matched_complete8,0.06450397945378882,observed,1190,1191,1191,1191,7822
2024-01-26,univariate_reversal_ridge,primary_available,0.06450397945378882,observed,1190,1191,1191,1190,7822
2024-01-26,univariate_reversal_ridge,matched_complete8,0.06450397945378882,observed,1190,1191,1191,1190,7822
2024-01-26,ridge,primary_available,0.0596867528746554,observed,1190,1191,1191,1190,7822
2024-01-26,ridge,matched_complete8,0.0596867528746554,observed,1190,1191,1191,1190,7822
2024-01-29,raw_reversal,primary_available,-0.007147218475463049,observed,1196,1196,1196,1196,7823
2024-01-29,raw_reversal,matched_complete8,-0.002430439590376004,observed,1191,1196,1196,1196,7823
2024-01-29,univariate_reversal_ridge,primary_available,-0.002430439590376004,observed,1191,1196,1196,1191,7823
2024-01-29,univariate_reversal_ridge,matched_complete8,-0.002430439590376004,observed,1191,1196,1196,1191,7823
2024-01-29,ridge,primary_available,0.06868873866047696,observed,1191,1196,1196,1191,7823
2024-01-29,ridge,matched_complete8,0.06868873866047696,observed,1191,1196,1196,1191,7823
2024-01-30,raw_reversal,primary_available,0.03275017596066284,observed,1196,1196,1196,1196,7824
2024-01-30,raw_reversal,matched_complete8,0.03475268429458737,observed,1185,1196,1196,1196,7824
2024-01-30,univariate_reversal_ridge,primary_available,0.03475268429458737,observed,1185,1196,1196,1185,7824
2024-01-30,univariate_reversal_ridge,matched_complete8,0.03475268429458737,observed,1185,1196,1196,1185,7824
2024-01-30,ridge,primary_available,0.07795230325517342,observed,1185,1196,1196,1185,7824
2024-01-30,ridge,matched_complete8,0.07795230325517342,observed,1185,1196,1196,1185,7824
2024-01-31,raw_reversal,primary_available,-0.06870544710254498,observed,1197,1197,1197,1197,7825
2024-01-31,raw_reversal,matched_complete8,-0.07232816094267969,observed,1187,1197,1197,1197,7825
2024-01-31,univariate_reversal_ridge,primary_available,-0.07232816094267969,observed,1187,1197,1197,1187,7825
2024-01-31,univariate_reversal_ridge,matched_complete8,-0.07232816094267969,observed,1187,1197,1197,1187,7825
2024-01-31,ridge,primary_available,-0.05892735894153951,observed,1187,1197,1197,1187,7825
2024-01-31,ridge,matched_complete8,-0.05892735894153951,observed,1187,1197,1197,1187,7825
2024-02-01,raw_reversal,primary_available,0.009904488073136939,observed,1198,1198,1198,1198,7826
2024-02-01,raw_reversal,matched_complete8,0.010388840757249154,observed,1190,1198,1198,1198,7826
2024-02-01,univariate_reversal_ridge,primary_available,0.010388840757249154,observed,1190,1198,1198,1190,7826
2024-02-01,univariate_reversal_ridge,matched_complete8,0.010388840757249154,observed,1190,1198,1198,1190,7826
2024-02-01,ridge,primary_available,-0.0034758110305849227,observed,1190,1198,1198,1190,7826
2024-02-01,ridge,matched_complete8,-0.0034758110305849227,observed,1190,1198,1198,1190,7826
2024-02-02,raw_reversal,primary_available,-0.06650869104713149,observed,1200,1200,1200,1200,7827
2024-02-02,raw_reversal,matched_complete8,-0.06626777578924889,observed,1191,1200,1200,1200,7827
2024-02-02,univariate_reversal_ridge,primary_available,-0.06626777578924889,observed,1191,1200,1200,1191,7827
2024-02-02,univariate_reversal_ridge,matched_complete8,-0.06626777578924889,observed,1191,1200,1200,1191,7827
2024-02-02,ridge,primary_available,-0.1310540248925315,observed,1191,1200,1200,1191,7827
2024-02-02,ridge,matched_complete8,-0.1310540248925315,observed,1191,1200,1200,1191,7827
2024-02-05,raw_reversal,primary_available,0.1241268900504002,observed,1199,1199,1199,1199,7828
2024-02-05,raw_reversal,matched_complete8,0.12393423122635346,observed,1194,1199,1199,1199,7828
2024-02-05,univariate_reversal_ridge,primary_available,0.12393423122635346,observed,1194,1199,1199,1194,7828
2024-02-05,univariate_reversal_ridge,matched_complete8,0.12393423122635346,observed,1194,1199,1199,1194,7828
2024-02-05,ridge,primary_available,0.10969617685729563,observed,1194,1199,1199,1194,7828
2024-02-05,ridge,matched_complete8,0.10969617685729563,observed,1194,1199,1199,1194,7828
2024-02-06,raw_reversal,primary_available,-0.018648885701423496,observed,1200,1200,1200,1200,7829
2024-02-06,raw_reversal,matched_complete8,-0.017995464809181048,observed,1195,1200,1200,1200,7829
2024-02-06,univariate_reversal_ridge,primary_available,-0.017995464809181048,observed,1195,1200,1200,1195,7829
2024-02-06,univariate_reversal_ridge,matched_complete8,-0.017995464809181048,observed,1195,1200,1200,1195,7829
2024-02-06,ridge,primary_available,0.02787896264701491,observed,1195,1200,1200,1195,7829
2024-02-06,ridge,matched_complete8,0.02787896264701491,observed,1195,1200,1200,1195,7829
2024-02-07,raw_reversal,primary_available,-0.06379992686376755,observed,1202,1202,1202,1202,7830
2024-02-07,raw_reversal,matched_complete8,-0.0626914361458442,observed,1193,1202,1202,1202,7830
2024-02-07,univariate_reversal_ridge,primary_available,-0.0626914361458442,observed,1193,1202,1202,1193,7830
2024-02-07,univariate_reversal_ridge,matched_complete8,-0.0626914361458442,observed,1193,1202,1202,1193,7830
2024-02-07,ridge,primary_available,-0.034274912033860405,observed,1193,1202,1202,1193,7830
2024-02-07,ridge,matched_complete8,-0.034274912033860405,observed,1193,1202,1202,1193,7830
2024-02-08,raw_reversal,primary_available,0.01654844456575726,observed,1199,1199,1199,1199,7831
2024-02-08,raw_reversal,matched_complete8,0.011949155454064221,observed,1180,1199,1199,1199,7831
2024-02-08,univariate_reversal_ridge,primary_available,0.011949155454064221,observed,1180,1199,1199,1180,7831
2024-02-08,univariate_reversal_ridge,matched_complete8,0.011949155454064221,observed,1180,1199,1199,1180,7831
2024-02-08,ridge,primary_available,-0.01339001066385971,observed,1180,1199,1199,1180,7831
2024-02-08,ridge,matched_complete8,-0.01339001066385971,observed,1180,1199,1199,1180,7831
2024-02-09,raw_reversal,primary_available,0.08021289602684537,observed,1204,1205,1204,1205,7832
2024-02-09,raw_reversal,matched_complete8,0.08218347321704036,observed,1193,1205,1204,1205,7832
2024-02-09,univariate_reversal_ridge,primary_available,0.08218347321704036,observed,1193,1205,1204,1194,7832
2024-02-09,univariate_reversal_ridge,matched_complete8,0.08218347321704036,observed,1193,1205,1204,1194,7832
2024-02-09,ridge,primary_available,0.11237651972884591,observed,1193,1205,1204,1194,7832
2024-02-09,ridge,matched_complete8,0.11237651972884591,observed,1193,1205,1204,1194,7832
2024-02-12,raw_reversal,primary_available,-0.012214462301485833,observed,1214,1214,1214,1214,7833
2024-02-12,raw_reversal,matched_complete8,-0.012469726785170124,observed,1207,1214,1214,1214,7833
2024-02-12,univariate_reversal_ridge,primary_available,-0.012469726785170124,observed,1207,1214,1214,1207,7833
2024-02-12,univariate_reversal_ridge,matched_complete8,-0.012469726785170124,observed,1207,1214,1214,1207,7833
2024-02-12,ridge,primary_available,-0.05003338204138814,observed,1207,1214,1214,1207,7833
2024-02-12,ridge,matched_complete8,-0.05003338204138814,observed,1207,1214,1214,1207,7833
2024-02-13,raw_reversal,primary_available,0.03588917656467769,observed,1219,1219,1219,1219,7834
2024-02-13,raw_reversal,matched_complete8,0.036299746623317614,observed,1208,1219,1219,1219,7834
2024-02-13,univariate_reversal_ridge,primary_available,0.036299746623317614,observed,1208,1219,1219,1208,7834
2024-02-13,univariate_reversal_ridge,matched_complete8,0.036299746623317614,observed,1208,1219,1219,1208,7834
2024-02-13,ridge,primary_available,0.06598187652781803,observed,1208,1219,1219,1208,7834
2024-02-13,ridge,matched_complete8,0.06598187652781803,observed,1208,1219,1219,1208,7834
2024-02-14,raw_reversal,primary_available,0.1187773499299487,observed,1226,1226,1226,1226,7835
2024-02-14,raw_reversal,matched_complete8,0.11981694401502074,observed,1200,1226,1226,1226,7835
2024-02-14,univariate_reversal_ridge,primary_available,0.11981694401502074,observed,1200,1226,1226,1200,7835
2024-02-14,univariate_reversal_ridge,matched_complete8,0.11981694401502074,observed,1200,1226,1226,1200,7835
2024-02-14,ridge,primary_available,0.15825431613367713,observed,1200,1226,1226,1200,7835
2024-02-14,ridge,matched_complete8,0.15825431613367713,observed,1200,1226,1226,1200,7835
2024-02-15,raw_reversal,primary_available,0.047298030815711996,observed,1234,1234,1234,1234,7836
2024-02-15,raw_reversal,matched_complete8,0.046664599586383596,observed,1209,1234,1234,1234,7836
2024-02-15,univariate_reversal_ridge,primary_available,0.046664599586383596,observed,1209,1234,1234,1209,7836
2024-02-15,univariate_reversal_ridge,matched_complete8,0.046664599586383596,observed,1209,1234,1234,1209,7836
2024-02-15,ridge,primary_available,0.05966533426594258,observed,1209,1234,1234,1209,7836
2024-02-15,ridge,matched_complete8,0.05966533426594258,observed,1209,1234,1234,1209,7836
2024-02-16,raw_reversal,primary_available,-0.026778026161912074,observed,1234,1234,1234,1234,7837
2024-02-16,raw_reversal,matched_complete8,-0.029068943291040487,observed,1206,1234,1234,1234,7837
2024-02-16,univariate_reversal_ridge,primary_available,-0.029068943291040487,observed,1206,1234,1234,1206,7837
2024-02-16,univariate_reversal_ridge,matched_complete8,-0.029068943291040487,observed,1206,1234,1234,1206,7837
2024-02-16,ridge,primary_available,-0.0028721826635218213,observed,1206,1234,1234,1206,7837
2024-02-16,ridge,matched_complete8,-0.0028721826635218213,observed,1206,1234,1234,1206,7837
2024-02-20,raw_reversal,primary_available,-0.006292121640196186,observed,1234,1234,1234,1234,7838
2024-02-20,raw_reversal,matched_complete8,-0.006774999152650726,observed,1221,1234,1234,1234,7838
2024-02-20,univariate_reversal_ridge,primary_available,-0.006774999152650726,observed,1221,1234,1234,1221,7838
2024-02-20,univariate_reversal_ridge,matched_complete8,-0.006774999152650726,observed,1221,1234,1234,1221,7838
2024-02-20,ridge,primary_available,0.10787944333754666,observed,1221,1234,1234,1221,7838
2024-02-20,ridge,matched_complete8,0.10787944333754666,observed,1221,1234,1234,1221,7838
2024-02-21,raw_reversal,primary_available,-0.013357175043447852,observed,1241,1241,1241,1241,7839
2024-02-21,raw_reversal,matched_complete8,-0.01148387060381451,observed,1228,1241,1241,1241,7839
2024-02-21,univariate_reversal_ridge,primary_available,-0.01148387060381451,observed,1228,1241,1241,1228,7839
2024-02-21,univariate_reversal_ridge,matched_complete8,-0.01148387060381451,observed,1228,1241,1241,1228,7839
2024-02-21,ridge,primary_available,0.04569232787828845,observed,1228,1241,1241,1228,7839
2024-02-21,ridge,matched_complete8,0.04569232787828845,observed,1228,1241,1241,1228,7839
2024-02-22,raw_reversal,primary_available,0.06904010561577867,observed,1244,1244,1244,1244,7840
2024-02-22,raw_reversal,matched_complete8,0.06880313653216606,observed,1215,1244,1244,1244,7840
2024-02-22,univariate_reversal_ridge,primary_available,0.06880313653216606,observed,1215,1244,1244,1215,7840
2024-02-22,univariate_reversal_ridge,matched_complete8,0.06880313653216606,observed,1215,1244,1244,1215,7840
2024-02-22,ridge,primary_available,0.015255100889622107,observed,1215,1244,1244,1215,7840
2024-02-22,ridge,matched_complete8,0.015255100889622107,observed,1215,1244,1244,1215,7840
2024-02-23,raw_reversal,primary_available,0.11107656213691118,observed,1247,1247,1247,1247,7841
2024-02-23,raw_reversal,matched_complete8,0.11248578949395216,observed,1226,1247,1247,1247,7841
2024-02-23,univariate_reversal_ridge,primary_available,0.11248578949395216,observed,1226,1247,1247,1226,7841
2024-02-23,univariate_reversal_ridge,matched_complete8,0.11248578949395216,observed,1226,1247,1247,1226,7841
2024-02-23,ridge,primary_available,0.11786421254632347,observed,1226,1247,1247,1226,7841
2024-02-23,ridge,matched_complete8,0.11786421254632347,observed,1226,1247,1247,1226,7841
2024-02-26,raw_reversal,primary_available,-0.11818445378107954,observed,1250,1251,1250,1251,7842
2024-02-26,raw_reversal,matched_complete8,-0.11527857413598769,observed,1241,1251,1250,1251,7842
2024-02-26,univariate_reversal_ridge,primary_available,-0.11527857413598769,observed,1241,1251,1250,1242,7842
2024-02-26,univariate_reversal_ridge,matched_complete8,-0.11527857413598769,observed,1241,1251,1250,1242,7842
2024-02-26,ridge,primary_available,-0.08699991634799113,observed,1241,1251,1250,1242,7842
2024-02-26,ridge,matched_complete8,-0.08699991634799113,observed,1241,1251,1250,1242,7842
2024-02-27,raw_reversal,primary_available,-0.0491767176885689,observed,1259,1259,1259,1259,7843
2024-02-27,raw_reversal,matched_complete8,-0.045719385634091746,observed,1252,1259,1259,1259,7843
2024-02-27,univariate_reversal_ridge,primary_available,-0.045719385634091746,observed,1252,1259,1259,1252,7843
2024-02-27,univariate_reversal_ridge,matched_complete8,-0.045719385634091746,observed,1252,1259,1259,1252,7843
2024-02-27,ridge,primary_available,-0.008004439302454083,observed,1252,1259,1259,1252,7843
2024-02-27,ridge,matched_complete8,-0.008004439302454083,observed,1252,1259,1259,1252,7843
2024-02-28,raw_reversal,primary_available,-0.0010019676645308545,observed,1271,1271,1271,1271,7844
2024-02-28,raw_reversal,matched_complete8,-0.0023574091401391242,observed,1244,1271,1271,1271,7844
2024-02-28,univariate_reversal_ridge,primary_available,-0.0023574091401391242,observed,1244,1271,1271,1244,7844
2024-02-28,univariate_reversal_ridge,matched_complete8,-0.0023574091401391242,observed,1244,1271,1271,1244,7844
2024-02-28,ridge,primary_available,-0.02211088607805138,observed,1244,1271,1271,1244,7844
2024-02-28,ridge,matched_complete8,-0.02211088607805138,observed,1244,1271,1271,1244,7844
2024-02-29,raw_reversal,primary_available,-0.05512404153495519,observed,1278,1278,1278,1278,7845
2024-02-29,raw_reversal,matched_complete8,-0.05616780300048872,observed,1224,1278,1278,1278,7845
2024-02-29,univariate_reversal_ridge,primary_available,-0.05616780300048872,observed,1224,1278,1278,1224,7845
2024-02-29,univariate_reversal_ridge,matched_complete8,-0.05616780300048872,observed,1224,1278,1278,1224,7845
2024-02-29,ridge,primary_available,-0.12507881975357601,observed,1224,1278,1278,1224,7845
2024-02-29,ridge,matched_complete8,-0.12507881975357601,observed,1224,1278,1278,1224,7845
2024-03-01,raw_reversal,primary_available,0.15159026091004682,observed,1276,1276,1276,1276,7846
2024-03-01,raw_reversal,matched_complete8,0.1493038572370604,observed,1259,1276,1276,1276,7846
2024-03-01,univariate_reversal_ridge,primary_available,0.1493038572370604,observed,1259,1276,1276,1259,7846
2024-03-01,univariate_reversal_ridge,matched_complete8,0.1493038572370604,observed,1259,1276,1276,1259,7846
2024-03-01,ridge,primary_available,0.1204476789817182,observed,1259,1276,1276,1259,7846
2024-03-01,ridge,matched_complete8,0.1204476789817182,observed,1259,1276,1276,1259,7846
2024-03-04,raw_reversal,primary_available,0.06448021359509268,observed,1279,1279,1279,1279,7847
2024-03-04,raw_reversal,matched_complete8,0.06695424920475669,observed,1266,1279,1279,1279,7847
2024-03-04,univariate_reversal_ridge,primary_available,0.06695424920475669,observed,1266,1279,1279,1266,7847
2024-03-04,univariate_reversal_ridge,matched_complete8,0.06695424920475669,observed,1266,1279,1279,1266,7847
2024-03-04,ridge,primary_available,0.03301709123158065,observed,1266,1279,1279,1266,7847
2024-03-04,ridge,matched_complete8,0.03301709123158065,observed,1266,1279,1279,1266,7847
2024-03-05,raw_reversal,primary_available,0.01962401144375856,observed,1282,1282,1282,1282,7848
2024-03-05,raw_reversal,matched_complete8,0.022408213783686765,observed,1263,1282,1282,1282,7848
2024-03-05,univariate_reversal_ridge,primary_available,0.022408213783686765,observed,1263,1282,1282,1263,7848
2024-03-05,univariate_reversal_ridge,matched_complete8,0.022408213783686765,observed,1263,1282,1282,1263,7848
2024-03-05,ridge,primary_available,-0.014261311525780015,observed,1263,1282,1282,1263,7848
2024-03-05,ridge,matched_complete8,-0.014261311525780015,observed,1263,1282,1282,1263,7848
2024-03-06,raw_reversal,primary_available,0.07239476129434709,observed,1281,1282,1281,1282,7849
2024-03-06,raw_reversal,matched_complete8,0.07567430762476916,observed,1267,1282,1281,1282,7849
2024-03-06,univariate_reversal_ridge,primary_available,0.07567430762476916,observed,1267,1282,1281,1268,7849
2024-03-06,univariate_reversal_ridge,matched_complete8,0.07567430762476916,observed,1267,1282,1281,1268,7849
2024-03-06,ridge,primary_available,0.06405360716966384,observed,1267,1282,1281,1268,7849
2024-03-06,ridge,matched_complete8,0.06405360716966384,observed,1267,1282,1281,1268,7849
2024-03-07,raw_reversal,primary_available,0.15165622193648626,observed,1276,1276,1276,1276,7850
2024-03-07,raw_reversal,matched_complete8,0.15278854148038937,observed,1236,1276,1276,1276,7850
2024-03-07,univariate_reversal_ridge,primary_available,0.15278854148038937,observed,1236,1276,1276,1236,7850
2024-03-07,univariate_reversal_ridge,matched_complete8,0.15278854148038937,observed,1236,1276,1276,1236,7850
2024-03-07,ridge,primary_available,0.16333869674488471,observed,1236,1276,1276,1236,7850
2024-03-07,ridge,matched_complete8,0.16333869674488471,observed,1236,1276,1276,1236,7850
2024-03-08,raw_reversal,primary_available,0.0006668880650849415,observed,1279,1279,1279,1279,7851
2024-03-08,raw_reversal,matched_complete8,0.0009104030663069034,observed,1265,1279,1279,1279,7851
2024-03-08,univariate_reversal_ridge,primary_available,0.0009104030663069034,observed,1265,1279,1279,1265,7851
2024-03-08,univariate_reversal_ridge,matched_complete8,0.0009104030663069034,observed,1265,1279,1279,1265,7851
2024-03-08,ridge,primary_available,0.004650306473867828,observed,1265,1279,1279,1265,7851
2024-03-08,ridge,matched_complete8,0.004650306473867828,observed,1265,1279,1279,1265,7851
2024-03-11,raw_reversal,primary_available,-0.06947754589879071,observed,1277,1278,1277,1278,7852
2024-03-11,raw_reversal,matched_complete8,-0.06971166317062837,observed,1269,1278,1277,1278,7852
2024-03-11,univariate_reversal_ridge,primary_available,-0.06971166317062837,observed,1269,1278,1277,1270,7852
2024-03-11,univariate_reversal_ridge,matched_complete8,-0.06971166317062837,observed,1269,1278,1277,1270,7852
2024-03-11,ridge,primary_available,-0.04316431750958288,observed,1269,1278,1277,1270,7852
2024-03-11,ridge,matched_complete8,-0.04316431750958288,observed,1269,1278,1277,1270,7852
2024-03-12,raw_reversal,primary_available,-0.008539812678885098,observed,1276,1276,1276,1276,7853
2024-03-12,raw_reversal,matched_complete8,-0.011447040606708337,observed,1267,1276,1276,1276,7853
2024-03-12,univariate_reversal_ridge,primary_available,-0.011447040606708337,observed,1267,1276,1276,1267,7853
2024-03-12,univariate_reversal_ridge,matched_complete8,-0.011447040606708337,observed,1267,1276,1276,1267,7853
2024-03-12,ridge,primary_available,-0.04152543669255364,observed,1267,1276,1276,1267,7853
2024-03-12,ridge,matched_complete8,-0.04152543669255364,observed,1267,1276,1276,1267,7853
2024-03-13,raw_reversal,primary_available,0.01973735785965573,observed,1269,1269,1269,1269,7854
2024-03-13,raw_reversal,matched_complete8,0.0232372745515528,observed,1252,1269,1269,1269,7854
2024-03-13,univariate_reversal_ridge,primary_available,0.0232372745515528,observed,1252,1269,1269,1252,7854
2024-03-13,univariate_reversal_ridge,matched_complete8,0.0232372745515528,observed,1252,1269,1269,1252,7854
2024-03-13,ridge,primary_available,-0.016579300934700666,observed,1252,1269,1269,1252,7854
2024-03-13,ridge,matched_complete8,-0.016579300934700666,observed,1252,1269,1269,1252,7854
2024-03-14,raw_reversal,primary_available,0.07600926040475332,observed,1268,1268,1268,1268,7855
2024-03-14,raw_reversal,matched_complete8,0.07092849205306984,observed,1202,1268,1268,1268,7855
2024-03-14,univariate_reversal_ridge,primary_available,0.07092849205306984,observed,1202,1268,1268,1202,7855
2024-03-14,univariate_reversal_ridge,matched_complete8,0.07092849205306984,observed,1202,1268,1268,1202,7855
2024-03-14,ridge,primary_available,0.0641472631424387,observed,1202,1268,1268,1202,7855
2024-03-14,ridge,matched_complete8,0.0641472631424387,observed,1202,1268,1268,1202,7855
2024-03-15,raw_reversal,primary_available,-0.03550285998912668,observed,1300,1302,1300,1302,7856
2024-03-15,raw_reversal,matched_complete8,-0.0359434906393086,observed,1293,1302,1300,1302,7856
2024-03-15,univariate_reversal_ridge,primary_available,-0.0359434906393086,observed,1293,1302,1300,1295,7856
2024-03-15,univariate_reversal_ridge,matched_complete8,-0.0359434906393086,observed,1293,1302,1300,1295,7856
2024-03-15,ridge,primary_available,-0.04589334737099242,observed,1293,1302,1300,1295,7856
2024-03-15,ridge,matched_complete8,-0.04589334737099242,observed,1293,1302,1300,1295,7856
2024-03-18,raw_reversal,primary_available,0.05394584022235617,observed,1299,1300,1299,1300,7857
2024-03-18,raw_reversal,matched_complete8,0.05559925809307699,observed,1293,1300,1299,1300,7857
2024-03-18,univariate_reversal_ridge,primary_available,0.05559925809307699,observed,1293,1300,1299,1294,7857
2024-03-18,univariate_reversal_ridge,matched_complete8,0.05559925809307699,observed,1293,1300,1299,1294,7857
2024-03-18,ridge,primary_available,0.05314748414999839,observed,1293,1300,1299,1294,7857
2024-03-18,ridge,matched_complete8,0.05314748414999839,observed,1293,1300,1299,1294,7857
2024-03-19,raw_reversal,primary_available,0.04372864487367189,observed,1297,1297,1297,1297,7858
2024-03-19,raw_reversal,matched_complete8,0.04956669696827193,observed,1292,1297,1297,1297,7858
2024-03-19,univariate_reversal_ridge,primary_available,0.04956669696827193,observed,1292,1297,1297,1292,7858
2024-03-19,univariate_reversal_ridge,matched_complete8,0.04956669696827193,observed,1292,1297,1297,1292,7858
2024-03-19,ridge,primary_available,0.04305116379016312,observed,1292,1297,1297,1292,7858
2024-03-19,ridge,matched_complete8,0.04305116379016312,observed,1292,1297,1297,1292,7858
2024-03-20,raw_reversal,primary_available,-0.06427914087959058,observed,1290,1290,1290,1290,7859
2024-03-20,raw_reversal,matched_complete8,-0.06349229193758335,observed,1282,1290,1290,1290,7859
2024-03-20,univariate_reversal_ridge,primary_available,-0.06349229193758335,observed,1282,1290,1290,1282,7859
2024-03-20,univariate_reversal_ridge,matched_complete8,-0.06349229193758335,observed,1282,1290,1290,1282,7859
2024-03-20,ridge,primary_available,-0.023491036089612047,observed,1282,1290,1290,1282,7859
2024-03-20,ridge,matched_complete8,-0.023491036089612047,observed,1282,1290,1290,1282,7859
2024-03-21,raw_reversal,primary_available,-0.0013780439544143696,observed,1287,1290,1287,1290,7860
2024-03-21,raw_reversal,matched_complete8,0.0024205789774121734,observed,1283,1290,1287,1290,7860
2024-03-21,univariate_reversal_ridge,primary_available,0.0024205789774121734,observed,1283,1290,1287,1286,7860
2024-03-21,univariate_reversal_ridge,matched_complete8,0.0024205789774121734,observed,1283,1290,1287,1286,7860
2024-03-21,ridge,primary_available,0.009657168709613357,observed,1283,1290,1287,1286,7860
2024-03-21,ridge,matched_complete8,0.009657168709613357,observed,1283,1290,1287,1286,7860
2024-03-22,raw_reversal,primary_available,0.06402671604516907,observed,1284,1287,1284,1287,7861
2024-03-22,raw_reversal,matched_complete8,0.06820759981004493,observed,1280,1287,1284,1287,7861
2024-03-22,univariate_reversal_ridge,primary_available,0.06820759981004493,observed,1280,1287,1284,1283,7861
2024-03-22,univariate_reversal_ridge,matched_complete8,0.06820759981004493,observed,1280,1287,1284,1283,7861
2024-03-22,ridge,primary_available,0.041397969356222086,observed,1280,1287,1284,1283,7861
2024-03-22,ridge,matched_complete8,0.041397969356222086,observed,1280,1287,1284,1283,7861
2024-03-25,raw_reversal,primary_available,0.006465693232088393,observed,1278,1281,1278,1281,7862
2024-03-25,raw_reversal,matched_complete8,0.009777907351154592,observed,1275,1281,1278,1281,7862
2024-03-25,univariate_reversal_ridge,primary_available,0.009777907351154592,observed,1275,1281,1278,1278,7862
2024-03-25,univariate_reversal_ridge,matched_complete8,0.009777907351154592,observed,1275,1281,1278,1278,7862
2024-03-25,ridge,primary_available,-0.006642071354669774,observed,1275,1281,1278,1278,7862
2024-03-25,ridge,matched_complete8,-0.006642071354669774,observed,1275,1281,1278,1278,7862
2024-03-26,raw_reversal,primary_available,-0.06599766513881225,observed,1281,1284,1281,1284,7863
2024-03-26,raw_reversal,matched_complete8,-0.06570587145193037,observed,1278,1284,1281,1284,7863
2024-03-26,univariate_reversal_ridge,primary_available,-0.06570587145193037,observed,1278,1284,1281,1281,7863
2024-03-26,univariate_reversal_ridge,matched_complete8,-0.06570587145193037,observed,1278,1284,1281,1281,7863
2024-03-26,ridge,primary_available,0.01625324039165404,observed,1278,1284,1281,1281,7863
2024-03-26,ridge,matched_complete8,0.01625324039165404,observed,1278,1284,1281,1281,7863
2024-03-27,raw_reversal,primary_available,-0.015776098673374643,observed,1280,1284,1280,1284,7864
2024-03-27,raw_reversal,matched_complete8,-0.0061417074064484024,observed,1239,1284,1280,1284,7864
2024-03-27,univariate_reversal_ridge,primary_available,-0.0061417074064484024,observed,1239,1284,1280,1243,7864
2024-03-27,univariate_reversal_ridge,matched_complete8,-0.0061417074064484024,observed,1239,1284,1280,1243,7864
2024-03-27,ridge,primary_available,0.136777884821348,observed,1239,1284,1280,1243,7864
2024-03-27,ridge,matched_complete8,0.136777884821348,observed,1239,1284,1280,1243,7864
2024-03-28,raw_reversal,primary_available,0.03678504397529312,observed,1278,1280,1278,1280,7865
2024-03-28,raw_reversal,matched_complete8,0.03528380572202019,observed,1263,1280,1278,1280,7865
2024-03-28,univariate_reversal_ridge,primary_available,0.03528380572202019,observed,1263,1280,1278,1265,7865
2024-03-28,univariate_reversal_ridge,matched_complete8,0.03528380572202019,observed,1263,1280,1278,1265,7865
2024-03-28,ridge,primary_available,0.06586669373892379,observed,1263,1280,1278,1265,7865
2024-03-28,ridge,matched_complete8,0.06586669373892379,observed,1263,1280,1278,1265,7865
2024-04-01,raw_reversal,primary_available,0.0583787878197777,observed,1263,1264,1264,1263,7866
2024-04-01,raw_reversal,matched_complete8,0.05312877646020583,observed,1257,1264,1264,1263,7866
2024-04-01,univariate_reversal_ridge,primary_available,0.05312877646020583,observed,1257,1264,1264,1257,7866
2024-04-01,univariate_reversal_ridge,matched_complete8,0.05312877646020583,observed,1257,1264,1264,1257,7866
2024-04-01,ridge,primary_available,0.04703301197762341,observed,1257,1264,1264,1257,7866
2024-04-01,ridge,matched_complete8,0.04703301197762341,observed,1257,1264,1264,1257,7866
2024-04-02,raw_reversal,primary_available,-0.010543258202055508,observed,1262,1264,1264,1262,7867
2024-04-02,raw_reversal,matched_complete8,-0.010419553842764807,observed,1259,1264,1264,1262,7867
2024-04-02,univariate_reversal_ridge,primary_available,-0.010419553842764807,observed,1259,1264,1264,1259,7867
2024-04-02,univariate_reversal_ridge,matched_complete8,-0.010419553842764807,observed,1259,1264,1264,1259,7867
2024-04-02,ridge,primary_available,-0.06968618216701965,observed,1259,1264,1264,1259,7867
2024-04-02,ridge,matched_complete8,-0.06968618216701965,observed,1259,1264,1264,1259,7867
2024-04-03,raw_reversal,primary_available,-0.03876680523445139,observed,1258,1260,1260,1258,7868
2024-04-03,raw_reversal,matched_complete8,-0.039795937678687374,observed,1250,1260,1260,1258,7868
2024-04-03,univariate_reversal_ridge,primary_available,-0.039795937678687374,observed,1250,1260,1260,1250,7868
2024-04-03,univariate_reversal_ridge,matched_complete8,-0.039795937678687374,observed,1250,1260,1260,1250,7868
2024-04-03,ridge,primary_available,-0.012871488577523299,observed,1250,1260,1260,1250,7868
2024-04-03,ridge,matched_complete8,-0.012871488577523299,observed,1250,1260,1260,1250,7868
2024-04-04,raw_reversal,primary_available,-0.11190195117583379,observed,1255,1257,1257,1255,7869
2024-04-04,raw_reversal,matched_complete8,-0.11256912817280083,observed,1240,1257,1257,1255,7869
2024-04-04,univariate_reversal_ridge,primary_available,-0.11256912817280083,observed,1240,1257,1257,1240,7869
2024-04-04,univariate_reversal_ridge,matched_complete8,-0.11256912817280083,observed,1240,1257,1257,1240,7869
2024-04-04,ridge,primary_available,-0.1246812244987801,observed,1240,1257,1257,1240,7869
2024-04-04,ridge,matched_complete8,-0.1246812244987801,observed,1240,1257,1257,1240,7869
2024-04-05,raw_reversal,primary_available,-0.09151653721235688,observed,1257,1259,1259,1257,7870
2024-04-05,raw_reversal,matched_complete8,-0.09562193427968733,observed,1250,1259,1259,1257,7870
2024-04-05,univariate_reversal_ridge,primary_available,-0.09562193427968733,observed,1250,1259,1259,1250,7870
2024-04-05,univariate_reversal_ridge,matched_complete8,-0.09562193427968733,observed,1250,1259,1259,1250,7870
2024-04-05,ridge,primary_available,-0.059745303780138974,observed,1250,1259,1259,1250,7870
2024-04-05,ridge,matched_complete8,-0.059745303780138974,observed,1250,1259,1259,1250,7870
2024-04-08,raw_reversal,primary_available,-0.06711815604306737,observed,1255,1256,1256,1255,7871
2024-04-08,raw_reversal,matched_complete8,-0.06929036597539928,observed,1244,1256,1256,1255,7871
2024-04-08,univariate_reversal_ridge,primary_available,-0.06929036597539928,observed,1244,1256,1256,1244,7871
2024-04-08,univariate_reversal_ridge,matched_complete8,-0.06929036597539928,observed,1244,1256,1256,1244,7871
2024-04-08,ridge,primary_available,0.046385599899296755,observed,1244,1256,1256,1244,7871
2024-04-08,ridge,matched_complete8,0.046385599899296755,observed,1244,1256,1256,1244,7871
2024-04-09,raw_reversal,primary_available,0.12415231858620729,observed,1253,1253,1253,1253,7872
2024-04-09,raw_reversal,matched_complete8,0.13098902416746616,observed,1238,1253,1253,1253,7872
2024-04-09,univariate_reversal_ridge,primary_available,0.13098902416746616,observed,1238,1253,1253,1238,7872
2024-04-09,univariate_reversal_ridge,matched_complete8,0.13098902416746616,observed,1238,1253,1253,1238,7872
2024-04-09,ridge,primary_available,0.2631941175935432,observed,1238,1253,1253,1238,7872
2024-04-09,ridge,matched_complete8,0.2631941175935432,observed,1238,1253,1253,1238,7872
2024-04-10,raw_reversal,primary_available,0.009039992086301704,observed,1264,1264,1264,1264,7873
2024-04-10,raw_reversal,matched_complete8,0.012909858353192938,observed,1259,1264,1264,1264,7873
2024-04-10,univariate_reversal_ridge,primary_available,0.012909858353192938,observed,1259,1264,1264,1259,7873
2024-04-10,univariate_reversal_ridge,matched_complete8,0.012909858353192938,observed,1259,1264,1264,1259,7873
2024-04-10,ridge,primary_available,0.04931537836146744,observed,1259,1264,1264,1259,7873
2024-04-10,ridge,matched_complete8,0.04931537836146744,observed,1259,1264,1264,1259,7873
2024-04-11,raw_reversal,primary_available,0.21429539102645231,observed,1267,1267,1267,1267,7874
2024-04-11,raw_reversal,matched_complete8,0.21170911461912997,observed,1252,1267,1267,1267,7874
2024-04-11,univariate_reversal_ridge,primary_available,0.21170911461912997,observed,1252,1267,1267,1252,7874
2024-04-11,univariate_reversal_ridge,matched_complete8,0.21170911461912997,observed,1252,1267,1267,1252,7874
2024-04-11,ridge,primary_available,0.2733275104847894,observed,1252,1267,1267,1252,7874
2024-04-11,ridge,matched_complete8,0.2733275104847894,observed,1252,1267,1267,1252,7874
2024-04-12,raw_reversal,primary_available,-0.011674569073508875,observed,1259,1259,1259,1259,7875
2024-04-12,raw_reversal,matched_complete8,-0.015026539489588523,observed,1243,1259,1259,1259,7875
2024-04-12,univariate_reversal_ridge,primary_available,-0.015026539489588523,observed,1243,1259,1259,1243,7875
2024-04-12,univariate_reversal_ridge,matched_complete8,-0.015026539489588523,observed,1243,1259,1259,1243,7875
2024-04-12,ridge,primary_available,-0.14396995214136127,observed,1243,1259,1259,1243,7875
2024-04-12,ridge,matched_complete8,-0.14396995214136127,observed,1243,1259,1259,1243,7875
2024-04-15,raw_reversal,primary_available,0.0019466425730371548,observed,1204,1204,1204,1204,7876
2024-04-15,raw_reversal,matched_complete8,0.0011311066857623466,observed,1197,1204,1204,1204,7876
2024-04-15,univariate_reversal_ridge,primary_available,0.0011311066857623466,observed,1197,1204,1204,1197,7876
2024-04-15,univariate_reversal_ridge,matched_complete8,0.0011311066857623466,observed,1197,1204,1204,1197,7876
2024-04-15,ridge,primary_available,-0.09974532876135045,observed,1197,1204,1204,1197,7876
2024-04-15,ridge,matched_complete8,-0.09974532876135045,observed,1197,1204,1204,1197,7876
2024-04-16,raw_reversal,primary_available,0.10317042727931984,observed,1206,1206,1206,1206,7877
2024-04-16,raw_reversal,matched_complete8,0.10088650405279831,observed,1200,1206,1206,1206,7877
2024-04-16,univariate_reversal_ridge,primary_available,0.10088650405279831,observed,1200,1206,1206,1200,7877
2024-04-16,univariate_reversal_ridge,matched_complete8,0.10088650405279831,observed,1200,1206,1206,1200,7877
2024-04-16,ridge,primary_available,0.10753451986796185,observed,1200,1206,1206,1200,7877
2024-04-16,ridge,matched_complete8,0.10753451986796185,observed,1200,1206,1206,1200,7877
2024-04-17,raw_reversal,primary_available,-0.1396971221257471,observed,1200,1200,1200,1200,7878
2024-04-17,raw_reversal,matched_complete8,-0.1443948538091367,observed,1196,1200,1200,1200,7878
2024-04-17,univariate_reversal_ridge,primary_available,-0.1443948538091367,observed,1196,1200,1200,1196,7878
2024-04-17,univariate_reversal_ridge,matched_complete8,-0.1443948538091367,observed,1196,1200,1200,1196,7878
2024-04-17,ridge,primary_available,-0.19536198071592673,observed,1196,1200,1200,1196,7878
2024-04-17,ridge,matched_complete8,-0.19536198071592673,observed,1196,1200,1200,1196,7878
2024-04-18,raw_reversal,primary_available,-0.012264792447021416,observed,1191,1192,1191,1192,7879
2024-04-18,raw_reversal,matched_complete8,-0.013676815579691632,observed,1178,1192,1191,1192,7879
2024-04-18,univariate_reversal_ridge,primary_available,-0.013676815579691632,observed,1178,1192,1191,1179,7879
2024-04-18,univariate_reversal_ridge,matched_complete8,-0.013676815579691632,observed,1178,1192,1191,1179,7879
2024-04-18,ridge,primary_available,-0.0001052052315287992,observed,1178,1192,1191,1179,7879
2024-04-18,ridge,matched_complete8,-0.0001052052315287992,observed,1178,1192,1191,1179,7879
2024-04-19,raw_reversal,primary_available,0.24643516385234865,observed,1197,1197,1197,1197,7880
2024-04-19,raw_reversal,matched_complete8,0.24375846817265925,observed,1188,1197,1197,1197,7880
2024-04-19,univariate_reversal_ridge,primary_available,0.24375846817265925,observed,1188,1197,1197,1188,7880
2024-04-19,univariate_reversal_ridge,matched_complete8,0.24375846817265925,observed,1188,1197,1197,1188,7880
2024-04-19,ridge,primary_available,0.27734372021169934,observed,1188,1197,1197,1188,7880
2024-04-19,ridge,matched_complete8,0.27734372021169934,observed,1188,1197,1197,1188,7880
2024-04-22,raw_reversal,primary_available,0.14071306376611933,observed,1199,1199,1199,1199,7881
2024-04-22,raw_reversal,matched_complete8,0.14393391246030934,observed,1191,1199,1199,1199,7881
2024-04-22,univariate_reversal_ridge,primary_available,0.14393391246030934,observed,1191,1199,1199,1191,7881
2024-04-22,univariate_reversal_ridge,matched_complete8,0.14393391246030934,observed,1191,1199,1199,1191,7881
2024-04-22,ridge,primary_available,0.06676970147347565,observed,1191,1199,1199,1191,7881
2024-04-22,ridge,matched_complete8,0.06676970147347565,observed,1191,1199,1199,1191,7881
2024-04-23,raw_reversal,primary_available,-0.026705501301603717,observed,1209,1209,1209,1209,7882
2024-04-23,raw_reversal,matched_complete8,-0.02436381923716612,observed,1196,1209,1209,1209,7882
2024-04-23,univariate_reversal_ridge,primary_available,-0.02436381923716612,observed,1196,1209,1209,1196,7882
2024-04-23,univariate_reversal_ridge,matched_complete8,-0.02436381923716612,observed,1196,1209,1209,1196,7882
2024-04-23,ridge,primary_available,0.029555683681402913,observed,1196,1209,1209,1196,7882
2024-04-23,ridge,matched_complete8,0.029555683681402913,observed,1196,1209,1209,1196,7882
2024-04-24,raw_reversal,primary_available,0.03828146140165412,observed,1210,1210,1210,1210,7883
2024-04-24,raw_reversal,matched_complete8,0.03905183781403676,observed,1201,1210,1210,1210,7883
2024-04-24,univariate_reversal_ridge,primary_available,0.03905183781403676,observed,1201,1210,1210,1201,7883
2024-04-24,univariate_reversal_ridge,matched_complete8,0.03905183781403676,observed,1201,1210,1210,1201,7883
2024-04-24,ridge,primary_available,0.06098421528403295,observed,1201,1210,1210,1201,7883
2024-04-24,ridge,matched_complete8,0.06098421528403295,observed,1201,1210,1210,1201,7883
2024-04-25,raw_reversal,primary_available,0.025308423999358468,observed,1202,1204,1202,1204,7884
2024-04-25,raw_reversal,matched_complete8,0.021157980334440052,observed,1189,1204,1202,1204,7884
2024-04-25,univariate_reversal_ridge,primary_available,0.021157980334440052,observed,1189,1204,1202,1191,7884
2024-04-25,univariate_reversal_ridge,matched_complete8,0.021157980334440052,observed,1189,1204,1202,1191,7884
2024-04-25,ridge,primary_available,-0.01986438790541369,observed,1189,1204,1202,1191,7884
2024-04-25,ridge,matched_complete8,-0.01986438790541369,observed,1189,1204,1202,1191,7884
2024-04-26,raw_reversal,primary_available,0.016334411062067084,observed,1198,1200,1198,1200,7885
2024-04-26,raw_reversal,matched_complete8,0.015317653255299392,observed,1189,1200,1198,1200,7885
2024-04-26,univariate_reversal_ridge,primary_available,0.015317653255299392,observed,1189,1200,1198,1191,7885
2024-04-26,univariate_reversal_ridge,matched_complete8,0.015317653255299392,observed,1189,1200,1198,1191,7885
2024-04-26,ridge,primary_available,-0.029015309268971414,observed,1189,1200,1198,1191,7885
2024-04-26,ridge,matched_complete8,-0.029015309268971414,observed,1189,1200,1198,1191,7885
2024-04-29,raw_reversal,primary_available,-0.030272356782757696,observed,1207,1209,1207,1209,7886
2024-04-29,raw_reversal,matched_complete8,-0.03096229418803076,observed,1194,1209,1207,1209,7886
2024-04-29,univariate_reversal_ridge,primary_available,-0.03096229418803076,observed,1194,1209,1207,1196,7886
2024-04-29,univariate_reversal_ridge,matched_complete8,-0.03096229418803076,observed,1194,1209,1207,1196,7886
2024-04-29,ridge,primary_available,-0.05123327165685841,observed,1194,1209,1207,1196,7886
2024-04-29,ridge,matched_complete8,-0.05123327165685841,observed,1194,1209,1207,1196,7886
2024-04-30,raw_reversal,primary_available,0.021310448383143492,observed,1204,1206,1204,1206,7887
2024-04-30,raw_reversal,matched_complete8,0.01974662326884318,observed,1188,1206,1204,1206,7887
2024-04-30,univariate_reversal_ridge,primary_available,0.01974662326884318,observed,1188,1206,1204,1190,7887
2024-04-30,univariate_reversal_ridge,matched_complete8,0.01974662326884318,observed,1188,1206,1204,1190,7887
2024-04-30,ridge,primary_available,0.01749307381177168,observed,1188,1206,1204,1190,7887
2024-04-30,ridge,matched_complete8,0.01749307381177168,observed,1188,1206,1204,1190,7887
2024-05-01,raw_reversal,primary_available,-0.0008438853635446311,observed,1209,1211,1209,1211,7888
2024-05-01,raw_reversal,matched_complete8,-0.0025373685927178214,observed,1198,1211,1209,1211,7888
2024-05-01,univariate_reversal_ridge,primary_available,-0.0025373685927178214,observed,1198,1211,1209,1200,7888
2024-05-01,univariate_reversal_ridge,matched_complete8,-0.0025373685927178214,observed,1198,1211,1209,1200,7888
2024-05-01,ridge,primary_available,0.04683284483031205,observed,1198,1211,1209,1200,7888
2024-05-01,ridge,matched_complete8,0.04683284483031205,observed,1198,1211,1209,1200,7888
2024-05-02,raw_reversal,primary_available,0.01495373817832513,observed,1217,1219,1217,1219,7889
2024-05-02,raw_reversal,matched_complete8,0.017512952399614767,observed,1202,1219,1217,1219,7889
2024-05-02,univariate_reversal_ridge,primary_available,0.017512952399614767,observed,1202,1219,1217,1204,7889
2024-05-02,univariate_reversal_ridge,matched_complete8,0.017512952399614767,observed,1202,1219,1217,1204,7889
2024-05-02,ridge,primary_available,0.030601122325307695,observed,1202,1219,1217,1204,7889
2024-05-02,ridge,matched_complete8,0.030601122325307695,observed,1202,1219,1217,1204,7889
2024-05-03,raw_reversal,primary_available,-0.060927228983932706,observed,1222,1222,1222,1222,7890
2024-05-03,raw_reversal,matched_complete8,-0.053386238885010914,observed,1202,1222,1222,1222,7890
2024-05-03,univariate_reversal_ridge,primary_available,-0.053386238885010914,observed,1202,1222,1222,1202,7890
2024-05-03,univariate_reversal_ridge,matched_complete8,-0.053386238885010914,observed,1202,1222,1222,1202,7890
2024-05-03,ridge,primary_available,-0.04243864232651631,observed,1202,1222,1222,1202,7890
2024-05-03,ridge,matched_complete8,-0.04243864232651631,observed,1202,1222,1222,1202,7890
2024-05-06,raw_reversal,primary_available,-0.021204320065525386,observed,1229,1230,1229,1230,7891
2024-05-06,raw_reversal,matched_complete8,-0.01684270572466058,observed,1215,1230,1229,1230,7891
2024-05-06,univariate_reversal_ridge,primary_available,-0.01684270572466058,observed,1215,1230,1229,1216,7891
2024-05-06,univariate_reversal_ridge,matched_complete8,-0.01684270572466058,observed,1215,1230,1229,1216,7891
2024-05-06,ridge,primary_available,0.018596174724735643,observed,1215,1230,1229,1216,7891
2024-05-06,ridge,matched_complete8,0.018596174724735643,observed,1215,1230,1229,1216,7891
2024-05-07,raw_reversal,primary_available,-0.10550883874549198,observed,1231,1231,1231,1231,7892
2024-05-07,raw_reversal,matched_complete8,-0.11123677220997895,observed,1215,1231,1231,1231,7892
2024-05-07,univariate_reversal_ridge,primary_available,-0.11123677220997895,observed,1215,1231,1231,1215,7892
2024-05-07,univariate_reversal_ridge,matched_complete8,-0.11123677220997895,observed,1215,1231,1231,1215,7892
2024-05-07,ridge,primary_available,-0.010630184416173088,observed,1215,1231,1231,1215,7892
2024-05-07,ridge,matched_complete8,-0.010630184416173088,observed,1215,1231,1231,1215,7892
2024-05-08,raw_reversal,primary_available,-0.06954466852862623,observed,1242,1242,1242,1242,7893
2024-05-08,raw_reversal,matched_complete8,-0.07500692101068229,observed,1224,1242,1242,1242,7893
2024-05-08,univariate_reversal_ridge,primary_available,-0.07500692101068229,observed,1224,1242,1242,1224,7893
2024-05-08,univariate_reversal_ridge,matched_complete8,-0.07500692101068229,observed,1224,1242,1242,1224,7893
2024-05-08,ridge,primary_available,-0.10156023033697989,observed,1224,1242,1242,1224,7893
2024-05-08,ridge,matched_complete8,-0.10156023033697989,observed,1224,1242,1242,1224,7893
2024-05-09,raw_reversal,primary_available,-0.01264170093732623,observed,1252,1252,1252,1252,7894
2024-05-09,raw_reversal,matched_complete8,-0.020691637656130427,observed,1218,1252,1252,1252,7894
2024-05-09,univariate_reversal_ridge,primary_available,-0.020691637656130427,observed,1218,1252,1252,1218,7894
2024-05-09,univariate_reversal_ridge,matched_complete8,-0.020691637656130427,observed,1218,1252,1252,1218,7894
2024-05-09,ridge,primary_available,-0.009396840361004072,observed,1218,1252,1252,1218,7894
2024-05-09,ridge,matched_complete8,-0.009396840361004072,observed,1218,1252,1252,1218,7894
2024-05-10,raw_reversal,primary_available,0.030513839666437465,observed,1256,1256,1256,1256,7895
2024-05-10,raw_reversal,matched_complete8,0.031000131928748894,observed,1226,1256,1256,1256,7895
2024-05-10,univariate_reversal_ridge,primary_available,0.031000131928748894,observed,1226,1256,1256,1226,7895
2024-05-10,univariate_reversal_ridge,matched_complete8,0.031000131928748894,observed,1226,1256,1256,1226,7895
2024-05-10,ridge,primary_available,0.03507985579252114,observed,1226,1256,1256,1226,7895
2024-05-10,ridge,matched_complete8,0.03507985579252114,observed,1226,1256,1256,1226,7895
2024-05-13,raw_reversal,primary_available,0.004671294457224117,observed,1260,1260,1260,1260,7896
2024-05-13,raw_reversal,matched_complete8,0.00382371517160908,observed,1242,1260,1260,1260,7896
2024-05-13,univariate_reversal_ridge,primary_available,0.00382371517160908,observed,1242,1260,1260,1242,7896
2024-05-13,univariate_reversal_ridge,matched_complete8,0.00382371517160908,observed,1242,1260,1260,1242,7896
2024-05-13,ridge,primary_available,0.09628342096126045,observed,1242,1260,1260,1242,7896
2024-05-13,ridge,matched_complete8,0.09628342096126045,observed,1242,1260,1260,1242,7896
2024-05-14,raw_reversal,primary_available,0.06049535243508594,observed,1269,1269,1269,1269,7897
2024-05-14,raw_reversal,matched_complete8,0.0575965879034127,observed,1233,1269,1269,1269,7897
2024-05-14,univariate_reversal_ridge,primary_available,0.0575965879034127,observed,1233,1269,1269,1233,7897
2024-05-14,univariate_reversal_ridge,matched_complete8,0.0575965879034127,observed,1233,1269,1269,1233,7897
2024-05-14,ridge,primary_available,0.04041772934215482,observed,1233,1269,1269,1233,7897
2024-05-14,ridge,matched_complete8,0.04041772934215482,observed,1233,1269,1269,1233,7897
2024-05-15,raw_reversal,primary_available,0.013434188035166791,observed,1267,1268,1267,1268,7898
2024-05-15,raw_reversal,matched_complete8,0.007290199239775419,observed,1237,1268,1267,1268,7898
2024-05-15,univariate_reversal_ridge,primary_available,0.007290199239775419,observed,1237,1268,1267,1238,7898
2024-05-15,univariate_reversal_ridge,matched_complete8,0.007290199239775419,observed,1237,1268,1267,1238,7898
2024-05-15,ridge,primary_available,-0.06716439489269625,observed,1237,1268,1267,1238,7898
2024-05-15,ridge,matched_complete8,-0.06716439489269625,observed,1237,1268,1267,1238,7898
2024-05-16,raw_reversal,primary_available,-0.03148784343911278,observed,1269,1269,1269,1269,7899
2024-05-16,raw_reversal,matched_complete8,-0.0361074339521357,observed,1234,1269,1269,1269,7899
2024-05-16,univariate_reversal_ridge,primary_available,-0.0361074339521357,observed,1234,1269,1269,1234,7899
2024-05-16,univariate_reversal_ridge,matched_complete8,-0.0361074339521357,observed,1234,1269,1269,1234,7899
2024-05-16,ridge,primary_available,0.025838685251185815,observed,1234,1269,1269,1234,7899
2024-05-16,ridge,matched_complete8,0.025838685251185815,observed,1234,1269,1269,1234,7899
2024-05-17,raw_reversal,primary_available,-0.060328010318173295,observed,1259,1260,1259,1260,7900
2024-05-17,raw_reversal,matched_complete8,-0.06288140001160826,observed,1231,1260,1259,1260,7900
2024-05-17,univariate_reversal_ridge,primary_available,-0.06288140001160826,observed,1231,1260,1259,1232,7900
2024-05-17,univariate_reversal_ridge,matched_complete8,-0.06288140001160826,observed,1231,1260,1259,1232,7900
2024-05-17,ridge,primary_available,-0.030720358280073044,observed,1231,1260,1259,1232,7900
2024-05-17,ridge,matched_complete8,-0.030720358280073044,observed,1231,1260,1259,1232,7900
2024-05-20,raw_reversal,primary_available,-0.13387595140363526,observed,1255,1255,1255,1255,7901
2024-05-20,raw_reversal,matched_complete8,-0.13643115215817458,observed,1234,1255,1255,1255,7901
2024-05-20,univariate_reversal_ridge,primary_available,-0.13643115215817458,observed,1234,1255,1255,1234,7901
2024-05-20,univariate_reversal_ridge,matched_complete8,-0.13643115215817458,observed,1234,1255,1255,1234,7901
2024-05-20,ridge,primary_available,-0.11982119116826143,observed,1234,1255,1255,1234,7901
2024-05-20,ridge,matched_complete8,-0.11982119116826143,observed,1234,1255,1255,1234,7901
2024-05-21,raw_reversal,primary_available,-0.133927159744526,observed,1252,1252,1252,1252,7902
2024-05-21,raw_reversal,matched_complete8,-0.1373853547176545,observed,1235,1252,1252,1252,7902
2024-05-21,univariate_reversal_ridge,primary_available,-0.1373853547176545,observed,1235,1252,1252,1235,7902
2024-05-21,univariate_reversal_ridge,matched_complete8,-0.1373853547176545,observed,1235,1252,1252,1235,7902
2024-05-21,ridge,primary_available,-0.1296675306576354,observed,1235,1252,1252,1235,7902
2024-05-21,ridge,matched_complete8,-0.1296675306576354,observed,1235,1252,1252,1235,7902
2024-05-22,raw_reversal,primary_available,-0.018447010767175732,observed,1254,1255,1254,1255,7903
2024-05-22,raw_reversal,matched_complete8,-0.02002442019775663,observed,1239,1255,1254,1255,7903
2024-05-22,univariate_reversal_ridge,primary_available,-0.02002442019775663,observed,1239,1255,1254,1240,7903
2024-05-22,univariate_reversal_ridge,matched_complete8,-0.02002442019775663,observed,1239,1255,1254,1240,7903
2024-05-22,ridge,primary_available,0.09971115584703451,observed,1239,1255,1254,1240,7903
2024-05-22,ridge,matched_complete8,0.09971115584703451,observed,1239,1255,1254,1240,7903
2024-05-23,raw_reversal,primary_available,0.09545443090987744,observed,1244,1244,1244,1244,7904
2024-05-23,raw_reversal,matched_complete8,0.09134247101646081,observed,1220,1244,1244,1244,7904
2024-05-23,univariate_reversal_ridge,primary_available,0.09134247101646081,observed,1220,1244,1244,1220,7904
2024-05-23,univariate_reversal_ridge,matched_complete8,0.09134247101646081,observed,1220,1244,1244,1220,7904
2024-05-23,ridge,primary_available,0.10175150373113795,observed,1220,1244,1244,1220,7904
2024-05-23,ridge,matched_complete8,0.10175150373113795,observed,1220,1244,1244,1220,7904
2024-05-24,raw_reversal,primary_available,0.05596769584871097,observed,1246,1248,1247,1247,7905
2024-05-24,raw_reversal,matched_complete8,0.0480514265568573,observed,1223,1248,1247,1247,7905
2024-05-24,univariate_reversal_ridge,primary_available,0.0480514265568573,observed,1223,1248,1247,1224,7905
2024-05-24,univariate_reversal_ridge,matched_complete8,0.0480514265568573,observed,1223,1248,1247,1224,7905
2024-05-24,ridge,primary_available,0.05346565375255885,observed,1223,1248,1247,1224,7905
2024-05-24,ridge,matched_complete8,0.05346565375255885,observed,1223,1248,1247,1224,7905
2024-05-28,raw_reversal,primary_available,0.03603603342479242,observed,1244,1246,1245,1245,7906
2024-05-28,raw_reversal,matched_complete8,0.03544561905232998,observed,1237,1246,1245,1245,7906
2024-05-28,univariate_reversal_ridge,primary_available,0.03544561905232998,observed,1237,1246,1245,1238,7906
2024-05-28,univariate_reversal_ridge,matched_complete8,0.03544561905232998,observed,1237,1246,1245,1238,7906
2024-05-28,ridge,primary_available,0.0400227352479947,observed,1237,1246,1245,1238,7906
2024-05-28,ridge,matched_complete8,0.0400227352479947,observed,1237,1246,1245,1238,7906
2024-05-29,raw_reversal,primary_available,-0.023656025028231876,observed,1232,1234,1233,1233,7907
2024-05-29,raw_reversal,matched_complete8,-0.026416915423993496,observed,1218,1234,1233,1233,7907
2024-05-29,univariate_reversal_ridge,primary_available,-0.026416915423993496,observed,1218,1234,1233,1219,7907
2024-05-29,univariate_reversal_ridge,matched_complete8,-0.026416915423993496,observed,1218,1234,1233,1219,7907
2024-05-29,ridge,primary_available,-0.06298243558121103,observed,1218,1234,1233,1219,7907
2024-05-29,ridge,matched_complete8,-0.06298243558121103,observed,1218,1234,1233,1219,7907
2024-05-30,raw_reversal,primary_available,0.12585093792022412,observed,1229,1231,1230,1230,7908
2024-05-30,raw_reversal,matched_complete8,0.12596129141478438,observed,1214,1231,1230,1230,7908
2024-05-30,univariate_reversal_ridge,primary_available,0.12596129141478438,observed,1214,1231,1230,1215,7908
2024-05-30,univariate_reversal_ridge,matched_complete8,0.12596129141478438,observed,1214,1231,1230,1215,7908
2024-05-30,ridge,primary_available,0.1521798843123467,observed,1214,1231,1230,1215,7908
2024-05-30,ridge,matched_complete8,0.1521798843123467,observed,1214,1231,1230,1215,7908
2024-05-31,raw_reversal,primary_available,0.12863260702834706,observed,1231,1232,1232,1231,7909
2024-05-31,raw_reversal,matched_complete8,0.13195025607828412,observed,1187,1232,1232,1231,7909
2024-05-31,univariate_reversal_ridge,primary_available,0.13195025607828412,observed,1187,1232,1232,1187,7909
2024-05-31,univariate_reversal_ridge,matched_complete8,0.13195025607828412,observed,1187,1232,1232,1187,7909
2024-05-31,ridge,primary_available,0.07809462977456648,observed,1187,1232,1232,1187,7909
2024-05-31,ridge,matched_complete8,0.07809462977456648,observed,1187,1232,1232,1187,7909
2024-06-03,raw_reversal,primary_available,0.15866417374892255,observed,1230,1230,1230,1230,7910
2024-06-03,raw_reversal,matched_complete8,0.16384077598653435,observed,1186,1230,1230,1230,7910
2024-06-03,univariate_reversal_ridge,primary_available,0.16384077598653435,observed,1186,1230,1230,1186,7910
2024-06-03,univariate_reversal_ridge,matched_complete8,0.16384077598653435,observed,1186,1230,1230,1186,7910
2024-06-03,ridge,primary_available,0.09520928354766843,observed,1186,1230,1230,1186,7910
2024-06-03,ridge,matched_complete8,0.09520928354766843,observed,1186,1230,1230,1186,7910
2024-06-04,raw_reversal,primary_available,0.2150347882645438,observed,1235,1235,1235,1235,7911
2024-06-04,raw_reversal,matched_complete8,0.20938355351259963,observed,1214,1235,1235,1235,7911
2024-06-04,univariate_reversal_ridge,primary_available,0.20938355351259963,observed,1214,1235,1235,1214,7911
2024-06-04,univariate_reversal_ridge,matched_complete8,0.20938355351259963,observed,1214,1235,1235,1214,7911
2024-06-04,ridge,primary_available,0.15238978908344153,observed,1214,1235,1235,1214,7911
2024-06-04,ridge,matched_complete8,0.15238978908344153,observed,1214,1235,1235,1214,7911
2024-06-05,raw_reversal,primary_available,0.07843685589732174,observed,1235,1235,1235,1235,7912
2024-06-05,raw_reversal,matched_complete8,0.07448246109994085,observed,1217,1235,1235,1235,7912
2024-06-05,univariate_reversal_ridge,primary_available,0.07448246109994085,observed,1217,1235,1235,1217,7912
2024-06-05,univariate_reversal_ridge,matched_complete8,0.07448246109994085,observed,1217,1235,1235,1217,7912
2024-06-05,ridge,primary_available,-0.06714204085033132,observed,1217,1235,1235,1217,7912
2024-06-05,ridge,matched_complete8,-0.06714204085033132,observed,1217,1235,1235,1217,7912
2024-06-06,raw_reversal,primary_available,0.0026200275036942777,observed,1224,1224,1224,1224,7913
2024-06-06,raw_reversal,matched_complete8,0.007955604074406274,observed,1204,1224,1224,1224,7913
2024-06-06,univariate_reversal_ridge,primary_available,0.007955604074406274,observed,1204,1224,1224,1204,7913
2024-06-06,univariate_reversal_ridge,matched_complete8,0.007955604074406274,observed,1204,1224,1224,1204,7913
2024-06-06,ridge,primary_available,0.05614146820062887,observed,1204,1224,1224,1204,7913
2024-06-06,ridge,matched_complete8,0.05614146820062887,observed,1204,1224,1224,1204,7913
2024-06-07,raw_reversal,primary_available,-0.1353808148259819,observed,1215,1215,1215,1215,7914
2024-06-07,raw_reversal,matched_complete8,-0.1334858433729389,observed,1185,1215,1215,1215,7914
2024-06-07,univariate_reversal_ridge,primary_available,-0.1334858433729389,observed,1185,1215,1215,1185,7914
2024-06-07,univariate_reversal_ridge,matched_complete8,-0.1334858433729389,observed,1185,1215,1215,1185,7914
2024-06-07,ridge,primary_available,-0.09323941116357838,observed,1185,1215,1215,1185,7914
2024-06-07,ridge,matched_complete8,-0.09323941116357838,observed,1185,1215,1215,1185,7914
2024-06-10,raw_reversal,primary_available,-0.10739646879518744,observed,1207,1208,1207,1208,7915
2024-06-10,raw_reversal,matched_complete8,-0.11027485492375148,observed,1178,1208,1207,1208,7915
2024-06-10,univariate_reversal_ridge,primary_available,-0.11027485492375148,observed,1178,1208,1207,1179,7915
2024-06-10,univariate_reversal_ridge,matched_complete8,-0.11027485492375148,observed,1178,1208,1207,1179,7915
2024-06-10,ridge,primary_available,-0.047368620906989206,observed,1178,1208,1207,1179,7915
2024-06-10,ridge,matched_complete8,-0.047368620906989206,observed,1178,1208,1207,1179,7915
2024-06-11,raw_reversal,primary_available,-0.10103265105685583,observed,1207,1207,1207,1207,7916
2024-06-11,raw_reversal,matched_complete8,-0.10071647578620449,observed,1197,1207,1207,1207,7916
2024-06-11,univariate_reversal_ridge,primary_available,-0.10071647578620449,observed,1197,1207,1207,1197,7916
2024-06-11,univariate_reversal_ridge,matched_complete8,-0.10071647578620449,observed,1197,1207,1207,1197,7916
2024-06-11,ridge,primary_available,-0.026017523226164428,observed,1197,1207,1207,1197,7916
2024-06-11,ridge,matched_complete8,-0.026017523226164428,observed,1197,1207,1207,1197,7916
2024-06-12,raw_reversal,primary_available,0.04648527218613996,observed,1208,1208,1208,1208,7917
2024-06-12,raw_reversal,matched_complete8,0.04338288407940335,observed,1191,1208,1208,1208,7917
2024-06-12,univariate_reversal_ridge,primary_available,0.04338288407940335,observed,1191,1208,1208,1191,7917
2024-06-12,univariate_reversal_ridge,matched_complete8,0.04338288407940335,observed,1191,1208,1208,1191,7917
2024-06-12,ridge,primary_available,0.06465358735693356,observed,1191,1208,1208,1191,7917
2024-06-12,ridge,matched_complete8,0.06465358735693356,observed,1191,1208,1208,1191,7917
2024-06-13,raw_reversal,primary_available,0.07483020294603684,observed,1204,1204,1204,1204,7918
2024-06-13,raw_reversal,matched_complete8,0.07258403401495625,observed,1188,1204,1204,1204,7918
2024-06-13,univariate_reversal_ridge,primary_available,0.07258403401495625,observed,1188,1204,1204,1188,7918
2024-06-13,univariate_reversal_ridge,matched_complete8,0.07258403401495625,observed,1188,1204,1204,1188,7918
2024-06-13,ridge,primary_available,0.032705572459006585,observed,1188,1204,1204,1188,7918
2024-06-13,ridge,matched_complete8,0.032705572459006585,observed,1188,1204,1204,1188,7918
2024-06-14,raw_reversal,primary_available,0.120703591409822,observed,1198,1199,1198,1199,7919
2024-06-14,raw_reversal,matched_complete8,0.13077469137525163,observed,1129,1199,1198,1199,7919
2024-06-14,univariate_reversal_ridge,primary_available,0.13077469137525163,observed,1129,1199,1198,1130,7919
2024-06-14,univariate_reversal_ridge,matched_complete8,0.13077469137525163,observed,1129,1199,1198,1130,7919
2024-06-14,ridge,primary_available,0.0918319501577436,observed,1129,1199,1198,1130,7919
2024-06-14,ridge,matched_complete8,0.0918319501577436,observed,1129,1199,1198,1130,7919
2024-06-17,raw_reversal,primary_available,0.10524485477867107,observed,1201,1202,1201,1202,7920
2024-06-17,raw_reversal,matched_complete8,0.10410971025359197,observed,1182,1202,1201,1202,7920
2024-06-17,univariate_reversal_ridge,primary_available,0.10410971025359197,observed,1182,1202,1201,1183,7920
2024-06-17,univariate_reversal_ridge,matched_complete8,0.10410971025359197,observed,1182,1202,1201,1183,7920
2024-06-17,ridge,primary_available,0.10644042991257259,observed,1182,1202,1201,1183,7920
2024-06-17,ridge,matched_complete8,0.10644042991257259,observed,1182,1202,1201,1183,7920
2024-06-18,raw_reversal,primary_available,0.2615095761774482,observed,1206,1207,1206,1207,7921
2024-06-18,raw_reversal,matched_complete8,0.2601002081210457,observed,1191,1207,1206,1207,7921
2024-06-18,univariate_reversal_ridge,primary_available,0.2601002081210457,observed,1191,1207,1206,1192,7921
2024-06-18,univariate_reversal_ridge,matched_complete8,0.2601002081210457,observed,1191,1207,1206,1192,7921
2024-06-18,ridge,primary_available,0.27794278838510844,observed,1191,1207,1206,1192,7921
2024-06-18,ridge,matched_complete8,0.27794278838510844,observed,1191,1207,1206,1192,7921
2024-06-20,raw_reversal,primary_available,0.18619589193997085,observed,1206,1207,1206,1207,7922
2024-06-20,raw_reversal,matched_complete8,0.18305527544986375,observed,1197,1207,1206,1207,7922
2024-06-20,univariate_reversal_ridge,primary_available,0.18305527544986375,observed,1197,1207,1206,1198,7922
2024-06-20,univariate_reversal_ridge,matched_complete8,0.18305527544986375,observed,1197,1207,1206,1198,7922
2024-06-20,ridge,primary_available,0.09496635807521457,observed,1197,1207,1206,1198,7922
2024-06-20,ridge,matched_complete8,0.09496635807521457,observed,1197,1207,1206,1198,7922
2024-06-21,raw_reversal,primary_available,-0.004513537418777789,observed,1241,1242,1241,1242,7923
2024-06-21,raw_reversal,matched_complete8,-0.005184937750927788,observed,1232,1242,1241,1242,7923
2024-06-21,univariate_reversal_ridge,primary_available,-0.005184937750927788,observed,1232,1242,1241,1233,7923
2024-06-21,univariate_reversal_ridge,matched_complete8,-0.005184937750927788,observed,1232,1242,1241,1233,7923
2024-06-21,ridge,primary_available,-0.027466330615037386,observed,1232,1242,1241,1233,7923
2024-06-21,ridge,matched_complete8,-0.027466330615037386,observed,1232,1242,1241,1233,7923
2024-06-24,raw_reversal,primary_available,0.02789207983466042,observed,1246,1247,1246,1247,7924
2024-06-24,raw_reversal,matched_complete8,0.02525018318279294,observed,1236,1247,1246,1247,7924
2024-06-24,univariate_reversal_ridge,primary_available,0.02525018318279294,observed,1236,1247,1246,1237,7924
2024-06-24,univariate_reversal_ridge,matched_complete8,0.02525018318279294,observed,1236,1247,1246,1237,7924
2024-06-24,ridge,primary_available,0.04304893370515647,observed,1236,1247,1246,1237,7924
2024-06-24,ridge,matched_complete8,0.04304893370515647,observed,1236,1247,1246,1237,7924
2024-06-25,raw_reversal,primary_available,-0.01782192178611237,observed,1242,1244,1243,1243,7925
2024-06-25,raw_reversal,matched_complete8,-0.020718498272444083,observed,1235,1244,1243,1243,7925
2024-06-25,univariate_reversal_ridge,primary_available,-0.020718498272444083,observed,1235,1244,1243,1236,7925
2024-06-25,univariate_reversal_ridge,matched_complete8,-0.020718498272444083,observed,1235,1244,1243,1236,7925
2024-06-25,ridge,primary_available,-0.06219189446303351,observed,1235,1244,1243,1236,7925
2024-06-25,ridge,matched_complete8,-0.06219189446303351,observed,1235,1244,1243,1236,7925
2024-06-26,raw_reversal,primary_available,-0.05557198016304453,observed,1243,1246,1244,1245,7926
2024-06-26,raw_reversal,matched_complete8,-0.05552330624273938,observed,1237,1246,1244,1245,7926
2024-06-26,univariate_reversal_ridge,primary_available,-0.05552330624273938,observed,1237,1246,1244,1239,7926
2024-06-26,univariate_reversal_ridge,matched_complete8,-0.05552330624273938,observed,1237,1246,1244,1239,7926
2024-06-26,ridge,primary_available,-0.06920494321579974,observed,1237,1246,1244,1239,7926
2024-06-26,ridge,matched_complete8,-0.06920494321579974,observed,1237,1246,1244,1239,7926
2024-06-27,raw_reversal,primary_available,-0.0822373782893059,observed,1248,1251,1249,1250,7927
2024-06-27,raw_reversal,matched_complete8,-0.08189786022202622,observed,1244,1251,1249,1250,7927
2024-06-27,univariate_reversal_ridge,primary_available,-0.08189786022202622,observed,1244,1251,1249,1246,7927
2024-06-27,univariate_reversal_ridge,matched_complete8,-0.08189786022202622,observed,1244,1251,1249,1246,7927
2024-06-27,ridge,primary_available,-0.04290658995838672,observed,1244,1251,1249,1246,7927
2024-06-27,ridge,matched_complete8,-0.04290658995838672,observed,1244,1251,1249,1246,7927
2024-06-28,raw_reversal,primary_available,-0.03562705646465047,observed,1294,1297,1295,1296,7928
2024-06-28,raw_reversal,matched_complete8,-0.0338571304994768,observed,1255,1297,1295,1296,7928
2024-06-28,univariate_reversal_ridge,primary_available,-0.0338571304994768,observed,1255,1297,1295,1257,7928
2024-06-28,univariate_reversal_ridge,matched_complete8,-0.0338571304994768,observed,1255,1297,1295,1257,7928
2024-06-28,ridge,primary_available,0.04460403013311111,observed,1255,1297,1295,1257,7928
2024-06-28,ridge,matched_complete8,0.04460403013311111,observed,1255,1297,1295,1257,7928
2024-07-01,raw_reversal,primary_available,0.008254262718265858,observed,1288,1293,1289,1292,7929
2024-07-01,raw_reversal,matched_complete8,0.006234541364836512,observed,1266,1293,1289,1292,7929
2024-07-01,univariate_reversal_ridge,primary_available,0.006234541364836512,observed,1266,1293,1289,1270,7929
2024-07-01,univariate_reversal_ridge,matched_complete8,0.006234541364836512,observed,1266,1293,1289,1270,7929
2024-07-01,ridge,primary_available,0.05065521741918818,observed,1266,1293,1289,1270,7929
2024-07-01,ridge,matched_complete8,0.05065521741918818,observed,1266,1293,1289,1270,7929
2024-07-02,raw_reversal,primary_available,0.09858524920891198,observed,1286,1287,1286,1287,7930
2024-07-02,raw_reversal,matched_complete8,0.09622863447830657,observed,1278,1287,1286,1287,7930
2024-07-02,univariate_reversal_ridge,primary_available,0.09622863447830657,observed,1278,1287,1286,1279,7930
2024-07-02,univariate_reversal_ridge,matched_complete8,0.09622863447830657,observed,1278,1287,1286,1279,7930
2024-07-02,ridge,primary_available,0.07981673732331902,observed,1278,1287,1286,1279,7930
2024-07-02,ridge,matched_complete8,0.07981673732331902,observed,1278,1287,1286,1279,7930
2024-07-03,raw_reversal,primary_available,0.139639173446153,observed,1283,1284,1283,1284,7931
2024-07-03,raw_reversal,matched_complete8,0.13866576698972521,observed,1270,1284,1283,1284,7931
2024-07-03,univariate_reversal_ridge,primary_available,0.13866576698972521,observed,1270,1284,1283,1271,7931
2024-07-03,univariate_reversal_ridge,matched_complete8,0.13866576698972521,observed,1270,1284,1283,1271,7931
2024-07-03,ridge,primary_available,0.10904942051709109,observed,1270,1284,1283,1271,7931
2024-07-03,ridge,matched_complete8,0.10904942051709109,observed,1270,1284,1283,1271,7931
2024-07-05,raw_reversal,primary_available,0.12373279639618745,observed,1275,1276,1275,1276,7932
2024-07-05,raw_reversal,matched_complete8,0.12340612591526932,observed,1255,1276,1275,1276,7932
2024-07-05,univariate_reversal_ridge,primary_available,0.12340612591526932,observed,1255,1276,1275,1256,7932
2024-07-05,univariate_reversal_ridge,matched_complete8,0.12340612591526932,observed,1255,1276,1275,1256,7932
2024-07-05,ridge,primary_available,0.12893227988117145,observed,1255,1276,1275,1256,7932
2024-07-05,ridge,matched_complete8,0.12893227988117145,observed,1255,1276,1275,1256,7932
2024-07-08,raw_reversal,primary_available,0.183287769517759,observed,1282,1282,1282,1282,7933
2024-07-08,raw_reversal,matched_complete8,0.1849408226288505,observed,1267,1282,1282,1282,7933
2024-07-08,univariate_reversal_ridge,primary_available,0.1849408226288505,observed,1267,1282,1282,1267,7933
2024-07-08,univariate_reversal_ridge,matched_complete8,0.1849408226288505,observed,1267,1282,1282,1267,7933
2024-07-08,ridge,primary_available,0.054693960218384324,observed,1267,1282,1282,1267,7933
2024-07-08,ridge,matched_complete8,0.054693960218384324,observed,1267,1282,1282,1267,7933
2024-07-09,raw_reversal,primary_available,0.1692503075094678,observed,1285,1285,1285,1285,7934
2024-07-09,raw_reversal,matched_complete8,0.1690717119216008,observed,1270,1285,1285,1285,7934
2024-07-09,univariate_reversal_ridge,primary_available,0.1690717119216008,observed,1270,1285,1285,1270,7934
2024-07-09,univariate_reversal_ridge,matched_complete8,0.1690717119216008,observed,1270,1285,1285,1270,7934
2024-07-09,ridge,primary_available,0.07556623941705373,observed,1270,1285,1285,1270,7934
2024-07-09,ridge,matched_complete8,0.07556623941705373,observed,1270,1285,1285,1270,7934
2024-07-10,raw_reversal,primary_available,0.17529229161292464,observed,1283,1283,1283,1283,7935
2024-07-10,raw_reversal,matched_complete8,0.17060308207703037,observed,1268,1283,1283,1283,7935
2024-07-10,univariate_reversal_ridge,primary_available,0.17060308207703037,observed,1268,1283,1283,1268,7935
2024-07-10,univariate_reversal_ridge,matched_complete8,0.17060308207703037,observed,1268,1283,1283,1268,7935
2024-07-10,ridge,primary_available,0.029160444200986405,observed,1268,1283,1283,1268,7935
2024-07-10,ridge,matched_complete8,0.029160444200986405,observed,1268,1283,1283,1268,7935
2024-07-11,raw_reversal,primary_available,-0.07372802349728118,observed,1294,1294,1294,1294,7936
2024-07-11,raw_reversal,matched_complete8,-0.07257691757315471,observed,1284,1294,1294,1294,7936
2024-07-11,univariate_reversal_ridge,primary_available,-0.07257691757315471,observed,1284,1294,1294,1284,7936
2024-07-11,univariate_reversal_ridge,matched_complete8,-0.07257691757315471,observed,1284,1294,1294,1284,7936
2024-07-11,ridge,primary_available,-0.1569779913909715,observed,1284,1294,1294,1284,7936
2024-07-11,ridge,matched_complete8,-0.1569779913909715,observed,1284,1294,1294,1284,7936
2024-07-12,raw_reversal,primary_available,-0.11064771852033502,observed,1295,1297,1296,1296,7937
2024-07-12,raw_reversal,matched_complete8,-0.11581024823697862,observed,1280,1297,1296,1296,7937
2024-07-12,univariate_reversal_ridge,primary_available,-0.11581024823697862,observed,1280,1297,1296,1281,7937
2024-07-12,univariate_reversal_ridge,matched_complete8,-0.11581024823697862,observed,1280,1297,1296,1281,7937
2024-07-12,ridge,primary_available,-0.08815807850874603,observed,1280,1297,1296,1281,7937
2024-07-12,ridge,matched_complete8,-0.08815807850874603,observed,1280,1297,1296,1281,7937
2024-07-15,raw_reversal,primary_available,-0.05430835584870676,observed,1309,1311,1310,1310,7938
2024-07-15,raw_reversal,matched_complete8,-0.051411521780798136,observed,1291,1311,1310,1310,7938
2024-07-15,univariate_reversal_ridge,primary_available,-0.051411521780798136,observed,1291,1311,1310,1292,7938
2024-07-15,univariate_reversal_ridge,matched_complete8,-0.051411521780798136,observed,1291,1311,1310,1292,7938
2024-07-15,ridge,primary_available,-0.0019231375249875579,observed,1291,1311,1310,1292,7938
2024-07-15,ridge,matched_complete8,-0.0019231375249875579,observed,1291,1311,1310,1292,7938
2024-07-16,raw_reversal,primary_available,0.006969220100251492,observed,1322,1324,1323,1323,7939
2024-07-16,raw_reversal,matched_complete8,0.00634108811649778,observed,1315,1324,1323,1323,7939
2024-07-16,univariate_reversal_ridge,primary_available,0.00634108811649778,observed,1315,1324,1323,1316,7939
2024-07-16,univariate_reversal_ridge,matched_complete8,0.00634108811649778,observed,1315,1324,1323,1316,7939
2024-07-16,ridge,primary_available,0.030604690291327896,observed,1315,1324,1323,1316,7939
2024-07-16,ridge,matched_complete8,0.030604690291327896,observed,1315,1324,1323,1316,7939
2024-07-17,raw_reversal,primary_available,-0.009259925260620272,observed,1327,1329,1328,1328,7940
2024-07-17,raw_reversal,matched_complete8,-0.014000828758695925,observed,1318,1329,1328,1328,7940
2024-07-17,univariate_reversal_ridge,primary_available,-0.014000828758695925,observed,1318,1329,1328,1319,7940
2024-07-17,univariate_reversal_ridge,matched_complete8,-0.014000828758695925,observed,1318,1329,1328,1319,7940
2024-07-17,ridge,primary_available,-0.04047622209218846,observed,1318,1329,1328,1319,7940
2024-07-17,ridge,matched_complete8,-0.04047622209218846,observed,1318,1329,1328,1319,7940
2024-07-18,raw_reversal,primary_available,-0.14607810890251635,observed,1326,1328,1327,1327,7941
2024-07-18,raw_reversal,matched_complete8,-0.14968394329843782,observed,1317,1328,1327,1327,7941
2024-07-18,univariate_reversal_ridge,primary_available,-0.14968394329843782,observed,1317,1328,1327,1318,7941
2024-07-18,univariate_reversal_ridge,matched_complete8,-0.14968394329843782,observed,1317,1328,1327,1318,7941
2024-07-18,ridge,primary_available,-0.07652633221126233,observed,1317,1328,1327,1318,7941
2024-07-18,ridge,matched_complete8,-0.07652633221126233,observed,1317,1328,1327,1318,7941
2024-07-19,raw_reversal,primary_available,-0.19106500870024207,observed,1328,1329,1328,1329,7942
2024-07-19,raw_reversal,matched_complete8,-0.1963876204411655,observed,1312,1329,1328,1329,7942
2024-07-19,univariate_reversal_ridge,primary_available,-0.1963876204411655,observed,1312,1329,1328,1313,7942
2024-07-19,univariate_reversal_ridge,matched_complete8,-0.1963876204411655,observed,1312,1329,1328,1313,7942
2024-07-19,ridge,primary_available,-0.13782678817339816,observed,1312,1329,1328,1313,7942
2024-07-19,ridge,matched_complete8,-0.13782678817339816,observed,1312,1329,1328,1313,7942
2024-07-22,raw_reversal,primary_available,-0.22598599099011552,observed,1294,1294,1294,1294,7943
2024-07-22,raw_reversal,matched_complete8,-0.2301457303975244,observed,1282,1294,1294,1294,7943
2024-07-22,univariate_reversal_ridge,primary_available,-0.2301457303975244,observed,1282,1294,1294,1282,7943
2024-07-22,univariate_reversal_ridge,matched_complete8,-0.2301457303975244,observed,1282,1294,1294,1282,7943
2024-07-22,ridge,primary_available,-0.13981885397411148,observed,1282,1294,1294,1282,7943
2024-07-22,ridge,matched_complete8,-0.13981885397411148,observed,1282,1294,1294,1282,7943
2024-07-23,raw_reversal,primary_available,-0.08155201708126451,observed,1296,1296,1296,1296,7944
2024-07-23,raw_reversal,matched_complete8,-0.08500332823326111,observed,1287,1296,1296,1296,7944
2024-07-23,univariate_reversal_ridge,primary_available,-0.08500332823326111,observed,1287,1296,1296,1287,7944
2024-07-23,univariate_reversal_ridge,matched_complete8,-0.08500332823326111,observed,1287,1296,1296,1287,7944
2024-07-23,ridge,primary_available,-0.06133788706247614,observed,1287,1296,1296,1287,7944
2024-07-23,ridge,matched_complete8,-0.06133788706247614,observed,1287,1296,1296,1287,7944
2024-07-24,raw_reversal,primary_available,0.04581812788313897,observed,1298,1299,1298,1299,7945
2024-07-24,raw_reversal,matched_complete8,0.042263987864766324,observed,1288,1299,1298,1299,7945
2024-07-24,univariate_reversal_ridge,primary_available,0.042263987864766324,observed,1288,1299,1298,1289,7945
2024-07-24,univariate_reversal_ridge,matched_complete8,0.042263987864766324,observed,1288,1299,1298,1289,7945
2024-07-24,ridge,primary_available,0.03425575110737185,observed,1288,1299,1298,1289,7945
2024-07-24,ridge,matched_complete8,0.03425575110737185,observed,1288,1299,1298,1289,7945
2024-07-25,raw_reversal,primary_available,-0.03331729481597827,observed,1305,1305,1305,1305,7946
2024-07-25,raw_reversal,matched_complete8,-0.03204876765263865,observed,1296,1305,1305,1305,7946
2024-07-25,univariate_reversal_ridge,primary_available,-0.03204876765263865,observed,1296,1305,1305,1296,7946
2024-07-25,univariate_reversal_ridge,matched_complete8,-0.03204876765263865,observed,1296,1305,1305,1296,7946
2024-07-25,ridge,primary_available,0.05794029817599969,observed,1296,1305,1305,1296,7946
2024-07-25,ridge,matched_complete8,0.05794029817599969,observed,1296,1305,1305,1296,7946
2024-07-26,raw_reversal,primary_available,-0.024998855059876295,observed,1310,1311,1310,1311,7947
2024-07-26,raw_reversal,matched_complete8,-0.023555493364677195,observed,1295,1311,1310,1311,7947
2024-07-26,univariate_reversal_ridge,primary_available,-0.023555493364677195,observed,1295,1311,1310,1296,7947
2024-07-26,univariate_reversal_ridge,matched_complete8,-0.023555493364677195,observed,1295,1311,1310,1296,7947
2024-07-26,ridge,primary_available,-0.005081839961348299,observed,1295,1311,1310,1296,7947
2024-07-26,ridge,matched_complete8,-0.005081839961348299,observed,1295,1311,1310,1296,7947
2024-07-29,raw_reversal,primary_available,-0.10733532880026872,observed,1265,1265,1265,1265,7948
2024-07-29,raw_reversal,matched_complete8,-0.11032104305383578,observed,1255,1265,1265,1265,7948
2024-07-29,univariate_reversal_ridge,primary_available,-0.11032104305383578,observed,1255,1265,1265,1255,7948
2024-07-29,univariate_reversal_ridge,matched_complete8,-0.11032104305383578,observed,1255,1265,1265,1255,7948
2024-07-29,ridge,primary_available,-0.15993598033380738,observed,1255,1265,1265,1255,7948
2024-07-29,ridge,matched_complete8,-0.15993598033380738,observed,1255,1265,1265,1255,7948
2024-07-30,raw_reversal,primary_available,-0.08887610895832161,observed,1268,1269,1268,1269,7949
2024-07-30,raw_reversal,matched_complete8,-0.09013309618716216,observed,1260,1269,1268,1269,7949
2024-07-30,univariate_reversal_ridge,primary_available,-0.09013309618716216,observed,1260,1269,1268,1261,7949
2024-07-30,univariate_reversal_ridge,matched_complete8,-0.09013309618716216,observed,1260,1269,1268,1261,7949
2024-07-30,ridge,primary_available,-0.05406725141910159,observed,1260,1269,1268,1261,7949
2024-07-30,ridge,matched_complete8,-0.05406725141910159,observed,1260,1269,1268,1261,7949
2024-07-31,raw_reversal,primary_available,0.06777341235270314,observed,1283,1285,1283,1285,7950
2024-07-31,raw_reversal,matched_complete8,0.06735890240489098,observed,1266,1285,1283,1285,7950
2024-07-31,univariate_reversal_ridge,primary_available,0.06735890240489098,observed,1266,1285,1283,1268,7950
2024-07-31,univariate_reversal_ridge,matched_complete8,0.06735890240489098,observed,1266,1285,1283,1268,7950
2024-07-31,ridge,primary_available,0.14197087269504743,observed,1266,1285,1283,1268,7950
2024-07-31,ridge,matched_complete8,0.14197087269504743,observed,1266,1285,1283,1268,7950
2024-08-01,raw_reversal,primary_available,-0.04621432791383894,observed,1295,1296,1296,1295,7951
2024-08-01,raw_reversal,matched_complete8,-0.04764528095210948,observed,1278,1296,1296,1295,7951
2024-08-01,univariate_reversal_ridge,primary_available,-0.04764528095210948,observed,1278,1296,1296,1278,7951
2024-08-01,univariate_reversal_ridge,matched_complete8,-0.04764528095210948,observed,1278,1296,1296,1278,7951
2024-08-01,ridge,primary_available,-0.0480034140287687,observed,1278,1296,1296,1278,7951
2024-08-01,ridge,matched_complete8,-0.0480034140287687,observed,1278,1296,1296,1278,7951
2024-08-02,raw_reversal,primary_available,0.3005926251405512,observed,1302,1303,1303,1302,7952
2024-08-02,raw_reversal,matched_complete8,0.30274065254137533,observed,1287,1303,1303,1302,7952
2024-08-02,univariate_reversal_ridge,primary_available,0.30274065254137533,observed,1287,1303,1303,1287,7952
2024-08-02,univariate_reversal_ridge,matched_complete8,0.30274065254137533,observed,1287,1303,1303,1287,7952
2024-08-02,ridge,primary_available,0.3081946708561159,observed,1287,1303,1303,1287,7952
2024-08-02,ridge,matched_complete8,0.3081946708561159,observed,1287,1303,1303,1287,7952
2024-08-05,raw_reversal,primary_available,0.1006788193288813,observed,1313,1314,1314,1313,7953
2024-08-05,raw_reversal,matched_complete8,0.10283793368681164,observed,1299,1314,1314,1313,7953
2024-08-05,univariate_reversal_ridge,primary_available,0.10283793368681164,observed,1299,1314,1314,1299,7953
2024-08-05,univariate_reversal_ridge,matched_complete8,0.10283793368681164,observed,1299,1314,1314,1299,7953
2024-08-05,ridge,primary_available,0.04991725124189655,observed,1299,1314,1314,1299,7953
2024-08-05,ridge,matched_complete8,0.04991725124189655,observed,1299,1314,1314,1299,7953
2024-08-06,raw_reversal,primary_available,-0.005312714734001014,observed,1315,1316,1316,1315,7954
2024-08-06,raw_reversal,matched_complete8,-0.0034673048951482485,observed,1303,1316,1316,1315,7954
2024-08-06,univariate_reversal_ridge,primary_available,-0.0034673048951482485,observed,1303,1316,1316,1303,7954
2024-08-06,univariate_reversal_ridge,matched_complete8,-0.0034673048951482485,observed,1303,1316,1316,1303,7954
2024-08-06,ridge,primary_available,-0.07301430436066846,observed,1303,1316,1316,1303,7954
2024-08-06,ridge,matched_complete8,-0.07301430436066846,observed,1303,1316,1316,1303,7954
2024-08-07,raw_reversal,primary_available,0.19611155138046993,observed,1320,1321,1321,1320,7955
2024-08-07,raw_reversal,matched_complete8,0.19308632398153658,observed,1309,1321,1321,1320,7955
2024-08-07,univariate_reversal_ridge,primary_available,0.19308632398153658,observed,1309,1321,1321,1309,7955
2024-08-07,univariate_reversal_ridge,matched_complete8,0.19308632398153658,observed,1309,1321,1321,1309,7955
2024-08-07,ridge,primary_available,0.19699075248249429,observed,1309,1321,1321,1309,7955
2024-08-07,ridge,matched_complete8,0.19699075248249429,observed,1309,1321,1321,1309,7955
2024-08-08,raw_reversal,primary_available,0.06049905456752118,observed,1324,1324,1324,1324,7956
2024-08-08,raw_reversal,matched_complete8,0.06513708955839635,observed,1307,1324,1324,1324,7956
2024-08-08,univariate_reversal_ridge,primary_available,0.06513708955839635,observed,1307,1324,1324,1307,7956
2024-08-08,univariate_reversal_ridge,matched_complete8,0.06513708955839635,observed,1307,1324,1324,1307,7956
2024-08-08,ridge,primary_available,-0.10502503322572944,observed,1307,1324,1324,1307,7956
2024-08-08,ridge,matched_complete8,-0.10502503322572944,observed,1307,1324,1324,1307,7956
2024-08-09,raw_reversal,primary_available,-0.06425977393771673,observed,1322,1322,1322,1322,7957
2024-08-09,raw_reversal,matched_complete8,-0.061972587530364526,observed,1294,1322,1322,1322,7957
2024-08-09,univariate_reversal_ridge,primary_available,-0.061972587530364526,observed,1294,1322,1322,1294,7957
2024-08-09,univariate_reversal_ridge,matched_complete8,-0.061972587530364526,observed,1294,1322,1322,1294,7957
2024-08-09,ridge,primary_available,-0.1613691206208909,observed,1294,1322,1322,1294,7957
2024-08-09,ridge,matched_complete8,-0.1613691206208909,observed,1294,1322,1322,1294,7957
2024-08-12,raw_reversal,primary_available,-0.04809867228838684,observed,1316,1316,1316,1316,7958
2024-08-12,raw_reversal,matched_complete8,-0.04890365303632824,observed,1290,1316,1316,1316,7958
2024-08-12,univariate_reversal_ridge,primary_available,-0.04890365303632824,observed,1290,1316,1316,1290,7958
2024-08-12,univariate_reversal_ridge,matched_complete8,-0.04890365303632824,observed,1290,1316,1316,1290,7958
2024-08-12,ridge,primary_available,-0.08824080368642315,observed,1290,1316,1316,1290,7958
2024-08-12,ridge,matched_complete8,-0.08824080368642315,observed,1290,1316,1316,1290,7958
2024-08-13,raw_reversal,primary_available,-0.09453688119216022,observed,1315,1315,1315,1315,7959
2024-08-13,raw_reversal,matched_complete8,-0.08718352860588954,observed,1299,1315,1315,1315,7959
2024-08-13,univariate_reversal_ridge,primary_available,-0.08718352860588954,observed,1299,1315,1315,1299,7959
2024-08-13,univariate_reversal_ridge,matched_complete8,-0.08718352860588954,observed,1299,1315,1315,1299,7959
2024-08-13,ridge,primary_available,-0.12750275750496004,observed,1299,1315,1315,1299,7959
2024-08-13,ridge,matched_complete8,-0.12750275750496004,observed,1299,1315,1315,1299,7959
2024-08-14,raw_reversal,primary_available,-0.09736252054485542,observed,1300,1300,1300,1300,7960
2024-08-14,raw_reversal,matched_complete8,-0.09531179609814017,observed,1278,1300,1300,1300,7960
2024-08-14,univariate_reversal_ridge,primary_available,-0.09531179609814017,observed,1278,1300,1300,1278,7960
2024-08-14,univariate_reversal_ridge,matched_complete8,-0.09531179609814017,observed,1278,1300,1300,1278,7960
2024-08-14,ridge,primary_available,-0.05674273918676907,observed,1278,1300,1300,1278,7960
2024-08-14,ridge,matched_complete8,-0.05674273918676907,observed,1278,1300,1300,1278,7960
2024-08-15,raw_reversal,primary_available,-0.07514509035661848,observed,1301,1302,1301,1302,7961
2024-08-15,raw_reversal,matched_complete8,-0.07558485440009574,observed,1249,1302,1301,1302,7961
2024-08-15,univariate_reversal_ridge,primary_available,-0.07558485440009574,observed,1249,1302,1301,1250,7961
2024-08-15,univariate_reversal_ridge,matched_complete8,-0.07558485440009574,observed,1249,1302,1301,1250,7961
2024-08-15,ridge,primary_available,-0.016999599836788816,observed,1249,1302,1301,1250,7961
2024-08-15,ridge,matched_complete8,-0.016999599836788816,observed,1249,1302,1301,1250,7961
2024-08-16,raw_reversal,primary_available,-0.11613003598881193,observed,1297,1297,1297,1297,7962
2024-08-16,raw_reversal,matched_complete8,-0.10776686804580024,observed,1262,1297,1297,1297,7962
2024-08-16,univariate_reversal_ridge,primary_available,-0.10776686804580024,observed,1262,1297,1297,1262,7962
2024-08-16,univariate_reversal_ridge,matched_complete8,-0.10776686804580024,observed,1262,1297,1297,1262,7962
2024-08-16,ridge,primary_available,-0.07660103352824292,observed,1262,1297,1297,1262,7962
2024-08-16,ridge,matched_complete8,-0.07660103352824292,observed,1262,1297,1297,1262,7962
2024-08-19,raw_reversal,primary_available,-0.024591303232870405,observed,1297,1297,1297,1297,7963
2024-08-19,raw_reversal,matched_complete8,-0.0231667576726477,observed,1268,1297,1297,1297,7963
2024-08-19,univariate_reversal_ridge,primary_available,-0.0231667576726477,observed,1268,1297,1297,1268,7963
2024-08-19,univariate_reversal_ridge,matched_complete8,-0.0231667576726477,observed,1268,1297,1297,1268,7963
2024-08-19,ridge,primary_available,-0.006028725238853341,observed,1268,1297,1297,1268,7963
2024-08-19,ridge,matched_complete8,-0.006028725238853341,observed,1268,1297,1297,1268,7963
2024-08-20,raw_reversal,primary_available,0.014186120853451554,observed,1285,1285,1285,1285,7964
2024-08-20,raw_reversal,matched_complete8,0.020519116119038484,observed,1261,1285,1285,1285,7964
2024-08-20,univariate_reversal_ridge,primary_available,0.020519116119038484,observed,1261,1285,1285,1261,7964
2024-08-20,univariate_reversal_ridge,matched_complete8,0.020519116119038484,observed,1261,1285,1285,1261,7964
2024-08-20,ridge,primary_available,0.10494918527193153,observed,1261,1285,1285,1261,7964
2024-08-20,ridge,matched_complete8,0.10494918527193153,observed,1261,1285,1285,1261,7964
2024-08-21,raw_reversal,primary_available,0.14018088859510602,observed,1284,1284,1284,1284,7965
2024-08-21,raw_reversal,matched_complete8,0.13994207640149764,observed,1262,1284,1284,1284,7965
2024-08-21,univariate_reversal_ridge,primary_available,0.13994207640149764,observed,1262,1284,1284,1262,7965
2024-08-21,univariate_reversal_ridge,matched_complete8,0.13994207640149764,observed,1262,1284,1284,1262,7965
2024-08-21,ridge,primary_available,0.18526620346518147,observed,1262,1284,1284,1262,7965
2024-08-21,ridge,matched_complete8,0.18526620346518147,observed,1262,1284,1284,1262,7965
2024-08-22,raw_reversal,primary_available,0.04090165007383034,observed,1269,1269,1269,1269,7966
2024-08-22,raw_reversal,matched_complete8,0.04301618518433693,observed,1253,1269,1269,1269,7966
2024-08-22,univariate_reversal_ridge,primary_available,0.04301618518433693,observed,1253,1269,1269,1253,7966
2024-08-22,univariate_reversal_ridge,matched_complete8,0.04301618518433693,observed,1253,1269,1269,1253,7966
2024-08-22,ridge,primary_available,-0.00042589445938005267,observed,1253,1269,1269,1253,7966
2024-08-22,ridge,matched_complete8,-0.00042589445938005267,observed,1253,1269,1269,1253,7966
2024-08-23,raw_reversal,primary_available,0.22511460833587468,observed,1272,1272,1272,1272,7967
2024-08-23,raw_reversal,matched_complete8,0.21914574237081466,observed,1253,1272,1272,1272,7967
2024-08-23,univariate_reversal_ridge,primary_available,0.21914574237081466,observed,1253,1272,1272,1253,7967
2024-08-23,univariate_reversal_ridge,matched_complete8,0.21914574237081466,observed,1253,1272,1272,1253,7967
2024-08-23,ridge,primary_available,0.3958782157373878,observed,1253,1272,1272,1253,7967
2024-08-23,ridge,matched_complete8,0.3958782157373878,observed,1253,1272,1272,1253,7967
2024-08-26,raw_reversal,primary_available,0.09425375022111303,observed,1266,1267,1266,1267,7968
2024-08-26,raw_reversal,matched_complete8,0.09279268058355292,observed,1248,1267,1266,1267,7968
2024-08-26,univariate_reversal_ridge,primary_available,0.09279268058355292,observed,1248,1267,1266,1249,7968
2024-08-26,univariate_reversal_ridge,matched_complete8,0.09279268058355292,observed,1248,1267,1266,1249,7968
2024-08-26,ridge,primary_available,0.12104163995688691,observed,1248,1267,1266,1249,7968
2024-08-26,ridge,matched_complete8,0.12104163995688691,observed,1248,1267,1266,1249,7968
2024-08-27,raw_reversal,primary_available,0.11781266833693116,observed,1257,1258,1257,1258,7969
2024-08-27,raw_reversal,matched_complete8,0.11852917835894652,observed,1237,1258,1257,1258,7969
2024-08-27,univariate_reversal_ridge,primary_available,0.11852917835894652,observed,1237,1258,1257,1238,7969
2024-08-27,univariate_reversal_ridge,matched_complete8,0.11852917835894652,observed,1237,1258,1257,1238,7969
2024-08-27,ridge,primary_available,0.1556914862550562,observed,1237,1258,1257,1238,7969
2024-08-27,ridge,matched_complete8,0.1556914862550562,observed,1237,1258,1257,1238,7969
2024-08-28,raw_reversal,primary_available,-0.049081075468673456,observed,1241,1242,1241,1242,7970
2024-08-28,raw_reversal,matched_complete8,-0.048133649105204256,observed,1230,1242,1241,1242,7970
2024-08-28,univariate_reversal_ridge,primary_available,-0.048133649105204256,observed,1230,1242,1241,1231,7970
2024-08-28,univariate_reversal_ridge,matched_complete8,-0.048133649105204256,observed,1230,1242,1241,1231,7970
2024-08-28,ridge,primary_available,-0.0403411612655025,observed,1230,1242,1241,1231,7970
2024-08-28,ridge,matched_complete8,-0.0403411612655025,observed,1230,1242,1241,1231,7970
2024-08-29,raw_reversal,primary_available,0.11416039263038204,observed,1232,1233,1232,1233,7971
2024-08-29,raw_reversal,matched_complete8,0.11683049055195255,observed,1219,1233,1232,1233,7971
2024-08-29,univariate_reversal_ridge,primary_available,0.11683049055195255,observed,1219,1233,1232,1220,7971
2024-08-29,univariate_reversal_ridge,matched_complete8,0.11683049055195255,observed,1219,1233,1232,1220,7971
2024-08-29,ridge,primary_available,0.2280743469481186,observed,1219,1233,1232,1220,7971
2024-08-29,ridge,matched_complete8,0.2280743469481186,observed,1219,1233,1232,1220,7971
2024-08-30,raw_reversal,primary_available,-0.1355161514047924,observed,1224,1226,1224,1226,7972
2024-08-30,raw_reversal,matched_complete8,-0.14094638940872553,observed,1170,1226,1224,1226,7972
2024-08-30,univariate_reversal_ridge,primary_available,-0.14094638940872553,observed,1170,1226,1224,1172,7972
2024-08-30,univariate_reversal_ridge,matched_complete8,-0.14094638940872553,observed,1170,1226,1224,1172,7972
2024-08-30,ridge,primary_available,-0.061490232854324874,observed,1170,1226,1224,1172,7972
2024-08-30,ridge,matched_complete8,-0.061490232854324874,observed,1170,1226,1224,1172,7972
2024-09-03,raw_reversal,primary_available,-0.06478742975075666,observed,1214,1216,1214,1216,7973
2024-09-03,raw_reversal,matched_complete8,-0.066371873608251,observed,1172,1216,1214,1216,7973
2024-09-03,univariate_reversal_ridge,primary_available,-0.066371873608251,observed,1172,1216,1214,1174,7973
2024-09-03,univariate_reversal_ridge,matched_complete8,-0.066371873608251,observed,1172,1216,1214,1174,7973
2024-09-03,ridge,primary_available,-0.0661426799478832,observed,1172,1216,1214,1174,7973
2024-09-03,ridge,matched_complete8,-0.0661426799478832,observed,1172,1216,1214,1174,7973
2024-09-04,raw_reversal,primary_available,0.13481278536972435,observed,1205,1206,1205,1206,7974
2024-09-04,raw_reversal,matched_complete8,0.139780690399598,observed,1187,1206,1205,1206,7974
2024-09-04,univariate_reversal_ridge,primary_available,0.139780690399598,observed,1187,1206,1205,1188,7974
2024-09-04,univariate_reversal_ridge,matched_complete8,0.139780690399598,observed,1187,1206,1205,1188,7974
2024-09-04,ridge,primary_available,0.04779640548935643,observed,1187,1206,1205,1188,7974
2024-09-04,ridge,matched_complete8,0.04779640548935643,observed,1187,1206,1205,1188,7974
2024-09-05,raw_reversal,primary_available,0.12695385304661772,observed,1197,1198,1197,1198,7975
2024-09-05,raw_reversal,matched_complete8,0.13172666051894807,observed,1175,1198,1197,1198,7975
2024-09-05,univariate_reversal_ridge,primary_available,0.13172666051894807,observed,1175,1198,1197,1176,7975
2024-09-05,univariate_reversal_ridge,matched_complete8,0.13172666051894807,observed,1175,1198,1197,1176,7975
2024-09-05,ridge,primary_available,0.01256985382160087,observed,1175,1198,1197,1176,7975
2024-09-05,ridge,matched_complete8,0.01256985382160087,observed,1175,1198,1197,1176,7975
2024-09-06,raw_reversal,primary_available,0.19031888384519666,observed,1193,1194,1193,1194,7976
2024-09-06,raw_reversal,matched_complete8,0.1899207797327314,observed,1166,1194,1193,1194,7976
2024-09-06,univariate_reversal_ridge,primary_available,0.1899207797327314,observed,1166,1194,1193,1167,7976
2024-09-06,univariate_reversal_ridge,matched_complete8,0.1899207797327314,observed,1166,1194,1193,1167,7976
2024-09-06,ridge,primary_available,0.15878085025231625,observed,1166,1194,1193,1167,7976
2024-09-06,ridge,matched_complete8,0.15878085025231625,observed,1166,1194,1193,1167,7976
2024-09-09,raw_reversal,primary_available,0.34794299900047126,observed,1189,1191,1189,1191,7977
2024-09-09,raw_reversal,matched_complete8,0.34708604252594766,observed,1174,1191,1189,1191,7977
2024-09-09,univariate_reversal_ridge,primary_available,0.34708604252594766,observed,1174,1191,1189,1176,7977
2024-09-09,univariate_reversal_ridge,matched_complete8,0.34708604252594766,observed,1174,1191,1189,1176,7977
2024-09-09,ridge,primary_available,0.21323910686676822,observed,1174,1191,1189,1176,7977
2024-09-09,ridge,matched_complete8,0.21323910686676822,observed,1174,1191,1189,1176,7977
2024-09-10,raw_reversal,primary_available,0.21835996264659113,observed,1189,1189,1189,1189,7978
2024-09-10,raw_reversal,matched_complete8,0.2203309042422759,observed,1170,1189,1189,1189,7978
2024-09-10,univariate_reversal_ridge,primary_available,0.2203309042422759,observed,1170,1189,1189,1170,7978
2024-09-10,univariate_reversal_ridge,matched_complete8,0.2203309042422759,observed,1170,1189,1189,1170,7978
2024-09-10,ridge,primary_available,0.08530155290867492,observed,1170,1189,1189,1170,7978
2024-09-10,ridge,matched_complete8,0.08530155290867492,observed,1170,1189,1189,1170,7978
2024-09-11,raw_reversal,primary_available,0.12547676947071715,observed,1197,1197,1197,1197,7979
2024-09-11,raw_reversal,matched_complete8,0.12442687712207544,observed,1184,1197,1197,1197,7979
2024-09-11,univariate_reversal_ridge,primary_available,0.12442687712207544,observed,1184,1197,1197,1184,7979
2024-09-11,univariate_reversal_ridge,matched_complete8,0.12442687712207544,observed,1184,1197,1197,1184,7979
2024-09-11,ridge,primary_available,-0.04870376196319541,observed,1184,1197,1197,1184,7979
2024-09-11,ridge,matched_complete8,-0.04870376196319541,observed,1184,1197,1197,1184,7979
2024-09-12,raw_reversal,primary_available,0.06528200637247002,observed,1198,1198,1198,1198,7980
2024-09-12,raw_reversal,matched_complete8,0.06387361900991803,observed,1186,1198,1198,1198,7980
2024-09-12,univariate_reversal_ridge,primary_available,0.06387361900991803,observed,1186,1198,1198,1186,7980
2024-09-12,univariate_reversal_ridge,matched_complete8,0.06387361900991803,observed,1186,1198,1198,1186,7980
2024-09-12,ridge,primary_available,-0.0743869205899016,observed,1186,1198,1198,1186,7980
2024-09-12,ridge,matched_complete8,-0.0743869205899016,observed,1186,1198,1198,1186,7980
2024-09-13,raw_reversal,primary_available,-0.1559047217596435,observed,1204,1204,1204,1204,7981
2024-09-13,raw_reversal,matched_complete8,-0.1617132235841939,observed,1155,1204,1204,1204,7981
2024-09-13,univariate_reversal_ridge,primary_available,-0.1617132235841939,observed,1155,1204,1204,1155,7981
2024-09-13,univariate_reversal_ridge,matched_complete8,-0.1617132235841939,observed,1155,1204,1204,1155,7981
2024-09-13,ridge,primary_available,-0.17846777535083147,observed,1155,1204,1204,1155,7981
2024-09-13,ridge,matched_complete8,-0.17846777535083147,observed,1155,1204,1204,1155,7981
2024-09-16,raw_reversal,primary_available,-0.0834975678953234,observed,1200,1201,1200,1201,7982
2024-09-16,raw_reversal,matched_complete8,-0.08253955963503859,observed,1163,1201,1200,1201,7982
2024-09-16,univariate_reversal_ridge,primary_available,-0.08253955963503859,observed,1163,1201,1200,1164,7982
2024-09-16,univariate_reversal_ridge,matched_complete8,-0.08253955963503859,observed,1163,1201,1200,1164,7982
2024-09-16,ridge,primary_available,-0.1408154184325184,observed,1163,1201,1200,1164,7982
2024-09-16,ridge,matched_complete8,-0.1408154184325184,observed,1163,1201,1200,1164,7982
2024-09-17,raw_reversal,primary_available,-0.11313625953278526,observed,1207,1207,1207,1207,7983
2024-09-17,raw_reversal,matched_complete8,-0.11260922126615074,observed,1192,1207,1207,1207,7983
2024-09-17,univariate_reversal_ridge,primary_available,-0.11260922126615074,observed,1192,1207,1207,1192,7983
2024-09-17,univariate_reversal_ridge,matched_complete8,-0.11260922126615074,observed,1192,1207,1207,1192,7983
2024-09-17,ridge,primary_available,-0.13370145302869638,observed,1192,1207,1207,1192,7983
2024-09-17,ridge,matched_complete8,-0.13370145302869638,observed,1192,1207,1207,1192,7983
2024-09-18,raw_reversal,primary_available,0.10680267505071739,observed,1224,1224,1224,1224,7984
2024-09-18,raw_reversal,matched_complete8,0.10614640836755646,observed,1218,1224,1224,1224,7984
2024-09-18,univariate_reversal_ridge,primary_available,0.10614640836755646,observed,1218,1224,1224,1218,7984
2024-09-18,univariate_reversal_ridge,matched_complete8,0.10614640836755646,observed,1218,1224,1224,1218,7984
2024-09-18,ridge,primary_available,0.09003450658028472,observed,1218,1224,1224,1218,7984
2024-09-18,ridge,matched_complete8,0.09003450658028472,observed,1218,1224,1224,1218,7984
2024-09-19,raw_reversal,primary_available,0.05824076248420574,observed,1233,1233,1233,1233,7985
2024-09-19,raw_reversal,matched_complete8,0.05641059951412729,observed,1222,1233,1233,1233,7985
2024-09-19,univariate_reversal_ridge,primary_available,0.05641059951412729,observed,1222,1233,1233,1222,7985
2024-09-19,univariate_reversal_ridge,matched_complete8,0.05641059951412729,observed,1222,1233,1233,1222,7985
2024-09-19,ridge,primary_available,0.025173815500867152,observed,1222,1233,1233,1222,7985
2024-09-19,ridge,matched_complete8,0.025173815500867152,observed,1222,1233,1233,1222,7985
2024-09-20,raw_reversal,primary_available,0.11364183622971992,observed,1284,1285,1284,1285,7986
2024-09-20,raw_reversal,matched_complete8,0.11671159454435859,observed,1275,1285,1284,1285,7986
2024-09-20,univariate_reversal_ridge,primary_available,0.11671159454435859,observed,1275,1285,1284,1276,7986
2024-09-20,univariate_reversal_ridge,matched_complete8,0.11671159454435859,observed,1275,1285,1284,1276,7986
2024-09-20,ridge,primary_available,0.05921125460962198,observed,1275,1285,1284,1276,7986
2024-09-20,ridge,matched_complete8,0.05921125460962198,observed,1275,1285,1284,1276,7986
2024-09-23,raw_reversal,primary_available,0.036686131186927484,observed,1288,1290,1288,1290,7987
2024-09-23,raw_reversal,matched_complete8,0.03701516221975655,observed,1281,1290,1288,1290,7987
2024-09-23,univariate_reversal_ridge,primary_available,0.03701516221975655,observed,1281,1290,1288,1283,7987
2024-09-23,univariate_reversal_ridge,matched_complete8,0.03701516221975655,observed,1281,1290,1288,1283,7987
2024-09-23,ridge,primary_available,-0.015708113214814034,observed,1281,1290,1288,1283,7987
2024-09-23,ridge,matched_complete8,-0.015708113214814034,observed,1281,1290,1288,1283,7987
2024-09-24,raw_reversal,primary_available,-0.04114320986889151,observed,1293,1295,1293,1295,7988
2024-09-24,raw_reversal,matched_complete8,-0.039984794818687434,observed,1288,1295,1293,1295,7988
2024-09-24,univariate_reversal_ridge,primary_available,-0.039984794818687434,observed,1288,1295,1293,1290,7988
2024-09-24,univariate_reversal_ridge,matched_complete8,-0.039984794818687434,observed,1288,1295,1293,1290,7988
2024-09-24,ridge,primary_available,-0.03340417555964296,observed,1288,1295,1293,1290,7988
2024-09-24,ridge,matched_complete8,-0.03340417555964296,observed,1288,1295,1293,1290,7988
2024-09-25,raw_reversal,primary_available,0.018763510887160714,observed,1290,1292,1290,1292,7989
2024-09-25,raw_reversal,matched_complete8,0.02123079298936101,observed,1286,1292,1290,1292,7989
2024-09-25,univariate_reversal_ridge,primary_available,0.02123079298936101,observed,1286,1292,1290,1288,7989
2024-09-25,univariate_reversal_ridge,matched_complete8,0.02123079298936101,observed,1286,1292,1290,1288,7989
2024-09-25,ridge,primary_available,0.051421252018515995,observed,1286,1292,1290,1288,7989
2024-09-25,ridge,matched_complete8,0.051421252018515995,observed,1286,1292,1290,1288,7989
2024-09-26,raw_reversal,primary_available,0.034776738195970915,observed,1297,1299,1297,1299,7990
2024-09-26,raw_reversal,matched_complete8,0.03668936653980647,observed,1291,1299,1297,1299,7990
2024-09-26,univariate_reversal_ridge,primary_available,0.03668936653980647,observed,1291,1299,1297,1293,7990
2024-09-26,univariate_reversal_ridge,matched_complete8,0.03668936653980647,observed,1291,1299,1297,1293,7990
2024-09-26,ridge,primary_available,0.13580216112551943,observed,1291,1299,1297,1293,7990
2024-09-26,ridge,matched_complete8,0.13580216112551943,observed,1291,1299,1297,1293,7990
2024-09-27,raw_reversal,primary_available,0.1089028463551506,observed,1303,1304,1303,1304,7991
2024-09-27,raw_reversal,matched_complete8,0.10577764667532581,observed,1285,1304,1303,1304,7991
2024-09-27,univariate_reversal_ridge,primary_available,0.10577764667532581,observed,1285,1304,1303,1286,7991
2024-09-27,univariate_reversal_ridge,matched_complete8,0.10577764667532581,observed,1285,1304,1303,1286,7991
2024-09-27,ridge,primary_available,0.08022326851944853,observed,1285,1304,1303,1286,7991
2024-09-27,ridge,matched_complete8,0.08022326851944853,observed,1285,1304,1303,1286,7991
2024-09-30,raw_reversal,primary_available,0.0730566583665307,observed,1301,1304,1302,1303,7992
2024-09-30,raw_reversal,matched_complete8,0.07323288710397231,observed,1273,1304,1302,1303,7992
2024-09-30,univariate_reversal_ridge,primary_available,0.07323288710397231,observed,1273,1304,1302,1275,7992
2024-09-30,univariate_reversal_ridge,matched_complete8,0.07323288710397231,observed,1273,1304,1302,1275,7992
2024-09-30,ridge,primary_available,-0.00858333617734352,observed,1273,1304,1302,1275,7992
2024-09-30,ridge,matched_complete8,-0.00858333617734352,observed,1273,1304,1302,1275,7992
2024-10-01,raw_reversal,primary_available,0.0909230950037053,observed,1299,1301,1300,1300,7993
2024-10-01,raw_reversal,matched_complete8,0.08971904607190101,observed,1281,1301,1300,1300,7993
2024-10-01,univariate_reversal_ridge,primary_available,0.08971904607190101,observed,1281,1301,1300,1282,7993
2024-10-01,univariate_reversal_ridge,matched_complete8,0.08971904607190101,observed,1281,1301,1300,1282,7993
2024-10-01,ridge,primary_available,0.11085639580567103,observed,1281,1301,1300,1282,7993
2024-10-01,ridge,matched_complete8,0.11085639580567103,observed,1281,1301,1300,1282,7993
2024-10-02,raw_reversal,primary_available,0.05426118026076764,observed,1301,1302,1302,1301,7994
2024-10-02,raw_reversal,matched_complete8,0.057840908969646485,observed,1294,1302,1302,1301,7994
2024-10-02,univariate_reversal_ridge,primary_available,0.057840908969646485,observed,1294,1302,1302,1294,7994
2024-10-02,univariate_reversal_ridge,matched_complete8,0.057840908969646485,observed,1294,1302,1302,1294,7994
2024-10-02,ridge,primary_available,-0.07845594969422537,observed,1294,1302,1302,1294,7994
2024-10-02,ridge,matched_complete8,-0.07845594969422537,observed,1294,1302,1302,1294,7994
2024-10-03,raw_reversal,primary_available,-0.011673749511890904,observed,1301,1302,1302,1301,7995
2024-10-03,raw_reversal,matched_complete8,-0.012111783147418812,observed,1293,1302,1302,1301,7995
2024-10-03,univariate_reversal_ridge,primary_available,-0.012111783147418812,observed,1293,1302,1302,1293,7995
2024-10-03,univariate_reversal_ridge,matched_complete8,-0.012111783147418812,observed,1293,1302,1302,1293,7995
2024-10-03,ridge,primary_available,-0.08018374032455348,observed,1293,1302,1302,1293,7995
2024-10-03,ridge,matched_complete8,-0.08018374032455348,observed,1293,1302,1302,1293,7995
2024-10-04,raw_reversal,primary_available,-0.012540912751732669,observed,1301,1303,1302,1302,7996
2024-10-04,raw_reversal,matched_complete8,-0.013957382159473373,observed,1287,1303,1302,1302,7996
2024-10-04,univariate_reversal_ridge,primary_available,-0.013957382159473373,observed,1287,1303,1302,1288,7996
2024-10-04,univariate_reversal_ridge,matched_complete8,-0.013957382159473373,observed,1287,1303,1302,1288,7996
2024-10-04,ridge,primary_available,-0.039701938975310394,observed,1287,1303,1302,1288,7996
2024-10-04,ridge,matched_complete8,-0.039701938975310394,observed,1287,1303,1302,1288,7996
2024-10-07,raw_reversal,primary_available,0.08615952036763265,observed,1300,1300,1300,1300,7997
2024-10-07,raw_reversal,matched_complete8,0.08784526082718694,observed,1292,1300,1300,1300,7997
2024-10-07,univariate_reversal_ridge,primary_available,0.08784526082718694,observed,1292,1300,1300,1292,7997
2024-10-07,univariate_reversal_ridge,matched_complete8,0.08784526082718694,observed,1292,1300,1300,1292,7997
2024-10-07,ridge,primary_available,0.07508489921553653,observed,1292,1300,1300,1292,7997
2024-10-07,ridge,matched_complete8,0.07508489921553653,observed,1292,1300,1300,1292,7997
2024-10-08,raw_reversal,primary_available,0.046176288889975936,observed,1297,1297,1297,1297,7998
2024-10-08,raw_reversal,matched_complete8,0.046781966090767735,observed,1291,1297,1297,1297,7998
2024-10-08,univariate_reversal_ridge,primary_available,0.046781966090767735,observed,1291,1297,1297,1291,7998
2024-10-08,univariate_reversal_ridge,matched_complete8,0.046781966090767735,observed,1291,1297,1297,1291,7998
2024-10-08,ridge,primary_available,0.008984479647146607,observed,1291,1297,1297,1291,7998
2024-10-08,ridge,matched_complete8,0.008984479647146607,observed,1291,1297,1297,1291,7998
2024-10-09,raw_reversal,primary_available,0.05453423229555445,observed,1294,1294,1294,1294,7999
2024-10-09,raw_reversal,matched_complete8,0.054924390768052854,observed,1286,1294,1294,1294,7999
2024-10-09,univariate_reversal_ridge,primary_available,0.054924390768052854,observed,1286,1294,1294,1286,7999
2024-10-09,univariate_reversal_ridge,matched_complete8,0.054924390768052854,observed,1286,1294,1294,1286,7999
2024-10-09,ridge,primary_available,0.06014006052746301,observed,1286,1294,1294,1286,7999
2024-10-09,ridge,matched_complete8,0.06014006052746301,observed,1286,1294,1294,1286,7999
2024-10-10,raw_reversal,primary_available,0.04006056827250727,observed,1292,1292,1292,1292,8000
2024-10-10,raw_reversal,matched_complete8,0.04117314030404875,observed,1281,1292,1292,1292,8000
2024-10-10,univariate_reversal_ridge,primary_available,0.04117314030404875,observed,1281,1292,1292,1281,8000
2024-10-10,univariate_reversal_ridge,matched_complete8,0.04117314030404875,observed,1281,1292,1292,1281,8000
2024-10-10,ridge,primary_available,0.01627249634578012,observed,1281,1292,1292,1281,8000
2024-10-10,ridge,matched_complete8,0.01627249634578012,observed,1281,1292,1292,1281,8000
2024-10-11,raw_reversal,primary_available,0.01850730707886143,observed,1288,1288,1288,1288,8001
2024-10-11,raw_reversal,matched_complete8,0.014919306700807676,observed,1276,1288,1288,1288,8001
2024-10-11,univariate_reversal_ridge,primary_available,0.014919306700807676,observed,1276,1288,1288,1276,8001
2024-10-11,univariate_reversal_ridge,matched_complete8,0.014919306700807676,observed,1276,1288,1288,1276,8001
2024-10-11,ridge,primary_available,-0.0011247375858984218,observed,1276,1288,1288,1276,8001
2024-10-11,ridge,matched_complete8,-0.0011247375858984218,observed,1276,1288,1288,1276,8001
2024-10-14,raw_reversal,primary_available,-0.03262675991753798,observed,1286,1286,1286,1286,8002
2024-10-14,raw_reversal,matched_complete8,-0.03345127633693572,observed,1284,1286,1286,1286,8002
2024-10-14,univariate_reversal_ridge,primary_available,-0.03345127633693572,observed,1284,1286,1286,1284,8002
2024-10-14,univariate_reversal_ridge,matched_complete8,-0.03345127633693572,observed,1284,1286,1286,1284,8002
2024-10-14,ridge,primary_available,0.025145198827590875,observed,1284,1286,1286,1284,8002
2024-10-14,ridge,matched_complete8,0.025145198827590875,observed,1284,1286,1286,1284,8002
2024-10-15,raw_reversal,primary_available,-0.05251016179547524,observed,1283,1283,1283,1283,8003
2024-10-15,raw_reversal,matched_complete8,-0.054076081580202016,observed,1273,1283,1283,1283,8003
2024-10-15,univariate_reversal_ridge,primary_available,-0.054076081580202016,observed,1273,1283,1283,1273,8003
2024-10-15,univariate_reversal_ridge,matched_complete8,-0.054076081580202016,observed,1273,1283,1283,1273,8003
2024-10-15,ridge,primary_available,-0.02410942429992082,observed,1273,1283,1283,1273,8003
2024-10-15,ridge,matched_complete8,-0.02410942429992082,observed,1273,1283,1283,1273,8003
2024-10-16,raw_reversal,primary_available,0.06133801840387698,observed,1287,1288,1287,1288,8004
2024-10-16,raw_reversal,matched_complete8,0.06324463639306893,observed,1283,1288,1287,1288,8004
2024-10-16,univariate_reversal_ridge,primary_available,0.06324463639306893,observed,1283,1288,1287,1284,8004
2024-10-16,univariate_reversal_ridge,matched_complete8,0.06324463639306893,observed,1283,1288,1287,1284,8004
2024-10-16,ridge,primary_available,0.08001630485209628,observed,1283,1288,1287,1284,8004
2024-10-16,ridge,matched_complete8,0.08001630485209628,observed,1283,1288,1287,1284,8004
2024-10-17,raw_reversal,primary_available,0.11609946048809229,observed,1281,1281,1281,1281,8005
2024-10-17,raw_reversal,matched_complete8,0.11598519314124622,observed,1276,1281,1281,1281,8005
2024-10-17,univariate_reversal_ridge,primary_available,0.11598519314124622,observed,1276,1281,1281,1276,8005
2024-10-17,univariate_reversal_ridge,matched_complete8,0.11598519314124622,observed,1276,1281,1281,1276,8005
2024-10-17,ridge,primary_available,0.13170321616178457,observed,1276,1281,1281,1276,8005
2024-10-17,ridge,matched_complete8,0.13170321616178457,observed,1276,1281,1281,1276,8005
2024-10-18,raw_reversal,primary_available,0.10189804187022936,observed,1239,1239,1239,1239,8006
2024-10-18,raw_reversal,matched_complete8,0.09999429683965659,observed,1226,1239,1239,1239,8006
2024-10-18,univariate_reversal_ridge,primary_available,0.09999429683965659,observed,1226,1239,1239,1226,8006
2024-10-18,univariate_reversal_ridge,matched_complete8,0.09999429683965659,observed,1226,1239,1239,1226,8006
2024-10-18,ridge,primary_available,0.07329222847310207,observed,1226,1239,1239,1226,8006
2024-10-18,ridge,matched_complete8,0.07329222847310207,observed,1226,1239,1239,1226,8006
2024-10-21,raw_reversal,primary_available,0.04811646404019079,observed,1236,1236,1236,1236,8007
2024-10-21,raw_reversal,matched_complete8,0.05041544244876618,observed,1230,1236,1236,1236,8007
2024-10-21,univariate_reversal_ridge,primary_available,0.05041544244876618,observed,1230,1236,1236,1230,8007
2024-10-21,univariate_reversal_ridge,matched_complete8,0.05041544244876618,observed,1230,1236,1236,1230,8007
2024-10-21,ridge,primary_available,0.01690655367065688,observed,1230,1236,1236,1230,8007
2024-10-21,ridge,matched_complete8,0.01690655367065688,observed,1230,1236,1236,1230,8007
2024-10-22,raw_reversal,primary_available,-0.011876540056195145,observed,1232,1232,1232,1232,8008
2024-10-22,raw_reversal,matched_complete8,-0.011831482399857526,observed,1226,1232,1232,1232,8008
2024-10-22,univariate_reversal_ridge,primary_available,-0.011831482399857526,observed,1226,1232,1232,1226,8008
2024-10-22,univariate_reversal_ridge,matched_complete8,-0.011831482399857526,observed,1226,1232,1232,1226,8008
2024-10-22,ridge,primary_available,-0.024755740572467794,observed,1226,1232,1232,1226,8008
2024-10-22,ridge,matched_complete8,-0.024755740572467794,observed,1226,1232,1232,1226,8008
2024-10-23,raw_reversal,primary_available,0.04089727360969983,observed,1230,1230,1230,1230,8009
2024-10-23,raw_reversal,matched_complete8,0.04081958389672064,observed,1223,1230,1230,1230,8009
2024-10-23,univariate_reversal_ridge,primary_available,0.04081958389672064,observed,1223,1230,1230,1223,8009
2024-10-23,univariate_reversal_ridge,matched_complete8,0.04081958389672064,observed,1223,1230,1230,1223,8009
2024-10-23,ridge,primary_available,0.03550465668176618,observed,1223,1230,1230,1223,8009
2024-10-23,ridge,matched_complete8,0.03550465668176618,observed,1223,1230,1230,1223,8009
2024-10-24,raw_reversal,primary_available,-0.027110628531445028,observed,1225,1226,1225,1226,8010
2024-10-24,raw_reversal,matched_complete8,-0.025178230663789363,observed,1221,1226,1225,1226,8010
2024-10-24,univariate_reversal_ridge,primary_available,-0.025178230663789363,observed,1221,1226,1225,1222,8010
2024-10-24,univariate_reversal_ridge,matched_complete8,-0.025178230663789363,observed,1221,1226,1225,1222,8010
2024-10-24,ridge,primary_available,0.00030213002010266206,observed,1221,1226,1225,1222,8010
2024-10-24,ridge,matched_complete8,0.00030213002010266206,observed,1221,1226,1225,1222,8010
2024-10-25,raw_reversal,primary_available,-0.054300532038371,observed,1224,1225,1224,1225,8011
2024-10-25,raw_reversal,matched_complete8,-0.04937003264050103,observed,1214,1225,1224,1225,8011
2024-10-25,univariate_reversal_ridge,primary_available,-0.04937003264050103,observed,1214,1225,1224,1215,8011
2024-10-25,univariate_reversal_ridge,matched_complete8,-0.04937003264050103,observed,1214,1225,1224,1215,8011
2024-10-25,ridge,primary_available,-0.0412151681012778,observed,1214,1225,1224,1215,8011
2024-10-25,ridge,matched_complete8,-0.0412151681012778,observed,1214,1225,1224,1215,8011
2024-10-28,raw_reversal,primary_available,0.07083396993416162,observed,1222,1224,1222,1224,8012
2024-10-28,raw_reversal,matched_complete8,0.06991716053509878,observed,1215,1224,1222,1224,8012
2024-10-28,univariate_reversal_ridge,primary_available,0.06991716053509878,observed,1215,1224,1222,1217,8012
2024-10-28,univariate_reversal_ridge,matched_complete8,0.06991716053509878,observed,1215,1224,1222,1217,8012
2024-10-28,ridge,primary_available,0.14282523892201263,observed,1215,1224,1222,1217,8012
2024-10-28,ridge,matched_complete8,0.14282523892201263,observed,1215,1224,1222,1217,8012
2024-10-29,raw_reversal,primary_available,-0.039323504292137434,observed,1221,1223,1221,1223,8013
2024-10-29,raw_reversal,matched_complete8,-0.038765237108634124,observed,1215,1223,1221,1223,8013
2024-10-29,univariate_reversal_ridge,primary_available,-0.038765237108634124,observed,1215,1223,1221,1217,8013
2024-10-29,univariate_reversal_ridge,matched_complete8,-0.038765237108634124,observed,1215,1223,1221,1217,8013
2024-10-29,ridge,primary_available,-0.0014962298203865876,observed,1215,1223,1221,1217,8013
2024-10-29,ridge,matched_complete8,-0.0014962298203865876,observed,1215,1223,1221,1217,8013
2024-10-30,raw_reversal,primary_available,-0.13155978696746035,observed,1229,1231,1229,1231,8014
2024-10-30,raw_reversal,matched_complete8,-0.13172722489624478,observed,1221,1231,1229,1231,8014
2024-10-30,univariate_reversal_ridge,primary_available,-0.13172722489624478,observed,1221,1231,1229,1223,8014
2024-10-30,univariate_reversal_ridge,matched_complete8,-0.13172722489624478,observed,1221,1231,1229,1223,8014
2024-10-30,ridge,primary_available,-0.08786311587148701,observed,1221,1231,1229,1223,8014
2024-10-30,ridge,matched_complete8,-0.08786311587148701,observed,1221,1231,1229,1223,8014
2024-10-31,raw_reversal,primary_available,-0.11432970866528533,observed,1232,1234,1232,1234,8015
2024-10-31,raw_reversal,matched_complete8,-0.11412692389900167,observed,1217,1234,1232,1234,8015
2024-10-31,univariate_reversal_ridge,primary_available,-0.11412692389900167,observed,1217,1234,1232,1219,8015
2024-10-31,univariate_reversal_ridge,matched_complete8,-0.11412692389900167,observed,1217,1234,1232,1219,8015
2024-10-31,ridge,primary_available,0.03824133824701441,observed,1217,1234,1232,1219,8015
2024-10-31,ridge,matched_complete8,0.03824133824701441,observed,1217,1234,1232,1219,8015
2024-11-01,raw_reversal,primary_available,-0.11877177565687362,observed,1233,1236,1234,1235,8016
2024-11-01,raw_reversal,matched_complete8,-0.11553267892108138,observed,1217,1236,1234,1235,8016
2024-11-01,univariate_reversal_ridge,primary_available,-0.11553267892108138,observed,1217,1236,1234,1219,8016
2024-11-01,univariate_reversal_ridge,matched_complete8,-0.11553267892108138,observed,1217,1236,1234,1219,8016
2024-11-01,ridge,primary_available,-0.06895551105045644,observed,1217,1236,1234,1219,8016
2024-11-01,ridge,matched_complete8,-0.06895551105045644,observed,1217,1236,1234,1219,8016
2024-11-04,raw_reversal,primary_available,-0.0017303405453548896,observed,1243,1244,1244,1243,8017
2024-11-04,raw_reversal,matched_complete8,-0.0038178455679250497,observed,1228,1244,1244,1243,8017
2024-11-04,univariate_reversal_ridge,primary_available,-0.0038178455679250497,observed,1228,1244,1244,1228,8017
2024-11-04,univariate_reversal_ridge,matched_complete8,-0.0038178455679250497,observed,1228,1244,1244,1228,8017
2024-11-04,ridge,primary_available,0.048288085804559996,observed,1228,1244,1244,1228,8017
2024-11-04,ridge,matched_complete8,0.048288085804559996,observed,1228,1244,1244,1228,8017
2024-11-05,raw_reversal,primary_available,-0.05243457401021529,observed,1254,1256,1256,1254,8018
2024-11-05,raw_reversal,matched_complete8,-0.05035274421832891,observed,1244,1256,1256,1254,8018
2024-11-05,univariate_reversal_ridge,primary_available,-0.05035274421832891,observed,1244,1256,1256,1244,8018
2024-11-05,univariate_reversal_ridge,matched_complete8,-0.05035274421832891,observed,1244,1256,1256,1244,8018
2024-11-05,ridge,primary_available,-0.03541126114875591,observed,1244,1256,1256,1244,8018
2024-11-05,ridge,matched_complete8,-0.03541126114875591,observed,1244,1256,1256,1244,8018
2024-11-06,raw_reversal,primary_available,-0.08667383445598444,observed,1283,1285,1285,1283,8019
2024-11-06,raw_reversal,matched_complete8,-0.08095099953996807,observed,1273,1285,1285,1283,8019
2024-11-06,univariate_reversal_ridge,primary_available,-0.08095099953996807,observed,1273,1285,1285,1273,8019
2024-11-06,univariate_reversal_ridge,matched_complete8,-0.08095099953996807,observed,1273,1285,1285,1273,8019
2024-11-06,ridge,primary_available,-0.023711514803530318,observed,1273,1285,1285,1273,8019
2024-11-06,ridge,matched_complete8,-0.023711514803530318,observed,1273,1285,1285,1273,8019
2024-11-07,raw_reversal,primary_available,-0.05287853340820142,observed,1295,1298,1297,1296,8020
2024-11-07,raw_reversal,matched_complete8,-0.05070922405948913,observed,1282,1298,1297,1296,8020
2024-11-07,univariate_reversal_ridge,primary_available,-0.05070922405948913,observed,1282,1298,1297,1283,8020
2024-11-07,univariate_reversal_ridge,matched_complete8,-0.05070922405948913,observed,1282,1298,1297,1283,8020
2024-11-07,ridge,primary_available,0.04356767595041117,observed,1282,1298,1297,1283,8020
2024-11-07,ridge,matched_complete8,0.04356767595041117,observed,1282,1298,1297,1283,8020
2024-11-08,raw_reversal,primary_available,0.012783625224884325,observed,1315,1316,1316,1315,8021
2024-11-08,raw_reversal,matched_complete8,0.012841863051578407,observed,1283,1316,1316,1315,8021
2024-11-08,univariate_reversal_ridge,primary_available,0.012841863051578407,observed,1283,1316,1316,1283,8021
2024-11-08,univariate_reversal_ridge,matched_complete8,0.012841863051578407,observed,1283,1316,1316,1283,8021
2024-11-08,ridge,primary_available,0.03518274244424915,observed,1283,1316,1316,1283,8021
2024-11-08,ridge,matched_complete8,0.03518274244424915,observed,1283,1316,1316,1283,8021
2024-11-11,raw_reversal,primary_available,0.07708375078476382,observed,1325,1327,1327,1325,8022
2024-11-11,raw_reversal,matched_complete8,0.07872043569322573,observed,1321,1327,1327,1325,8022
2024-11-11,univariate_reversal_ridge,primary_available,0.07872043569322573,observed,1321,1327,1327,1321,8022
2024-11-11,univariate_reversal_ridge,matched_complete8,0.07872043569322573,observed,1321,1327,1327,1321,8022
2024-11-11,ridge,primary_available,0.061089495511418186,observed,1321,1327,1327,1321,8022
2024-11-11,ridge,matched_complete8,0.061089495511418186,observed,1321,1327,1327,1321,8022
2024-11-12,raw_reversal,primary_available,-0.03423277375873812,observed,1332,1333,1333,1332,8023
2024-11-12,raw_reversal,matched_complete8,-0.0354384248660022,observed,1313,1333,1333,1332,8023
2024-11-12,univariate_reversal_ridge,primary_available,-0.0354384248660022,observed,1313,1333,1333,1313,8023
2024-11-12,univariate_reversal_ridge,matched_complete8,-0.0354384248660022,observed,1313,1333,1333,1313,8023
2024-11-12,ridge,primary_available,-0.05661185498412563,observed,1313,1333,1333,1313,8023
2024-11-12,ridge,matched_complete8,-0.05661185498412563,observed,1313,1333,1333,1313,8023
2024-11-13,raw_reversal,primary_available,-0.04410277209172689,observed,1339,1340,1340,1339,8024
2024-11-13,raw_reversal,matched_complete8,-0.0415006140176887,observed,1318,1340,1340,1339,8024
2024-11-13,univariate_reversal_ridge,primary_available,-0.0415006140176887,observed,1318,1340,1340,1318,8024
2024-11-13,univariate_reversal_ridge,matched_complete8,-0.0415006140176887,observed,1318,1340,1340,1318,8024
2024-11-13,ridge,primary_available,0.038269480340648226,observed,1318,1340,1340,1318,8024
2024-11-13,ridge,matched_complete8,0.038269480340648226,observed,1318,1340,1340,1318,8024
2024-11-14,raw_reversal,primary_available,-0.08307605366456766,observed,1332,1335,1333,1334,8025
2024-11-14,raw_reversal,matched_complete8,-0.08178171653250653,observed,1305,1335,1333,1334,8025
2024-11-14,univariate_reversal_ridge,primary_available,-0.08178171653250653,observed,1305,1335,1333,1307,8025
2024-11-14,univariate_reversal_ridge,matched_complete8,-0.08178171653250653,observed,1305,1335,1333,1307,8025
2024-11-14,ridge,primary_available,-0.03515539883159509,observed,1305,1335,1333,1307,8025
2024-11-14,ridge,matched_complete8,-0.03515539883159509,observed,1305,1335,1333,1307,8025
2024-11-15,raw_reversal,primary_available,0.16343169012682593,observed,1336,1338,1337,1337,8026
2024-11-15,raw_reversal,matched_complete8,0.17143627369475667,observed,1282,1338,1337,1337,8026
2024-11-15,univariate_reversal_ridge,primary_available,0.17143627369475667,observed,1282,1338,1337,1282,8026
2024-11-15,univariate_reversal_ridge,matched_complete8,0.17143627369475667,observed,1282,1338,1337,1282,8026
2024-11-15,ridge,primary_available,0.20625185382369504,observed,1282,1338,1337,1282,8026
2024-11-15,ridge,matched_complete8,0.20625185382369504,observed,1282,1338,1337,1282,8026
2024-11-18,raw_reversal,primary_available,0.27517710704576853,observed,1340,1343,1340,1343,8027
2024-11-18,raw_reversal,matched_complete8,0.27822754713773323,observed,1308,1343,1340,1343,8027
2024-11-18,univariate_reversal_ridge,primary_available,0.27822754713773323,observed,1308,1343,1340,1311,8027
2024-11-18,univariate_reversal_ridge,matched_complete8,0.27822754713773323,observed,1308,1343,1340,1311,8027
2024-11-18,ridge,primary_available,0.20109613975761265,observed,1308,1343,1340,1311,8027
2024-11-18,ridge,matched_complete8,0.20109613975761265,observed,1308,1343,1340,1311,8027
2024-11-19,raw_reversal,primary_available,0.23473697141515296,observed,1342,1345,1342,1345,8028
2024-11-19,raw_reversal,matched_complete8,0.23474111986289112,observed,1328,1345,1342,1345,8028
2024-11-19,univariate_reversal_ridge,primary_available,0.23474111986289112,observed,1328,1345,1342,1331,8028
2024-11-19,univariate_reversal_ridge,matched_complete8,0.23474111986289112,observed,1328,1345,1342,1331,8028
2024-11-19,ridge,primary_available,0.1761948102724836,observed,1328,1345,1342,1331,8028
2024-11-19,ridge,matched_complete8,0.1761948102724836,observed,1328,1345,1342,1331,8028
2024-11-20,raw_reversal,primary_available,0.19738979355538516,observed,1347,1350,1347,1350,8029
2024-11-20,raw_reversal,matched_complete8,0.199424833976456,observed,1329,1350,1347,1350,8029
2024-11-20,univariate_reversal_ridge,primary_available,0.199424833976456,observed,1329,1350,1347,1332,8029
2024-11-20,univariate_reversal_ridge,matched_complete8,0.199424833976456,observed,1329,1350,1347,1332,8029
2024-11-20,ridge,primary_available,0.13194481110170242,observed,1329,1350,1347,1332,8029
2024-11-20,ridge,matched_complete8,0.13194481110170242,observed,1329,1350,1347,1332,8029
2024-11-21,raw_reversal,primary_available,0.19976814379142993,observed,1354,1357,1354,1357,8030
2024-11-21,raw_reversal,matched_complete8,0.20199316773151532,observed,1330,1357,1354,1357,8030
2024-11-21,univariate_reversal_ridge,primary_available,0.20199316773151532,observed,1330,1357,1354,1333,8030
2024-11-21,univariate_reversal_ridge,matched_complete8,0.20199316773151532,observed,1330,1357,1354,1333,8030
2024-11-21,ridge,primary_available,0.16184569149857816,observed,1330,1357,1354,1333,8030
2024-11-21,ridge,matched_complete8,0.16184569149857816,observed,1330,1357,1354,1333,8030
2024-11-22,raw_reversal,primary_available,0.22115836980547457,observed,1366,1369,1366,1369,8031
2024-11-22,raw_reversal,matched_complete8,0.2204187215643965,observed,1343,1369,1366,1369,8031
2024-11-22,univariate_reversal_ridge,primary_available,0.2204187215643965,observed,1343,1369,1366,1346,8031
2024-11-22,univariate_reversal_ridge,matched_complete8,0.2204187215643965,observed,1343,1369,1366,1346,8031
2024-11-22,ridge,primary_available,0.13524335961777798,observed,1343,1369,1366,1346,8031
2024-11-22,ridge,matched_complete8,0.13524335961777798,observed,1343,1369,1366,1346,8031
2024-11-25,raw_reversal,primary_available,-0.004634933727449783,observed,1376,1377,1376,1377,8032
2024-11-25,raw_reversal,matched_complete8,-0.003706038162283201,observed,1355,1377,1376,1377,8032
2024-11-25,univariate_reversal_ridge,primary_available,-0.003706038162283201,observed,1355,1377,1376,1356,8032
2024-11-25,univariate_reversal_ridge,matched_complete8,-0.003706038162283201,observed,1355,1377,1376,1356,8032
2024-11-25,ridge,primary_available,0.03216673585716998,observed,1355,1377,1376,1356,8032
2024-11-25,ridge,matched_complete8,0.03216673585716998,observed,1355,1377,1376,1356,8032
2024-11-26,raw_reversal,primary_available,-0.006675490803792539,observed,1373,1375,1374,1374,8033
2024-11-26,raw_reversal,matched_complete8,-0.010544700951052892,observed,1356,1375,1374,1374,8033
2024-11-26,univariate_reversal_ridge,primary_available,-0.010544700951052892,observed,1356,1375,1374,1357,8033
2024-11-26,univariate_reversal_ridge,matched_complete8,-0.010544700951052892,observed,1356,1375,1374,1357,8033
2024-11-26,ridge,primary_available,0.01914857739777175,observed,1356,1375,1374,1357,8033
2024-11-26,ridge,matched_complete8,0.01914857739777175,observed,1356,1375,1374,1357,8033
2024-11-27,raw_reversal,primary_available,0.06165439213624372,observed,1371,1372,1372,1371,8034
2024-11-27,raw_reversal,matched_complete8,0.0633344680807609,observed,1354,1372,1372,1371,8034
2024-11-27,univariate_reversal_ridge,primary_available,0.0633344680807609,observed,1354,1372,1372,1354,8034
2024-11-27,univariate_reversal_ridge,matched_complete8,0.0633344680807609,observed,1354,1372,1372,1354,8034
2024-11-27,ridge,primary_available,0.11793809076286588,observed,1354,1372,1372,1354,8034
2024-11-27,ridge,matched_complete8,0.11793809076286588,observed,1354,1372,1372,1354,8034
2024-11-29,raw_reversal,primary_available,-0.002121580806155582,observed,1364,1366,1365,1365,8035
2024-11-29,raw_reversal,matched_complete8,0.003314291357289134,observed,1315,1366,1365,1365,8035
2024-11-29,univariate_reversal_ridge,primary_available,0.003314291357289134,observed,1315,1366,1365,1316,8035
2024-11-29,univariate_reversal_ridge,matched_complete8,0.003314291357289134,observed,1315,1366,1365,1316,8035
2024-11-29,ridge,primary_available,-0.033437901392712806,observed,1315,1366,1365,1316,8035
2024-11-29,ridge,matched_complete8,-0.033437901392712806,observed,1315,1366,1365,1316,8035
2024-12-02,raw_reversal,primary_available,-0.12342515451492261,observed,1367,1369,1368,1368,8036
2024-12-02,raw_reversal,matched_complete8,-0.12112143823180854,observed,1316,1369,1368,1368,8036
2024-12-02,univariate_reversal_ridge,primary_available,-0.12112143823180854,observed,1316,1369,1368,1317,8036
2024-12-02,univariate_reversal_ridge,matched_complete8,-0.12112143823180854,observed,1316,1369,1368,1317,8036
2024-12-02,ridge,primary_available,-0.1648269998456603,observed,1316,1369,1368,1317,8036
2024-12-02,ridge,matched_complete8,-0.1648269998456603,observed,1316,1369,1368,1317,8036
2024-12-03,raw_reversal,primary_available,-0.0517060955038557,observed,1363,1364,1364,1363,8037
2024-12-03,raw_reversal,matched_complete8,-0.05006516729874912,observed,1344,1364,1364,1363,8037
2024-12-03,univariate_reversal_ridge,primary_available,-0.05006516729874912,observed,1344,1364,1364,1344,8037
2024-12-03,univariate_reversal_ridge,matched_complete8,-0.05006516729874912,observed,1344,1364,1364,1344,8037
2024-12-03,ridge,primary_available,-0.056501177427299355,observed,1344,1364,1364,1344,8037
2024-12-03,ridge,matched_complete8,-0.056501177427299355,observed,1344,1364,1364,1344,8037
2024-12-04,raw_reversal,primary_available,-0.0674538608541736,observed,1366,1366,1366,1366,8038
2024-12-04,raw_reversal,matched_complete8,-0.06556456926386506,observed,1348,1366,1366,1366,8038
2024-12-04,univariate_reversal_ridge,primary_available,-0.06556456926386506,observed,1348,1366,1366,1348,8038
2024-12-04,univariate_reversal_ridge,matched_complete8,-0.06556456926386506,observed,1348,1366,1366,1348,8038
2024-12-04,ridge,primary_available,-0.04484872411805306,observed,1348,1366,1366,1348,8038
2024-12-04,ridge,matched_complete8,-0.04484872411805306,observed,1348,1366,1366,1348,8038
2024-12-05,raw_reversal,primary_available,-0.0973767332702533,observed,1347,1347,1347,1347,8039
2024-12-05,raw_reversal,matched_complete8,-0.09604704036309376,observed,1324,1347,1347,1347,8039
2024-12-05,univariate_reversal_ridge,primary_available,-0.09604704036309376,observed,1324,1347,1347,1324,8039
2024-12-05,univariate_reversal_ridge,matched_complete8,-0.09604704036309376,observed,1324,1347,1347,1324,8039
2024-12-05,ridge,primary_available,-0.06717888523476427,observed,1324,1347,1347,1324,8039
2024-12-05,ridge,matched_complete8,-0.06717888523476427,observed,1324,1347,1347,1324,8039
2024-12-06,raw_reversal,primary_available,-0.04247903496477294,observed,1332,1332,1332,1332,8040
2024-12-06,raw_reversal,matched_complete8,-0.03967413162187819,observed,1294,1332,1332,1332,8040
2024-12-06,univariate_reversal_ridge,primary_available,-0.03967413162187819,observed,1294,1332,1332,1294,8040
2024-12-06,univariate_reversal_ridge,matched_complete8,-0.03967413162187819,observed,1294,1332,1332,1294,8040
2024-12-06,ridge,primary_available,0.021245771325572056,observed,1294,1332,1332,1294,8040
2024-12-06,ridge,matched_complete8,0.021245771325572056,observed,1294,1332,1332,1294,8040
2024-12-09,raw_reversal,primary_available,-0.14119648616914246,observed,1322,1322,1322,1322,8041
2024-12-09,raw_reversal,matched_complete8,-0.1351211368820982,observed,1299,1322,1322,1322,8041
2024-12-09,univariate_reversal_ridge,primary_available,-0.1351211368820982,observed,1299,1322,1322,1299,8041
2024-12-09,univariate_reversal_ridge,matched_complete8,-0.1351211368820982,observed,1299,1322,1322,1299,8041
2024-12-09,ridge,primary_available,0.07880408549058489,observed,1299,1322,1322,1299,8041
2024-12-09,ridge,matched_complete8,0.07880408549058489,observed,1299,1322,1322,1299,8041
2024-12-10,raw_reversal,primary_available,-0.15703714097821625,observed,1321,1321,1321,1321,8042
2024-12-10,raw_reversal,matched_complete8,-0.1570570902760852,observed,1299,1321,1321,1321,8042
2024-12-10,univariate_reversal_ridge,primary_available,-0.1570570902760852,observed,1299,1321,1321,1299,8042
2024-12-10,univariate_reversal_ridge,matched_complete8,-0.1570570902760852,observed,1299,1321,1321,1299,8042
2024-12-10,ridge,primary_available,-0.0507892241542316,observed,1299,1321,1321,1299,8042
2024-12-10,ridge,matched_complete8,-0.0507892241542316,observed,1299,1321,1321,1299,8042
2024-12-11,raw_reversal,primary_available,-0.09716762724096148,observed,1321,1321,1321,1321,8043
2024-12-11,raw_reversal,matched_complete8,-0.09388066993714969,observed,1305,1321,1321,1321,8043
2024-12-11,univariate_reversal_ridge,primary_available,-0.09388066993714969,observed,1305,1321,1321,1305,8043
2024-12-11,univariate_reversal_ridge,matched_complete8,-0.09388066993714969,observed,1305,1321,1321,1305,8043
2024-12-11,ridge,primary_available,-0.06719807064063389,observed,1305,1321,1321,1305,8043
2024-12-11,ridge,matched_complete8,-0.06719807064063389,observed,1305,1321,1321,1305,8043
2024-12-12,raw_reversal,primary_available,-0.09873137094832363,observed,1314,1314,1314,1314,8044
2024-12-12,raw_reversal,matched_complete8,-0.10245087789787458,observed,1302,1314,1314,1314,8044
2024-12-12,univariate_reversal_ridge,primary_available,-0.10245087789787458,observed,1302,1314,1314,1302,8044
2024-12-12,univariate_reversal_ridge,matched_complete8,-0.10245087789787458,observed,1302,1314,1314,1302,8044
2024-12-12,ridge,primary_available,-0.12949616707812406,observed,1302,1314,1314,1302,8044
2024-12-12,ridge,matched_complete8,-0.12949616707812406,observed,1302,1314,1314,1302,8044
2024-12-13,raw_reversal,primary_available,-0.07803547445906692,observed,1314,1314,1314,1314,8045
2024-12-13,raw_reversal,matched_complete8,-0.07032015260684668,observed,1260,1314,1314,1314,8045
2024-12-13,univariate_reversal_ridge,primary_available,-0.07032015260684668,observed,1260,1314,1314,1260,8045
2024-12-13,univariate_reversal_ridge,matched_complete8,-0.07032015260684668,observed,1260,1314,1314,1260,8045
2024-12-13,ridge,primary_available,-0.1126360775471041,observed,1260,1314,1314,1260,8045
2024-12-13,ridge,matched_complete8,-0.1126360775471041,observed,1260,1314,1314,1260,8045
2024-12-16,raw_reversal,primary_available,-0.01778195554036835,observed,1318,1318,1318,1318,8046
2024-12-16,raw_reversal,matched_complete8,-0.01218071402864878,observed,1282,1318,1318,1318,8046
2024-12-16,univariate_reversal_ridge,primary_available,-0.01218071402864878,observed,1282,1318,1318,1282,8046
2024-12-16,univariate_reversal_ridge,matched_complete8,-0.01218071402864878,observed,1282,1318,1318,1282,8046
2024-12-16,ridge,primary_available,0.03037971701796691,observed,1282,1318,1318,1282,8046
2024-12-16,ridge,matched_complete8,0.03037971701796691,observed,1282,1318,1318,1282,8046
2024-12-17,raw_reversal,primary_available,-0.18115610273222016,observed,1319,1320,1319,1320,8047
2024-12-17,raw_reversal,matched_complete8,-0.17620898508739827,observed,1300,1320,1319,1320,8047
2024-12-17,univariate_reversal_ridge,primary_available,-0.17620898508739827,observed,1300,1320,1319,1301,8047
2024-12-17,univariate_reversal_ridge,matched_complete8,-0.17620898508739827,observed,1300,1320,1319,1301,8047
2024-12-17,ridge,primary_available,-0.21407460576508094,observed,1300,1320,1319,1301,8047
2024-12-17,ridge,matched_complete8,-0.21407460576508094,observed,1300,1320,1319,1301,8047
2024-12-18,raw_reversal,primary_available,-0.19746492972701848,observed,1320,1320,1320,1320,8048
2024-12-18,raw_reversal,matched_complete8,-0.1955006988888949,observed,1307,1320,1320,1320,8048
2024-12-18,univariate_reversal_ridge,primary_available,-0.1955006988888949,observed,1307,1320,1320,1307,8048
2024-12-18,univariate_reversal_ridge,matched_complete8,-0.1955006988888949,observed,1307,1320,1320,1307,8048
2024-12-18,ridge,primary_available,-0.15383813974471325,observed,1307,1320,1320,1307,8048
2024-12-18,ridge,matched_complete8,-0.15383813974471325,observed,1307,1320,1320,1307,8048
2024-12-19,raw_reversal,primary_available,-0.014617494029055603,observed,1320,1320,1320,1320,8049
2024-12-19,raw_reversal,matched_complete8,-0.017511457531204297,observed,1307,1320,1320,1320,8049
2024-12-19,univariate_reversal_ridge,primary_available,-0.017511457531204297,observed,1307,1320,1320,1307,8049
2024-12-19,univariate_reversal_ridge,matched_complete8,-0.017511457531204297,observed,1307,1320,1320,1307,8049
2024-12-19,ridge,primary_available,0.03356494151389483,observed,1307,1320,1320,1307,8049
2024-12-19,ridge,matched_complete8,0.03356494151389483,observed,1307,1320,1320,1307,8049
2024-12-20,raw_reversal,primary_available,0.03778287475859104,observed,1368,1369,1368,1369,8050
2024-12-20,raw_reversal,matched_complete8,0.033932003538854734,observed,1346,1369,1368,1369,8050
2024-12-20,univariate_reversal_ridge,primary_available,0.033932003538854734,observed,1346,1369,1368,1347,8050
2024-12-20,univariate_reversal_ridge,matched_complete8,0.033932003538854734,observed,1346,1369,1368,1347,8050
2024-12-20,ridge,primary_available,0.085486885912396,observed,1346,1369,1368,1347,8050
2024-12-20,ridge,matched_complete8,0.085486885912396,observed,1346,1369,1368,1347,8050
2024-12-23,raw_reversal,primary_available,-0.0627675576659723,observed,1364,1365,1364,1365,8051
2024-12-23,raw_reversal,matched_complete8,-0.06412341163059676,observed,1350,1365,1364,1365,8051
2024-12-23,univariate_reversal_ridge,primary_available,-0.06412341163059676,observed,1350,1365,1364,1351,8051
2024-12-23,univariate_reversal_ridge,matched_complete8,-0.06412341163059676,observed,1350,1365,1364,1351,8051
2024-12-23,ridge,primary_available,-0.11195694638038722,observed,1350,1365,1364,1351,8051
2024-12-23,ridge,matched_complete8,-0.11195694638038722,observed,1350,1365,1364,1351,8051
2024-12-24,raw_reversal,primary_available,-0.07802007943898281,observed,1347,1348,1347,1348,8052
2024-12-24,raw_reversal,matched_complete8,-0.07758204878610717,observed,1339,1348,1347,1348,8052
2024-12-24,univariate_reversal_ridge,primary_available,-0.07758204878610717,observed,1339,1348,1347,1340,8052
2024-12-24,univariate_reversal_ridge,matched_complete8,-0.07758204878610717,observed,1339,1348,1347,1340,8052
2024-12-24,ridge,primary_available,-0.04784534134966884,observed,1339,1348,1347,1340,8052
2024-12-24,ridge,matched_complete8,-0.04784534134966884,observed,1339,1348,1347,1340,8052
2024-12-26,raw_reversal,primary_available,-0.0754336255371196,observed,1345,1346,1345,1346,8053
2024-12-26,raw_reversal,matched_complete8,-0.0858673859435526,observed,1331,1346,1345,1346,8053
2024-12-26,univariate_reversal_ridge,primary_available,-0.0858673859435526,observed,1331,1346,1345,1332,8053
2024-12-26,univariate_reversal_ridge,matched_complete8,-0.0858673859435526,observed,1331,1346,1345,1332,8053
2024-12-26,ridge,primary_available,-0.11084180161354823,observed,1331,1346,1345,1332,8053
2024-12-26,ridge,matched_complete8,-0.11084180161354823,observed,1331,1346,1345,1332,8053
2024-12-27,raw_reversal,primary_available,-0.1524775096061739,observed,1343,1343,1343,1343,8054
2024-12-27,raw_reversal,matched_complete8,-0.15795287775920763,observed,1328,1343,1343,1343,8054
2024-12-27,univariate_reversal_ridge,primary_available,-0.15795287775920763,observed,1328,1343,1343,1328,8054
2024-12-27,univariate_reversal_ridge,matched_complete8,-0.15795287775920763,observed,1328,1343,1343,1328,8054
2024-12-27,ridge,primary_available,-0.04670307188854889,observed,1328,1343,1343,1328,8054
2024-12-27,ridge,matched_complete8,-0.04670307188854889,observed,1328,1343,1343,1328,8054
2024-12-30,raw_reversal,primary_available,-0.059284695415103436,observed,1346,1346,1346,1346,8055
2024-12-30,raw_reversal,matched_complete8,-0.0607051286551594,observed,1334,1346,1346,1346,8055
2024-12-30,univariate_reversal_ridge,primary_available,-0.0607051286551594,observed,1334,1346,1346,1334,8055
2024-12-30,univariate_reversal_ridge,matched_complete8,-0.0607051286551594,observed,1334,1346,1346,1334,8055
2024-12-30,ridge,primary_available,-0.06068621351306327,observed,1334,1346,1346,1334,8055
2024-12-30,ridge,matched_complete8,-0.06068621351306327,observed,1334,1346,1346,1334,8055
2024-12-31,raw_reversal,primary_available,0.03645555730685062,observed,1343,1344,1343,1344,8056
2024-12-31,raw_reversal,matched_complete8,0.03002210515975859,observed,1306,1344,1343,1344,8056
2024-12-31,univariate_reversal_ridge,primary_available,0.03002210515975859,observed,1306,1344,1343,1307,8056
2024-12-31,univariate_reversal_ridge,matched_complete8,0.03002210515975859,observed,1306,1344,1343,1307,8056
2024-12-31,ridge,primary_available,0.04768777274130732,observed,1306,1344,1343,1307,8056
2024-12-31,ridge,matched_complete8,0.04768777274130732,observed,1306,1344,1343,1307,8056
2025-01-02,raw_reversal,primary_available,-0.07385213761628884,observed,1347,1347,1347,1347,8057
2025-01-02,raw_reversal,matched_complete8,-0.07588859300945637,observed,1321,1347,1347,1347,8057
2025-01-02,univariate_reversal_ridge,primary_available,-0.07588859300945637,observed,1321,1347,1347,1321,8057
2025-01-02,univariate_reversal_ridge,matched_complete8,-0.07588859300945637,observed,1321,1347,1347,1321,8057
2025-01-02,ridge,primary_available,-0.09387722499411663,observed,1321,1347,1347,1321,8057
2025-01-02,ridge,matched_complete8,-0.09387722499411663,observed,1321,1347,1347,1321,8057
2025-01-03,raw_reversal,primary_available,-0.00463093296704536,observed,1341,1343,1341,1343,8058
2025-01-03,raw_reversal,matched_complete8,-0.00567189412556873,observed,1320,1343,1341,1343,8058
2025-01-03,univariate_reversal_ridge,primary_available,-0.00567189412556873,observed,1320,1343,1341,1321,8058
2025-01-03,univariate_reversal_ridge,matched_complete8,-0.00567189412556873,observed,1320,1343,1341,1321,8058
2025-01-03,ridge,primary_available,0.0632029539617543,observed,1320,1343,1341,1321,8058
2025-01-03,ridge,matched_complete8,0.0632029539617543,observed,1320,1343,1341,1321,8058
2025-01-06,raw_reversal,primary_available,0.12702739850644337,observed,1347,1348,1347,1348,8059
2025-01-06,raw_reversal,matched_complete8,0.12657966775828305,observed,1332,1348,1347,1348,8059
2025-01-06,univariate_reversal_ridge,primary_available,0.12657966775828305,observed,1332,1348,1347,1333,8059
2025-01-06,univariate_reversal_ridge,matched_complete8,0.12657966775828305,observed,1332,1348,1347,1333,8059
2025-01-06,ridge,primary_available,0.11319665009352756,observed,1332,1348,1347,1333,8059
2025-01-06,ridge,matched_complete8,0.11319665009352756,observed,1332,1348,1347,1333,8059
2025-01-07,raw_reversal,primary_available,0.054395522762506386,observed,1352,1353,1352,1353,8060
2025-01-07,raw_reversal,matched_complete8,0.058707407073220176,observed,1341,1353,1352,1353,8060
2025-01-07,univariate_reversal_ridge,primary_available,0.058707407073220176,observed,1341,1353,1352,1342,8060
2025-01-07,univariate_reversal_ridge,matched_complete8,0.058707407073220176,observed,1341,1353,1352,1342,8060
2025-01-07,ridge,primary_available,0.06883993751384217,observed,1341,1353,1352,1342,8060
2025-01-07,ridge,matched_complete8,0.06883993751384217,observed,1341,1353,1352,1342,8060
2025-01-08,raw_reversal,primary_available,0.05527486750771722,observed,1351,1352,1351,1352,8061
2025-01-08,raw_reversal,matched_complete8,0.059091277206471414,observed,1340,1352,1351,1352,8061
2025-01-08,univariate_reversal_ridge,primary_available,0.059091277206471414,observed,1340,1352,1351,1341,8061
2025-01-08,univariate_reversal_ridge,matched_complete8,0.059091277206471414,observed,1340,1352,1351,1341,8061
2025-01-08,ridge,primary_available,0.014829527053253163,observed,1340,1352,1351,1341,8061
2025-01-08,ridge,matched_complete8,0.014829527053253163,observed,1340,1352,1351,1341,8061
2025-01-10,raw_reversal,primary_available,0.08135734797082898,observed,1345,1347,1345,1347,8062
2025-01-10,raw_reversal,matched_complete8,0.08602990158094817,observed,1320,1347,1345,1347,8062
2025-01-10,univariate_reversal_ridge,primary_available,0.08602990158094817,observed,1320,1347,1345,1322,8062
2025-01-10,univariate_reversal_ridge,matched_complete8,0.08602990158094817,observed,1320,1347,1345,1322,8062
2025-01-10,ridge,primary_available,0.09418452283080621,observed,1320,1347,1345,1322,8062
2025-01-10,ridge,matched_complete8,0.09418452283080621,observed,1320,1347,1345,1322,8062
2025-01-13,raw_reversal,primary_available,0.1132906654010826,observed,1342,1344,1342,1344,8063
2025-01-13,raw_reversal,matched_complete8,0.11372378886778267,observed,1334,1344,1342,1344,8063
2025-01-13,univariate_reversal_ridge,primary_available,0.11372378886778267,observed,1334,1344,1342,1336,8063
2025-01-13,univariate_reversal_ridge,matched_complete8,0.11372378886778267,observed,1334,1344,1342,1336,8063
2025-01-13,ridge,primary_available,0.09248542765423923,observed,1334,1344,1342,1336,8063
2025-01-13,ridge,matched_complete8,0.09248542765423923,observed,1334,1344,1342,1336,8063
2025-01-14,raw_reversal,primary_available,0.07995844265110728,observed,1338,1339,1338,1339,8064
2025-01-14,raw_reversal,matched_complete8,0.08208673384280935,observed,1328,1339,1338,1339,8064
2025-01-14,univariate_reversal_ridge,primary_available,0.08208673384280935,observed,1328,1339,1338,1329,8064
2025-01-14,univariate_reversal_ridge,matched_complete8,0.08208673384280935,observed,1328,1339,1338,1329,8064
2025-01-14,ridge,primary_available,0.07871632253776101,observed,1328,1339,1338,1329,8064
2025-01-14,ridge,matched_complete8,0.07871632253776101,observed,1328,1339,1338,1329,8064
2025-01-15,raw_reversal,primary_available,0.10990389711657338,observed,1339,1340,1339,1340,8065
2025-01-15,raw_reversal,matched_complete8,0.11322376633467131,observed,1323,1340,1339,1340,8065
2025-01-15,univariate_reversal_ridge,primary_available,0.11322376633467131,observed,1323,1340,1339,1324,8065
2025-01-15,univariate_reversal_ridge,matched_complete8,0.11322376633467131,observed,1323,1340,1339,1324,8065
2025-01-15,ridge,primary_available,0.05729449767423311,observed,1323,1340,1339,1324,8065
2025-01-15,ridge,matched_complete8,0.05729449767423311,observed,1323,1340,1339,1324,8065
2025-01-16,raw_reversal,primary_available,0.21487788552679551,observed,1337,1338,1337,1338,8066
2025-01-16,raw_reversal,matched_complete8,0.21241983714422333,observed,1327,1338,1337,1338,8066
2025-01-16,univariate_reversal_ridge,primary_available,0.21241983714422333,observed,1327,1338,1337,1328,8066
2025-01-16,univariate_reversal_ridge,matched_complete8,0.21241983714422333,observed,1327,1338,1337,1328,8066
2025-01-16,ridge,primary_available,0.16073642574559527,observed,1327,1338,1337,1328,8066
2025-01-16,ridge,matched_complete8,0.16073642574559527,observed,1327,1338,1337,1328,8066
2025-01-17,raw_reversal,primary_available,0.2632044607085985,observed,1335,1335,1335,1335,8067
2025-01-17,raw_reversal,matched_complete8,0.2608416976907651,observed,1316,1335,1335,1335,8067
2025-01-17,univariate_reversal_ridge,primary_available,0.2608416976907651,observed,1316,1335,1335,1316,8067
2025-01-17,univariate_reversal_ridge,matched_complete8,0.2608416976907651,observed,1316,1335,1335,1316,8067
2025-01-17,ridge,primary_available,0.22100030556253064,observed,1316,1335,1335,1316,8067
2025-01-17,ridge,matched_complete8,0.22100030556253064,observed,1316,1335,1335,1316,8067
2025-01-21,raw_reversal,primary_available,0.22155813306619543,observed,1330,1332,1331,1331,8068
2025-01-21,raw_reversal,matched_complete8,0.2181229300801735,observed,1320,1332,1331,1331,8068
2025-01-21,univariate_reversal_ridge,primary_available,0.2181229300801735,observed,1320,1332,1331,1321,8068
2025-01-21,univariate_reversal_ridge,matched_complete8,0.2181229300801735,observed,1320,1332,1331,1321,8068
2025-01-21,ridge,primary_available,0.18208504244725043,observed,1320,1332,1331,1321,8068
2025-01-21,ridge,matched_complete8,0.18208504244725043,observed,1320,1332,1331,1321,8068
2025-01-22,raw_reversal,primary_available,0.1564628086361613,observed,1325,1326,1326,1325,8069
2025-01-22,raw_reversal,matched_complete8,0.15414996878514617,observed,1316,1326,1326,1325,8069
2025-01-22,univariate_reversal_ridge,primary_available,0.15414996878514617,observed,1316,1326,1326,1316,8069
2025-01-22,univariate_reversal_ridge,matched_complete8,0.15414996878514617,observed,1316,1326,1326,1316,8069
2025-01-22,ridge,primary_available,0.12196946576215699,observed,1316,1326,1326,1316,8069
2025-01-22,ridge,matched_complete8,0.12196946576215699,observed,1316,1326,1326,1316,8069
2025-01-23,raw_reversal,primary_available,0.11442447244753107,observed,1281,1282,1282,1281,8070
2025-01-23,raw_reversal,matched_complete8,0.11516475776524777,observed,1272,1282,1282,1281,8070
2025-01-23,univariate_reversal_ridge,primary_available,0.11516475776524777,observed,1272,1282,1282,1272,8070
2025-01-23,univariate_reversal_ridge,matched_complete8,0.11516475776524777,observed,1272,1282,1282,1272,8070
2025-01-23,ridge,primary_available,0.08187434255108295,observed,1272,1282,1282,1272,8070
2025-01-23,ridge,matched_complete8,0.08187434255108295,observed,1272,1282,1282,1272,8070
2025-01-24,raw_reversal,primary_available,0.0233261694601314,observed,1282,1284,1283,1283,8071
2025-01-24,raw_reversal,matched_complete8,0.020410922756213666,observed,1269,1284,1283,1283,8071
2025-01-24,univariate_reversal_ridge,primary_available,0.020410922756213666,observed,1269,1284,1283,1270,8071
2025-01-24,univariate_reversal_ridge,matched_complete8,0.020410922756213666,observed,1269,1284,1283,1270,8071
2025-01-24,ridge,primary_available,-0.025496115446503143,observed,1269,1284,1283,1270,8071
2025-01-24,ridge,matched_complete8,-0.025496115446503143,observed,1269,1284,1283,1270,8071
2025-01-27,raw_reversal,primary_available,0.07143872520358172,observed,1292,1293,1293,1292,8072
2025-01-27,raw_reversal,matched_complete8,0.07144734114827397,observed,1284,1293,1293,1292,8072
2025-01-27,univariate_reversal_ridge,primary_available,0.07144734114827397,observed,1284,1293,1293,1284,8072
2025-01-27,univariate_reversal_ridge,matched_complete8,0.07144734114827397,observed,1284,1293,1293,1284,8072
2025-01-27,ridge,primary_available,0.1473476976651912,observed,1284,1293,1293,1284,8072
2025-01-27,ridge,matched_complete8,0.1473476976651912,observed,1284,1293,1293,1284,8072
2025-01-28,raw_reversal,primary_available,0.09045918062922848,observed,1299,1299,1299,1299,8073
2025-01-28,raw_reversal,matched_complete8,0.08961956674899742,observed,1291,1299,1299,1299,8073
2025-01-28,univariate_reversal_ridge,primary_available,0.08961956674899742,observed,1291,1299,1299,1291,8073
2025-01-28,univariate_reversal_ridge,matched_complete8,0.08961956674899742,observed,1291,1299,1299,1291,8073
2025-01-28,ridge,primary_available,0.04497825335694537,observed,1291,1299,1299,1291,8073
2025-01-28,ridge,matched_complete8,0.04497825335694537,observed,1291,1299,1299,1291,8073
2025-01-29,raw_reversal,primary_available,-0.013640280617528847,observed,1304,1304,1304,1304,8074
2025-01-29,raw_reversal,matched_complete8,-0.01468836997839424,observed,1292,1304,1304,1304,8074
2025-01-29,univariate_reversal_ridge,primary_available,-0.01468836997839424,observed,1292,1304,1304,1292,8074
2025-01-29,univariate_reversal_ridge,matched_complete8,-0.01468836997839424,observed,1292,1304,1304,1292,8074
2025-01-29,ridge,primary_available,0.03294356119930617,observed,1292,1304,1304,1292,8074
2025-01-29,ridge,matched_complete8,0.03294356119930617,observed,1292,1304,1304,1292,8074
2025-01-30,raw_reversal,primary_available,-0.04209840734352767,observed,1311,1311,1311,1311,8075
2025-01-30,raw_reversal,matched_complete8,-0.043374074686247946,observed,1302,1311,1311,1311,8075
2025-01-30,univariate_reversal_ridge,primary_available,-0.043374074686247946,observed,1302,1311,1311,1302,8075
2025-01-30,univariate_reversal_ridge,matched_complete8,-0.043374074686247946,observed,1302,1311,1311,1302,8075
2025-01-30,ridge,primary_available,0.019352537547764965,observed,1302,1311,1311,1302,8075
2025-01-30,ridge,matched_complete8,0.019352537547764965,observed,1302,1311,1311,1302,8075
2025-01-31,raw_reversal,primary_available,-0.07057447772408627,observed,1318,1319,1318,1319,8076
2025-01-31,raw_reversal,matched_complete8,-0.07122072609618064,observed,1300,1319,1318,1319,8076
2025-01-31,univariate_reversal_ridge,primary_available,-0.07122072609618064,observed,1300,1319,1318,1301,8076
2025-01-31,univariate_reversal_ridge,matched_complete8,-0.07122072609618064,observed,1300,1319,1318,1301,8076
2025-01-31,ridge,primary_available,-0.05235926728453586,observed,1300,1319,1318,1301,8076
2025-01-31,ridge,matched_complete8,-0.05235926728453586,observed,1300,1319,1318,1301,8076
2025-02-03,raw_reversal,primary_available,-0.15042139924945197,observed,1319,1319,1319,1319,8077
2025-02-03,raw_reversal,matched_complete8,-0.1470876698922616,observed,1302,1319,1319,1319,8077
2025-02-03,univariate_reversal_ridge,primary_available,-0.1470876698922616,observed,1302,1319,1319,1302,8077
2025-02-03,univariate_reversal_ridge,matched_complete8,-0.1470876698922616,observed,1302,1319,1319,1302,8077
2025-02-03,ridge,primary_available,-0.1307171742080797,observed,1302,1319,1319,1302,8077
2025-02-03,ridge,matched_complete8,-0.1307171742080797,observed,1302,1319,1319,1302,8077
2025-02-04,raw_reversal,primary_available,-0.09513849256428876,observed,1316,1316,1316,1316,8078
2025-02-04,raw_reversal,matched_complete8,-0.0963315518136561,observed,1311,1316,1316,1316,8078
2025-02-04,univariate_reversal_ridge,primary_available,-0.0963315518136561,observed,1311,1316,1316,1311,8078
2025-02-04,univariate_reversal_ridge,matched_complete8,-0.0963315518136561,observed,1311,1316,1316,1311,8078
2025-02-04,ridge,primary_available,-0.03507407234126213,observed,1311,1316,1316,1311,8078
2025-02-04,ridge,matched_complete8,-0.03507407234126213,observed,1311,1316,1316,1311,8078
2025-02-05,raw_reversal,primary_available,-0.07015700202492337,observed,1321,1321,1321,1321,8079
2025-02-05,raw_reversal,matched_complete8,-0.06952326863280121,observed,1314,1321,1321,1321,8079
2025-02-05,univariate_reversal_ridge,primary_available,-0.06952326863280121,observed,1314,1321,1321,1314,8079
2025-02-05,univariate_reversal_ridge,matched_complete8,-0.06952326863280121,observed,1314,1321,1321,1314,8079
2025-02-05,ridge,primary_available,-0.0357176749058752,observed,1314,1321,1321,1314,8079
2025-02-05,ridge,matched_complete8,-0.0357176749058752,observed,1314,1321,1321,1314,8079
2025-02-06,raw_reversal,primary_available,-0.06937361240598766,observed,1321,1321,1321,1321,8080
2025-02-06,raw_reversal,matched_complete8,-0.06987582535765446,observed,1312,1321,1321,1321,8080
2025-02-06,univariate_reversal_ridge,primary_available,-0.06987582535765446,observed,1312,1321,1321,1312,8080
2025-02-06,univariate_reversal_ridge,matched_complete8,-0.06987582535765446,observed,1312,1321,1321,1312,8080
2025-02-06,ridge,primary_available,-0.020914322734748074,observed,1312,1321,1321,1312,8080
2025-02-06,ridge,matched_complete8,-0.020914322734748074,observed,1312,1321,1321,1312,8080
2025-02-07,raw_reversal,primary_available,-0.0878018677167007,observed,1319,1319,1319,1319,8081
2025-02-07,raw_reversal,matched_complete8,-0.09026693306226236,observed,1296,1319,1319,1319,8081
2025-02-07,univariate_reversal_ridge,primary_available,-0.09026693306226236,observed,1296,1319,1319,1296,8081
2025-02-07,univariate_reversal_ridge,matched_complete8,-0.09026693306226236,observed,1296,1319,1319,1296,8081
2025-02-07,ridge,primary_available,-0.07500182746905955,observed,1296,1319,1319,1296,8081
2025-02-07,ridge,matched_complete8,-0.07500182746905955,observed,1296,1319,1319,1296,8081
2025-02-10,raw_reversal,primary_available,-0.06416425297683594,observed,1317,1318,1317,1318,8082
2025-02-10,raw_reversal,matched_complete8,-0.06854798104749826,observed,1300,1318,1317,1318,8082
2025-02-10,univariate_reversal_ridge,primary_available,-0.06854798104749826,observed,1300,1318,1317,1301,8082
2025-02-10,univariate_reversal_ridge,matched_complete8,-0.06854798104749826,observed,1300,1318,1317,1301,8082
2025-02-10,ridge,primary_available,-0.02590865509138414,observed,1300,1318,1317,1301,8082
2025-02-10,ridge,matched_complete8,-0.02590865509138414,observed,1300,1318,1317,1301,8082
2025-02-11,raw_reversal,primary_available,0.0066712428105200035,observed,1312,1313,1313,1312,8083
2025-02-11,raw_reversal,matched_complete8,0.0071039710433431396,observed,1304,1313,1313,1312,8083
2025-02-11,univariate_reversal_ridge,primary_available,0.0071039710433431396,observed,1304,1313,1313,1304,8083
2025-02-11,univariate_reversal_ridge,matched_complete8,0.0071039710433431396,observed,1304,1313,1313,1304,8083
2025-02-11,ridge,primary_available,0.03286853341052849,observed,1304,1313,1313,1304,8083
2025-02-11,ridge,matched_complete8,0.03286853341052849,observed,1304,1313,1313,1304,8083
2025-02-12,raw_reversal,primary_available,0.01896889214201992,observed,1316,1317,1317,1316,8084
2025-02-12,raw_reversal,matched_complete8,0.02007839644950764,observed,1304,1317,1317,1316,8084
2025-02-12,univariate_reversal_ridge,primary_available,0.02007839644950764,observed,1304,1317,1317,1304,8084
2025-02-12,univariate_reversal_ridge,matched_complete8,0.02007839644950764,observed,1304,1317,1317,1304,8084
2025-02-12,ridge,primary_available,0.015549160710410247,observed,1304,1317,1317,1304,8084
2025-02-12,ridge,matched_complete8,0.015549160710410247,observed,1304,1317,1317,1304,8084
2025-02-13,raw_reversal,primary_available,-0.011004317144196777,observed,1315,1318,1316,1317,8085
2025-02-13,raw_reversal,matched_complete8,-0.012193010965980739,observed,1308,1318,1316,1317,8085
2025-02-13,univariate_reversal_ridge,primary_available,-0.012193010965980739,observed,1308,1318,1316,1310,8085
2025-02-13,univariate_reversal_ridge,matched_complete8,-0.012193010965980739,observed,1308,1318,1316,1310,8085
2025-02-13,ridge,primary_available,-0.008912080408456558,observed,1308,1318,1316,1310,8085
2025-02-13,ridge,matched_complete8,-0.008912080408456558,observed,1308,1318,1316,1310,8085
2025-02-14,raw_reversal,primary_available,0.02771392746457681,observed,1317,1319,1318,1318,8086
2025-02-14,raw_reversal,matched_complete8,0.03273539413558858,observed,1272,1319,1318,1318,8086
2025-02-14,univariate_reversal_ridge,primary_available,0.03273539413558858,observed,1272,1319,1318,1273,8086
2025-02-14,univariate_reversal_ridge,matched_complete8,0.03273539413558858,observed,1272,1319,1318,1273,8086
2025-02-14,ridge,primary_available,0.07621312085331401,observed,1272,1319,1318,1273,8086
2025-02-14,ridge,matched_complete8,0.07621312085331401,observed,1272,1319,1318,1273,8086
2025-02-18,raw_reversal,primary_available,0.031024949991905387,observed,1323,1326,1324,1325,8087
2025-02-18,raw_reversal,matched_complete8,0.03195335064308242,observed,1287,1326,1324,1325,8087
2025-02-18,univariate_reversal_ridge,primary_available,0.03195335064308242,observed,1287,1326,1324,1289,8087
2025-02-18,univariate_reversal_ridge,matched_complete8,0.03195335064308242,observed,1287,1326,1324,1289,8087
2025-02-18,ridge,primary_available,0.02256756199847334,observed,1287,1326,1324,1289,8087
2025-02-18,ridge,matched_complete8,0.02256756199847334,observed,1287,1326,1324,1289,8087
2025-02-19,raw_reversal,primary_available,0.09432275261253331,observed,1327,1328,1327,1328,8088
2025-02-19,raw_reversal,matched_complete8,0.09701591595652198,observed,1316,1328,1327,1328,8088
2025-02-19,univariate_reversal_ridge,primary_available,0.09701591595652198,observed,1316,1328,1327,1317,8088
2025-02-19,univariate_reversal_ridge,matched_complete8,0.09701591595652198,observed,1316,1328,1327,1317,8088
2025-02-19,ridge,primary_available,0.007099783961465357,observed,1316,1328,1327,1317,8088
2025-02-19,ridge,matched_complete8,0.007099783961465357,observed,1316,1328,1327,1317,8088
2025-02-20,raw_reversal,primary_available,0.035440991774783756,observed,1325,1327,1325,1327,8089
2025-02-20,raw_reversal,matched_complete8,0.03311900804667296,observed,1313,1327,1325,1327,8089
2025-02-20,univariate_reversal_ridge,primary_available,0.03311900804667296,observed,1313,1327,1325,1315,8089
2025-02-20,univariate_reversal_ridge,matched_complete8,0.03311900804667296,observed,1313,1327,1325,1315,8089
2025-02-20,ridge,primary_available,-0.07131576993642769,observed,1313,1327,1325,1315,8089
2025-02-20,ridge,matched_complete8,-0.07131576993642769,observed,1313,1327,1325,1315,8089
2025-02-21,raw_reversal,primary_available,0.00538207291020249,observed,1327,1328,1327,1328,8090
2025-02-21,raw_reversal,matched_complete8,0.001071409872417064,observed,1305,1328,1327,1328,8090
2025-02-21,univariate_reversal_ridge,primary_available,0.001071409872417064,observed,1305,1328,1327,1306,8090
2025-02-21,univariate_reversal_ridge,matched_complete8,0.001071409872417064,observed,1305,1328,1327,1306,8090
2025-02-21,ridge,primary_available,-0.06449846950341433,observed,1305,1328,1327,1306,8090
2025-02-21,ridge,matched_complete8,-0.06449846950341433,observed,1305,1328,1327,1306,8090
2025-02-24,raw_reversal,primary_available,-0.27140793469673147,observed,1327,1329,1328,1328,8091
2025-02-24,raw_reversal,matched_complete8,-0.27433494807255837,observed,1303,1329,1328,1328,8091
2025-02-24,univariate_reversal_ridge,primary_available,-0.27433494807255837,observed,1303,1329,1328,1304,8091
2025-02-24,univariate_reversal_ridge,matched_complete8,-0.27433494807255837,observed,1303,1329,1328,1304,8091
2025-02-24,ridge,primary_available,-0.23589066799688538,observed,1303,1329,1328,1304,8091
2025-02-24,ridge,matched_complete8,-0.23589066799688538,observed,1303,1329,1328,1304,8091
2025-02-25,raw_reversal,primary_available,-0.29505764985550664,observed,1332,1334,1333,1333,8092
2025-02-25,raw_reversal,matched_complete8,-0.29770411752747994,observed,1318,1334,1333,1333,8092
2025-02-25,univariate_reversal_ridge,primary_available,-0.29770411752747994,observed,1318,1334,1333,1319,8092
2025-02-25,univariate_reversal_ridge,matched_complete8,-0.29770411752747994,observed,1318,1334,1333,1319,8092
2025-02-25,ridge,primary_available,-0.24716057188367857,observed,1318,1334,1333,1319,8092
2025-02-25,ridge,matched_complete8,-0.24716057188367857,observed,1318,1334,1333,1319,8092
2025-02-26,raw_reversal,primary_available,-0.44800828949262705,observed,1336,1339,1337,1338,8093
2025-02-26,raw_reversal,matched_complete8,-0.44663939305065503,observed,1325,1339,1337,1338,8093
2025-02-26,univariate_reversal_ridge,primary_available,-0.44663939305065503,observed,1325,1339,1337,1327,8093
2025-02-26,univariate_reversal_ridge,matched_complete8,-0.44663939305065503,observed,1325,1339,1337,1327,8093
2025-02-26,ridge,primary_available,-0.25261689348549105,observed,1325,1339,1337,1327,8093
2025-02-26,ridge,matched_complete8,-0.25261689348549105,observed,1325,1339,1337,1327,8093
2025-02-27,raw_reversal,primary_available,-0.30711717847885195,observed,1338,1340,1339,1339,8094
2025-02-27,raw_reversal,matched_complete8,-0.30956251162284576,observed,1325,1340,1339,1339,8094
2025-02-27,univariate_reversal_ridge,primary_available,-0.30956251162284576,observed,1325,1340,1339,1326,8094
2025-02-27,univariate_reversal_ridge,matched_complete8,-0.30956251162284576,observed,1325,1340,1339,1326,8094
2025-02-27,ridge,primary_available,-0.3142938160887019,observed,1325,1340,1339,1326,8094
2025-02-27,ridge,matched_complete8,-0.3142938160887019,observed,1325,1340,1339,1326,8094
2025-02-28,raw_reversal,primary_available,-0.12436721361001428,observed,1347,1348,1348,1347,8095
2025-02-28,raw_reversal,matched_complete8,-0.12321534664674447,observed,1294,1348,1348,1347,8095
2025-02-28,univariate_reversal_ridge,primary_available,-0.12321534664674447,observed,1294,1348,1348,1294,8095
2025-02-28,univariate_reversal_ridge,matched_complete8,-0.12321534664674447,observed,1294,1348,1348,1294,8095
2025-02-28,ridge,primary_available,0.04762714847875946,observed,1294,1348,1348,1294,8095
2025-02-28,ridge,matched_complete8,0.04762714847875946,observed,1294,1348,1348,1294,8095
2025-03-03,raw_reversal,primary_available,0.022168500254146323,observed,1342,1342,1342,1342,8096
2025-03-03,raw_reversal,matched_complete8,0.029488903303750154,observed,1298,1342,1342,1342,8096
2025-03-03,univariate_reversal_ridge,primary_available,0.029488903303750154,observed,1298,1342,1342,1298,8096
2025-03-03,univariate_reversal_ridge,matched_complete8,0.029488903303750154,observed,1298,1342,1342,1298,8096
2025-03-03,ridge,primary_available,-0.06197348816882681,observed,1298,1342,1342,1298,8096
2025-03-03,ridge,matched_complete8,-0.06197348816882681,observed,1298,1342,1342,1298,8096
2025-03-04,raw_reversal,primary_available,-0.02626451046872296,observed,1349,1349,1349,1349,8097
2025-03-04,raw_reversal,matched_complete8,-0.026467724210754082,observed,1332,1349,1349,1349,8097
2025-03-04,univariate_reversal_ridge,primary_available,-0.026467724210754082,observed,1332,1349,1349,1332,8097
2025-03-04,univariate_reversal_ridge,matched_complete8,-0.026467724210754082,observed,1332,1349,1349,1332,8097
2025-03-04,ridge,primary_available,-0.12978118831362545,observed,1332,1349,1349,1332,8097
2025-03-04,ridge,matched_complete8,-0.12978118831362545,observed,1332,1349,1349,1332,8097
2025-03-05,raw_reversal,primary_available,-0.04887484109680367,observed,1356,1356,1356,1356,8098
2025-03-05,raw_reversal,matched_complete8,-0.05179813704337585,observed,1330,1356,1356,1356,8098
2025-03-05,univariate_reversal_ridge,primary_available,-0.05179813704337585,observed,1330,1356,1356,1330,8098
2025-03-05,univariate_reversal_ridge,matched_complete8,-0.05179813704337585,observed,1330,1356,1356,1330,8098
2025-03-05,ridge,primary_available,0.03791481066044332,observed,1330,1356,1356,1330,8098
2025-03-05,ridge,matched_complete8,0.03791481066044332,observed,1330,1356,1356,1330,8098
2025-03-06,raw_reversal,primary_available,-0.08011093806932401,observed,1356,1357,1357,1356,8099
2025-03-06,raw_reversal,matched_complete8,-0.08611603018083971,observed,1330,1357,1357,1356,8099
2025-03-06,univariate_reversal_ridge,primary_available,-0.08611603018083971,observed,1330,1357,1357,1330,8099
2025-03-06,univariate_reversal_ridge,matched_complete8,-0.08611603018083971,observed,1330,1357,1357,1330,8099
2025-03-06,ridge,primary_available,-0.06783268767258561,observed,1330,1357,1357,1330,8099
2025-03-06,ridge,matched_complete8,-0.06783268767258561,observed,1330,1357,1357,1330,8099
2025-03-07,raw_reversal,primary_available,0.3105747525858958,observed,1358,1358,1358,1358,8100
2025-03-07,raw_reversal,matched_complete8,0.3002224757193432,observed,1321,1358,1358,1358,8100
2025-03-07,univariate_reversal_ridge,primary_available,0.3002224757193432,observed,1321,1358,1358,1321,8100
2025-03-07,univariate_reversal_ridge,matched_complete8,0.3002224757193432,observed,1321,1358,1358,1321,8100
2025-03-07,ridge,primary_available,0.28197283615618796,observed,1321,1358,1358,1321,8100
2025-03-07,ridge,matched_complete8,0.28197283615618796,observed,1321,1358,1358,1321,8100
2025-03-10,raw_reversal,primary_available,0.4683072909576878,observed,1355,1355,1355,1355,8101
2025-03-10,raw_reversal,matched_complete8,0.47208850848775524,observed,1314,1355,1355,1355,8101
2025-03-10,univariate_reversal_ridge,primary_available,0.47208850848775524,observed,1314,1355,1355,1314,8101
2025-03-10,univariate_reversal_ridge,matched_complete8,0.47208850848775524,observed,1314,1355,1355,1314,8101
2025-03-10,ridge,primary_available,0.4423770160492539,observed,1314,1355,1355,1314,8101
2025-03-10,ridge,matched_complete8,0.4423770160492539,observed,1314,1355,1355,1314,8101
2025-03-11,raw_reversal,primary_available,0.0016062622422730796,observed,1354,1355,1354,1355,8102
2025-03-11,raw_reversal,matched_complete8,-0.007148828271705146,observed,1335,1355,1354,1355,8102
2025-03-11,univariate_reversal_ridge,primary_available,-0.007148828271705146,observed,1335,1355,1354,1336,8102
2025-03-11,univariate_reversal_ridge,matched_complete8,-0.007148828271705146,observed,1335,1355,1354,1336,8102
2025-03-11,ridge,primary_available,-0.06272044622646517,observed,1335,1355,1354,1336,8102
2025-03-11,ridge,matched_complete8,-0.06272044622646517,observed,1335,1355,1354,1336,8102
2025-03-12,raw_reversal,primary_available,-0.028176590082584704,observed,1354,1354,1354,1354,8103
2025-03-12,raw_reversal,matched_complete8,-0.03023110519794083,observed,1338,1354,1354,1354,8103
2025-03-12,univariate_reversal_ridge,primary_available,-0.03023110519794083,observed,1338,1354,1354,1338,8103
2025-03-12,univariate_reversal_ridge,matched_complete8,-0.03023110519794083,observed,1338,1354,1354,1338,8103
2025-03-12,ridge,primary_available,-0.0707267945049717,observed,1338,1354,1354,1338,8103
2025-03-12,ridge,matched_complete8,-0.0707267945049717,observed,1338,1354,1354,1338,8103
2025-03-13,raw_reversal,primary_available,-0.07699178748299415,observed,1354,1354,1354,1354,8104
2025-03-13,raw_reversal,matched_complete8,-0.07494465269204519,observed,1333,1354,1354,1354,8104
2025-03-13,univariate_reversal_ridge,primary_available,-0.07494465269204519,observed,1333,1354,1354,1333,8104
2025-03-13,univariate_reversal_ridge,matched_complete8,-0.07494465269204519,observed,1333,1354,1354,1333,8104
2025-03-13,ridge,primary_available,-0.03668018691198302,observed,1333,1354,1354,1333,8104
2025-03-13,ridge,matched_complete8,-0.03668018691198302,observed,1333,1354,1354,1333,8104
2025-03-14,raw_reversal,primary_available,-0.04807695194085778,observed,1360,1360,1360,1360,8105
2025-03-14,raw_reversal,matched_complete8,-0.040599342109574645,observed,1299,1360,1360,1360,8105
2025-03-14,univariate_reversal_ridge,primary_available,-0.040599342109574645,observed,1299,1360,1360,1299,8105
2025-03-14,univariate_reversal_ridge,matched_complete8,-0.040599342109574645,observed,1299,1360,1360,1299,8105
2025-03-14,ridge,primary_available,-0.19080116984274004,observed,1299,1360,1360,1299,8105
2025-03-14,ridge,matched_complete8,-0.19080116984274004,observed,1299,1360,1360,1299,8105
2025-03-17,raw_reversal,primary_available,-0.32420392019462296,observed,1372,1372,1372,1372,8106
2025-03-17,raw_reversal,matched_complete8,-0.32650352764096735,observed,1337,1372,1372,1372,8106
2025-03-17,univariate_reversal_ridge,primary_available,-0.32650352764096735,observed,1337,1372,1372,1337,8106
2025-03-17,univariate_reversal_ridge,matched_complete8,-0.32650352764096735,observed,1337,1372,1372,1337,8106
2025-03-17,ridge,primary_available,-0.31016033184528147,observed,1337,1372,1372,1337,8106
2025-03-17,ridge,matched_complete8,-0.31016033184528147,observed,1337,1372,1372,1337,8106
2025-03-18,raw_reversal,primary_available,-0.07797522660196146,observed,1364,1364,1364,1364,8107
2025-03-18,raw_reversal,matched_complete8,-0.07722348906060335,observed,1344,1364,1364,1364,8107
2025-03-18,univariate_reversal_ridge,primary_available,-0.07722348906060335,observed,1344,1364,1364,1344,8107
2025-03-18,univariate_reversal_ridge,matched_complete8,-0.07722348906060335,observed,1344,1364,1364,1344,8107
2025-03-18,ridge,primary_available,-0.022958272341290126,observed,1344,1364,1364,1344,8107
2025-03-18,ridge,matched_complete8,-0.022958272341290126,observed,1344,1364,1364,1344,8107
2025-03-19,raw_reversal,primary_available,0.09366361962347686,observed,1366,1366,1366,1366,8108
2025-03-19,raw_reversal,matched_complete8,0.08890746712876757,observed,1358,1366,1366,1366,8108
2025-03-19,univariate_reversal_ridge,primary_available,0.08890746712876757,observed,1358,1366,1366,1358,8108
2025-03-19,univariate_reversal_ridge,matched_complete8,0.08890746712876757,observed,1358,1366,1366,1358,8108
2025-03-19,ridge,primary_available,0.02619913775047006,observed,1358,1366,1366,1358,8108
2025-03-19,ridge,matched_complete8,0.02619913775047006,observed,1358,1366,1366,1358,8108
2025-03-20,raw_reversal,primary_available,0.14597495214312078,observed,1363,1363,1363,1363,8109
2025-03-20,raw_reversal,matched_complete8,0.1433956713769355,observed,1350,1363,1363,1363,8109
2025-03-20,univariate_reversal_ridge,primary_available,0.1433956713769355,observed,1350,1363,1363,1350,8109
2025-03-20,univariate_reversal_ridge,matched_complete8,0.1433956713769355,observed,1350,1363,1363,1350,8109
2025-03-20,ridge,primary_available,0.11383313178975035,observed,1350,1363,1363,1350,8109
2025-03-20,ridge,matched_complete8,0.11383313178975035,observed,1350,1363,1363,1350,8109
2025-03-21,raw_reversal,primary_available,0.13789912367434956,observed,1389,1390,1389,1390,8110
2025-03-21,raw_reversal,matched_complete8,0.1385310328346226,observed,1377,1390,1389,1390,8110
2025-03-21,univariate_reversal_ridge,primary_available,0.1385310328346226,observed,1377,1390,1389,1378,8110
2025-03-21,univariate_reversal_ridge,matched_complete8,0.1385310328346226,observed,1377,1390,1389,1378,8110
2025-03-21,ridge,primary_available,0.3129782830564868,observed,1377,1390,1389,1378,8110
2025-03-21,ridge,matched_complete8,0.3129782830564868,observed,1377,1390,1389,1378,8110
2025-03-24,raw_reversal,primary_available,0.2942279954090916,observed,1392,1393,1392,1393,8111
2025-03-24,raw_reversal,matched_complete8,0.29217114441997305,observed,1382,1393,1392,1393,8111
2025-03-24,univariate_reversal_ridge,primary_available,0.29217114441997305,observed,1382,1393,1392,1383,8111
2025-03-24,univariate_reversal_ridge,matched_complete8,0.29217114441997305,observed,1382,1393,1392,1383,8111
2025-03-24,ridge,primary_available,0.44118344587077307,observed,1382,1393,1392,1383,8111
2025-03-24,ridge,matched_complete8,0.44118344587077307,observed,1382,1393,1392,1383,8111
2025-03-25,raw_reversal,primary_available,0.39408639723296185,observed,1384,1386,1384,1386,8112
2025-03-25,raw_reversal,matched_complete8,0.3963793013798457,observed,1374,1386,1384,1386,8112
2025-03-25,univariate_reversal_ridge,primary_available,0.3963793013798457,observed,1374,1386,1384,1376,8112
2025-03-25,univariate_reversal_ridge,matched_complete8,0.3963793013798457,observed,1374,1386,1384,1376,8112
2025-03-25,ridge,primary_available,0.36508690514363246,observed,1374,1386,1384,1376,8112
2025-03-25,ridge,matched_complete8,0.36508690514363246,observed,1374,1386,1384,1376,8112
2025-03-26,raw_reversal,primary_available,-0.0477517535512439,observed,1379,1380,1379,1380,8113
2025-03-26,raw_reversal,matched_complete8,-0.043543500312911376,observed,1372,1380,1379,1380,8113
2025-03-26,univariate_reversal_ridge,primary_available,-0.043543500312911376,observed,1372,1380,1379,1373,8113
2025-03-26,univariate_reversal_ridge,matched_complete8,-0.043543500312911376,observed,1372,1380,1379,1373,8113
2025-03-26,ridge,primary_available,-0.1832268695901473,observed,1372,1380,1379,1373,8113
2025-03-26,ridge,matched_complete8,-0.1832268695901473,observed,1372,1380,1379,1373,8113
2025-03-27,raw_reversal,primary_available,-0.19495114979734385,observed,1370,1371,1370,1371,8114
2025-03-27,raw_reversal,matched_complete8,-0.19226390862076675,observed,1361,1371,1370,1371,8114
2025-03-27,univariate_reversal_ridge,primary_available,-0.19226390862076675,observed,1361,1371,1370,1362,8114
2025-03-27,univariate_reversal_ridge,matched_complete8,-0.19226390862076675,observed,1361,1371,1370,1362,8114
2025-03-27,ridge,primary_available,-0.18046410608937505,observed,1361,1371,1370,1362,8114
2025-03-27,ridge,matched_complete8,-0.18046410608937505,observed,1361,1371,1370,1362,8114
2025-03-28,raw_reversal,primary_available,-0.3989921469219679,observed,1352,1353,1352,1353,8115
2025-03-28,raw_reversal,matched_complete8,-0.3984014914571717,observed,1334,1353,1352,1353,8115
2025-03-28,univariate_reversal_ridge,primary_available,-0.3984014914571717,observed,1334,1353,1352,1335,8115
2025-03-28,univariate_reversal_ridge,matched_complete8,-0.3984014914571717,observed,1334,1353,1352,1335,8115
2025-03-28,ridge,primary_available,-0.3833810105073192,observed,1334,1353,1352,1335,8115
2025-03-28,ridge,matched_complete8,-0.3833810105073192,observed,1334,1353,1352,1335,8115
2025-03-31,raw_reversal,primary_available,-0.14682162297623852,observed,1353,1353,1353,1353,8116
2025-03-31,raw_reversal,matched_complete8,-0.14043942672577023,observed,1315,1353,1353,1353,8116
2025-03-31,univariate_reversal_ridge,primary_available,-0.14043942672577023,observed,1315,1353,1353,1315,8116
2025-03-31,univariate_reversal_ridge,matched_complete8,-0.14043942672577023,observed,1315,1353,1353,1315,8116
2025-03-31,ridge,primary_available,-0.0547641027914217,observed,1315,1353,1353,1315,8116
2025-03-31,ridge,matched_complete8,-0.0547641027914217,observed,1315,1353,1353,1315,8116
2025-04-01,raw_reversal,primary_available,-0.2424998245303068,observed,1343,1345,1344,1344,8117
2025-04-01,raw_reversal,matched_complete8,-0.23835520165972354,observed,1325,1345,1344,1344,8117
2025-04-01,univariate_reversal_ridge,primary_available,-0.23835520165972354,observed,1325,1345,1344,1326,8117
2025-04-01,univariate_reversal_ridge,matched_complete8,-0.23835520165972354,observed,1325,1345,1344,1326,8117
2025-04-01,ridge,primary_available,-0.17410486959670876,observed,1325,1345,1344,1326,8117
2025-04-01,ridge,matched_complete8,-0.17410486959670876,observed,1325,1345,1344,1326,8117
2025-04-02,raw_reversal,primary_available,-0.013757335368083557,observed,1345,1346,1346,1345,8118
2025-04-02,raw_reversal,matched_complete8,-0.00523518548001865,observed,1334,1346,1346,1345,8118
2025-04-02,univariate_reversal_ridge,primary_available,-0.00523518548001865,observed,1334,1346,1346,1334,8118
2025-04-02,univariate_reversal_ridge,matched_complete8,-0.00523518548001865,observed,1334,1346,1346,1334,8118
2025-04-02,ridge,primary_available,-0.0892555155364823,observed,1334,1346,1346,1334,8118
2025-04-02,ridge,matched_complete8,-0.0892555155364823,observed,1334,1346,1346,1334,8118
2025-04-03,raw_reversal,primary_available,0.17079762000844537,observed,1333,1334,1334,1333,8119
2025-04-03,raw_reversal,matched_complete8,0.17751260586650405,observed,1316,1334,1334,1333,8119
2025-04-03,univariate_reversal_ridge,primary_available,0.17751260586650405,observed,1316,1334,1334,1316,8119
2025-04-03,univariate_reversal_ridge,matched_complete8,0.17751260586650405,observed,1316,1334,1334,1316,8119
2025-04-03,ridge,primary_available,0.11671227900677511,observed,1316,1334,1334,1316,8119
2025-04-03,ridge,matched_complete8,0.11671227900677511,observed,1316,1334,1334,1316,8119
2025-04-04,raw_reversal,primary_available,0.3246834532415001,observed,1329,1330,1330,1329,8120
2025-04-04,raw_reversal,matched_complete8,0.3203334941863192,observed,1312,1330,1330,1329,8120
2025-04-04,univariate_reversal_ridge,primary_available,0.3203334941863192,observed,1312,1330,1330,1312,8120
2025-04-04,univariate_reversal_ridge,matched_complete8,0.3203334941863192,observed,1312,1330,1330,1312,8120
2025-04-04,ridge,primary_available,0.2144720776955843,observed,1312,1330,1330,1312,8120
2025-04-04,ridge,matched_complete8,0.2144720776955843,observed,1312,1330,1330,1312,8120
2025-04-07,raw_reversal,primary_available,-0.22679202024520387,observed,1337,1338,1338,1337,8121
2025-04-07,raw_reversal,matched_complete8,-0.23716057084477288,observed,1325,1338,1338,1337,8121
2025-04-07,univariate_reversal_ridge,primary_available,-0.23716057084477288,observed,1325,1338,1338,1325,8121
2025-04-07,univariate_reversal_ridge,matched_complete8,-0.23716057084477288,observed,1325,1338,1338,1325,8121
2025-04-07,ridge,primary_available,-0.15473207250134302,observed,1325,1338,1338,1325,8121
2025-04-07,ridge,matched_complete8,-0.15473207250134302,observed,1325,1338,1338,1325,8121
2025-04-08,raw_reversal,primary_available,0.07964458620213698,observed,1339,1339,1339,1339,8122
2025-04-08,raw_reversal,matched_complete8,0.07799599166868722,observed,1326,1339,1339,1339,8122
2025-04-08,univariate_reversal_ridge,primary_available,0.07799599166868722,observed,1326,1339,1339,1326,8122
2025-04-08,univariate_reversal_ridge,matched_complete8,0.07799599166868722,observed,1326,1339,1339,1326,8122
2025-04-08,ridge,primary_available,0.05201839189492529,observed,1326,1339,1339,1326,8122
2025-04-08,ridge,matched_complete8,0.05201839189492529,observed,1326,1339,1339,1326,8122
2025-04-09,raw_reversal,primary_available,-0.135181729988848,observed,1359,1359,1359,1359,8123
2025-04-09,raw_reversal,matched_complete8,-0.1382861813089268,observed,1344,1359,1359,1359,8123
2025-04-09,univariate_reversal_ridge,primary_available,-0.1382861813089268,observed,1344,1359,1359,1344,8123
2025-04-09,univariate_reversal_ridge,matched_complete8,-0.1382861813089268,observed,1344,1359,1359,1344,8123
2025-04-09,ridge,primary_available,0.23080169967782166,observed,1344,1359,1359,1344,8123
2025-04-09,ridge,matched_complete8,0.23080169967782166,observed,1344,1359,1359,1344,8123
2025-04-10,raw_reversal,primary_available,0.20594999713223267,observed,1351,1353,1351,1353,8124
2025-04-10,raw_reversal,matched_complete8,0.2031120584720969,observed,1335,1353,1351,1353,8124
2025-04-10,univariate_reversal_ridge,primary_available,0.2031120584720969,observed,1335,1353,1351,1337,8124
2025-04-10,univariate_reversal_ridge,matched_complete8,0.2031120584720969,observed,1335,1353,1351,1337,8124
2025-04-10,ridge,primary_available,0.16742836177113385,observed,1335,1353,1351,1337,8124
2025-04-10,ridge,matched_complete8,0.16742836177113385,observed,1335,1353,1351,1337,8124
2025-04-11,raw_reversal,primary_available,0.21721082927497232,observed,1354,1356,1354,1356,8125
2025-04-11,raw_reversal,matched_complete8,0.21776291636033854,observed,1338,1356,1354,1356,8125
2025-04-11,univariate_reversal_ridge,primary_available,0.21776291636033854,observed,1338,1356,1354,1340,8125
2025-04-11,univariate_reversal_ridge,matched_complete8,0.21776291636033854,observed,1338,1356,1354,1340,8125
2025-04-11,ridge,primary_available,0.16800674853917144,observed,1338,1356,1354,1340,8125
2025-04-11,ridge,matched_complete8,0.16800674853917144,observed,1338,1356,1354,1340,8125
2025-04-14,raw_reversal,primary_available,0.08403037924071786,observed,1358,1359,1358,1359,8126
2025-04-14,raw_reversal,matched_complete8,0.08869639277541622,observed,1346,1359,1358,1359,8126
2025-04-14,univariate_reversal_ridge,primary_available,0.08869639277541622,observed,1346,1359,1358,1347,8126
2025-04-14,univariate_reversal_ridge,matched_complete8,0.08869639277541622,observed,1346,1359,1358,1347,8126
2025-04-14,ridge,primary_available,-0.044108151003636006,observed,1346,1359,1358,1347,8126
2025-04-14,ridge,matched_complete8,-0.044108151003636006,observed,1346,1359,1358,1347,8126
2025-04-15,raw_reversal,primary_available,-0.11823703801473796,observed,1352,1354,1352,1354,8127
2025-04-15,raw_reversal,matched_complete8,-0.11655056942379761,observed,1336,1354,1352,1354,8127
2025-04-15,univariate_reversal_ridge,primary_available,-0.11655056942379761,observed,1336,1354,1352,1338,8127
2025-04-15,univariate_reversal_ridge,matched_complete8,-0.11655056942379761,observed,1336,1354,1352,1338,8127
2025-04-15,ridge,primary_available,-0.2656777300876148,observed,1336,1354,1352,1338,8127
2025-04-15,ridge,matched_complete8,-0.2656777300876148,observed,1336,1354,1352,1338,8127
2025-04-16,raw_reversal,primary_available,0.3505279413257136,observed,1347,1349,1347,1349,8128
2025-04-16,raw_reversal,matched_complete8,0.3551082395362406,observed,1336,1349,1347,1349,8128
2025-04-16,univariate_reversal_ridge,primary_available,0.3551082395362406,observed,1336,1349,1347,1338,8128
2025-04-16,univariate_reversal_ridge,matched_complete8,0.3551082395362406,observed,1336,1349,1347,1338,8128
2025-04-16,ridge,primary_available,0.12306948792910355,observed,1336,1349,1347,1338,8128
2025-04-16,ridge,matched_complete8,0.12306948792910355,observed,1336,1349,1347,1338,8128
2025-04-17,raw_reversal,primary_available,0.12923656210788148,observed,1345,1346,1345,1346,8129
2025-04-17,raw_reversal,matched_complete8,0.12350224285713533,observed,1327,1346,1345,1346,8129
2025-04-17,univariate_reversal_ridge,primary_available,0.12350224285713533,observed,1327,1346,1345,1328,8129
2025-04-17,univariate_reversal_ridge,matched_complete8,0.12350224285713533,observed,1327,1346,1345,1328,8129
2025-04-17,ridge,primary_available,-0.08867988066679508,observed,1327,1346,1345,1328,8129
2025-04-17,ridge,matched_complete8,-0.08867988066679508,observed,1327,1346,1345,1328,8129
2025-04-21,raw_reversal,primary_available,0.22147949798175212,observed,1318,1318,1318,1318,8130
2025-04-21,raw_reversal,matched_complete8,0.22125062794558747,observed,1305,1318,1318,1318,8130
2025-04-21,univariate_reversal_ridge,primary_available,0.22125062794558747,observed,1305,1318,1318,1305,8130
2025-04-21,univariate_reversal_ridge,matched_complete8,0.22125062794558747,observed,1305,1318,1318,1305,8130
2025-04-21,ridge,primary_available,0.08666967859993532,observed,1305,1318,1318,1305,8130
2025-04-21,ridge,matched_complete8,0.08666967859993532,observed,1305,1318,1318,1305,8130
2025-04-22,raw_reversal,primary_available,0.1290655144079387,observed,1320,1321,1320,1321,8131
2025-04-22,raw_reversal,matched_complete8,0.13414254836065126,observed,1306,1321,1320,1321,8131
2025-04-22,univariate_reversal_ridge,primary_available,0.13414254836065126,observed,1306,1321,1320,1307,8131
2025-04-22,univariate_reversal_ridge,matched_complete8,0.13414254836065126,observed,1306,1321,1320,1307,8131
2025-04-22,ridge,primary_available,0.11904057504691273,observed,1306,1321,1320,1307,8131
2025-04-22,ridge,matched_complete8,0.11904057504691273,observed,1306,1321,1320,1307,8131
2025-04-23,raw_reversal,primary_available,0.031011873080340813,observed,1322,1323,1322,1323,8132
2025-04-23,raw_reversal,matched_complete8,0.029685049083335302,observed,1310,1323,1322,1323,8132
2025-04-23,univariate_reversal_ridge,primary_available,0.029685049083335302,observed,1310,1323,1322,1311,8132
2025-04-23,univariate_reversal_ridge,matched_complete8,0.029685049083335302,observed,1310,1323,1322,1311,8132
2025-04-23,ridge,primary_available,-0.136855106983048,observed,1310,1323,1322,1311,8132
2025-04-23,ridge,matched_complete8,-0.136855106983048,observed,1310,1323,1322,1311,8132
2025-04-24,raw_reversal,primary_available,-0.1305558608990104,observed,1328,1329,1328,1329,8133
2025-04-24,raw_reversal,matched_complete8,-0.1315901325973712,observed,1318,1329,1328,1329,8133
2025-04-24,univariate_reversal_ridge,primary_available,-0.1315901325973712,observed,1318,1329,1328,1319,8133
2025-04-24,univariate_reversal_ridge,matched_complete8,-0.1315901325973712,observed,1318,1329,1328,1319,8133
2025-04-24,ridge,primary_available,-0.20130854842512377,observed,1318,1329,1328,1319,8133
2025-04-24,ridge,matched_complete8,-0.20130854842512377,observed,1318,1329,1328,1319,8133
2025-04-25,raw_reversal,primary_available,-0.06625525547817898,observed,1328,1329,1328,1329,8134
2025-04-25,raw_reversal,matched_complete8,-0.06526582122934961,observed,1311,1329,1328,1329,8134
2025-04-25,univariate_reversal_ridge,primary_available,-0.06526582122934961,observed,1311,1329,1328,1312,8134
2025-04-25,univariate_reversal_ridge,matched_complete8,-0.06526582122934961,observed,1311,1329,1328,1312,8134
2025-04-25,ridge,primary_available,-0.051173336402156086,observed,1311,1329,1328,1312,8134
2025-04-25,ridge,matched_complete8,-0.051173336402156086,observed,1311,1329,1328,1312,8134
2025-04-28,raw_reversal,primary_available,-0.021012605914474344,observed,1326,1328,1326,1328,8135
2025-04-28,raw_reversal,matched_complete8,-0.01565808186966489,observed,1315,1328,1326,1328,8135
2025-04-28,univariate_reversal_ridge,primary_available,-0.01565808186966489,observed,1315,1328,1326,1317,8135
2025-04-28,univariate_reversal_ridge,matched_complete8,-0.01565808186966489,observed,1315,1328,1326,1317,8135
2025-04-28,ridge,primary_available,-0.010532664132296133,observed,1315,1328,1326,1317,8135
2025-04-28,ridge,matched_complete8,-0.010532664132296133,observed,1315,1328,1326,1317,8135
2025-04-29,raw_reversal,primary_available,-0.23810423333344252,observed,1325,1326,1325,1326,8136
2025-04-29,raw_reversal,matched_complete8,-0.23658172137986935,observed,1316,1326,1325,1326,8136
2025-04-29,univariate_reversal_ridge,primary_available,-0.23658172137986935,observed,1316,1326,1325,1317,8136
2025-04-29,univariate_reversal_ridge,matched_complete8,-0.23658172137986935,observed,1316,1326,1325,1317,8136
2025-04-29,ridge,primary_available,-0.2111071136199805,observed,1316,1326,1325,1317,8136
2025-04-29,ridge,matched_complete8,-0.2111071136199805,observed,1316,1326,1325,1317,8136
2025-04-30,raw_reversal,primary_available,-0.02304586862859504,observed,1324,1324,1324,1324,8137
2025-04-30,raw_reversal,matched_complete8,-0.022486953618720634,observed,1305,1324,1324,1324,8137
2025-04-30,univariate_reversal_ridge,primary_available,-0.022486953618720634,observed,1305,1324,1324,1305,8137
2025-04-30,univariate_reversal_ridge,matched_complete8,-0.022486953618720634,observed,1305,1324,1324,1305,8137
2025-04-30,ridge,primary_available,-0.059369988373041985,observed,1305,1324,1324,1305,8137
2025-04-30,ridge,matched_complete8,-0.059369988373041985,observed,1305,1324,1324,1305,8137
2025-05-01,raw_reversal,primary_available,-0.03917523162380885,observed,1327,1327,1327,1327,8138
2025-05-01,raw_reversal,matched_complete8,-0.03515921063404899,observed,1314,1327,1327,1327,8138
2025-05-01,univariate_reversal_ridge,primary_available,-0.03515921063404899,observed,1314,1327,1327,1314,8138
2025-05-01,univariate_reversal_ridge,matched_complete8,-0.03515921063404899,observed,1314,1327,1327,1314,8138
2025-05-01,ridge,primary_available,-0.15796582923944702,observed,1314,1327,1327,1314,8138
2025-05-01,ridge,matched_complete8,-0.15796582923944702,observed,1314,1327,1327,1314,8138
2025-05-02,raw_reversal,primary_available,-0.10025639048206197,observed,1325,1325,1325,1325,8139
2025-05-02,raw_reversal,matched_complete8,-0.1003095538637614,observed,1308,1325,1325,1325,8139
2025-05-02,univariate_reversal_ridge,primary_available,-0.1003095538637614,observed,1308,1325,1325,1308,8139
2025-05-02,univariate_reversal_ridge,matched_complete8,-0.1003095538637614,observed,1308,1325,1325,1308,8139
2025-05-02,ridge,primary_available,-0.303651971382161,observed,1308,1325,1325,1308,8139
2025-05-02,ridge,matched_complete8,-0.303651971382161,observed,1308,1325,1325,1308,8139
2025-05-05,raw_reversal,primary_available,-0.053851753955356296,observed,1315,1315,1315,1315,8140
2025-05-05,raw_reversal,matched_complete8,-0.046687081684036694,observed,1297,1315,1315,1315,8140
2025-05-05,univariate_reversal_ridge,primary_available,-0.046687081684036694,observed,1297,1315,1315,1297,8140
2025-05-05,univariate_reversal_ridge,matched_complete8,-0.046687081684036694,observed,1297,1315,1315,1297,8140
2025-05-05,ridge,primary_available,-0.15965065937522904,observed,1297,1315,1315,1297,8140
2025-05-05,ridge,matched_complete8,-0.15965065937522904,observed,1297,1315,1315,1297,8140
2025-05-06,raw_reversal,primary_available,-0.07433546483767507,observed,1305,1305,1305,1305,8141
2025-05-06,raw_reversal,matched_complete8,-0.07028537880906602,observed,1294,1305,1305,1305,8141
2025-05-06,univariate_reversal_ridge,primary_available,-0.07028537880906602,observed,1294,1305,1305,1294,8141
2025-05-06,univariate_reversal_ridge,matched_complete8,-0.07028537880906602,observed,1294,1305,1305,1294,8141
2025-05-06,ridge,primary_available,-0.27843791910259413,observed,1294,1305,1305,1294,8141
2025-05-06,ridge,matched_complete8,-0.27843791910259413,observed,1294,1305,1305,1294,8141
2025-05-07,raw_reversal,primary_available,-0.14083104579069453,observed,1307,1307,1307,1307,8142
2025-05-07,raw_reversal,matched_complete8,-0.1397462031517272,observed,1298,1307,1307,1307,8142
2025-05-07,univariate_reversal_ridge,primary_available,-0.1397462031517272,observed,1298,1307,1307,1298,8142
2025-05-07,univariate_reversal_ridge,matched_complete8,-0.1397462031517272,observed,1298,1307,1307,1298,8142
2025-05-07,ridge,primary_available,-0.2631349134144607,observed,1298,1307,1307,1298,8142
2025-05-07,ridge,matched_complete8,-0.2631349134144607,observed,1298,1307,1307,1298,8142
2025-05-08,raw_reversal,primary_available,-0.28900390418927885,observed,1302,1303,1302,1303,8143
2025-05-08,raw_reversal,matched_complete8,-0.28967547946942335,observed,1287,1303,1302,1303,8143
2025-05-08,univariate_reversal_ridge,primary_available,-0.28967547946942335,observed,1287,1303,1302,1288,8143
2025-05-08,univariate_reversal_ridge,matched_complete8,-0.28967547946942335,observed,1287,1303,1302,1288,8143
2025-05-08,ridge,primary_available,-0.36230901354450407,observed,1287,1303,1302,1288,8143
2025-05-08,ridge,matched_complete8,-0.36230901354450407,observed,1287,1303,1302,1288,8143
2025-05-09,raw_reversal,primary_available,0.015536307180383672,observed,1297,1299,1297,1299,8144
2025-05-09,raw_reversal,matched_complete8,0.009014871041348746,observed,1268,1299,1297,1299,8144
2025-05-09,univariate_reversal_ridge,primary_available,0.009014871041348746,observed,1268,1299,1297,1270,8144
2025-05-09,univariate_reversal_ridge,matched_complete8,0.009014871041348746,observed,1268,1299,1297,1270,8144
2025-05-09,ridge,primary_available,0.06933322786321033,observed,1268,1299,1297,1270,8144
2025-05-09,ridge,matched_complete8,0.06933322786321033,observed,1268,1299,1297,1270,8144
2025-05-12,raw_reversal,primary_available,0.1740733199845096,observed,1311,1313,1311,1313,8145
2025-05-12,raw_reversal,matched_complete8,0.16981142356731452,observed,1287,1313,1311,1313,8145
2025-05-12,univariate_reversal_ridge,primary_available,0.16981142356731452,observed,1287,1313,1311,1289,8145
2025-05-12,univariate_reversal_ridge,matched_complete8,0.16981142356731452,observed,1287,1313,1311,1289,8145
2025-05-12,ridge,primary_available,0.25517635532246785,observed,1287,1313,1311,1289,8145
2025-05-12,ridge,matched_complete8,0.25517635532246785,observed,1287,1313,1311,1289,8145
2025-05-13,raw_reversal,primary_available,0.4196312286017394,observed,1317,1319,1317,1319,8146
2025-05-13,raw_reversal,matched_complete8,0.41749329448333933,observed,1303,1319,1317,1319,8146
2025-05-13,univariate_reversal_ridge,primary_available,0.41749329448333933,observed,1303,1319,1317,1305,8146
2025-05-13,univariate_reversal_ridge,matched_complete8,0.41749329448333933,observed,1303,1319,1317,1305,8146
2025-05-13,ridge,primary_available,0.44007001065633916,observed,1303,1319,1317,1305,8146
2025-05-13,ridge,matched_complete8,0.44007001065633916,observed,1303,1319,1317,1305,8146
2025-05-14,raw_reversal,primary_available,0.40273824000197866,observed,1320,1322,1320,1322,8147
2025-05-14,raw_reversal,matched_complete8,0.4034334421029279,observed,1303,1322,1320,1322,8147
2025-05-14,univariate_reversal_ridge,primary_available,0.4034334421029279,observed,1303,1322,1320,1305,8147
2025-05-14,univariate_reversal_ridge,matched_complete8,0.4034334421029279,observed,1303,1322,1320,1305,8147
2025-05-14,ridge,primary_available,0.3469509785144652,observed,1303,1322,1320,1305,8147
2025-05-14,ridge,matched_complete8,0.3469509785144652,observed,1303,1322,1320,1305,8147
2025-05-15,raw_reversal,primary_available,0.2980211878642701,observed,1321,1322,1321,1322,8148
2025-05-15,raw_reversal,matched_complete8,0.2978601808230097,observed,1279,1322,1321,1322,8148
2025-05-15,univariate_reversal_ridge,primary_available,0.2978601808230097,observed,1279,1322,1321,1280,8148
2025-05-15,univariate_reversal_ridge,matched_complete8,0.2978601808230097,observed,1279,1322,1321,1280,8148
2025-05-15,ridge,primary_available,0.1297789598477723,observed,1279,1322,1321,1280,8148
2025-05-15,ridge,matched_complete8,0.1297789598477723,observed,1279,1322,1321,1280,8148
2025-05-16,raw_reversal,primary_available,0.014723423705120054,observed,1325,1327,1326,1326,8149
2025-05-16,raw_reversal,matched_complete8,0.02148786005771256,observed,1293,1327,1326,1326,8149
2025-05-16,univariate_reversal_ridge,primary_available,0.02148786005771256,observed,1293,1327,1326,1294,8149
2025-05-16,univariate_reversal_ridge,matched_complete8,0.02148786005771256,observed,1293,1327,1326,1294,8149
2025-05-16,ridge,primary_available,0.029424388597284683,observed,1293,1327,1326,1294,8149
2025-05-16,ridge,matched_complete8,0.029424388597284683,observed,1293,1327,1326,1294,8149
2025-05-19,raw_reversal,primary_available,-0.2007953885230614,observed,1321,1322,1322,1321,8150
2025-05-19,raw_reversal,matched_complete8,-0.19679795689844823,observed,1289,1322,1322,1321,8150
2025-05-19,univariate_reversal_ridge,primary_available,-0.19679795689844823,observed,1289,1322,1322,1289,8150
2025-05-19,univariate_reversal_ridge,matched_complete8,-0.19679795689844823,observed,1289,1322,1322,1289,8150
2025-05-19,ridge,primary_available,-0.14808947448450027,observed,1289,1322,1322,1289,8150
2025-05-19,ridge,matched_complete8,-0.14808947448450027,observed,1289,1322,1322,1289,8150
2025-05-20,raw_reversal,primary_available,-0.043075720489612584,observed,1322,1324,1323,1323,8151
2025-05-20,raw_reversal,matched_complete8,-0.03909588036820548,observed,1310,1324,1323,1323,8151
2025-05-20,univariate_reversal_ridge,primary_available,-0.03909588036820548,observed,1310,1324,1323,1311,8151
2025-05-20,univariate_reversal_ridge,matched_complete8,-0.03909588036820548,observed,1310,1324,1323,1311,8151
2025-05-20,ridge,primary_available,-0.032915991865300545,observed,1310,1324,1323,1311,8151
2025-05-20,ridge,matched_complete8,-0.032915991865300545,observed,1310,1324,1323,1311,8151
2025-05-21,raw_reversal,primary_available,0.028348116186850698,observed,1310,1311,1311,1310,8152
2025-05-21,raw_reversal,matched_complete8,0.028840894439041937,observed,1297,1311,1311,1310,8152
2025-05-21,univariate_reversal_ridge,primary_available,0.028840894439041937,observed,1297,1311,1311,1297,8152
2025-05-21,univariate_reversal_ridge,matched_complete8,0.028840894439041937,observed,1297,1311,1311,1297,8152
2025-05-21,ridge,primary_available,0.08604818734571268,observed,1297,1311,1311,1297,8152
2025-05-21,ridge,matched_complete8,0.08604818734571268,observed,1297,1311,1311,1297,8152
2025-05-22,raw_reversal,primary_available,0.06280388089537507,observed,1307,1309,1308,1308,8153
2025-05-22,raw_reversal,matched_complete8,0.06775844458635968,observed,1292,1309,1308,1308,8153
2025-05-22,univariate_reversal_ridge,primary_available,0.06775844458635968,observed,1292,1309,1308,1293,8153
2025-05-22,univariate_reversal_ridge,matched_complete8,0.06775844458635968,observed,1292,1309,1308,1293,8153
2025-05-22,ridge,primary_available,0.0027235959199112,observed,1292,1309,1308,1293,8153
2025-05-22,ridge,matched_complete8,0.0027235959199112,observed,1292,1309,1308,1293,8153
2025-05-23,raw_reversal,primary_available,-0.267110744913786,observed,1309,1310,1309,1310,8154
2025-05-23,raw_reversal,matched_complete8,-0.2672043292082719,observed,1283,1310,1309,1310,8154
2025-05-23,univariate_reversal_ridge,primary_available,-0.2672043292082719,observed,1283,1310,1309,1284,8154
2025-05-23,univariate_reversal_ridge,matched_complete8,-0.2672043292082719,observed,1283,1310,1309,1284,8154
2025-05-23,ridge,primary_available,-0.21220996838365272,observed,1283,1310,1309,1284,8154
2025-05-23,ridge,matched_complete8,-0.21220996838365272,observed,1283,1310,1309,1284,8154
2025-05-27,raw_reversal,primary_available,-0.06739782536491984,observed,1316,1317,1316,1317,8155
2025-05-27,raw_reversal,matched_complete8,-0.05969943897276926,observed,1294,1317,1316,1317,8155
2025-05-27,univariate_reversal_ridge,primary_available,-0.05969943897276926,observed,1294,1317,1316,1295,8155
2025-05-27,univariate_reversal_ridge,matched_complete8,-0.05969943897276926,observed,1294,1317,1316,1295,8155
2025-05-27,ridge,primary_available,0.009771679525817869,observed,1294,1317,1316,1295,8155
2025-05-27,ridge,matched_complete8,0.009771679525817869,observed,1294,1317,1316,1295,8155
2025-05-28,raw_reversal,primary_available,0.013598779220949262,observed,1319,1320,1319,1320,8156
2025-05-28,raw_reversal,matched_complete8,0.016504452870125277,observed,1309,1320,1319,1320,8156
2025-05-28,univariate_reversal_ridge,primary_available,0.016504452870125277,observed,1309,1320,1319,1310,8156
2025-05-28,univariate_reversal_ridge,matched_complete8,0.016504452870125277,observed,1309,1320,1319,1310,8156
2025-05-28,ridge,primary_available,-0.014254636575259463,observed,1309,1320,1319,1310,8156
2025-05-28,ridge,matched_complete8,-0.014254636575259463,observed,1309,1320,1319,1310,8156
2025-05-29,raw_reversal,primary_available,-0.03366568264205073,observed,1315,1316,1315,1316,8157
2025-05-29,raw_reversal,matched_complete8,-0.03296331808426314,observed,1300,1316,1315,1316,8157
2025-05-29,univariate_reversal_ridge,primary_available,-0.03296331808426314,observed,1300,1316,1315,1301,8157
2025-05-29,univariate_reversal_ridge,matched_complete8,-0.03296331808426314,observed,1300,1316,1315,1301,8157
2025-05-29,ridge,primary_available,0.0019248650705828605,observed,1300,1316,1315,1301,8157
2025-05-29,ridge,matched_complete8,0.0019248650705828605,observed,1300,1316,1315,1301,8157
2025-05-30,raw_reversal,primary_available,0.06249532810695133,observed,1312,1313,1312,1313,8158
2025-05-30,raw_reversal,matched_complete8,0.06294704544854676,observed,1266,1313,1312,1313,8158
2025-05-30,univariate_reversal_ridge,primary_available,0.06294704544854676,observed,1266,1313,1312,1267,8158
2025-05-30,univariate_reversal_ridge,matched_complete8,0.06294704544854676,observed,1266,1313,1312,1267,8158
2025-05-30,ridge,primary_available,0.05866894995472607,observed,1266,1313,1312,1267,8158
2025-05-30,ridge,matched_complete8,0.05866894995472607,observed,1266,1313,1312,1267,8158
2025-06-02,raw_reversal,primary_available,0.10372573843859312,observed,1310,1310,1310,1310,8159
2025-06-02,raw_reversal,matched_complete8,0.10549524421400487,observed,1260,1310,1310,1310,8159
2025-06-02,univariate_reversal_ridge,primary_available,0.10549524421400487,observed,1260,1310,1310,1260,8159
2025-06-02,univariate_reversal_ridge,matched_complete8,0.10549524421400487,observed,1260,1310,1310,1260,8159
2025-06-02,ridge,primary_available,0.03394430985466252,observed,1260,1310,1310,1260,8159
2025-06-02,ridge,matched_complete8,0.03394430985466252,observed,1260,1310,1310,1260,8159
2025-06-03,raw_reversal,primary_available,0.06449208085748834,observed,1317,1317,1317,1317,8160
2025-06-03,raw_reversal,matched_complete8,0.06577999384828485,observed,1305,1317,1317,1317,8160
2025-06-03,univariate_reversal_ridge,primary_available,0.06577999384828485,observed,1305,1317,1317,1305,8160
2025-06-03,univariate_reversal_ridge,matched_complete8,0.06577999384828485,observed,1305,1317,1317,1305,8160
2025-06-03,ridge,primary_available,-0.27608604834212175,observed,1305,1317,1317,1305,8160
2025-06-03,ridge,matched_complete8,-0.27608604834212175,observed,1305,1317,1317,1305,8160
2025-06-04,raw_reversal,primary_available,-0.016028240906482378,observed,1314,1314,1314,1314,8161
2025-06-04,raw_reversal,matched_complete8,-0.01613652249173373,observed,1297,1314,1314,1314,8161
2025-06-04,univariate_reversal_ridge,primary_available,-0.01613652249173373,observed,1297,1314,1314,1297,8161
2025-06-04,univariate_reversal_ridge,matched_complete8,-0.01613652249173373,observed,1297,1314,1314,1297,8161
2025-06-04,ridge,primary_available,-0.03686500399191739,observed,1297,1314,1314,1297,8161
2025-06-04,ridge,matched_complete8,-0.03686500399191739,observed,1297,1314,1314,1297,8161
2025-06-05,raw_reversal,primary_available,0.06681928502223541,observed,1309,1309,1309,1309,8162
2025-06-05,raw_reversal,matched_complete8,0.07152716410379044,observed,1291,1309,1309,1309,8162
2025-06-05,univariate_reversal_ridge,primary_available,0.07152716410379044,observed,1291,1309,1309,1291,8162
2025-06-05,univariate_reversal_ridge,matched_complete8,0.07152716410379044,observed,1291,1309,1309,1291,8162
2025-06-05,ridge,primary_available,0.05156906750114766,observed,1291,1309,1309,1291,8162
2025-06-05,ridge,matched_complete8,0.05156906750114766,observed,1291,1309,1309,1291,8162
2025-06-06,raw_reversal,primary_available,-0.009003214277593128,observed,1314,1314,1314,1314,8163
2025-06-06,raw_reversal,matched_complete8,-0.000494575924536226,observed,1281,1314,1314,1314,8163
2025-06-06,univariate_reversal_ridge,primary_available,-0.000494575924536226,observed,1281,1314,1314,1281,8163
2025-06-06,univariate_reversal_ridge,matched_complete8,-0.000494575924536226,observed,1281,1314,1314,1281,8163
2025-06-06,ridge,primary_available,0.026283606681306432,observed,1281,1314,1314,1281,8163
2025-06-06,ridge,matched_complete8,0.026283606681306432,observed,1281,1314,1314,1281,8163
2025-06-09,raw_reversal,primary_available,0.08554573391091336,observed,1313,1313,1313,1313,8164
2025-06-09,raw_reversal,matched_complete8,0.08984585224161963,observed,1295,1313,1313,1313,8164
2025-06-09,univariate_reversal_ridge,primary_available,0.08984585224161963,observed,1295,1313,1313,1295,8164
2025-06-09,univariate_reversal_ridge,matched_complete8,0.08984585224161963,observed,1295,1313,1313,1295,8164
2025-06-09,ridge,primary_available,0.07730121377725704,observed,1295,1313,1313,1295,8164
2025-06-09,ridge,matched_complete8,0.07730121377725704,observed,1295,1313,1313,1295,8164
2025-06-10,raw_reversal,primary_available,0.2294926907850267,observed,1308,1308,1308,1308,8165
2025-06-10,raw_reversal,matched_complete8,0.2384025851788676,observed,1286,1308,1308,1308,8165
2025-06-10,univariate_reversal_ridge,primary_available,0.2384025851788676,observed,1286,1308,1308,1286,8165
2025-06-10,univariate_reversal_ridge,matched_complete8,0.2384025851788676,observed,1286,1308,1308,1286,8165
2025-06-10,ridge,primary_available,0.3035487382372692,observed,1286,1308,1308,1286,8165
2025-06-10,ridge,matched_complete8,0.3035487382372692,observed,1286,1308,1308,1286,8165
2025-06-11,raw_reversal,primary_available,-0.04128183377737731,observed,1304,1304,1304,1304,8166
2025-06-11,raw_reversal,matched_complete8,-0.044558966109968935,observed,1294,1304,1304,1304,8166
2025-06-11,univariate_reversal_ridge,primary_available,-0.044558966109968935,observed,1294,1304,1304,1294,8166
2025-06-11,univariate_reversal_ridge,matched_complete8,-0.044558966109968935,observed,1294,1304,1304,1294,8166
2025-06-11,ridge,primary_available,-0.09060447480902964,observed,1294,1304,1304,1294,8166
2025-06-11,ridge,matched_complete8,-0.09060447480902964,observed,1294,1304,1304,1294,8166
2025-06-12,raw_reversal,primary_available,-0.035429965000974846,observed,1298,1298,1298,1298,8167
2025-06-12,raw_reversal,matched_complete8,-0.033582541970769104,observed,1286,1298,1298,1298,8167
2025-06-12,univariate_reversal_ridge,primary_available,-0.033582541970769104,observed,1286,1298,1298,1286,8167
2025-06-12,univariate_reversal_ridge,matched_complete8,-0.033582541970769104,observed,1286,1298,1298,1286,8167
2025-06-12,ridge,primary_available,0.0032318485332790106,observed,1286,1298,1298,1286,8167
2025-06-12,ridge,matched_complete8,0.0032318485332790106,observed,1286,1298,1298,1286,8167
2025-06-13,raw_reversal,primary_available,0.13285966608483854,observed,1293,1293,1293,1293,8168
2025-06-13,raw_reversal,matched_complete8,0.1283186483020603,observed,1241,1293,1293,1293,8168
2025-06-13,univariate_reversal_ridge,primary_available,0.1283186483020603,observed,1241,1293,1293,1241,8168
2025-06-13,univariate_reversal_ridge,matched_complete8,0.1283186483020603,observed,1241,1293,1293,1241,8168
2025-06-13,ridge,primary_available,0.18448912953847135,observed,1241,1293,1293,1241,8168
2025-06-13,ridge,matched_complete8,0.18448912953847135,observed,1241,1293,1293,1241,8168
2025-06-16,raw_reversal,primary_available,0.12241402826844548,observed,1297,1297,1297,1297,8169
2025-06-16,raw_reversal,matched_complete8,0.11989598697997325,observed,1261,1297,1297,1297,8169
2025-06-16,univariate_reversal_ridge,primary_available,0.11989598697997325,observed,1261,1297,1297,1261,8169
2025-06-16,univariate_reversal_ridge,matched_complete8,0.11989598697997325,observed,1261,1297,1297,1261,8169
2025-06-16,ridge,primary_available,0.03293113150447021,observed,1261,1297,1297,1261,8169
2025-06-16,ridge,matched_complete8,0.03293113150447021,observed,1261,1297,1297,1261,8169
2025-06-17,raw_reversal,primary_available,0.1972070535896653,observed,1296,1297,1296,1297,8170
2025-06-17,raw_reversal,matched_complete8,0.19534451273828393,observed,1286,1297,1296,1297,8170
2025-06-17,univariate_reversal_ridge,primary_available,0.19534451273828393,observed,1286,1297,1296,1287,8170
2025-06-17,univariate_reversal_ridge,matched_complete8,0.19534451273828393,observed,1286,1297,1296,1287,8170
2025-06-17,ridge,primary_available,0.23296014044350277,observed,1286,1297,1296,1287,8170
2025-06-17,ridge,matched_complete8,0.23296014044350277,observed,1286,1297,1296,1287,8170
2025-06-18,raw_reversal,primary_available,0.16256789870050165,observed,1301,1301,1301,1301,8171
2025-06-18,raw_reversal,matched_complete8,0.16413635571625607,observed,1285,1301,1301,1301,8171
2025-06-18,univariate_reversal_ridge,primary_available,0.16413635571625607,observed,1285,1301,1301,1285,8171
2025-06-18,univariate_reversal_ridge,matched_complete8,0.16413635571625607,observed,1285,1301,1301,1285,8171
2025-06-18,ridge,primary_available,0.006459508375802493,observed,1285,1301,1301,1285,8171
2025-06-18,ridge,matched_complete8,0.006459508375802493,observed,1285,1301,1301,1285,8171
2025-06-20,raw_reversal,primary_available,0.10192964423554399,observed,1323,1324,1323,1324,8172
2025-06-20,raw_reversal,matched_complete8,0.10056661975130919,observed,1313,1324,1323,1324,8172
2025-06-20,univariate_reversal_ridge,primary_available,0.10056661975130919,observed,1313,1324,1323,1314,8172
2025-06-20,univariate_reversal_ridge,matched_complete8,0.10056661975130919,observed,1313,1324,1323,1314,8172
2025-06-20,ridge,primary_available,0.11837759921238324,observed,1313,1324,1323,1314,8172
2025-06-20,ridge,matched_complete8,0.11837759921238324,observed,1313,1324,1323,1314,8172
2025-06-23,raw_reversal,primary_available,-0.06249410154413438,observed,1324,1327,1324,1327,8173
2025-06-23,raw_reversal,matched_complete8,-0.06444640814565519,observed,1314,1327,1324,1327,8173
2025-06-23,univariate_reversal_ridge,primary_available,-0.06444640814565519,observed,1314,1327,1324,1317,8173
2025-06-23,univariate_reversal_ridge,matched_complete8,-0.06444640814565519,observed,1314,1327,1324,1317,8173
2025-06-23,ridge,primary_available,-0.019426503607863986,observed,1314,1327,1324,1317,8173
2025-06-23,ridge,matched_complete8,-0.019426503607863986,observed,1314,1327,1324,1317,8173
2025-06-24,raw_reversal,primary_available,0.08891709352941315,observed,1333,1336,1333,1336,8174
2025-06-24,raw_reversal,matched_complete8,0.0847677470294369,observed,1324,1336,1333,1336,8174
2025-06-24,univariate_reversal_ridge,primary_available,0.0847677470294369,observed,1324,1336,1333,1327,8174
2025-06-24,univariate_reversal_ridge,matched_complete8,0.0847677470294369,observed,1324,1336,1333,1327,8174
2025-06-24,ridge,primary_available,-0.006763356890373269,observed,1324,1336,1333,1327,8174
2025-06-24,ridge,matched_complete8,-0.006763356890373269,observed,1324,1336,1333,1327,8174
2025-06-25,raw_reversal,primary_available,-0.1394804365349065,observed,1331,1334,1331,1334,8175
2025-06-25,raw_reversal,matched_complete8,-0.14312849503072236,observed,1326,1334,1331,1334,8175
2025-06-25,univariate_reversal_ridge,primary_available,-0.14312849503072236,observed,1326,1334,1331,1329,8175
2025-06-25,univariate_reversal_ridge,matched_complete8,-0.14312849503072236,observed,1326,1334,1331,1329,8175
2025-06-25,ridge,primary_available,-0.1823314878233673,observed,1326,1334,1331,1329,8175
2025-06-25,ridge,matched_complete8,-0.1823314878233673,observed,1326,1334,1331,1329,8175
2025-06-26,raw_reversal,primary_available,-0.12614398303775287,observed,1340,1343,1340,1343,8176
2025-06-26,raw_reversal,matched_complete8,-0.12878417071146375,observed,1333,1343,1340,1343,8176
2025-06-26,univariate_reversal_ridge,primary_available,-0.12878417071146375,observed,1333,1343,1340,1336,8176
2025-06-26,univariate_reversal_ridge,matched_complete8,-0.12878417071146375,observed,1333,1343,1340,1336,8176
2025-06-26,ridge,primary_available,-0.1114108076216013,observed,1333,1343,1340,1336,8176
2025-06-26,ridge,matched_complete8,-0.1114108076216013,observed,1333,1343,1340,1336,8176
2025-06-27,raw_reversal,primary_available,-0.15041050193882732,observed,1376,1378,1376,1378,8177
2025-06-27,raw_reversal,matched_complete8,-0.15447734497225435,observed,1360,1378,1376,1378,8177
2025-06-27,univariate_reversal_ridge,primary_available,-0.15447734497225435,observed,1360,1378,1376,1362,8177
2025-06-27,univariate_reversal_ridge,matched_complete8,-0.15447734497225435,observed,1360,1378,1376,1362,8177
2025-06-27,ridge,primary_available,-0.12485698638784028,observed,1360,1378,1376,1362,8177
2025-06-27,ridge,matched_complete8,-0.12485698638784028,observed,1360,1378,1376,1362,8177
2025-06-30,raw_reversal,primary_available,-0.09638681365459555,observed,1376,1380,1377,1379,8178
2025-06-30,raw_reversal,matched_complete8,-0.10372799563985048,observed,1345,1380,1377,1379,8178
2025-06-30,univariate_reversal_ridge,primary_available,-0.10372799563985048,observed,1345,1380,1377,1348,8178
2025-06-30,univariate_reversal_ridge,matched_complete8,-0.10372799563985048,observed,1345,1380,1377,1348,8178
2025-06-30,ridge,primary_available,0.017396384659475177,observed,1345,1380,1377,1348,8178
2025-06-30,ridge,matched_complete8,0.017396384659475177,observed,1345,1380,1377,1348,8178
2025-07-01,raw_reversal,primary_available,-0.13850820098897798,observed,1382,1384,1383,1383,8179
2025-07-01,raw_reversal,matched_complete8,-0.14279784278256327,observed,1359,1384,1383,1383,8179
2025-07-01,univariate_reversal_ridge,primary_available,-0.14279784278256327,observed,1359,1384,1383,1360,8179
2025-07-01,univariate_reversal_ridge,matched_complete8,-0.14279784278256327,observed,1359,1384,1383,1360,8179
2025-07-01,ridge,primary_available,-0.09339793549321407,observed,1359,1384,1383,1360,8179
2025-07-01,ridge,matched_complete8,-0.09339793549321407,observed,1359,1384,1383,1360,8179
2025-07-02,raw_reversal,primary_available,-0.14221762034401386,observed,1393,1394,1394,1393,8180
2025-07-02,raw_reversal,matched_complete8,-0.15037521517866792,observed,1383,1394,1394,1393,8180
2025-07-02,univariate_reversal_ridge,primary_available,-0.15037521517866792,observed,1383,1394,1394,1383,8180
2025-07-02,univariate_reversal_ridge,matched_complete8,-0.15037521517866792,observed,1383,1394,1394,1383,8180
2025-07-02,ridge,primary_available,-0.20019490804601095,observed,1383,1394,1394,1383,8180
2025-07-02,ridge,matched_complete8,-0.20019490804601095,observed,1383,1394,1394,1383,8180
2025-07-03,raw_reversal,primary_available,-0.13395985132107732,observed,1393,1394,1394,1393,8181
2025-07-03,raw_reversal,matched_complete8,-0.13160245506065954,observed,1368,1394,1394,1393,8181
2025-07-03,univariate_reversal_ridge,primary_available,-0.13160245506065954,observed,1368,1394,1394,1368,8181
2025-07-03,univariate_reversal_ridge,matched_complete8,-0.13160245506065954,observed,1368,1394,1394,1368,8181
2025-07-03,ridge,primary_available,-0.014054066522288279,observed,1368,1394,1394,1368,8181
2025-07-03,ridge,matched_complete8,-0.014054066522288279,observed,1368,1394,1394,1368,8181
2025-07-07,raw_reversal,primary_available,-0.050042009679668674,observed,1393,1395,1394,1394,8182
2025-07-07,raw_reversal,matched_complete8,-0.05340858582689779,observed,1379,1395,1394,1394,8182
2025-07-07,univariate_reversal_ridge,primary_available,-0.05340858582689779,observed,1379,1395,1394,1380,8182
2025-07-07,univariate_reversal_ridge,matched_complete8,-0.05340858582689779,observed,1379,1395,1394,1380,8182
2025-07-07,ridge,primary_available,0.035383400153486386,observed,1379,1395,1394,1380,8182
2025-07-07,ridge,matched_complete8,0.035383400153486386,observed,1379,1395,1394,1380,8182
2025-07-08,raw_reversal,primary_available,0.11077323883105317,observed,1401,1403,1401,1403,8183
2025-07-08,raw_reversal,matched_complete8,0.10916835805651227,observed,1388,1403,1401,1403,8183
2025-07-08,univariate_reversal_ridge,primary_available,0.10916835805651227,observed,1388,1403,1401,1390,8183
2025-07-08,univariate_reversal_ridge,matched_complete8,0.10916835805651227,observed,1388,1403,1401,1390,8183
2025-07-08,ridge,primary_available,0.16316012358066656,observed,1388,1403,1401,1390,8183
2025-07-08,ridge,matched_complete8,0.16316012358066656,observed,1388,1403,1401,1390,8183
2025-07-09,raw_reversal,primary_available,-0.01880851540852353,observed,1400,1404,1400,1404,8184
2025-07-09,raw_reversal,matched_complete8,-0.017909390777587946,observed,1386,1404,1400,1404,8184
2025-07-09,univariate_reversal_ridge,primary_available,-0.017909390777587946,observed,1386,1404,1400,1390,8184
2025-07-09,univariate_reversal_ridge,matched_complete8,-0.017909390777587946,observed,1386,1404,1400,1390,8184
2025-07-09,ridge,primary_available,-0.0479590326116152,observed,1386,1404,1400,1390,8184
2025-07-09,ridge,matched_complete8,-0.0479590326116152,observed,1386,1404,1400,1390,8184
2025-07-10,raw_reversal,primary_available,-0.032085134193056516,observed,1403,1409,1403,1409,8185
2025-07-10,raw_reversal,matched_complete8,-0.0237254773205311,observed,1384,1409,1403,1409,8185
2025-07-10,univariate_reversal_ridge,primary_available,-0.0237254773205311,observed,1384,1409,1403,1390,8185
2025-07-10,univariate_reversal_ridge,matched_complete8,-0.0237254773205311,observed,1384,1409,1403,1390,8185
2025-07-10,ridge,primary_available,0.03793018976245057,observed,1384,1409,1403,1390,8185
2025-07-10,ridge,matched_complete8,0.03793018976245057,observed,1384,1409,1403,1390,8185
2025-07-11,raw_reversal,primary_available,0.09970755910768664,observed,1400,1406,1400,1406,8186
2025-07-11,raw_reversal,matched_complete8,0.10128800728639624,observed,1380,1406,1400,1406,8186
2025-07-11,univariate_reversal_ridge,primary_available,0.10128800728639624,observed,1380,1406,1400,1386,8186
2025-07-11,univariate_reversal_ridge,matched_complete8,0.10128800728639624,observed,1380,1406,1400,1386,8186
2025-07-11,ridge,primary_available,0.12224156810034544,observed,1380,1406,1400,1386,8186
2025-07-11,ridge,matched_complete8,0.12224156810034544,observed,1380,1406,1400,1386,8186
2025-07-14,raw_reversal,primary_available,0.03801458545080753,observed,1410,1415,1410,1415,8187
2025-07-14,raw_reversal,matched_complete8,0.04165752713757769,observed,1399,1415,1410,1415,8187
2025-07-14,univariate_reversal_ridge,primary_available,0.04165752713757769,observed,1399,1415,1410,1404,8187
2025-07-14,univariate_reversal_ridge,matched_complete8,0.04165752713757769,observed,1399,1415,1410,1404,8187
2025-07-14,ridge,primary_available,-0.04546189860114585,observed,1399,1415,1410,1404,8187
2025-07-14,ridge,matched_complete8,-0.04546189860114585,observed,1399,1415,1410,1404,8187
2025-07-15,raw_reversal,primary_available,0.04518765338360891,observed,1407,1413,1408,1412,8188
2025-07-15,raw_reversal,matched_complete8,0.04725927790739403,observed,1385,1413,1408,1412,8188
2025-07-15,univariate_reversal_ridge,primary_available,0.04725927790739403,observed,1385,1413,1408,1390,8188
2025-07-15,univariate_reversal_ridge,matched_complete8,0.04725927790739403,observed,1385,1413,1408,1390,8188
2025-07-15,ridge,primary_available,0.11856548349156232,observed,1385,1413,1408,1390,8188
2025-07-15,ridge,matched_complete8,0.11856548349156232,observed,1385,1413,1408,1390,8188
2025-07-16,raw_reversal,primary_available,0.11462988228583276,observed,1409,1413,1410,1412,8189
2025-07-16,raw_reversal,matched_complete8,0.11223402898919413,observed,1396,1413,1410,1412,8189
2025-07-16,univariate_reversal_ridge,primary_available,0.11223402898919413,observed,1396,1413,1410,1399,8189
2025-07-16,univariate_reversal_ridge,matched_complete8,0.11223402898919413,observed,1396,1413,1410,1399,8189
2025-07-16,ridge,primary_available,0.09229471373522435,observed,1396,1413,1410,1399,8189
2025-07-16,ridge,matched_complete8,0.09229471373522435,observed,1396,1413,1410,1399,8189
2025-07-17,raw_reversal,primary_available,0.15524011093539725,observed,1411,1415,1413,1413,8190
2025-07-17,raw_reversal,matched_complete8,0.15493623900230108,observed,1396,1415,1413,1413,8190
2025-07-17,univariate_reversal_ridge,primary_available,0.15493623900230108,observed,1396,1415,1413,1398,8190
2025-07-17,univariate_reversal_ridge,matched_complete8,0.15493623900230108,observed,1396,1415,1413,1398,8190
2025-07-17,ridge,primary_available,0.08766105124284596,observed,1396,1415,1413,1398,8190
2025-07-17,ridge,matched_complete8,0.08766105124284596,observed,1396,1415,1413,1398,8190
2025-07-18,raw_reversal,primary_available,0.16925896070854304,observed,1412,1414,1414,1412,8191
2025-07-18,raw_reversal,matched_complete8,0.1664252833751711,observed,1393,1414,1414,1412,8191
2025-07-18,univariate_reversal_ridge,primary_available,0.1664252833751711,observed,1393,1414,1414,1393,8191
2025-07-18,univariate_reversal_ridge,matched_complete8,0.1664252833751711,observed,1393,1414,1414,1393,8191
2025-07-18,ridge,primary_available,0.137109481641055,observed,1393,1414,1414,1393,8191
2025-07-18,ridge,matched_complete8,0.137109481641055,observed,1393,1414,1414,1393,8191
2025-07-21,raw_reversal,primary_available,0.06975881202049523,observed,1393,1395,1395,1393,8192
2025-07-21,raw_reversal,matched_complete8,0.06669255655038529,observed,1377,1395,1395,1393,8192
2025-07-21,univariate_reversal_ridge,primary_available,0.06669255655038529,observed,1377,1395,1395,1377,8192
2025-07-21,univariate_reversal_ridge,matched_complete8,0.06669255655038529,observed,1377,1395,1395,1377,8192
2025-07-21,ridge,primary_available,0.13234328895928507,observed,1377,1395,1395,1377,8192
2025-07-21,ridge,matched_complete8,0.13234328895928507,observed,1377,1395,1395,1377,8192
2025-07-22,raw_reversal,primary_available,0.16301556034080403,observed,1401,1402,1402,1401,8193
2025-07-22,raw_reversal,matched_complete8,0.15971835086986086,observed,1388,1402,1402,1401,8193
2025-07-22,univariate_reversal_ridge,primary_available,0.15971835086986086,observed,1388,1402,1402,1388,8193
2025-07-22,univariate_reversal_ridge,matched_complete8,0.15971835086986086,observed,1388,1402,1402,1388,8193
2025-07-22,ridge,primary_available,0.21320157879487073,observed,1388,1402,1402,1388,8193
2025-07-22,ridge,matched_complete8,0.21320157879487073,observed,1388,1402,1402,1388,8193
2025-07-23,raw_reversal,primary_available,0.16436082997953116,observed,1403,1404,1404,1403,8194
2025-07-23,raw_reversal,matched_complete8,0.16556508663413125,observed,1389,1404,1404,1403,8194
2025-07-23,univariate_reversal_ridge,primary_available,0.16556508663413125,observed,1389,1404,1404,1389,8194
2025-07-23,univariate_reversal_ridge,matched_complete8,0.16556508663413125,observed,1389,1404,1404,1389,8194
2025-07-23,ridge,primary_available,0.1373211669439142,observed,1389,1404,1404,1389,8194
2025-07-23,ridge,matched_complete8,0.1373211669439142,observed,1389,1404,1404,1389,8194
2025-07-24,raw_reversal,primary_available,0.09786231930020003,observed,1406,1407,1406,1407,8195
2025-07-24,raw_reversal,matched_complete8,0.10529317578981645,observed,1391,1407,1406,1407,8195
2025-07-24,univariate_reversal_ridge,primary_available,0.10529317578981645,observed,1391,1407,1406,1392,8195
2025-07-24,univariate_reversal_ridge,matched_complete8,0.10529317578981645,observed,1391,1407,1406,1392,8195
2025-07-24,ridge,primary_available,0.025185317947910926,observed,1391,1407,1406,1392,8195
2025-07-24,ridge,matched_complete8,0.025185317947910926,observed,1391,1407,1406,1392,8195
2025-07-25,raw_reversal,primary_available,0.08621730103965738,observed,1407,1407,1407,1407,8196
2025-07-25,raw_reversal,matched_complete8,0.09226627149170659,observed,1386,1407,1407,1407,8196
2025-07-25,univariate_reversal_ridge,primary_available,0.09226627149170659,observed,1386,1407,1407,1386,8196
2025-07-25,univariate_reversal_ridge,matched_complete8,0.09226627149170659,observed,1386,1407,1407,1386,8196
2025-07-25,ridge,primary_available,0.10368129379705056,observed,1386,1407,1407,1386,8196
2025-07-25,ridge,matched_complete8,0.10368129379705056,observed,1386,1407,1407,1386,8196
2025-07-28,raw_reversal,primary_available,0.07941392980429025,observed,1377,1378,1377,1378,8197
2025-07-28,raw_reversal,matched_complete8,0.08098130254491968,observed,1366,1378,1377,1378,8197
2025-07-28,univariate_reversal_ridge,primary_available,0.08098130254491968,observed,1366,1378,1377,1367,8197
2025-07-28,univariate_reversal_ridge,matched_complete8,0.08098130254491968,observed,1366,1378,1377,1367,8197
2025-07-28,ridge,primary_available,0.09282655012330884,observed,1366,1378,1377,1367,8197
2025-07-28,ridge,matched_complete8,0.09282655012330884,observed,1366,1378,1377,1367,8197
2025-07-29,raw_reversal,primary_available,-0.03228505363367524,observed,1369,1370,1369,1370,8198
2025-07-29,raw_reversal,matched_complete8,-0.030144072522040363,observed,1356,1370,1369,1370,8198
2025-07-29,univariate_reversal_ridge,primary_available,-0.030144072522040363,observed,1356,1370,1369,1357,8198
2025-07-29,univariate_reversal_ridge,matched_complete8,-0.030144072522040363,observed,1356,1370,1369,1357,8198
2025-07-29,ridge,primary_available,-0.0618597566601363,observed,1356,1370,1369,1357,8198
2025-07-29,ridge,matched_complete8,-0.0618597566601363,observed,1356,1370,1369,1357,8198
2025-07-30,raw_reversal,primary_available,0.039034594161988526,observed,1364,1366,1364,1366,8199
2025-07-30,raw_reversal,matched_complete8,0.0445367796644281,observed,1349,1366,1364,1366,8199
2025-07-30,univariate_reversal_ridge,primary_available,0.0445367796644281,observed,1349,1366,1364,1351,8199
2025-07-30,univariate_reversal_ridge,matched_complete8,0.0445367796644281,observed,1349,1366,1364,1351,8199
2025-07-30,ridge,primary_available,0.04913772598975958,observed,1349,1366,1364,1351,8199
2025-07-30,ridge,matched_complete8,0.04913772598975958,observed,1349,1366,1364,1351,8199
2025-07-31,raw_reversal,primary_available,-0.049156572511218445,observed,1366,1368,1366,1368,8200
2025-07-31,raw_reversal,matched_complete8,-0.04909657806119828,observed,1342,1368,1366,1368,8200
2025-07-31,univariate_reversal_ridge,primary_available,-0.04909657806119828,observed,1342,1368,1366,1344,8200
2025-07-31,univariate_reversal_ridge,matched_complete8,-0.04909657806119828,observed,1342,1368,1366,1344,8200
2025-07-31,ridge,primary_available,-0.09878597513065718,observed,1342,1368,1366,1344,8200
2025-07-31,ridge,matched_complete8,-0.09878597513065718,observed,1342,1368,1366,1344,8200
2025-08-01,raw_reversal,primary_available,-0.030884974007794476,observed,1381,1383,1381,1383,8201
2025-08-01,raw_reversal,matched_complete8,-0.02887213393970523,observed,1360,1383,1381,1383,8201
2025-08-01,univariate_reversal_ridge,primary_available,-0.02887213393970523,observed,1360,1383,1381,1362,8201
2025-08-01,univariate_reversal_ridge,matched_complete8,-0.02887213393970523,observed,1360,1383,1381,1362,8201
2025-08-01,ridge,primary_available,-0.05357563539404855,observed,1360,1383,1381,1362,8201
2025-08-01,ridge,matched_complete8,-0.05357563539404855,observed,1360,1383,1381,1362,8201
2025-08-04,raw_reversal,primary_available,-0.07892120352530883,observed,1382,1383,1382,1383,8202
2025-08-04,raw_reversal,matched_complete8,-0.08217689443280483,observed,1360,1383,1382,1383,8202
2025-08-04,univariate_reversal_ridge,primary_available,-0.08217689443280483,observed,1360,1383,1382,1361,8202
2025-08-04,univariate_reversal_ridge,matched_complete8,-0.08217689443280483,observed,1360,1383,1382,1361,8202
2025-08-04,ridge,primary_available,-0.05198112350453147,observed,1360,1383,1382,1361,8202
2025-08-04,ridge,matched_complete8,-0.05198112350453147,observed,1360,1383,1382,1361,8202
2025-08-05,raw_reversal,primary_available,-0.11034137533779315,observed,1391,1392,1391,1392,8203
2025-08-05,raw_reversal,matched_complete8,-0.10654981291698673,observed,1371,1392,1391,1392,8203
2025-08-05,univariate_reversal_ridge,primary_available,-0.10654981291698673,observed,1371,1392,1391,1372,8203
2025-08-05,univariate_reversal_ridge,matched_complete8,-0.10654981291698673,observed,1371,1392,1391,1372,8203
2025-08-05,ridge,primary_available,-0.1152318385434663,observed,1371,1392,1391,1372,8203
2025-08-05,ridge,matched_complete8,-0.1152318385434663,observed,1371,1392,1391,1372,8203
2025-08-06,raw_reversal,primary_available,-0.02972801034101887,observed,1391,1392,1391,1392,8204
2025-08-06,raw_reversal,matched_complete8,-0.021699478515619798,observed,1377,1392,1391,1392,8204
2025-08-06,univariate_reversal_ridge,primary_available,-0.021699478515619798,observed,1377,1392,1391,1378,8204
2025-08-06,univariate_reversal_ridge,matched_complete8,-0.021699478515619798,observed,1377,1392,1391,1378,8204
2025-08-06,ridge,primary_available,0.04519416973805215,observed,1377,1392,1391,1378,8204
2025-08-06,ridge,matched_complete8,0.04519416973805215,observed,1377,1392,1391,1378,8204
2025-08-07,raw_reversal,primary_available,-0.05448322912215377,observed,1393,1393,1393,1393,8205
2025-08-07,raw_reversal,matched_complete8,-0.04525026557462178,observed,1369,1393,1393,1393,8205
2025-08-07,univariate_reversal_ridge,primary_available,-0.04525026557462178,observed,1369,1393,1393,1369,8205
2025-08-07,univariate_reversal_ridge,matched_complete8,-0.04525026557462178,observed,1369,1393,1393,1369,8205
2025-08-07,ridge,primary_available,-0.047011895040035695,observed,1369,1393,1393,1369,8205
2025-08-07,ridge,matched_complete8,-0.047011895040035695,observed,1369,1393,1393,1369,8205
2025-08-08,raw_reversal,primary_available,0.004349311405832703,observed,1401,1401,1401,1401,8206
2025-08-08,raw_reversal,matched_complete8,0.012644993092347422,observed,1365,1401,1401,1401,8206
2025-08-08,univariate_reversal_ridge,primary_available,0.012644993092347422,observed,1365,1401,1401,1365,8206
2025-08-08,univariate_reversal_ridge,matched_complete8,0.012644993092347422,observed,1365,1401,1401,1365,8206
2025-08-08,ridge,primary_available,-0.016810825806709728,observed,1365,1401,1401,1365,8206
2025-08-08,ridge,matched_complete8,-0.016810825806709728,observed,1365,1401,1401,1365,8206
2025-08-11,raw_reversal,primary_available,0.11433652438745871,observed,1404,1404,1404,1404,8207
2025-08-11,raw_reversal,matched_complete8,0.10899347410894127,observed,1375,1404,1404,1404,8207
2025-08-11,univariate_reversal_ridge,primary_available,0.10899347410894127,observed,1375,1404,1404,1375,8207
2025-08-11,univariate_reversal_ridge,matched_complete8,0.10899347410894127,observed,1375,1404,1404,1375,8207
2025-08-11,ridge,primary_available,0.07465152816825099,observed,1375,1404,1404,1375,8207
2025-08-11,ridge,matched_complete8,0.07465152816825099,observed,1375,1404,1404,1375,8207
2025-08-12,raw_reversal,primary_available,0.12630163874128966,observed,1411,1411,1411,1411,8208
2025-08-12,raw_reversal,matched_complete8,0.12340358291452869,observed,1384,1411,1411,1411,8208
2025-08-12,univariate_reversal_ridge,primary_available,0.12340358291452869,observed,1384,1411,1411,1384,8208
2025-08-12,univariate_reversal_ridge,matched_complete8,0.12340358291452869,observed,1384,1411,1411,1384,8208
2025-08-12,ridge,primary_available,0.07553645406516907,observed,1384,1411,1411,1384,8208
2025-08-12,ridge,matched_complete8,0.07553645406516907,observed,1384,1411,1411,1384,8208
2025-08-13,raw_reversal,primary_available,0.11570643295154844,observed,1419,1419,1419,1419,8209
2025-08-13,raw_reversal,matched_complete8,0.11917508289084808,observed,1394,1419,1419,1419,8209
2025-08-13,univariate_reversal_ridge,primary_available,0.11917508289084808,observed,1394,1419,1419,1394,8209
2025-08-13,univariate_reversal_ridge,matched_complete8,0.11917508289084808,observed,1394,1419,1419,1394,8209
2025-08-13,ridge,primary_available,0.050573956761506084,observed,1394,1419,1419,1394,8209
2025-08-13,ridge,matched_complete8,0.050573956761506084,observed,1394,1419,1419,1394,8209
2025-08-14,raw_reversal,primary_available,0.1964946271128217,observed,1420,1421,1420,1421,8210
2025-08-14,raw_reversal,matched_complete8,0.19209554286689842,observed,1385,1421,1420,1421,8210
2025-08-14,univariate_reversal_ridge,primary_available,0.19209554286689842,observed,1385,1421,1420,1386,8210
2025-08-14,univariate_reversal_ridge,matched_complete8,0.19209554286689842,observed,1385,1421,1420,1386,8210
2025-08-14,ridge,primary_available,0.13292081124072763,observed,1385,1421,1420,1386,8210
2025-08-14,ridge,matched_complete8,0.13292081124072763,observed,1385,1421,1420,1386,8210
2025-08-15,raw_reversal,primary_available,-0.1615767543166433,observed,1426,1427,1426,1427,8211
2025-08-15,raw_reversal,matched_complete8,-0.1651870509521883,observed,1362,1427,1426,1427,8211
2025-08-15,univariate_reversal_ridge,primary_available,-0.1651870509521883,observed,1362,1427,1426,1363,8211
2025-08-15,univariate_reversal_ridge,matched_complete8,-0.1651870509521883,observed,1362,1427,1426,1363,8211
2025-08-15,ridge,primary_available,-0.07734109858796376,observed,1362,1427,1426,1363,8211
2025-08-15,ridge,matched_complete8,-0.07734109858796376,observed,1362,1427,1426,1363,8211
2025-08-18,raw_reversal,primary_available,-0.1368029176862223,observed,1428,1429,1428,1429,8212
2025-08-18,raw_reversal,matched_complete8,-0.1335125740156895,observed,1389,1429,1428,1429,8212
2025-08-18,univariate_reversal_ridge,primary_available,-0.1335125740156895,observed,1389,1429,1428,1390,8212
2025-08-18,univariate_reversal_ridge,matched_complete8,-0.1335125740156895,observed,1389,1429,1428,1390,8212
2025-08-18,ridge,primary_available,-0.07902806145094664,observed,1389,1429,1428,1390,8212
2025-08-18,ridge,matched_complete8,-0.07902806145094664,observed,1389,1429,1428,1390,8212
2025-08-19,raw_reversal,primary_available,0.14468775337499712,observed,1425,1425,1425,1425,8213
2025-08-19,raw_reversal,matched_complete8,0.15114665624045287,observed,1402,1425,1425,1425,8213
2025-08-19,univariate_reversal_ridge,primary_available,0.15114665624045287,observed,1402,1425,1425,1402,8213
2025-08-19,univariate_reversal_ridge,matched_complete8,0.15114665624045287,observed,1402,1425,1425,1402,8213
2025-08-19,ridge,primary_available,0.2880035643601784,observed,1402,1425,1425,1402,8213
2025-08-19,ridge,matched_complete8,0.2880035643601784,observed,1402,1425,1425,1402,8213
2025-08-20,raw_reversal,primary_available,0.29418608962567205,observed,1421,1422,1421,1422,8214
2025-08-20,raw_reversal,matched_complete8,0.3032110005898774,observed,1393,1422,1421,1422,8214
2025-08-20,univariate_reversal_ridge,primary_available,0.3032110005898774,observed,1393,1422,1421,1394,8214
2025-08-20,univariate_reversal_ridge,matched_complete8,0.3032110005898774,observed,1393,1422,1421,1394,8214
2025-08-20,ridge,primary_available,0.33934716470772874,observed,1393,1422,1421,1394,8214
2025-08-20,ridge,matched_complete8,0.33934716470772874,observed,1393,1422,1421,1394,8214
2025-08-21,raw_reversal,primary_available,0.22241769116179586,observed,1419,1420,1419,1420,8215
2025-08-21,raw_reversal,matched_complete8,0.22993143567939944,observed,1394,1420,1419,1420,8215
2025-08-21,univariate_reversal_ridge,primary_available,0.22993143567939944,observed,1394,1420,1419,1395,8215
2025-08-21,univariate_reversal_ridge,matched_complete8,0.22993143567939944,observed,1394,1420,1419,1395,8215
2025-08-21,ridge,primary_available,0.1369164632406677,observed,1394,1420,1419,1395,8215
2025-08-21,ridge,matched_complete8,0.1369164632406677,observed,1394,1420,1419,1395,8215
2025-08-22,raw_reversal,primary_available,-0.016176255874543157,observed,1429,1430,1429,1430,8216
2025-08-22,raw_reversal,matched_complete8,-0.01628684242825233,observed,1400,1430,1429,1430,8216
2025-08-22,univariate_reversal_ridge,primary_available,-0.01628684242825233,observed,1400,1430,1429,1401,8216
2025-08-22,univariate_reversal_ridge,matched_complete8,-0.01628684242825233,observed,1400,1430,1429,1401,8216
2025-08-22,ridge,primary_available,0.07000389228333548,observed,1400,1430,1429,1401,8216
2025-08-22,ridge,matched_complete8,0.07000389228333548,observed,1400,1430,1429,1401,8216
2025-08-25,raw_reversal,primary_available,-0.01251700227846399,observed,1418,1420,1418,1420,8217
2025-08-25,raw_reversal,matched_complete8,-0.011020065554570115,observed,1396,1420,1418,1420,8217
2025-08-25,univariate_reversal_ridge,primary_available,-0.011020065554570115,observed,1396,1420,1418,1398,8217
2025-08-25,univariate_reversal_ridge,matched_complete8,-0.011020065554570115,observed,1396,1420,1418,1398,8217
2025-08-25,ridge,primary_available,-0.05303629297190111,observed,1396,1420,1418,1398,8217
2025-08-25,ridge,matched_complete8,-0.05303629297190111,observed,1396,1420,1418,1398,8217
2025-08-26,raw_reversal,primary_available,0.009059694083581309,observed,1421,1422,1421,1422,8218
2025-08-26,raw_reversal,matched_complete8,0.010005685684296974,observed,1404,1422,1421,1422,8218
2025-08-26,univariate_reversal_ridge,primary_available,0.010005685684296974,observed,1404,1422,1421,1405,8218
2025-08-26,univariate_reversal_ridge,matched_complete8,0.010005685684296974,observed,1404,1422,1421,1405,8218
2025-08-26,ridge,primary_available,0.03156418131643833,observed,1404,1422,1421,1405,8218
2025-08-26,ridge,matched_complete8,0.03156418131643833,observed,1404,1422,1421,1405,8218
2025-08-27,raw_reversal,primary_available,-0.04788109013744544,observed,1421,1423,1421,1423,8219
2025-08-27,raw_reversal,matched_complete8,-0.04363299504683046,observed,1405,1423,1421,1423,8219
2025-08-27,univariate_reversal_ridge,primary_available,-0.04363299504683046,observed,1405,1423,1421,1407,8219
2025-08-27,univariate_reversal_ridge,matched_complete8,-0.04363299504683046,observed,1405,1423,1421,1407,8219
2025-08-27,ridge,primary_available,0.006432602023087819,observed,1405,1423,1421,1407,8219
2025-08-27,ridge,matched_complete8,0.006432602023087819,observed,1405,1423,1421,1407,8219
2025-08-28,raw_reversal,primary_available,-0.009160861223456497,observed,1416,1418,1416,1418,8220
2025-08-28,raw_reversal,matched_complete8,0.0028569744808487198,observed,1397,1418,1416,1418,8220
2025-08-28,univariate_reversal_ridge,primary_available,0.0028569744808487198,observed,1397,1418,1416,1399,8220
2025-08-28,univariate_reversal_ridge,matched_complete8,0.0028569744808487198,observed,1397,1418,1416,1399,8220
2025-08-28,ridge,primary_available,0.01959749126949745,observed,1397,1418,1416,1399,8220
2025-08-28,ridge,matched_complete8,0.01959749126949745,observed,1397,1418,1416,1399,8220
2025-08-29,raw_reversal,primary_available,-0.01736981069238903,observed,1405,1407,1405,1407,8221
2025-08-29,raw_reversal,matched_complete8,-0.010722957259810277,observed,1347,1407,1405,1407,8221
2025-08-29,univariate_reversal_ridge,primary_available,-0.010722957259810277,observed,1347,1407,1405,1349,8221
2025-08-29,univariate_reversal_ridge,matched_complete8,-0.010722957259810277,observed,1347,1407,1405,1349,8221
2025-08-29,ridge,primary_available,0.11438637102352273,observed,1347,1407,1405,1349,8221
2025-08-29,ridge,matched_complete8,0.11438637102352273,observed,1347,1407,1405,1349,8221
2025-09-02,raw_reversal,primary_available,0.06103122972799916,observed,1407,1408,1407,1408,8222
2025-09-02,raw_reversal,matched_complete8,0.06312319088233376,observed,1349,1408,1407,1408,8222
2025-09-02,univariate_reversal_ridge,primary_available,0.06312319088233376,observed,1349,1408,1407,1350,8222
2025-09-02,univariate_reversal_ridge,matched_complete8,0.06312319088233376,observed,1349,1408,1407,1350,8222
2025-09-02,ridge,primary_available,0.0618986873444415,observed,1349,1408,1407,1350,8222
2025-09-02,ridge,matched_complete8,0.0618986873444415,observed,1349,1408,1407,1350,8222
2025-09-03,raw_reversal,primary_available,0.05887606020953862,observed,1398,1400,1398,1400,8223
2025-09-03,raw_reversal,matched_complete8,0.06212443422625668,observed,1372,1400,1398,1400,8223
2025-09-03,univariate_reversal_ridge,primary_available,0.06212443422625668,observed,1372,1400,1398,1374,8223
2025-09-03,univariate_reversal_ridge,matched_complete8,0.06212443422625668,observed,1372,1400,1398,1374,8223
2025-09-03,ridge,primary_available,0.059671468087135235,observed,1372,1400,1398,1374,8223
2025-09-03,ridge,matched_complete8,0.059671468087135235,observed,1372,1400,1398,1374,8223
2025-09-04,raw_reversal,primary_available,0.03375737457352823,observed,1398,1399,1398,1399,8224
2025-09-04,raw_reversal,matched_complete8,0.0361293853426823,observed,1373,1399,1398,1399,8224
2025-09-04,univariate_reversal_ridge,primary_available,0.0361293853426823,observed,1373,1399,1398,1374,8224
2025-09-04,univariate_reversal_ridge,matched_complete8,0.0361293853426823,observed,1373,1399,1398,1374,8224
2025-09-04,ridge,primary_available,0.045497413630582975,observed,1373,1399,1398,1374,8224
2025-09-04,ridge,matched_complete8,0.045497413630582975,observed,1373,1399,1398,1374,8224
2025-09-05,raw_reversal,primary_available,0.17039905722667542,observed,1389,1390,1389,1390,8225
2025-09-05,raw_reversal,matched_complete8,0.16883863739501168,observed,1347,1390,1389,1390,8225
2025-09-05,univariate_reversal_ridge,primary_available,0.16883863739501168,observed,1347,1390,1389,1348,8225
2025-09-05,univariate_reversal_ridge,matched_complete8,0.16883863739501168,observed,1347,1390,1389,1348,8225
2025-09-05,ridge,primary_available,0.20975149201053608,observed,1347,1390,1389,1348,8225
2025-09-05,ridge,matched_complete8,0.20975149201053608,observed,1347,1390,1389,1348,8225
2025-09-08,raw_reversal,primary_available,-0.022145418386358126,observed,1389,1389,1389,1389,8226
2025-09-08,raw_reversal,matched_complete8,-0.017874915627270355,observed,1373,1389,1389,1389,8226
2025-09-08,univariate_reversal_ridge,primary_available,-0.017874915627270355,observed,1373,1389,1389,1373,8226
2025-09-08,univariate_reversal_ridge,matched_complete8,-0.017874915627270355,observed,1373,1389,1389,1373,8226
2025-09-08,ridge,primary_available,-0.017230450793787613,observed,1373,1389,1389,1373,8226
2025-09-08,ridge,matched_complete8,-0.017230450793787613,observed,1373,1389,1389,1373,8226
2025-09-09,raw_reversal,primary_available,-0.09548567375832405,observed,1384,1384,1384,1384,8227
2025-09-09,raw_reversal,matched_complete8,-0.09296783466799181,observed,1370,1384,1384,1384,8227
2025-09-09,univariate_reversal_ridge,primary_available,-0.09296783466799181,observed,1370,1384,1384,1370,8227
2025-09-09,univariate_reversal_ridge,matched_complete8,-0.09296783466799181,observed,1370,1384,1384,1370,8227
2025-09-09,ridge,primary_available,-0.0953603614534862,observed,1370,1384,1384,1370,8227
2025-09-09,ridge,matched_complete8,-0.0953603614534862,observed,1370,1384,1384,1370,8227
2025-09-10,raw_reversal,primary_available,-0.15608370828707477,observed,1382,1382,1382,1382,8228
2025-09-10,raw_reversal,matched_complete8,-0.15940152193774526,observed,1358,1382,1382,1382,8228
2025-09-10,univariate_reversal_ridge,primary_available,-0.15940152193774526,observed,1358,1382,1382,1358,8228
2025-09-10,univariate_reversal_ridge,matched_complete8,-0.15940152193774526,observed,1358,1382,1382,1358,8228
2025-09-10,ridge,primary_available,-0.08497550651344557,observed,1358,1382,1382,1358,8228
2025-09-10,ridge,matched_complete8,-0.08497550651344557,observed,1358,1382,1382,1358,8228
2025-09-11,raw_reversal,primary_available,-0.17352567961672621,observed,1381,1383,1381,1383,8229
2025-09-11,raw_reversal,matched_complete8,-0.17432235824189835,observed,1363,1383,1381,1383,8229
2025-09-11,univariate_reversal_ridge,primary_available,-0.17432235824189835,observed,1363,1383,1381,1365,8229
2025-09-11,univariate_reversal_ridge,matched_complete8,-0.17432235824189835,observed,1363,1383,1381,1365,8229
2025-09-11,ridge,primary_available,-0.07509800343471358,observed,1363,1383,1381,1365,8229
2025-09-11,ridge,matched_complete8,-0.07509800343471358,observed,1363,1383,1381,1365,8229
2025-09-12,raw_reversal,primary_available,-0.18551560767615408,observed,1378,1378,1378,1378,8230
2025-09-12,raw_reversal,matched_complete8,-0.18927014514376814,observed,1350,1378,1378,1378,8230
2025-09-12,univariate_reversal_ridge,primary_available,-0.18927014514376814,observed,1350,1378,1378,1350,8230
2025-09-12,univariate_reversal_ridge,matched_complete8,-0.18927014514376814,observed,1350,1378,1378,1350,8230
2025-09-12,ridge,primary_available,-0.15148076021253298,observed,1350,1378,1378,1350,8230
2025-09-12,ridge,matched_complete8,-0.15148076021253298,observed,1350,1378,1378,1350,8230
2025-09-15,raw_reversal,primary_available,-0.1954662421798611,observed,1375,1375,1375,1375,8231
2025-09-15,raw_reversal,matched_complete8,-0.19445380064088932,observed,1320,1375,1375,1375,8231
2025-09-15,univariate_reversal_ridge,primary_available,-0.19445380064088932,observed,1320,1375,1375,1320,8231
2025-09-15,univariate_reversal_ridge,matched_complete8,-0.19445380064088932,observed,1320,1375,1375,1320,8231
2025-09-15,ridge,primary_available,-0.20594905127368318,observed,1320,1375,1375,1320,8231
2025-09-15,ridge,matched_complete8,-0.20594905127368318,observed,1320,1375,1375,1320,8231
2025-09-16,raw_reversal,primary_available,-0.2249526216178366,observed,1375,1375,1375,1375,8232
2025-09-16,raw_reversal,matched_complete8,-0.22383011439693037,observed,1351,1375,1375,1375,8232
2025-09-16,univariate_reversal_ridge,primary_available,-0.22383011439693037,observed,1351,1375,1375,1351,8232
2025-09-16,univariate_reversal_ridge,matched_complete8,-0.22383011439693037,observed,1351,1375,1375,1351,8232
2025-09-16,ridge,primary_available,-0.10615211714556183,observed,1351,1375,1375,1351,8232
2025-09-16,ridge,matched_complete8,-0.10615211714556183,observed,1351,1375,1375,1351,8232
2025-09-17,raw_reversal,primary_available,-0.0008660194310292212,observed,1387,1387,1387,1387,8233
2025-09-17,raw_reversal,matched_complete8,0.000979547186941881,observed,1375,1387,1387,1387,8233
2025-09-17,univariate_reversal_ridge,primary_available,0.000979547186941881,observed,1375,1387,1387,1375,8233
2025-09-17,univariate_reversal_ridge,matched_complete8,0.000979547186941881,observed,1375,1387,1387,1375,8233
2025-09-17,ridge,primary_available,-0.026962298473027075,observed,1375,1387,1387,1375,8233
2025-09-17,ridge,matched_complete8,-0.026962298473027075,observed,1375,1387,1387,1375,8233
2025-09-18,raw_reversal,primary_available,-0.06097945444681576,observed,1396,1396,1396,1396,8234
2025-09-18,raw_reversal,matched_complete8,-0.06314445839195844,observed,1383,1396,1396,1396,8234
2025-09-18,univariate_reversal_ridge,primary_available,-0.06314445839195844,observed,1383,1396,1396,1383,8234
2025-09-18,univariate_reversal_ridge,matched_complete8,-0.06314445839195844,observed,1383,1396,1396,1383,8234
2025-09-18,ridge,primary_available,-0.0009742385182752058,observed,1383,1396,1396,1383,8234
2025-09-18,ridge,matched_complete8,-0.0009742385182752058,observed,1383,1396,1396,1383,8234
2025-09-19,raw_reversal,primary_available,-0.0019953050000455393,observed,1425,1425,1425,1425,8235
2025-09-19,raw_reversal,matched_complete8,-0.004968393719342304,observed,1413,1425,1425,1425,8235
2025-09-19,univariate_reversal_ridge,primary_available,-0.004968393719342304,observed,1413,1425,1425,1413,8235
2025-09-19,univariate_reversal_ridge,matched_complete8,-0.004968393719342304,observed,1413,1425,1425,1413,8235
2025-09-19,ridge,primary_available,-0.024732826080858635,observed,1413,1425,1425,1413,8235
2025-09-19,ridge,matched_complete8,-0.024732826080858635,observed,1413,1425,1425,1413,8235
2025-09-22,raw_reversal,primary_available,0.01717288603780201,observed,1425,1425,1425,1425,8236
2025-09-22,raw_reversal,matched_complete8,0.014680662162279543,observed,1410,1425,1425,1425,8236
2025-09-22,univariate_reversal_ridge,primary_available,0.014680662162279543,observed,1410,1425,1425,1410,8236
2025-09-22,univariate_reversal_ridge,matched_complete8,0.014680662162279543,observed,1410,1425,1425,1410,8236
2025-09-22,ridge,primary_available,0.0066860192713552565,observed,1410,1425,1425,1410,8236
2025-09-22,ridge,matched_complete8,0.0066860192713552565,observed,1410,1425,1425,1410,8236
2025-09-23,raw_reversal,primary_available,-0.05990328610390121,observed,1424,1426,1424,1426,8237
2025-09-23,raw_reversal,matched_complete8,-0.06308637441640162,observed,1414,1426,1424,1426,8237
2025-09-23,univariate_reversal_ridge,primary_available,-0.06308637441640162,observed,1414,1426,1424,1416,8237
2025-09-23,univariate_reversal_ridge,matched_complete8,-0.06308637441640162,observed,1414,1426,1424,1416,8237
2025-09-23,ridge,primary_available,-0.10026891359587248,observed,1414,1426,1424,1416,8237
2025-09-23,ridge,matched_complete8,-0.10026891359587248,observed,1414,1426,1424,1416,8237
2025-09-24,raw_reversal,primary_available,-0.21119284165665791,observed,1422,1423,1422,1423,8238
2025-09-24,raw_reversal,matched_complete8,-0.21020193016458613,observed,1415,1423,1422,1423,8238
2025-09-24,univariate_reversal_ridge,primary_available,-0.21020193016458613,observed,1415,1423,1422,1416,8238
2025-09-24,univariate_reversal_ridge,matched_complete8,-0.21020193016458613,observed,1415,1423,1422,1416,8238
2025-09-24,ridge,primary_available,-0.08675539418588117,observed,1415,1423,1422,1416,8238
2025-09-24,ridge,matched_complete8,-0.08675539418588117,observed,1415,1423,1422,1416,8238
2025-09-25,raw_reversal,primary_available,-0.04953940106971677,observed,1421,1424,1421,1424,8239
2025-09-25,raw_reversal,matched_complete8,-0.04809258089790621,observed,1414,1424,1421,1424,8239
2025-09-25,univariate_reversal_ridge,primary_available,-0.04809258089790621,observed,1414,1424,1421,1417,8239
2025-09-25,univariate_reversal_ridge,matched_complete8,-0.04809258089790621,observed,1414,1424,1421,1417,8239
2025-09-25,ridge,primary_available,-0.00864863958822214,observed,1414,1424,1421,1417,8239
2025-09-25,ridge,matched_complete8,-0.00864863958822214,observed,1414,1424,1421,1417,8239
2025-09-26,raw_reversal,primary_available,-0.028401628374766015,observed,1423,1425,1423,1425,8240
2025-09-26,raw_reversal,matched_complete8,-0.023269039115735954,observed,1406,1425,1423,1425,8240
2025-09-26,univariate_reversal_ridge,primary_available,-0.023269039115735954,observed,1406,1425,1423,1408,8240
2025-09-26,univariate_reversal_ridge,matched_complete8,-0.023269039115735954,observed,1406,1425,1423,1408,8240
2025-09-26,ridge,primary_available,-0.05257650209188918,observed,1406,1425,1423,1408,8240
2025-09-26,ridge,matched_complete8,-0.05257650209188918,observed,1406,1425,1423,1408,8240
2025-09-29,raw_reversal,primary_available,-0.007842103163506909,observed,1429,1431,1429,1431,8241
2025-09-29,raw_reversal,matched_complete8,-0.008592183427061691,observed,1419,1431,1429,1431,8241
2025-09-29,univariate_reversal_ridge,primary_available,-0.008592183427061691,observed,1419,1431,1429,1420,8241
2025-09-29,univariate_reversal_ridge,matched_complete8,-0.008592183427061691,observed,1419,1431,1429,1420,8241
2025-09-29,ridge,primary_available,-0.04237697603641381,observed,1419,1431,1429,1420,8241
2025-09-29,ridge,matched_complete8,-0.04237697603641381,observed,1419,1431,1429,1420,8241
2025-09-30,raw_reversal,primary_available,-0.12628656578148295,observed,1424,1426,1424,1426,8242
2025-09-30,raw_reversal,matched_complete8,-0.12427802469154353,observed,1389,1426,1424,1426,8242
2025-09-30,univariate_reversal_ridge,primary_available,-0.12427802469154353,observed,1389,1426,1424,1391,8242
2025-09-30,univariate_reversal_ridge,matched_complete8,-0.12427802469154353,observed,1389,1426,1424,1391,8242
2025-09-30,ridge,primary_available,-0.1478321979709638,observed,1389,1426,1424,1391,8242
2025-09-30,ridge,matched_complete8,-0.1478321979709638,observed,1389,1426,1424,1391,8242
2025-10-01,raw_reversal,primary_available,-0.05569839271746769,observed,1428,1429,1428,1429,8243
2025-10-01,raw_reversal,matched_complete8,-0.0566097078758637,observed,1404,1429,1428,1429,8243
2025-10-01,univariate_reversal_ridge,primary_available,-0.0566097078758637,observed,1404,1429,1428,1405,8243
2025-10-01,univariate_reversal_ridge,matched_complete8,-0.0566097078758637,observed,1404,1429,1428,1405,8243
2025-10-01,ridge,primary_available,-0.04150566100163119,observed,1404,1429,1428,1405,8243
2025-10-01,ridge,matched_complete8,-0.04150566100163119,observed,1404,1429,1428,1405,8243
2025-10-02,raw_reversal,primary_available,-0.10376541295007266,observed,1435,1435,1435,1435,8244
2025-10-02,raw_reversal,matched_complete8,-0.1083372645766858,observed,1419,1435,1435,1435,8244
2025-10-02,univariate_reversal_ridge,primary_available,-0.1083372645766858,observed,1419,1435,1435,1419,8244
2025-10-02,univariate_reversal_ridge,matched_complete8,-0.1083372645766858,observed,1419,1435,1435,1419,8244
2025-10-02,ridge,primary_available,-0.13683320814703587,observed,1419,1435,1435,1419,8244
2025-10-02,ridge,matched_complete8,-0.13683320814703587,observed,1419,1435,1435,1419,8244
2025-10-03,raw_reversal,primary_available,-0.06948995925692142,observed,1438,1439,1439,1438,8245
2025-10-03,raw_reversal,matched_complete8,-0.07148856928873816,observed,1415,1439,1439,1438,8245
2025-10-03,univariate_reversal_ridge,primary_available,-0.07148856928873816,observed,1415,1439,1439,1415,8245
2025-10-03,univariate_reversal_ridge,matched_complete8,-0.07148856928873816,observed,1415,1439,1439,1415,8245
2025-10-03,ridge,primary_available,-0.024702925530747575,observed,1415,1439,1439,1415,8245
2025-10-03,ridge,matched_complete8,-0.024702925530747575,observed,1415,1439,1439,1415,8245
2025-10-06,raw_reversal,primary_available,0.059652580251474144,observed,1443,1444,1444,1443,8246
2025-10-06,raw_reversal,matched_complete8,0.0586224341275382,observed,1428,1444,1444,1443,8246
2025-10-06,univariate_reversal_ridge,primary_available,0.0586224341275382,observed,1428,1444,1444,1428,8246
2025-10-06,univariate_reversal_ridge,matched_complete8,0.0586224341275382,observed,1428,1444,1444,1428,8246
2025-10-06,ridge,primary_available,0.04560234451204245,observed,1428,1444,1444,1428,8246
2025-10-06,ridge,matched_complete8,0.04560234451204245,observed,1428,1444,1444,1428,8246
2025-10-07,raw_reversal,primary_available,0.0015350031464220228,observed,1443,1444,1444,1443,8247
2025-10-07,raw_reversal,matched_complete8,-0.0028901947805910224,observed,1427,1444,1444,1443,8247
2025-10-07,univariate_reversal_ridge,primary_available,-0.0028901947805910224,observed,1427,1444,1444,1427,8247
2025-10-07,univariate_reversal_ridge,matched_complete8,-0.0028901947805910224,observed,1427,1444,1444,1427,8247
2025-10-07,ridge,primary_available,0.022862897864717218,observed,1427,1444,1444,1427,8247
2025-10-07,ridge,matched_complete8,0.022862897864717218,observed,1427,1444,1444,1427,8247
2025-10-08,raw_reversal,primary_available,0.008484251132576864,observed,1441,1442,1442,1441,8248
2025-10-08,raw_reversal,matched_complete8,0.003271887322104237,observed,1425,1442,1442,1441,8248
2025-10-08,univariate_reversal_ridge,primary_available,0.003271887322104237,observed,1425,1442,1442,1425,8248
2025-10-08,univariate_reversal_ridge,matched_complete8,0.003271887322104237,observed,1425,1442,1442,1425,8248
2025-10-08,ridge,primary_available,-0.005833057076525299,observed,1425,1442,1442,1425,8248
2025-10-08,ridge,matched_complete8,-0.005833057076525299,observed,1425,1442,1442,1425,8248
2025-10-09,raw_reversal,primary_available,0.1573876865567575,observed,1437,1438,1438,1437,8249
2025-10-09,raw_reversal,matched_complete8,0.14934104588853875,observed,1420,1438,1438,1437,8249
2025-10-09,univariate_reversal_ridge,primary_available,0.14934104588853875,observed,1420,1438,1438,1420,8249
2025-10-09,univariate_reversal_ridge,matched_complete8,0.14934104588853875,observed,1420,1438,1438,1420,8249
2025-10-09,ridge,primary_available,0.14976070254103882,observed,1420,1438,1438,1420,8249
2025-10-09,ridge,matched_complete8,0.14976070254103882,observed,1420,1438,1438,1420,8249
2025-10-10,raw_reversal,primary_available,0.07934338605758547,observed,1438,1439,1438,1439,8250
2025-10-10,raw_reversal,matched_complete8,0.0673084711603067,observed,1412,1439,1438,1439,8250
2025-10-10,univariate_reversal_ridge,primary_available,0.0673084711603067,observed,1412,1439,1438,1413,8250
2025-10-10,univariate_reversal_ridge,matched_complete8,0.0673084711603067,observed,1412,1439,1438,1413,8250
2025-10-10,ridge,primary_available,0.0732212830134525,observed,1412,1439,1438,1413,8250
2025-10-10,ridge,matched_complete8,0.0732212830134525,observed,1412,1439,1438,1413,8250
2025-10-13,raw_reversal,primary_available,0.10767942603111882,observed,1442,1443,1442,1443,8251
2025-10-13,raw_reversal,matched_complete8,0.104162193786372,observed,1432,1443,1442,1443,8251
2025-10-13,univariate_reversal_ridge,primary_available,0.104162193786372,observed,1432,1443,1442,1433,8251
2025-10-13,univariate_reversal_ridge,matched_complete8,0.104162193786372,observed,1432,1443,1442,1433,8251
2025-10-13,ridge,primary_available,0.07770761561450333,observed,1432,1443,1442,1433,8251
2025-10-13,ridge,matched_complete8,0.07770761561450333,observed,1432,1443,1442,1433,8251
2025-10-14,raw_reversal,primary_available,0.12259367213396563,observed,1443,1445,1443,1445,8252
2025-10-14,raw_reversal,matched_complete8,0.12357549717698628,observed,1429,1445,1443,1445,8252
2025-10-14,univariate_reversal_ridge,primary_available,0.12357549717698628,observed,1429,1445,1443,1431,8252
2025-10-14,univariate_reversal_ridge,matched_complete8,0.12357549717698628,observed,1429,1445,1443,1431,8252
2025-10-14,ridge,primary_available,0.13945349977669594,observed,1429,1445,1443,1431,8252
2025-10-14,ridge,matched_complete8,0.13945349977669594,observed,1429,1445,1443,1431,8252
2025-10-15,raw_reversal,primary_available,0.1912505832999824,observed,1440,1441,1440,1441,8253
2025-10-15,raw_reversal,matched_complete8,0.19849657788742228,observed,1421,1441,1440,1441,8253
2025-10-15,univariate_reversal_ridge,primary_available,0.19849657788742228,observed,1421,1441,1440,1422,8253
2025-10-15,univariate_reversal_ridge,matched_complete8,0.19849657788742228,observed,1421,1441,1440,1422,8253
2025-10-15,ridge,primary_available,0.18824884473930792,observed,1421,1441,1440,1422,8253
2025-10-15,ridge,matched_complete8,0.18824884473930792,observed,1421,1441,1440,1422,8253
2025-10-16,raw_reversal,primary_available,0.17899110028951828,observed,1434,1435,1434,1435,8254
2025-10-16,raw_reversal,matched_complete8,0.18170811210782123,observed,1419,1435,1434,1435,8254
2025-10-16,univariate_reversal_ridge,primary_available,0.18170811210782123,observed,1419,1435,1434,1420,8254
2025-10-16,univariate_reversal_ridge,matched_complete8,0.18170811210782123,observed,1419,1435,1434,1420,8254
2025-10-16,ridge,primary_available,0.13747046834037158,observed,1419,1435,1434,1420,8254
2025-10-16,ridge,matched_complete8,0.13747046834037158,observed,1419,1435,1434,1420,8254
2025-10-17,raw_reversal,primary_available,-0.0015600900836899988,observed,1404,1405,1404,1405,8255
2025-10-17,raw_reversal,matched_complete8,-0.001057450068737037,observed,1388,1405,1404,1405,8255
2025-10-17,univariate_reversal_ridge,primary_available,-0.001057450068737037,observed,1388,1405,1404,1389,8255
2025-10-17,univariate_reversal_ridge,matched_complete8,-0.001057450068737037,observed,1388,1405,1404,1389,8255
2025-10-17,ridge,primary_available,-0.045071153949012406,observed,1388,1405,1404,1389,8255
2025-10-17,ridge,matched_complete8,-0.045071153949012406,observed,1388,1405,1404,1389,8255
2025-10-20,raw_reversal,primary_available,0.024123980836430085,observed,1403,1403,1403,1403,8256
2025-10-20,raw_reversal,matched_complete8,0.02209340580286775,observed,1387,1403,1403,1403,8256
2025-10-20,univariate_reversal_ridge,primary_available,0.02209340580286775,observed,1387,1403,1403,1387,8256
2025-10-20,univariate_reversal_ridge,matched_complete8,0.02209340580286775,observed,1387,1403,1403,1387,8256
2025-10-20,ridge,primary_available,-0.042927693437011645,observed,1387,1403,1403,1387,8256
2025-10-20,ridge,matched_complete8,-0.042927693437011645,observed,1387,1403,1403,1387,8256
2025-10-21,raw_reversal,primary_available,-0.011271428766535519,observed,1403,1403,1403,1403,8257
2025-10-21,raw_reversal,matched_complete8,-0.009858485527171303,observed,1391,1403,1403,1403,8257
2025-10-21,univariate_reversal_ridge,primary_available,-0.009858485527171303,observed,1391,1403,1403,1391,8257
2025-10-21,univariate_reversal_ridge,matched_complete8,-0.009858485527171303,observed,1391,1403,1403,1391,8257
2025-10-21,ridge,primary_available,0.06312118807535412,observed,1391,1403,1403,1391,8257
2025-10-21,ridge,matched_complete8,0.06312118807535412,observed,1391,1403,1403,1391,8257
2025-10-22,raw_reversal,primary_available,0.18168433868909556,observed,1400,1402,1400,1402,8258
2025-10-22,raw_reversal,matched_complete8,0.18173569359313327,observed,1386,1402,1400,1402,8258
2025-10-22,univariate_reversal_ridge,primary_available,0.18173569359313327,observed,1386,1402,1400,1388,8258
2025-10-22,univariate_reversal_ridge,matched_complete8,0.18173569359313327,observed,1386,1402,1400,1388,8258
2025-10-22,ridge,primary_available,0.26489642634680405,observed,1386,1402,1400,1388,8258
2025-10-22,ridge,matched_complete8,0.26489642634680405,observed,1386,1402,1400,1388,8258
2025-10-23,raw_reversal,primary_available,0.09636858542297308,observed,1403,1406,1403,1406,8259
2025-10-23,raw_reversal,matched_complete8,0.09569166265680208,observed,1389,1406,1403,1406,8259
2025-10-23,univariate_reversal_ridge,primary_available,0.09569166265680208,observed,1389,1406,1403,1392,8259
2025-10-23,univariate_reversal_ridge,matched_complete8,0.09569166265680208,observed,1389,1406,1403,1392,8259
2025-10-23,ridge,primary_available,0.048499864306648655,observed,1389,1406,1403,1392,8259
2025-10-23,ridge,matched_complete8,0.048499864306648655,observed,1389,1406,1403,1392,8259
2025-10-24,raw_reversal,primary_available,0.06359204921263299,observed,1401,1404,1401,1404,8260
2025-10-24,raw_reversal,matched_complete8,0.06272069764989234,observed,1385,1404,1401,1404,8260
2025-10-24,univariate_reversal_ridge,primary_available,0.06272069764989234,observed,1385,1404,1401,1388,8260
2025-10-24,univariate_reversal_ridge,matched_complete8,0.06272069764989234,observed,1385,1404,1401,1388,8260
2025-10-24,ridge,primary_available,0.03697922529408397,observed,1385,1404,1401,1388,8260
2025-10-24,ridge,matched_complete8,0.03697922529408397,observed,1385,1404,1401,1388,8260
2025-10-27,raw_reversal,primary_available,-0.019480719023363166,observed,1398,1402,1398,1402,8261
2025-10-27,raw_reversal,matched_complete8,-0.01928370364932064,observed,1387,1402,1398,1402,8261
2025-10-27,univariate_reversal_ridge,primary_available,-0.01928370364932064,observed,1387,1402,1398,1391,8261
2025-10-27,univariate_reversal_ridge,matched_complete8,-0.01928370364932064,observed,1387,1402,1398,1391,8261
2025-10-27,ridge,primary_available,0.017067327795303445,observed,1387,1402,1398,1391,8261
2025-10-27,ridge,matched_complete8,0.017067327795303445,observed,1387,1402,1398,1391,8261
2025-10-28,raw_reversal,primary_available,0.0007191068449648169,observed,1390,1393,1390,1393,8262
2025-10-28,raw_reversal,matched_complete8,-4.502816370929337e-05,observed,1379,1393,1390,1393,8262
2025-10-28,univariate_reversal_ridge,primary_available,-4.502816370929337e-05,observed,1379,1393,1390,1382,8262
2025-10-28,univariate_reversal_ridge,matched_complete8,-4.502816370929337e-05,observed,1379,1393,1390,1382,8262
2025-10-28,ridge,primary_available,0.016005308192634772,observed,1379,1393,1390,1382,8262
2025-10-28,ridge,matched_complete8,0.016005308192634772,observed,1379,1393,1390,1382,8262
2025-10-29,raw_reversal,primary_available,0.06744769910648522,observed,1397,1399,1397,1399,8263
2025-10-29,raw_reversal,matched_complete8,0.06368773741883624,observed,1385,1399,1397,1399,8263
2025-10-29,univariate_reversal_ridge,primary_available,0.06368773741883624,observed,1385,1399,1397,1387,8263
2025-10-29,univariate_reversal_ridge,matched_complete8,0.06368773741883624,observed,1385,1399,1397,1387,8263
2025-10-29,ridge,primary_available,0.04243329083463039,observed,1385,1399,1397,1387,8263
2025-10-29,ridge,matched_complete8,0.04243329083463039,observed,1385,1399,1397,1387,8263
2025-10-30,raw_reversal,primary_available,0.0023768782029752666,observed,1393,1395,1394,1394,8264
2025-10-30,raw_reversal,matched_complete8,0.0018350491004849867,observed,1382,1395,1394,1394,8264
2025-10-30,univariate_reversal_ridge,primary_available,0.0018350491004849867,observed,1382,1395,1394,1383,8264
2025-10-30,univariate_reversal_ridge,matched_complete8,0.0018350491004849867,observed,1382,1395,1394,1383,8264
2025-10-30,ridge,primary_available,-0.06467793296523504,observed,1382,1395,1394,1383,8264
2025-10-30,ridge,matched_complete8,-0.06467793296523504,observed,1382,1395,1394,1383,8264
2025-10-31,raw_reversal,primary_available,0.00947148589487166,observed,1398,1399,1399,1398,8265
2025-10-31,raw_reversal,matched_complete8,0.004390165881080402,observed,1379,1399,1399,1398,8265
2025-10-31,univariate_reversal_ridge,primary_available,0.004390165881080402,observed,1379,1399,1399,1379,8265
2025-10-31,univariate_reversal_ridge,matched_complete8,0.004390165881080402,observed,1379,1399,1399,1379,8265
2025-10-31,ridge,primary_available,0.03511336480496683,observed,1379,1399,1399,1379,8265
2025-10-31,ridge,matched_complete8,0.03511336480496683,observed,1379,1399,1399,1379,8265
2025-11-03,raw_reversal,primary_available,-0.1464475731392182,observed,1397,1399,1399,1397,8266
2025-11-03,raw_reversal,matched_complete8,-0.15502431291086805,observed,1380,1399,1399,1397,8266
2025-11-03,univariate_reversal_ridge,primary_available,-0.15502431291086805,observed,1380,1399,1399,1380,8266
2025-11-03,univariate_reversal_ridge,matched_complete8,-0.15502431291086805,observed,1380,1399,1399,1380,8266
2025-11-03,ridge,primary_available,-0.15466322549885642,observed,1380,1399,1399,1380,8266
2025-11-03,ridge,matched_complete8,-0.15466322549885642,observed,1380,1399,1399,1380,8266
2025-11-04,raw_reversal,primary_available,-0.1286593162732721,observed,1397,1399,1399,1397,8267
2025-11-04,raw_reversal,matched_complete8,-0.12995611794533016,observed,1386,1399,1399,1397,8267
2025-11-04,univariate_reversal_ridge,primary_available,-0.12995611794533016,observed,1386,1399,1399,1386,8267
2025-11-04,univariate_reversal_ridge,matched_complete8,-0.12995611794533016,observed,1386,1399,1399,1386,8267
2025-11-04,ridge,primary_available,-0.10107296837599229,observed,1386,1399,1399,1386,8267
2025-11-04,ridge,matched_complete8,-0.10107296837599229,observed,1386,1399,1399,1386,8267
2025-11-05,raw_reversal,primary_available,-0.11050196359575058,observed,1404,1407,1406,1405,8268
2025-11-05,raw_reversal,matched_complete8,-0.10812035653642423,observed,1393,1407,1406,1405,8268
2025-11-05,univariate_reversal_ridge,primary_available,-0.10812035653642423,observed,1393,1407,1406,1394,8268
2025-11-05,univariate_reversal_ridge,matched_complete8,-0.10812035653642423,observed,1393,1407,1406,1394,8268
2025-11-05,ridge,primary_available,-0.03898468309760714,observed,1393,1407,1406,1394,8268
2025-11-05,ridge,matched_complete8,-0.03898468309760714,observed,1393,1407,1406,1394,8268
2025-11-06,raw_reversal,primary_available,-0.09197577404273043,observed,1407,1410,1408,1409,8269
2025-11-06,raw_reversal,matched_complete8,-0.09144649664931352,observed,1393,1410,1408,1409,8269
2025-11-06,univariate_reversal_ridge,primary_available,-0.09144649664931352,observed,1393,1410,1408,1395,8269
2025-11-06,univariate_reversal_ridge,matched_complete8,-0.09144649664931352,observed,1393,1410,1408,1395,8269
2025-11-06,ridge,primary_available,-0.16645406265461601,observed,1393,1410,1408,1395,8269
2025-11-06,ridge,matched_complete8,-0.16645406265461601,observed,1393,1410,1408,1395,8269
2025-11-07,raw_reversal,primary_available,-0.19910063763927285,observed,1415,1418,1416,1417,8270
2025-11-07,raw_reversal,matched_complete8,-0.20758570721623743,observed,1388,1418,1416,1417,8270
2025-11-07,univariate_reversal_ridge,primary_available,-0.20758570721623743,observed,1388,1418,1416,1390,8270
2025-11-07,univariate_reversal_ridge,matched_complete8,-0.20758570721623743,observed,1388,1418,1416,1390,8270
2025-11-07,ridge,primary_available,-0.12027543546699625,observed,1388,1418,1416,1390,8270
2025-11-07,ridge,matched_complete8,-0.12027543546699625,observed,1388,1418,1416,1390,8270
2025-11-10,raw_reversal,primary_available,-0.16052633928119955,observed,1420,1423,1420,1423,8271
2025-11-10,raw_reversal,matched_complete8,-0.16679042698016022,observed,1381,1423,1420,1423,8271
2025-11-10,univariate_reversal_ridge,primary_available,-0.16679042698016022,observed,1381,1423,1420,1384,8271
2025-11-10,univariate_reversal_ridge,matched_complete8,-0.16679042698016022,observed,1381,1423,1420,1384,8271
2025-11-10,ridge,primary_available,-0.13140629888989927,observed,1381,1423,1420,1384,8271
2025-11-10,ridge,matched_complete8,-0.13140629888989927,observed,1381,1423,1420,1384,8271
2025-11-11,raw_reversal,primary_available,-0.11788458058931925,observed,1422,1425,1422,1425,8272
2025-11-11,raw_reversal,matched_complete8,-0.12204904286084065,observed,1414,1425,1422,1425,8272
2025-11-11,univariate_reversal_ridge,primary_available,-0.12204904286084065,observed,1414,1425,1422,1417,8272
2025-11-11,univariate_reversal_ridge,matched_complete8,-0.12204904286084065,observed,1414,1425,1422,1417,8272
2025-11-11,ridge,primary_available,-0.24030860622630748,observed,1414,1425,1422,1417,8272
2025-11-11,ridge,matched_complete8,-0.24030860622630748,observed,1414,1425,1422,1417,8272
2025-11-12,raw_reversal,primary_available,-0.13164580590799058,observed,1423,1426,1423,1426,8273
2025-11-12,raw_reversal,matched_complete8,-0.13693643958645657,observed,1399,1426,1423,1426,8273
2025-11-12,univariate_reversal_ridge,primary_available,-0.13693643958645657,observed,1399,1426,1423,1402,8273
2025-11-12,univariate_reversal_ridge,matched_complete8,-0.13693643958645657,observed,1399,1426,1423,1402,8273
2025-11-12,ridge,primary_available,-0.02323892780474155,observed,1399,1426,1423,1402,8273
2025-11-12,ridge,matched_complete8,-0.02323892780474155,observed,1399,1426,1423,1402,8273
2025-11-13,raw_reversal,primary_available,-0.13107060425477596,observed,1414,1416,1414,1416,8274
2025-11-13,raw_reversal,matched_complete8,-0.13457580798352672,observed,1388,1416,1414,1416,8274
2025-11-13,univariate_reversal_ridge,primary_available,-0.13457580798352672,observed,1388,1416,1414,1390,8274
2025-11-13,univariate_reversal_ridge,matched_complete8,-0.13457580798352672,observed,1388,1416,1414,1390,8274
2025-11-13,ridge,primary_available,-0.13598051916069137,observed,1388,1416,1414,1390,8274
2025-11-13,ridge,matched_complete8,-0.13598051916069137,observed,1388,1416,1414,1390,8274
2025-11-14,raw_reversal,primary_available,-0.1461736434426592,observed,1421,1422,1421,1422,8275
2025-11-14,raw_reversal,matched_complete8,-0.15268787931639657,observed,1373,1422,1421,1422,8275
2025-11-14,univariate_reversal_ridge,primary_available,-0.15268787931639657,observed,1373,1422,1421,1374,8275
2025-11-14,univariate_reversal_ridge,matched_complete8,-0.15268787931639657,observed,1373,1422,1421,1374,8275
2025-11-14,ridge,primary_available,-0.035671298560320655,observed,1373,1422,1421,1374,8275
2025-11-14,ridge,matched_complete8,-0.035671298560320655,observed,1373,1422,1421,1374,8275
2025-11-17,raw_reversal,primary_available,0.06929125065258517,observed,1425,1426,1425,1426,8276
2025-11-17,raw_reversal,matched_complete8,0.06940082240434833,observed,1382,1426,1425,1426,8276
2025-11-17,univariate_reversal_ridge,primary_available,0.06940082240434833,observed,1382,1426,1425,1383,8276
2025-11-17,univariate_reversal_ridge,matched_complete8,0.06940082240434833,observed,1382,1426,1425,1383,8276
2025-11-17,ridge,primary_available,0.08350179515066122,observed,1382,1426,1425,1383,8276
2025-11-17,ridge,matched_complete8,0.08350179515066122,observed,1382,1426,1425,1383,8276
2025-11-18,raw_reversal,primary_available,0.10662559349828087,observed,1427,1428,1428,1427,8277
2025-11-18,raw_reversal,matched_complete8,0.10626735116223236,observed,1411,1428,1428,1427,8277
2025-11-18,univariate_reversal_ridge,primary_available,0.10626735116223236,observed,1411,1428,1428,1411,8277
2025-11-18,univariate_reversal_ridge,matched_complete8,0.10626735116223236,observed,1411,1428,1428,1411,8277
2025-11-18,ridge,primary_available,0.05022733548747956,observed,1411,1428,1428,1411,8277
2025-11-18,ridge,matched_complete8,0.05022733548747956,observed,1411,1428,1428,1411,8277
2025-11-19,raw_reversal,primary_available,0.07060221818595616,observed,1427,1429,1428,1428,8278
2025-11-19,raw_reversal,matched_complete8,0.06282841619718302,observed,1405,1429,1428,1428,8278
2025-11-19,univariate_reversal_ridge,primary_available,0.06282841619718302,observed,1405,1429,1428,1406,8278
2025-11-19,univariate_reversal_ridge,matched_complete8,0.06282841619718302,observed,1405,1429,1428,1406,8278
2025-11-19,ridge,primary_available,0.019126964111215176,observed,1405,1429,1428,1406,8278
2025-11-19,ridge,matched_complete8,0.019126964111215176,observed,1405,1429,1428,1406,8278
2025-11-20,raw_reversal,primary_available,0.22109649518489632,observed,1420,1423,1421,1422,8279
2025-11-20,raw_reversal,matched_complete8,0.22312975001325014,observed,1397,1423,1421,1422,8279
2025-11-20,univariate_reversal_ridge,primary_available,0.22312975001325014,observed,1397,1423,1421,1399,8279
2025-11-20,univariate_reversal_ridge,matched_complete8,0.22312975001325014,observed,1397,1423,1421,1399,8279
2025-11-20,ridge,primary_available,0.26255750597713984,observed,1397,1423,1421,1399,8279
2025-11-20,ridge,matched_complete8,0.26255750597713984,observed,1397,1423,1421,1399,8279
2025-11-21,raw_reversal,primary_available,0.13419136319666305,observed,1436,1439,1437,1438,8280
2025-11-21,raw_reversal,matched_complete8,0.14170173937950004,observed,1405,1439,1437,1438,8280
2025-11-21,univariate_reversal_ridge,primary_available,0.14170173937950004,observed,1405,1439,1437,1407,8280
2025-11-21,univariate_reversal_ridge,matched_complete8,0.14170173937950004,observed,1405,1439,1437,1407,8280
2025-11-21,ridge,primary_available,-0.025416169813166935,observed,1405,1439,1437,1407,8280
2025-11-21,ridge,matched_complete8,-0.025416169813166935,observed,1405,1439,1437,1407,8280
2025-11-24,raw_reversal,primary_available,0.001417844199165324,observed,1442,1446,1443,1445,8281
2025-11-24,raw_reversal,matched_complete8,-0.0011112815023030488,observed,1414,1446,1443,1445,8281
2025-11-24,univariate_reversal_ridge,primary_available,-0.0011112815023030488,observed,1414,1446,1443,1417,8281
2025-11-24,univariate_reversal_ridge,matched_complete8,-0.0011112815023030488,observed,1414,1446,1443,1417,8281
2025-11-24,ridge,primary_available,-0.0734928116410316,observed,1414,1446,1443,1417,8281
2025-11-24,ridge,matched_complete8,-0.0734928116410316,observed,1414,1446,1443,1417,8281
2025-11-25,raw_reversal,primary_available,0.01539800470381499,observed,1449,1452,1449,1452,8282
2025-11-25,raw_reversal,matched_complete8,0.010477371182446035,observed,1425,1452,1449,1452,8282
2025-11-25,univariate_reversal_ridge,primary_available,0.010477371182446035,observed,1425,1452,1449,1428,8282
2025-11-25,univariate_reversal_ridge,matched_complete8,0.010477371182446035,observed,1425,1452,1449,1428,8282
2025-11-25,ridge,primary_available,-0.07262650521037974,observed,1425,1452,1449,1428,8282
2025-11-25,ridge,matched_complete8,-0.07262650521037974,observed,1425,1452,1449,1428,8282
2025-11-26,raw_reversal,primary_available,0.057350564826436204,observed,1457,1459,1457,1459,8283
2025-11-26,raw_reversal,matched_complete8,0.050454484347164305,observed,1435,1459,1457,1459,8283
2025-11-26,univariate_reversal_ridge,primary_available,0.050454484347164305,observed,1435,1459,1457,1437,8283
2025-11-26,univariate_reversal_ridge,matched_complete8,0.050454484347164305,observed,1435,1459,1457,1437,8283
2025-11-26,ridge,primary_available,-0.025151803646312112,observed,1435,1459,1457,1437,8283
2025-11-26,ridge,matched_complete8,-0.025151803646312112,observed,1435,1459,1457,1437,8283
2025-11-28,raw_reversal,primary_available,-0.25146962963732905,observed,1447,1449,1447,1449,8284
2025-11-28,raw_reversal,matched_complete8,-0.2617529206220155,observed,1401,1449,1447,1449,8284
2025-11-28,univariate_reversal_ridge,primary_available,-0.2617529206220155,observed,1401,1449,1447,1403,8284
2025-11-28,univariate_reversal_ridge,matched_complete8,-0.2617529206220155,observed,1401,1449,1447,1403,8284
2025-11-28,ridge,primary_available,-0.3022731425598494,observed,1401,1449,1447,1403,8284
2025-11-28,ridge,matched_complete8,-0.3022731425598494,observed,1401,1449,1447,1403,8284
2025-12-01,raw_reversal,primary_available,-0.14578462760017386,observed,1442,1444,1442,1444,8285
2025-12-01,raw_reversal,matched_complete8,-0.14871149888349774,observed,1381,1444,1442,1444,8285
2025-12-01,univariate_reversal_ridge,primary_available,-0.14871149888349774,observed,1381,1444,1442,1383,8285
2025-12-01,univariate_reversal_ridge,matched_complete8,-0.14871149888349774,observed,1381,1444,1442,1383,8285
2025-12-01,ridge,primary_available,-0.08968753895779166,observed,1381,1444,1442,1383,8285
2025-12-01,ridge,matched_complete8,-0.08968753895779166,observed,1381,1444,1442,1383,8285
2025-12-02,raw_reversal,primary_available,-0.16401579296256097,observed,1437,1440,1437,1440,8286
2025-12-02,raw_reversal,matched_complete8,-0.16901401454646056,observed,1414,1440,1437,1440,8286
2025-12-02,univariate_reversal_ridge,primary_available,-0.16901401454646056,observed,1414,1440,1437,1417,8286
2025-12-02,univariate_reversal_ridge,matched_complete8,-0.16901401454646056,observed,1414,1440,1437,1417,8286
2025-12-02,ridge,primary_available,-0.21282759264692697,observed,1414,1440,1437,1417,8286
2025-12-02,ridge,matched_complete8,-0.21282759264692697,observed,1414,1440,1437,1417,8286
2025-12-03,raw_reversal,primary_available,-0.2170637343068724,observed,1439,1442,1439,1442,8287
2025-12-03,raw_reversal,matched_complete8,-0.21632879401601549,observed,1414,1442,1439,1442,8287
2025-12-03,univariate_reversal_ridge,primary_available,-0.21632879401601549,observed,1414,1442,1439,1417,8287
2025-12-03,univariate_reversal_ridge,matched_complete8,-0.21632879401601549,observed,1414,1442,1439,1417,8287
2025-12-03,ridge,primary_available,-0.22601035880986395,observed,1414,1442,1439,1417,8287
2025-12-03,ridge,matched_complete8,-0.22601035880986395,observed,1414,1442,1439,1417,8287
2025-12-04,raw_reversal,primary_available,-0.1470319192182159,observed,1438,1441,1438,1441,8288
2025-12-04,raw_reversal,matched_complete8,-0.14671131839475482,observed,1411,1441,1438,1441,8288
2025-12-04,univariate_reversal_ridge,primary_available,-0.14671131839475482,observed,1411,1441,1438,1414,8288
2025-12-04,univariate_reversal_ridge,matched_complete8,-0.14671131839475482,observed,1411,1441,1438,1414,8288
2025-12-04,ridge,primary_available,-0.12297315487944221,observed,1411,1441,1438,1414,8288
2025-12-04,ridge,matched_complete8,-0.12297315487944221,observed,1411,1441,1438,1414,8288
2025-12-05,raw_reversal,primary_available,-0.030939851978777848,observed,1427,1430,1427,1430,8289
2025-12-05,raw_reversal,matched_complete8,-0.026245304800840776,observed,1376,1430,1427,1430,8289
2025-12-05,univariate_reversal_ridge,primary_available,-0.026245304800840776,observed,1376,1430,1427,1379,8289
2025-12-05,univariate_reversal_ridge,matched_complete8,-0.026245304800840776,observed,1376,1430,1427,1379,8289
2025-12-05,ridge,primary_available,-0.08301870610534756,observed,1376,1430,1427,1379,8289
2025-12-05,ridge,matched_complete8,-0.08301870610534756,observed,1376,1430,1427,1379,8289
2025-12-08,raw_reversal,primary_available,0.17331418956319244,observed,1424,1428,1424,1428,8290
2025-12-08,raw_reversal,matched_complete8,0.17065548463183394,observed,1401,1428,1424,1428,8290
2025-12-08,univariate_reversal_ridge,primary_available,0.17065548463183394,observed,1401,1428,1424,1405,8290
2025-12-08,univariate_reversal_ridge,matched_complete8,0.17065548463183394,observed,1401,1428,1424,1405,8290
2025-12-08,ridge,primary_available,0.15600961847102315,observed,1401,1428,1424,1405,8290
2025-12-08,ridge,matched_complete8,0.15600961847102315,observed,1401,1428,1424,1405,8290
2025-12-09,raw_reversal,primary_available,0.18585475220427344,observed,1422,1426,1422,1426,8291
2025-12-09,raw_reversal,matched_complete8,0.18690969381562716,observed,1404,1426,1422,1426,8291
2025-12-09,univariate_reversal_ridge,primary_available,0.18690969381562716,observed,1404,1426,1422,1408,8291
2025-12-09,univariate_reversal_ridge,matched_complete8,0.18690969381562716,observed,1404,1426,1422,1408,8291
2025-12-09,ridge,primary_available,0.15138752676463038,observed,1404,1426,1422,1408,8291
2025-12-09,ridge,matched_complete8,0.15138752676463038,observed,1404,1426,1422,1408,8291
2025-12-10,raw_reversal,primary_available,0.23059554718421163,observed,1430,1433,1430,1433,8292
2025-12-10,raw_reversal,matched_complete8,0.22838195786106513,observed,1408,1433,1430,1433,8292
2025-12-10,univariate_reversal_ridge,primary_available,0.22838195786106513,observed,1408,1433,1430,1411,8292
2025-12-10,univariate_reversal_ridge,matched_complete8,0.22838195786106513,observed,1408,1433,1430,1411,8292
2025-12-10,ridge,primary_available,0.15010838247184824,observed,1408,1433,1430,1411,8292
2025-12-10,ridge,matched_complete8,0.15010838247184824,observed,1408,1433,1430,1411,8292
2025-12-11,raw_reversal,primary_available,0.08750046766318953,observed,1432,1434,1432,1434,8293
2025-12-11,raw_reversal,matched_complete8,0.08640778419942376,observed,1416,1434,1432,1434,8293
2025-12-11,univariate_reversal_ridge,primary_available,0.08640778419942376,observed,1416,1434,1432,1418,8293
2025-12-11,univariate_reversal_ridge,matched_complete8,0.08640778419942376,observed,1416,1434,1432,1418,8293
2025-12-11,ridge,primary_available,0.07733660240139355,observed,1416,1434,1432,1418,8293
2025-12-11,ridge,matched_complete8,0.07733660240139355,observed,1416,1434,1432,1418,8293
2025-12-12,raw_reversal,primary_available,-0.01732489814992148,observed,1432,1435,1432,1435,8294
2025-12-12,raw_reversal,matched_complete8,-0.011870485488384687,observed,1403,1435,1432,1435,8294
2025-12-12,univariate_reversal_ridge,primary_available,-0.011870485488384687,observed,1403,1435,1432,1406,8294
2025-12-12,univariate_reversal_ridge,matched_complete8,-0.011870485488384687,observed,1403,1435,1432,1406,8294
2025-12-12,ridge,primary_available,-0.0025710645816238663,observed,1403,1435,1432,1406,8294
2025-12-12,ridge,matched_complete8,-0.0025710645816238663,observed,1403,1435,1432,1406,8294
2025-12-15,raw_reversal,primary_available,0.10463377521588596,observed,1438,1440,1438,1440,8295
2025-12-15,raw_reversal,matched_complete8,0.10469677550055619,observed,1376,1440,1438,1440,8295
2025-12-15,univariate_reversal_ridge,primary_available,0.10469677550055619,observed,1376,1440,1438,1378,8295
2025-12-15,univariate_reversal_ridge,matched_complete8,0.10469677550055619,observed,1376,1440,1438,1378,8295
2025-12-15,ridge,primary_available,0.13285259648128797,observed,1376,1440,1438,1378,8295
2025-12-15,ridge,matched_complete8,0.13285259648128797,observed,1376,1440,1438,1378,8295
2025-12-16,raw_reversal,primary_available,0.03996621616898453,observed,1442,1442,1442,1442,8296
2025-12-16,raw_reversal,matched_complete8,0.03836762546679691,observed,1423,1442,1442,1442,8296
2025-12-16,univariate_reversal_ridge,primary_available,0.03836762546679691,observed,1423,1442,1442,1423,8296
2025-12-16,univariate_reversal_ridge,matched_complete8,0.03836762546679691,observed,1423,1442,1442,1423,8296
2025-12-16,ridge,primary_available,0.020154870990163574,observed,1423,1442,1442,1423,8296
2025-12-16,ridge,matched_complete8,0.020154870990163574,observed,1423,1442,1442,1423,8296
2025-12-17,raw_reversal,primary_available,0.16233642909000615,observed,1438,1439,1439,1438,8297
2025-12-17,raw_reversal,matched_complete8,0.16230257596930955,observed,1421,1439,1439,1438,8297
2025-12-17,univariate_reversal_ridge,primary_available,0.16230257596930955,observed,1421,1439,1439,1421,8297
2025-12-17,univariate_reversal_ridge,matched_complete8,0.16230257596930955,observed,1421,1439,1439,1421,8297
2025-12-17,ridge,primary_available,0.2269519344527935,observed,1421,1439,1439,1421,8297
2025-12-17,ridge,matched_complete8,0.2269519344527935,observed,1421,1439,1439,1421,8297
2025-12-18,raw_reversal,primary_available,0.15915737699644972,observed,1445,1446,1446,1445,8298
2025-12-18,raw_reversal,matched_complete8,0.15853505842653556,observed,1427,1446,1446,1445,8298
2025-12-18,univariate_reversal_ridge,primary_available,0.15853505842653556,observed,1427,1446,1446,1427,8298
2025-12-18,univariate_reversal_ridge,matched_complete8,0.15853505842653556,observed,1427,1446,1446,1427,8298
2025-12-18,ridge,primary_available,0.13021603552196354,observed,1427,1446,1446,1427,8298
2025-12-18,ridge,matched_complete8,0.13021603552196354,observed,1427,1446,1446,1427,8298
2025-12-19,raw_reversal,primary_available,-0.021156657606683563,observed,1474,1475,1475,1474,8299
2025-12-19,raw_reversal,matched_complete8,-0.023845262896122783,observed,1457,1475,1475,1474,8299
2025-12-19,univariate_reversal_ridge,primary_available,-0.023845262896122783,observed,1457,1475,1475,1457,8299
2025-12-19,univariate_reversal_ridge,matched_complete8,-0.023845262896122783,observed,1457,1475,1475,1457,8299
2025-12-19,ridge,primary_available,0.08466333064824501,observed,1457,1475,1475,1457,8299
2025-12-19,ridge,matched_complete8,0.08466333064824501,observed,1457,1475,1475,1457,8299
2025-12-22,raw_reversal,primary_available,0.20254376208668187,observed,1471,1472,1472,1471,8300
2025-12-22,raw_reversal,matched_complete8,0.2070428057592117,observed,1454,1472,1472,1471,8300
2025-12-22,univariate_reversal_ridge,primary_available,0.2070428057592117,observed,1454,1472,1472,1454,8300
2025-12-22,univariate_reversal_ridge,matched_complete8,0.2070428057592117,observed,1454,1472,1472,1454,8300
2025-12-22,ridge,primary_available,0.1762688953365669,observed,1454,1472,1472,1454,8300
2025-12-22,ridge,matched_complete8,0.1762688953365669,observed,1454,1472,1472,1454,8300
2025-12-23,raw_reversal,primary_available,,insufficient_pairs,0,1463,0,1462,8301
2025-12-23,raw_reversal,matched_complete8,,insufficient_pairs,0,1463,0,1462,8301
2025-12-23,univariate_reversal_ridge,primary_available,,insufficient_pairs,0,1463,0,1450,8301
2025-12-23,univariate_reversal_ridge,matched_complete8,,insufficient_pairs,0,1463,0,1450,8301
2025-12-23,ridge,primary_available,,insufficient_pairs,0,1463,0,1450,8301
2025-12-23,ridge,matched_complete8,,insufficient_pairs,0,1463,0,1450,8301
2025-12-24,raw_reversal,primary_available,,insufficient_pairs,0,1454,0,1454,8302
2025-12-24,raw_reversal,matched_complete8,,insufficient_pairs,0,1454,0,1454,8302
2025-12-24,univariate_reversal_ridge,primary_available,,insufficient_pairs,0,1454,0,1441,8302
2025-12-24,univariate_reversal_ridge,matched_complete8,,insufficient_pairs,0,1454,0,1441,8302
2025-12-24,ridge,primary_available,,insufficient_pairs,0,1454,0,1441,8302
2025-12-24,ridge,matched_complete8,,insufficient_pairs,0,1454,0,1441,8302
2025-12-26,raw_reversal,primary_available,,insufficient_pairs,0,1441,0,1441,8303
2025-12-26,raw_reversal,matched_complete8,,insufficient_pairs,0,1441,0,1441,8303
2025-12-26,univariate_reversal_ridge,primary_available,,insufficient_pairs,0,1441,0,1420,8303
2025-12-26,univariate_reversal_ridge,matched_complete8,,insufficient_pairs,0,1441,0,1420,8303
2025-12-26,ridge,primary_available,,insufficient_pairs,0,1441,0,1420,8303
2025-12-26,ridge,matched_complete8,,insufficient_pairs,0,1441,0,1420,8303
2025-12-29,raw_reversal,primary_available,,insufficient_pairs,0,1448,0,1448,8304
2025-12-29,raw_reversal,matched_complete8,,insufficient_pairs,0,1448,0,1448,8304
2025-12-29,univariate_reversal_ridge,primary_available,,insufficient_pairs,0,1448,0,1430,8304
2025-12-29,univariate_reversal_ridge,matched_complete8,,insufficient_pairs,0,1448,0,1430,8304
2025-12-29,ridge,primary_available,,insufficient_pairs,0,1448,0,1430,8304
2025-12-29,ridge,matched_complete8,,insufficient_pairs,0,1448,0,1430,8304
2025-12-30,raw_reversal,primary_available,,insufficient_pairs,0,1441,0,1441,8305
2025-12-30,raw_reversal,matched_complete8,,insufficient_pairs,0,1441,0,1441,8305
2025-12-30,univariate_reversal_ridge,primary_available,,insufficient_pairs,0,1441,0,1426,8305
2025-12-30,univariate_reversal_ridge,matched_complete8,,insufficient_pairs,0,1441,0,1426,8305
2025-12-30,ridge,primary_available,,insufficient_pairs,0,1441,0,1426,8305
2025-12-30,ridge,matched_complete8,,insufficient_pairs,0,1441,0,1426,8305
2025-12-31,raw_reversal,primary_available,,insufficient_pairs,0,1439,0,1439,8306
2025-12-31,raw_reversal,matched_complete8,,insufficient_pairs,0,1439,0,1439,8306
2025-12-31,univariate_reversal_ridge,primary_available,,insufficient_pairs,0,1439,0,1402,8306
2025-12-31,univariate_reversal_ridge,matched_complete8,,insufficient_pairs,0,1439,0,1402,8306
2025-12-31,ridge,primary_available,,insufficient_pairs,0,1439,0,1402,8306
2025-12-31,ridge,matched_complete8,,insufficient_pairs,0,1439,0,1402,8306
