signal_date,benchmark,ic,n_common_keys,identical_security_keys,td
2020-01-02,raw_reversal,-0.07661468413148176,1061,True,6799
2020-01-02,univariate_reversal_ridge,-0.07661468413148176,1061,True,6799
2020-01-03,raw_reversal,-0.05641019019911771,1075,True,6800
2020-01-03,univariate_reversal_ridge,-0.05641019019911771,1075,True,6800
2020-01-06,raw_reversal,-0.02017504484104944,1083,True,6801
2020-01-06,univariate_reversal_ridge,-0.02017504484104944,1083,True,6801
2020-01-07,raw_reversal,-0.025496445350292662,1075,True,6802
2020-01-07,univariate_reversal_ridge,-0.025496445350292662,1075,True,6802
2020-01-08,raw_reversal,-0.03616130226989486,1072,True,6803
2020-01-08,univariate_reversal_ridge,-0.03616130226989486,1072,True,6803
2020-01-09,raw_reversal,0.004698483347135657,1062,True,6804
2020-01-09,univariate_reversal_ridge,0.004698483347135657,1062,True,6804
2020-01-10,raw_reversal,-0.0338418553628614,1076,True,6805
2020-01-10,univariate_reversal_ridge,-0.0338418553628614,1076,True,6805
2020-01-13,raw_reversal,0.005218433698996883,1077,True,6806
2020-01-13,univariate_reversal_ridge,0.005218433698996883,1077,True,6806
2020-01-14,raw_reversal,0.09158045270260709,1074,True,6807
2020-01-14,univariate_reversal_ridge,0.09158045270260709,1074,True,6807
2020-01-15,raw_reversal,-0.019468867641450824,1072,True,6808
2020-01-15,univariate_reversal_ridge,-0.019468867641450824,1072,True,6808
2020-01-16,raw_reversal,0.033782787586063186,1061,True,6809
2020-01-16,univariate_reversal_ridge,0.033782787586063186,1061,True,6809
2020-01-17,raw_reversal,0.003913827980435519,1067,True,6810
2020-01-17,univariate_reversal_ridge,0.003913827980435519,1067,True,6810
2020-01-21,raw_reversal,-0.048759891975020564,1068,True,6811
2020-01-21,univariate_reversal_ridge,-0.048759891975020564,1068,True,6811
2020-01-22,raw_reversal,0.02237287372878427,1030,True,6812
2020-01-22,univariate_reversal_ridge,0.02237287372878427,1030,True,6812
2020-01-23,raw_reversal,0.023317228258829675,1038,True,6813
2020-01-23,univariate_reversal_ridge,0.023317228258829675,1038,True,6813
2020-01-24,raw_reversal,0.009041393477790483,1051,True,6814
2020-01-24,univariate_reversal_ridge,0.009041393477790483,1051,True,6814
2020-01-27,raw_reversal,-0.0004218648031670269,1062,True,6815
2020-01-27,univariate_reversal_ridge,-0.0004218648031670269,1062,True,6815
2020-01-28,raw_reversal,-0.030398544002854758,1062,True,6816
2020-01-28,univariate_reversal_ridge,-0.030398544002854758,1062,True,6816
2020-01-29,raw_reversal,-0.05689753082388016,1067,True,6817
2020-01-29,univariate_reversal_ridge,-0.05689753082388016,1067,True,6817
2020-01-30,raw_reversal,-0.050747680756355,1054,True,6818
2020-01-30,univariate_reversal_ridge,-0.050747680756355,1054,True,6818
2020-01-31,raw_reversal,0.004904442610154908,1069,True,6819
2020-01-31,univariate_reversal_ridge,0.004904442610154908,1069,True,6819
2020-02-03,raw_reversal,0.0054685577673435695,1081,True,6820
2020-02-03,univariate_reversal_ridge,0.0054685577673435695,1081,True,6820
2020-02-04,raw_reversal,-0.019883869420868505,1081,True,6821
2020-02-04,univariate_reversal_ridge,-0.019883869420868505,1081,True,6821
2020-02-05,raw_reversal,0.11820443323651647,1085,True,6822
2020-02-05,univariate_reversal_ridge,0.11820443323651647,1085,True,6822
2020-02-06,raw_reversal,0.03118298237219946,1077,True,6823
2020-02-06,univariate_reversal_ridge,0.03118298237219946,1077,True,6823
2020-02-07,raw_reversal,0.03207497573844028,1075,True,6824
2020-02-07,univariate_reversal_ridge,0.03207497573844028,1075,True,6824
2020-02-10,raw_reversal,-0.013813949059130276,1080,True,6825
2020-02-10,univariate_reversal_ridge,-0.013813949059130276,1080,True,6825
2020-02-11,raw_reversal,0.061414058319566166,1082,True,6826
2020-02-11,univariate_reversal_ridge,0.061414058319566166,1082,True,6826
2020-02-12,raw_reversal,0.07782702780535124,1090,True,6827
2020-02-12,univariate_reversal_ridge,0.07782702780535124,1090,True,6827
2020-02-13,raw_reversal,0.013369199382027692,1056,True,6828
2020-02-13,univariate_reversal_ridge,0.013369199382027692,1056,True,6828
2020-02-14,raw_reversal,-0.01771637903721173,1072,True,6829
2020-02-14,univariate_reversal_ridge,-0.01771637903721173,1072,True,6829
2020-02-18,raw_reversal,0.016445434251846684,1090,True,6830
2020-02-18,univariate_reversal_ridge,0.016445434251846684,1090,True,6830
2020-02-19,raw_reversal,0.1421417211336855,1084,True,6831
2020-02-19,univariate_reversal_ridge,0.1421417211336855,1084,True,6831
2020-02-20,raw_reversal,0.12582858113494233,1083,True,6832
2020-02-20,univariate_reversal_ridge,0.12582858113494233,1083,True,6832
2020-02-21,raw_reversal,0.009636379665830072,1082,True,6833
2020-02-21,univariate_reversal_ridge,0.009636379665830072,1082,True,6833
2020-02-24,raw_reversal,-0.03234421690836443,1081,True,6834
2020-02-24,univariate_reversal_ridge,-0.03234421690836443,1081,True,6834
2020-02-25,raw_reversal,-0.012571254767813636,1093,True,6835
2020-02-25,univariate_reversal_ridge,-0.012571254767813636,1093,True,6835
2020-02-26,raw_reversal,-0.028040729607434478,1100,True,6836
2020-02-26,univariate_reversal_ridge,-0.028040729607434478,1100,True,6836
2020-02-27,raw_reversal,0.1518037798283014,1077,True,6837
2020-02-27,univariate_reversal_ridge,0.1518037798283014,1077,True,6837
2020-02-28,raw_reversal,0.3326068796838079,1104,True,6838
2020-02-28,univariate_reversal_ridge,0.3326068796838079,1104,True,6838
2020-03-02,raw_reversal,0.07714394104311717,1140,True,6839
2020-03-02,univariate_reversal_ridge,0.07714394104311717,1140,True,6839
2020-03-03,raw_reversal,0.05846237007131744,1138,True,6840
2020-03-03,univariate_reversal_ridge,0.05846237007131744,1138,True,6840
2020-03-04,raw_reversal,0.06841415307093823,1142,True,6841
2020-03-04,univariate_reversal_ridge,0.06841415307093823,1142,True,6841
2020-03-05,raw_reversal,0.030745095858958182,1119,True,6842
2020-03-05,univariate_reversal_ridge,0.030745095858958182,1119,True,6842
2020-03-06,raw_reversal,0.04537340045631194,1131,True,6843
2020-03-06,univariate_reversal_ridge,0.04537340045631194,1131,True,6843
2020-03-09,raw_reversal,0.0245667997064406,1119,True,6844
2020-03-09,univariate_reversal_ridge,0.0245667997064406,1119,True,6844
2020-03-10,raw_reversal,0.1772844584125174,1135,True,6845
2020-03-10,univariate_reversal_ridge,0.1772844584125174,1135,True,6845
2020-03-11,raw_reversal,0.047039443302326844,1130,True,6846
2020-03-11,univariate_reversal_ridge,0.047039443302326844,1130,True,6846
2020-03-12,raw_reversal,0.06215742235631899,1071,True,6847
2020-03-12,univariate_reversal_ridge,0.06215742235631899,1071,True,6847
2020-03-13,raw_reversal,0.1076359844556673,1108,True,6848
2020-03-13,univariate_reversal_ridge,0.1076359844556673,1108,True,6848
2020-03-16,raw_reversal,0.03600769599144768,1091,True,6849
2020-03-16,univariate_reversal_ridge,0.03600769599144768,1091,True,6849
2020-03-17,raw_reversal,-0.09580385523406826,1107,True,6850
2020-03-17,univariate_reversal_ridge,-0.09580385523406826,1107,True,6850
2020-03-18,raw_reversal,-0.13142900377220457,1078,True,6851
2020-03-18,univariate_reversal_ridge,-0.13142900377220457,1078,True,6851
2020-03-19,raw_reversal,-0.3973642459735821,1104,True,6852
2020-03-19,univariate_reversal_ridge,-0.3973642459735821,1104,True,6852
2020-03-20,raw_reversal,-0.20462511636012254,1114,True,6853
2020-03-20,univariate_reversal_ridge,-0.20462511636012254,1114,True,6853
2020-03-23,raw_reversal,-0.0757596704266652,1110,True,6854
2020-03-23,univariate_reversal_ridge,-0.0757596704266652,1110,True,6854
2020-03-24,raw_reversal,0.08812881414450935,1148,True,6855
2020-03-24,univariate_reversal_ridge,0.08812881414450935,1148,True,6855
2020-03-25,raw_reversal,0.08116343502957085,1152,True,6856
2020-03-25,univariate_reversal_ridge,0.08116343502957085,1152,True,6856
2020-03-26,raw_reversal,-0.000474532653779447,1152,True,6857
2020-03-26,univariate_reversal_ridge,-0.000474532653779447,1152,True,6857
2020-03-27,raw_reversal,-0.01895947854139146,1136,True,6858
2020-03-27,univariate_reversal_ridge,-0.01895947854139146,1136,True,6858
2020-03-30,raw_reversal,-0.049874825545599896,1106,True,6859
2020-03-30,univariate_reversal_ridge,-0.049874825545599896,1106,True,6859
2020-03-31,raw_reversal,-0.1555125447212839,1112,True,6860
2020-03-31,univariate_reversal_ridge,-0.1555125447212839,1112,True,6860
2020-04-01,raw_reversal,-0.1656784389511915,1099,True,6861
2020-04-01,univariate_reversal_ridge,-0.1656784389511915,1099,True,6861
2020-04-02,raw_reversal,-0.26276078269861014,1095,True,6862
2020-04-02,univariate_reversal_ridge,-0.26276078269861014,1095,True,6862
2020-04-03,raw_reversal,-0.19439580445144994,1092,True,6863
2020-04-03,univariate_reversal_ridge,-0.19439580445144994,1092,True,6863
2020-04-06,raw_reversal,0.023203297942270135,1105,True,6864
2020-04-06,univariate_reversal_ridge,0.023203297942270135,1105,True,6864
2020-04-07,raw_reversal,0.09095192265877752,1104,True,6865
2020-04-07,univariate_reversal_ridge,0.09095192265877752,1104,True,6865
2020-04-08,raw_reversal,0.08868500576481536,1101,True,6866
2020-04-08,univariate_reversal_ridge,0.08868500576481536,1101,True,6866
2020-04-09,raw_reversal,0.050041160596638545,1097,True,6867
2020-04-09,univariate_reversal_ridge,0.050041160596638545,1097,True,6867
2020-04-13,raw_reversal,-0.15293457926593612,1093,True,6868
2020-04-13,univariate_reversal_ridge,-0.15293457926593612,1093,True,6868
2020-04-14,raw_reversal,-0.02232581048328719,1086,True,6869
2020-04-14,univariate_reversal_ridge,-0.02232581048328719,1086,True,6869
2020-04-15,raw_reversal,-0.0007675115551729131,1069,True,6870
2020-04-15,univariate_reversal_ridge,-0.0007675115551729131,1069,True,6870
2020-04-16,raw_reversal,0.031577318266555326,1054,True,6871
2020-04-16,univariate_reversal_ridge,0.031577318266555326,1054,True,6871
2020-04-17,raw_reversal,-0.1532489906843284,1059,True,6872
2020-04-17,univariate_reversal_ridge,-0.1532489906843284,1059,True,6872
2020-04-20,raw_reversal,-0.3712641368289854,1047,True,6873
2020-04-20,univariate_reversal_ridge,-0.3712641368289854,1047,True,6873
2020-04-21,raw_reversal,-0.47003056008402033,1038,True,6874
2020-04-21,univariate_reversal_ridge,-0.47003056008402033,1038,True,6874
2020-04-22,raw_reversal,-0.23644053758533,1033,True,6875
2020-04-22,univariate_reversal_ridge,-0.23644053758533,1033,True,6875
2020-04-23,raw_reversal,-0.21146201138314163,1021,True,6876
2020-04-23,univariate_reversal_ridge,-0.21146201138314163,1021,True,6876
2020-04-24,raw_reversal,-0.1443777766142615,1016,True,6877
2020-04-24,univariate_reversal_ridge,-0.1443777766142615,1016,True,6877
2020-04-27,raw_reversal,-0.01975880727598909,1019,True,6878
2020-04-27,univariate_reversal_ridge,-0.01975880727598909,1019,True,6878
2020-04-28,raw_reversal,0.12169359251471859,1022,True,6879
2020-04-28,univariate_reversal_ridge,0.12169359251471859,1022,True,6879
2020-04-29,raw_reversal,0.007560865377902071,1035,True,6880
2020-04-29,univariate_reversal_ridge,0.007560865377902071,1035,True,6880
2020-04-30,raw_reversal,-0.009381164702729566,1040,True,6881
2020-04-30,univariate_reversal_ridge,-0.009381164702729566,1040,True,6881
2020-05-01,raw_reversal,0.034533430181760076,1036,True,6882
2020-05-01,univariate_reversal_ridge,0.034533430181760076,1036,True,6882
2020-05-04,raw_reversal,0.021190697343231188,1042,True,6883
2020-05-04,univariate_reversal_ridge,0.021190697343231188,1042,True,6883
2020-05-05,raw_reversal,0.07642105249654266,1039,True,6884
2020-05-05,univariate_reversal_ridge,0.07642105249654266,1039,True,6884
2020-05-06,raw_reversal,0.16652278313650698,1032,True,6885
2020-05-06,univariate_reversal_ridge,0.16652278313650698,1032,True,6885
2020-05-07,raw_reversal,0.3841831851216378,1022,True,6886
2020-05-07,univariate_reversal_ridge,0.3841831851216378,1022,True,6886
2020-05-08,raw_reversal,0.2788989050101896,1029,True,6887
2020-05-08,univariate_reversal_ridge,0.2788989050101896,1029,True,6887
2020-05-11,raw_reversal,-0.027370208380031298,1047,True,6888
2020-05-11,univariate_reversal_ridge,-0.027370208380031298,1047,True,6888
2020-05-12,raw_reversal,-0.04887443675222603,1042,True,6889
2020-05-12,univariate_reversal_ridge,-0.04887443675222603,1042,True,6889
2020-05-13,raw_reversal,-0.05739085045448811,1048,True,6890
2020-05-13,univariate_reversal_ridge,-0.05739085045448811,1048,True,6890
2020-05-14,raw_reversal,-0.5064874564092521,1026,True,6891
2020-05-14,univariate_reversal_ridge,-0.5064874564092521,1026,True,6891
2020-05-15,raw_reversal,-0.33343815832491963,1041,True,6892
2020-05-15,univariate_reversal_ridge,-0.33343815832491963,1041,True,6892
2020-05-18,raw_reversal,-0.33727014929618715,1063,True,6893
2020-05-18,univariate_reversal_ridge,-0.33727014929618715,1063,True,6893
2020-05-19,raw_reversal,0.0007443970863984795,1056,True,6894
2020-05-19,univariate_reversal_ridge,0.0007443970863984795,1056,True,6894
2020-05-20,raw_reversal,-0.007454810209935797,1065,True,6895
2020-05-20,univariate_reversal_ridge,-0.007454810209935797,1065,True,6895
2020-05-21,raw_reversal,-0.06074130981313214,1059,True,6896
2020-05-21,univariate_reversal_ridge,-0.06074130981313214,1059,True,6896
2020-05-22,raw_reversal,0.026780057294589984,1062,True,6897
2020-05-22,univariate_reversal_ridge,0.026780057294589984,1062,True,6897
2020-05-26,raw_reversal,0.023885753226219497,1078,True,6898
2020-05-26,univariate_reversal_ridge,0.023885753226219497,1078,True,6898
2020-05-27,raw_reversal,0.016466631317689405,1089,True,6899
2020-05-27,univariate_reversal_ridge,0.016466631317689405,1089,True,6899
2020-05-28,raw_reversal,0.15867915480828976,1057,True,6900
2020-05-28,univariate_reversal_ridge,0.15867915480828976,1057,True,6900
2020-05-29,raw_reversal,0.028499268487911275,1053,True,6901
2020-05-29,univariate_reversal_ridge,0.028499268487911275,1053,True,6901
2020-06-01,raw_reversal,-0.1738462946670835,1081,True,6902
2020-06-01,univariate_reversal_ridge,-0.1738462946670835,1081,True,6902
2020-06-02,raw_reversal,-0.25409082989450327,1090,True,6903
2020-06-02,univariate_reversal_ridge,-0.25409082989450327,1090,True,6903
2020-06-03,raw_reversal,0.14935629292435498,1095,True,6904
2020-06-03,univariate_reversal_ridge,0.14935629292435498,1095,True,6904
2020-06-04,raw_reversal,0.0930773915554936,1076,True,6905
2020-06-04,univariate_reversal_ridge,0.0930773915554936,1076,True,6905
2020-06-05,raw_reversal,-0.08183708355231512,1104,True,6906
2020-06-05,univariate_reversal_ridge,-0.08183708355231512,1104,True,6906
2020-06-08,raw_reversal,0.026954278671826426,1116,True,6907
2020-06-08,univariate_reversal_ridge,0.026954278671826426,1116,True,6907
2020-06-09,raw_reversal,-0.13720867488647026,1099,True,6908
2020-06-09,univariate_reversal_ridge,-0.13720867488647026,1099,True,6908
2020-06-10,raw_reversal,0.08883672598209935,1104,True,6909
2020-06-10,univariate_reversal_ridge,0.08883672598209935,1104,True,6909
2020-06-11,raw_reversal,0.1544373050331882,1083,True,6910
2020-06-11,univariate_reversal_ridge,0.1544373050331882,1083,True,6910
2020-06-12,raw_reversal,0.0792088392831854,1069,True,6911
2020-06-12,univariate_reversal_ridge,0.0792088392831854,1069,True,6911
2020-06-15,raw_reversal,0.2053261996184021,1103,True,6912
2020-06-15,univariate_reversal_ridge,0.2053261996184021,1103,True,6912
2020-06-16,raw_reversal,0.08470635745911409,1111,True,6913
2020-06-16,univariate_reversal_ridge,0.08470635745911409,1111,True,6913
2020-06-17,raw_reversal,-0.025347865510952527,1107,True,6914
2020-06-17,univariate_reversal_ridge,-0.025347865510952527,1107,True,6914
2020-06-18,raw_reversal,0.12121320304765527,1109,True,6915
2020-06-18,univariate_reversal_ridge,0.12121320304765527,1109,True,6915
2020-06-19,raw_reversal,0.06273613408553479,1129,True,6916
2020-06-19,univariate_reversal_ridge,0.06273613408553479,1129,True,6916
2020-06-22,raw_reversal,0.029714972707303625,1141,True,6917
2020-06-22,univariate_reversal_ridge,0.029714972707303625,1141,True,6917
2020-06-23,raw_reversal,0.051445546326326114,1146,True,6918
2020-06-23,univariate_reversal_ridge,0.051445546326326114,1146,True,6918
2020-06-24,raw_reversal,0.0452883560771783,1140,True,6919
2020-06-24,univariate_reversal_ridge,0.0452883560771783,1140,True,6919
2020-06-25,raw_reversal,0.08624769403184615,1140,True,6920
2020-06-25,univariate_reversal_ridge,0.08624769403184615,1140,True,6920
2020-06-26,raw_reversal,0.05208499740329808,1149,True,6921
2020-06-26,univariate_reversal_ridge,0.05208499740329808,1149,True,6921
2020-06-29,raw_reversal,0.2830708921826976,1139,True,6922
2020-06-29,univariate_reversal_ridge,0.2830708921826976,1139,True,6922
2020-06-30,raw_reversal,0.12699010757336382,1162,True,6923
2020-06-30,univariate_reversal_ridge,0.12699010757336382,1162,True,6923
2020-07-01,raw_reversal,-0.024265449092989083,1154,True,6924
2020-07-01,univariate_reversal_ridge,-0.024265449092989083,1154,True,6924
2020-07-02,raw_reversal,0.08052086479728295,1148,True,6925
2020-07-02,univariate_reversal_ridge,0.08052086479728295,1148,True,6925
2020-07-06,raw_reversal,-0.020602562899281494,1149,True,6926
2020-07-06,univariate_reversal_ridge,-0.020602562899281494,1149,True,6926
2020-07-07,raw_reversal,-0.02276484594366346,1146,True,6927
2020-07-07,univariate_reversal_ridge,-0.02276484594366346,1146,True,6927
2020-07-08,raw_reversal,-0.04152121288084071,1151,True,6928
2020-07-08,univariate_reversal_ridge,-0.04152121288084071,1151,True,6928
2020-07-09,raw_reversal,0.016525653585990896,1130,True,6929
2020-07-09,univariate_reversal_ridge,0.016525653585990896,1130,True,6929
2020-07-10,raw_reversal,-0.13709908053207426,1130,True,6930
2020-07-10,univariate_reversal_ridge,-0.13709908053207426,1130,True,6930
2020-07-13,raw_reversal,0.1504744918395236,1131,True,6931
2020-07-13,univariate_reversal_ridge,0.1504744918395236,1131,True,6931
2020-07-14,raw_reversal,-0.004247496684957906,1120,True,6932
2020-07-14,univariate_reversal_ridge,-0.004247496684957906,1120,True,6932
2020-07-15,raw_reversal,0.08065122993626317,1132,True,6933
2020-07-15,univariate_reversal_ridge,0.08065122993626317,1132,True,6933
2020-07-16,raw_reversal,-0.01924757882934648,1119,True,6934
2020-07-16,univariate_reversal_ridge,-0.01924757882934648,1119,True,6934
2020-07-17,raw_reversal,0.09202770127217762,1120,True,6935
2020-07-17,univariate_reversal_ridge,0.09202770127217762,1120,True,6935
2020-07-20,raw_reversal,0.1465003960364751,1093,True,6936
2020-07-20,univariate_reversal_ridge,0.1465003960364751,1093,True,6936
2020-07-21,raw_reversal,-0.03613825220239409,1090,True,6937
2020-07-21,univariate_reversal_ridge,-0.03613825220239409,1090,True,6937
2020-07-22,raw_reversal,0.017010435049653036,1087,True,6938
2020-07-22,univariate_reversal_ridge,0.017010435049653036,1087,True,6938
2020-07-23,raw_reversal,0.21320039731297535,1084,True,6939
2020-07-23,univariate_reversal_ridge,0.21320039731297535,1084,True,6939
2020-07-24,raw_reversal,0.0440106918244143,1079,True,6940
2020-07-24,univariate_reversal_ridge,0.0440106918244143,1079,True,6940
2020-07-27,raw_reversal,-0.06041516643708297,1042,True,6941
2020-07-27,univariate_reversal_ridge,-0.06041516643708297,1042,True,6941
2020-07-28,raw_reversal,0.06750471049393346,1038,True,6942
2020-07-28,univariate_reversal_ridge,0.06750471049393346,1038,True,6942
2020-07-29,raw_reversal,-0.0013418019611776896,1039,True,6943
2020-07-29,univariate_reversal_ridge,-0.0013418019611776896,1039,True,6943
2020-07-30,raw_reversal,0.007081320850503081,1025,True,6944
2020-07-30,univariate_reversal_ridge,0.007081320850503081,1025,True,6944
2020-07-31,raw_reversal,-0.001319998304514014,1033,True,6945
2020-07-31,univariate_reversal_ridge,-0.001319998304514014,1033,True,6945
2020-08-03,raw_reversal,-0.015547551839766638,1045,True,6946
2020-08-03,univariate_reversal_ridge,-0.015547551839766638,1045,True,6946
2020-08-04,raw_reversal,-0.17475213264351888,1049,True,6947
2020-08-04,univariate_reversal_ridge,-0.17475213264351888,1049,True,6947
2020-08-05,raw_reversal,-0.15324382177488743,1056,True,6948
2020-08-05,univariate_reversal_ridge,-0.15324382177488743,1056,True,6948
2020-08-06,raw_reversal,-0.0418616602688558,1052,True,6949
2020-08-06,univariate_reversal_ridge,-0.0418616602688558,1052,True,6949
2020-08-07,raw_reversal,-0.02340230796985976,1065,True,6950
2020-08-07,univariate_reversal_ridge,-0.02340230796985976,1065,True,6950
2020-08-10,raw_reversal,0.037533759609985395,1077,True,6951
2020-08-10,univariate_reversal_ridge,0.037533759609985395,1077,True,6951
2020-08-11,raw_reversal,-0.009970400510012634,1080,True,6952
2020-08-11,univariate_reversal_ridge,-0.009970400510012634,1080,True,6952
2020-08-12,raw_reversal,-0.1584405218012735,1086,True,6953
2020-08-12,univariate_reversal_ridge,-0.1584405218012735,1086,True,6953
2020-08-13,raw_reversal,-0.16595551586686205,1055,True,6954
2020-08-13,univariate_reversal_ridge,-0.16595551586686205,1055,True,6954
2020-08-14,raw_reversal,0.09983380834700514,1068,True,6955
2020-08-14,univariate_reversal_ridge,0.09983380834700514,1068,True,6955
2020-08-17,raw_reversal,0.103848347597737,1082,True,6956
2020-08-17,univariate_reversal_ridge,0.103848347597737,1082,True,6956
2020-08-18,raw_reversal,-0.03631742135080996,1075,True,6957
2020-08-18,univariate_reversal_ridge,-0.03631742135080996,1075,True,6957
2020-08-19,raw_reversal,0.024334482316756417,1075,True,6958
2020-08-19,univariate_reversal_ridge,0.024334482316756417,1075,True,6958
2020-08-20,raw_reversal,-0.07647715887538586,1069,True,6959
2020-08-20,univariate_reversal_ridge,-0.07647715887538586,1069,True,6959
2020-08-21,raw_reversal,-0.04645631980495263,1073,True,6960
2020-08-21,univariate_reversal_ridge,-0.04645631980495263,1073,True,6960
2020-08-24,raw_reversal,0.17198493089696223,1075,True,6961
2020-08-24,univariate_reversal_ridge,0.17198493089696223,1075,True,6961
2020-08-25,raw_reversal,-0.013475615372348204,1077,True,6962
2020-08-25,univariate_reversal_ridge,-0.013475615372348204,1077,True,6962
2020-08-26,raw_reversal,0.051798003696165856,1073,True,6963
2020-08-26,univariate_reversal_ridge,0.051798003696165856,1073,True,6963
2020-08-27,raw_reversal,-0.02219598367163292,1058,True,6964
2020-08-27,univariate_reversal_ridge,-0.02219598367163292,1058,True,6964
2020-08-28,raw_reversal,0.04158396519360229,1041,True,6965
2020-08-28,univariate_reversal_ridge,0.04158396519360229,1041,True,6965
2020-08-31,raw_reversal,0.07068789172939982,1024,True,6966
2020-08-31,univariate_reversal_ridge,0.07068789172939982,1024,True,6966
2020-09-01,raw_reversal,0.00015993069728520437,1051,True,6967
2020-09-01,univariate_reversal_ridge,0.00015993069728520437,1051,True,6967
2020-09-02,raw_reversal,-0.0011497416595890875,1052,True,6968
2020-09-02,univariate_reversal_ridge,-0.0011497416595890875,1052,True,6968
2020-09-03,raw_reversal,0.1117384450985925,1032,True,6969
2020-09-03,univariate_reversal_ridge,0.1117384450985925,1032,True,6969
2020-09-04,raw_reversal,0.02720695998919398,1042,True,6970
2020-09-04,univariate_reversal_ridge,0.02720695998919398,1042,True,6970
2020-09-08,raw_reversal,-0.028583473949281124,1034,True,6971
2020-09-08,univariate_reversal_ridge,-0.028583473949281124,1034,True,6971
2020-09-09,raw_reversal,0.006318316224901366,1033,True,6972
2020-09-09,univariate_reversal_ridge,0.006318316224901366,1033,True,6972
2020-09-10,raw_reversal,-0.009432410180277684,1024,True,6973
2020-09-10,univariate_reversal_ridge,-0.009432410180277684,1024,True,6973
2020-09-11,raw_reversal,-0.03547470454811662,1026,True,6974
2020-09-11,univariate_reversal_ridge,-0.03547470454811662,1026,True,6974
2020-09-14,raw_reversal,-0.0003107573103770696,1005,True,6975
2020-09-14,univariate_reversal_ridge,-0.0003107573103770696,1005,True,6975
2020-09-15,raw_reversal,-0.07496046069546605,1028,True,6976
2020-09-15,univariate_reversal_ridge,-0.07496046069546605,1028,True,6976
2020-09-16,raw_reversal,0.07889426989108178,1043,True,6977
2020-09-16,univariate_reversal_ridge,0.07889426989108178,1043,True,6977
2020-09-17,raw_reversal,-0.043395480370613276,1048,True,6978
2020-09-17,univariate_reversal_ridge,-0.043395480370613276,1048,True,6978
2020-09-18,raw_reversal,-0.08488049268708199,1091,True,6979
2020-09-18,univariate_reversal_ridge,-0.08488049268708199,1091,True,6979
2020-09-21,raw_reversal,-0.02457477011540826,1096,True,6980
2020-09-21,univariate_reversal_ridge,-0.02457477011540826,1096,True,6980
2020-09-22,raw_reversal,-0.015165480346205355,1108,True,6981
2020-09-22,univariate_reversal_ridge,-0.015165480346205355,1108,True,6981
2020-09-23,raw_reversal,0.07026078447049083,1104,True,6982
2020-09-23,univariate_reversal_ridge,0.07026078447049083,1104,True,6982
2020-09-24,raw_reversal,0.04269190886833862,1099,True,6983
2020-09-24,univariate_reversal_ridge,0.04269190886833862,1099,True,6983
2020-09-25,raw_reversal,0.013930377156948615,1108,True,6984
2020-09-25,univariate_reversal_ridge,0.013930377156948615,1108,True,6984
2020-09-28,raw_reversal,-0.07497495861144776,1117,True,6985
2020-09-28,univariate_reversal_ridge,-0.07497495861144776,1117,True,6985
2020-09-29,raw_reversal,0.08037789145250807,1090,True,6986
2020-09-29,univariate_reversal_ridge,0.08037789145250807,1090,True,6986
2020-09-30,raw_reversal,0.0036733387536370954,1104,True,6987
2020-09-30,univariate_reversal_ridge,0.0036733387536370954,1104,True,6987
2020-10-01,raw_reversal,0.0014945186737924127,1111,True,6988
2020-10-01,univariate_reversal_ridge,0.0014945186737924127,1111,True,6988
2020-10-02,raw_reversal,0.052930518882663334,1112,True,6989
2020-10-02,univariate_reversal_ridge,0.052930518882663334,1112,True,6989
2020-10-05,raw_reversal,-0.09586641864983708,1115,True,6990
2020-10-05,univariate_reversal_ridge,-0.09586641864983708,1115,True,6990
2020-10-06,raw_reversal,-0.03971165760731048,1125,True,6991
2020-10-06,univariate_reversal_ridge,-0.03971165760731048,1125,True,6991
2020-10-07,raw_reversal,0.002838998365863876,1129,True,6992
2020-10-07,univariate_reversal_ridge,0.002838998365863876,1129,True,6992
2020-10-08,raw_reversal,0.05842746754762515,1117,True,6993
2020-10-08,univariate_reversal_ridge,0.05842746754762515,1117,True,6993
2020-10-09,raw_reversal,0.006758260637593272,1122,True,6994
2020-10-09,univariate_reversal_ridge,0.006758260637593272,1122,True,6994
2020-10-12,raw_reversal,0.08294422199616668,1124,True,6995
2020-10-12,univariate_reversal_ridge,0.08294422199616668,1124,True,6995
2020-10-13,raw_reversal,0.06725963880105029,1117,True,6996
2020-10-13,univariate_reversal_ridge,0.06725963880105029,1117,True,6996
2020-10-14,raw_reversal,-0.071625168179511,1098,True,6997
2020-10-14,univariate_reversal_ridge,-0.071625168179511,1098,True,6997
2020-10-15,raw_reversal,-0.10862813534701721,1093,True,6998
2020-10-15,univariate_reversal_ridge,-0.10862813534701721,1093,True,6998
2020-10-16,raw_reversal,-0.07047872225216745,1056,True,6999
2020-10-16,univariate_reversal_ridge,-0.07047872225216745,1056,True,6999
2020-10-19,raw_reversal,-0.05929972717281954,1051,True,7000
2020-10-19,univariate_reversal_ridge,-0.05929972717281954,1051,True,7000
2020-10-20,raw_reversal,-0.008304315134472572,1044,True,7001
2020-10-20,univariate_reversal_ridge,-0.008304315134472572,1044,True,7001
2020-10-21,raw_reversal,0.026800309459783598,1036,True,7002
2020-10-21,univariate_reversal_ridge,0.026800309459783598,1036,True,7002
2020-10-22,raw_reversal,0.07123933381018145,1036,True,7003
2020-10-22,univariate_reversal_ridge,0.07123933381018145,1036,True,7003
2020-10-23,raw_reversal,0.027055454026497616,1042,True,7004
2020-10-23,univariate_reversal_ridge,0.027055454026497616,1042,True,7004
2020-10-26,raw_reversal,0.11487702390701077,1040,True,7005
2020-10-26,univariate_reversal_ridge,0.11487702390701077,1040,True,7005
2020-10-27,raw_reversal,0.10192348852628647,1044,True,7006
2020-10-27,univariate_reversal_ridge,0.10192348852628647,1044,True,7006
2020-10-28,raw_reversal,-0.04633823616150451,1046,True,7007
2020-10-28,univariate_reversal_ridge,-0.04633823616150451,1046,True,7007
2020-10-29,raw_reversal,-0.022308496823699453,1046,True,7008
2020-10-29,univariate_reversal_ridge,-0.022308496823699453,1046,True,7008
2020-10-30,raw_reversal,-0.056879075540622215,1055,True,7009
2020-10-30,univariate_reversal_ridge,-0.056879075540622215,1055,True,7009
2020-11-02,raw_reversal,-0.05940628429379526,1069,True,7010
2020-11-02,univariate_reversal_ridge,-0.05940628429379526,1069,True,7010
2020-11-03,raw_reversal,-0.004757176336900704,1071,True,7011
2020-11-03,univariate_reversal_ridge,-0.004757176336900704,1071,True,7011
2020-11-04,raw_reversal,0.18298942112646582,1065,True,7012
2020-11-04,univariate_reversal_ridge,0.18298942112646582,1065,True,7012
2020-11-05,raw_reversal,-0.1234545612294416,1062,True,7013
2020-11-05,univariate_reversal_ridge,-0.1234545612294416,1062,True,7013
2020-11-06,raw_reversal,-0.022543236680255208,1078,True,7014
2020-11-06,univariate_reversal_ridge,-0.022543236680255208,1078,True,7014
2020-11-09,raw_reversal,-0.005186255504895709,1089,True,7015
2020-11-09,univariate_reversal_ridge,-0.005186255504895709,1089,True,7015
2020-11-10,raw_reversal,0.016518041064953845,1109,True,7016
2020-11-10,univariate_reversal_ridge,0.016518041064953845,1109,True,7016
2020-11-11,raw_reversal,0.1784165166530526,1124,True,7017
2020-11-11,univariate_reversal_ridge,0.1784165166530526,1124,True,7017
2020-11-12,raw_reversal,0.07564633205328941,1093,True,7018
2020-11-12,univariate_reversal_ridge,0.07564633205328941,1093,True,7018
2020-11-13,raw_reversal,-0.060873940512542066,1106,True,7019
2020-11-13,univariate_reversal_ridge,-0.060873940512542066,1106,True,7019
2020-11-16,raw_reversal,-0.048681320083998614,1138,True,7020
2020-11-16,univariate_reversal_ridge,-0.048681320083998614,1138,True,7020
2020-11-17,raw_reversal,-0.054505256509738836,1135,True,7021
2020-11-17,univariate_reversal_ridge,-0.054505256509738836,1135,True,7021
2020-11-18,raw_reversal,0.015023687820732323,1146,True,7022
2020-11-18,univariate_reversal_ridge,0.015023687820732323,1146,True,7022
2020-11-19,raw_reversal,-0.010912151437572015,1139,True,7023
2020-11-19,univariate_reversal_ridge,-0.010912151437572015,1139,True,7023
2020-11-20,raw_reversal,0.011053217388957454,1155,True,7024
2020-11-20,univariate_reversal_ridge,0.011053217388957454,1155,True,7024
2020-11-23,raw_reversal,0.03284214928974585,1161,True,7025
2020-11-23,univariate_reversal_ridge,0.03284214928974585,1161,True,7025
2020-11-24,raw_reversal,0.025919765807694672,1161,True,7026
2020-11-24,univariate_reversal_ridge,0.025919765807694672,1161,True,7026
2020-11-25,raw_reversal,-0.024728351018418783,1168,True,7027
2020-11-25,univariate_reversal_ridge,-0.024728351018418783,1168,True,7027
2020-11-27,raw_reversal,0.04664772814639949,1143,True,7028
2020-11-27,univariate_reversal_ridge,0.04664772814639949,1143,True,7028
2020-11-30,raw_reversal,0.1097246548904868,1130,True,7029
2020-11-30,univariate_reversal_ridge,0.1097246548904868,1130,True,7029
2020-12-01,raw_reversal,0.01598547215374064,1155,True,7030
2020-12-01,univariate_reversal_ridge,0.01598547215374064,1155,True,7030
2020-12-02,raw_reversal,-0.05367118933123531,1172,True,7031
2020-12-02,univariate_reversal_ridge,-0.05367118933123531,1172,True,7031
2020-12-03,raw_reversal,-0.027308250304251692,1155,True,7032
2020-12-03,univariate_reversal_ridge,-0.027308250304251692,1155,True,7032
2020-12-04,raw_reversal,-0.004842070133598029,1172,True,7033
2020-12-04,univariate_reversal_ridge,-0.004842070133598029,1172,True,7033
2020-12-07,raw_reversal,-0.0018459062798513032,1186,True,7034
2020-12-07,univariate_reversal_ridge,-0.0018459062798513032,1186,True,7034
2020-12-08,raw_reversal,-0.0468544808308389,1171,True,7035
2020-12-08,univariate_reversal_ridge,-0.0468544808308389,1171,True,7035
2020-12-09,raw_reversal,0.12330904577951016,1167,True,7036
2020-12-09,univariate_reversal_ridge,0.12330904577951016,1167,True,7036
2020-12-10,raw_reversal,-0.07195619998648708,1166,True,7037
2020-12-10,univariate_reversal_ridge,-0.07195619998648708,1166,True,7037
2020-12-11,raw_reversal,-0.05797480654919379,1168,True,7038
2020-12-11,univariate_reversal_ridge,-0.05797480654919379,1168,True,7038
2020-12-14,raw_reversal,-0.0316944586870736,1151,True,7039
2020-12-14,univariate_reversal_ridge,-0.0316944586870736,1151,True,7039
2020-12-15,raw_reversal,0.063539549550782,1175,True,7040
2020-12-15,univariate_reversal_ridge,0.063539549550782,1175,True,7040
2020-12-16,raw_reversal,0.03708047744281681,1179,True,7041
2020-12-16,univariate_reversal_ridge,0.03708047744281681,1179,True,7041
2020-12-17,raw_reversal,0.0037718363593754745,1181,True,7042
2020-12-17,univariate_reversal_ridge,0.0037718363593754745,1181,True,7042
2020-12-18,raw_reversal,0.033029809097551245,1237,True,7043
2020-12-18,univariate_reversal_ridge,0.033029809097551245,1237,True,7043
2020-12-21,raw_reversal,0.050041839279162004,1251,True,7044
2020-12-21,univariate_reversal_ridge,0.050041839279162004,1251,True,7044
2020-12-22,raw_reversal,0.009523732914355376,1246,True,7045
2020-12-22,univariate_reversal_ridge,0.009523732914355376,1246,True,7045
2020-12-23,raw_reversal,-0.18013411400391754,1236,True,7046
2020-12-23,univariate_reversal_ridge,-0.18013411400391754,1236,True,7046
2020-12-24,raw_reversal,-0.12701643930249254,1213,True,7047
2020-12-24,univariate_reversal_ridge,-0.12701643930249254,1213,True,7047
2020-12-28,raw_reversal,0.026670464486843175,1238,True,7048
2020-12-28,univariate_reversal_ridge,0.026670464486843175,1238,True,7048
2020-12-29,raw_reversal,0.09470002532613354,1224,True,7049
2020-12-29,univariate_reversal_ridge,0.09470002532613354,1224,True,7049
2020-12-30,raw_reversal,-0.04452514251497333,1194,True,7050
2020-12-30,univariate_reversal_ridge,-0.04452514251497333,1194,True,7050
2020-12-31,raw_reversal,0.00222088972607698,1206,True,7051
2020-12-31,univariate_reversal_ridge,0.00222088972607698,1206,True,7051
2021-01-04,raw_reversal,-0.0008242915645061168,1221,True,7052
2021-01-04,univariate_reversal_ridge,-0.0008242915645061168,1221,True,7052
2021-01-05,raw_reversal,-0.06834227758452396,1229,True,7053
2021-01-05,univariate_reversal_ridge,-0.06834227758452396,1229,True,7053
2021-01-06,raw_reversal,0.02044292447802387,1248,True,7054
2021-01-06,univariate_reversal_ridge,0.02044292447802387,1248,True,7054
2021-01-07,raw_reversal,-0.027528668444270342,1237,True,7055
2021-01-07,univariate_reversal_ridge,-0.027528668444270342,1237,True,7055
2021-01-08,raw_reversal,0.13884041280302345,1249,True,7056
2021-01-08,univariate_reversal_ridge,0.13884041280302345,1249,True,7056
2021-01-11,raw_reversal,-0.02468542262276873,1259,True,7057
2021-01-11,univariate_reversal_ridge,-0.02468542262276873,1259,True,7057
2021-01-12,raw_reversal,-0.0238665439400106,1264,True,7058
2021-01-12,univariate_reversal_ridge,-0.0238665439400106,1264,True,7058
2021-01-13,raw_reversal,-0.09182779264382834,1261,True,7059
2021-01-13,univariate_reversal_ridge,-0.09182779264382834,1261,True,7059
2021-01-14,raw_reversal,-0.024475983538505497,1265,True,7060
2021-01-14,univariate_reversal_ridge,-0.024475983538505497,1265,True,7060
2021-01-15,raw_reversal,-0.0695518774839086,1272,True,7061
2021-01-15,univariate_reversal_ridge,-0.0695518774839086,1272,True,7061
2021-01-19,raw_reversal,-0.0002829236194386935,1275,True,7062
2021-01-19,univariate_reversal_ridge,-0.0002829236194386935,1275,True,7062
2021-01-20,raw_reversal,-0.02983432722523638,1235,True,7063
2021-01-20,univariate_reversal_ridge,-0.02983432722523638,1235,True,7063
2021-01-21,raw_reversal,-0.03339843752640753,1229,True,7064
2021-01-21,univariate_reversal_ridge,-0.03339843752640753,1229,True,7064
2021-01-22,raw_reversal,-0.0510973866444262,1235,True,7065
2021-01-22,univariate_reversal_ridge,-0.0510973866444262,1235,True,7065
2021-01-25,raw_reversal,-0.038337052139716284,1246,True,7066
2021-01-25,univariate_reversal_ridge,-0.038337052139716284,1246,True,7066
2021-01-26,raw_reversal,0.046427806005019945,1259,True,7067
2021-01-26,univariate_reversal_ridge,0.046427806005019945,1259,True,7067
2021-01-27,raw_reversal,0.029592689015618623,1287,True,7068
2021-01-27,univariate_reversal_ridge,0.029592689015618623,1287,True,7068
2021-01-28,raw_reversal,-0.24263236611158207,1289,True,7069
2021-01-28,univariate_reversal_ridge,-0.24263236611158207,1289,True,7069
2021-01-29,raw_reversal,-0.0003568224146922594,1301,True,7070
2021-01-29,univariate_reversal_ridge,-0.0003568224146922594,1301,True,7070
2021-02-01,raw_reversal,-0.06762162731394744,1330,True,7071
2021-02-01,univariate_reversal_ridge,-0.06762162731394744,1330,True,7071
2021-02-02,raw_reversal,0.007451179957370095,1325,True,7072
2021-02-02,univariate_reversal_ridge,0.007451179957370095,1325,True,7072
2021-02-03,raw_reversal,0.00945442215013699,1335,True,7073
2021-02-03,univariate_reversal_ridge,0.00945442215013699,1335,True,7073
2021-02-04,raw_reversal,0.04052441713319284,1307,True,7074
2021-02-04,univariate_reversal_ridge,0.04052441713319284,1307,True,7074
2021-02-05,raw_reversal,0.058474166160724074,1312,True,7075
2021-02-05,univariate_reversal_ridge,0.058474166160724074,1312,True,7075
2021-02-08,raw_reversal,-0.001959901256179404,1316,True,7076
2021-02-08,univariate_reversal_ridge,-0.001959901256179404,1316,True,7076
2021-02-09,raw_reversal,0.021440283728929366,1318,True,7077
2021-02-09,univariate_reversal_ridge,0.021440283728929366,1318,True,7077
2021-02-10,raw_reversal,-0.10267790414357703,1320,True,7078
2021-02-10,univariate_reversal_ridge,-0.10267790414357703,1320,True,7078
2021-02-11,raw_reversal,0.0003088554821389783,1291,True,7079
2021-02-11,univariate_reversal_ridge,0.0003088554821389783,1291,True,7079
2021-02-12,raw_reversal,-0.043638942530978324,1310,True,7080
2021-02-12,univariate_reversal_ridge,-0.043638942530978324,1310,True,7080
2021-02-16,raw_reversal,-0.1444735799424448,1322,True,7081
2021-02-16,univariate_reversal_ridge,-0.1444735799424448,1322,True,7081
2021-02-17,raw_reversal,-0.008878777959674122,1320,True,7082
2021-02-17,univariate_reversal_ridge,-0.008878777959674122,1320,True,7082
2021-02-18,raw_reversal,0.05546323436734327,1317,True,7083
2021-02-18,univariate_reversal_ridge,0.05546323436734327,1317,True,7083
2021-02-19,raw_reversal,-0.007631169019136602,1316,True,7084
2021-02-19,univariate_reversal_ridge,-0.007631169019136602,1316,True,7084
2021-02-22,raw_reversal,0.013684052099300459,1331,True,7085
2021-02-22,univariate_reversal_ridge,0.013684052099300459,1331,True,7085
2021-02-23,raw_reversal,0.0026946490690062663,1337,True,7086
2021-02-23,univariate_reversal_ridge,0.0026946490690062663,1337,True,7086
2021-02-24,raw_reversal,0.13980379828765865,1341,True,7087
2021-02-24,univariate_reversal_ridge,0.13980379828765865,1341,True,7087
2021-02-25,raw_reversal,0.06800987570671474,1306,True,7088
2021-02-25,univariate_reversal_ridge,0.06800987570671474,1306,True,7088
2021-02-26,raw_reversal,0.28111826130003126,1302,True,7089
2021-02-26,univariate_reversal_ridge,0.28111826130003126,1302,True,7089
2021-03-01,raw_reversal,0.1751762102174654,1329,True,7090
2021-03-01,univariate_reversal_ridge,0.1751762102174654,1329,True,7090
2021-03-02,raw_reversal,-0.12295346160379664,1335,True,7091
2021-03-02,univariate_reversal_ridge,-0.12295346160379664,1335,True,7091
2021-03-03,raw_reversal,-0.04508150250053445,1332,True,7092
2021-03-03,univariate_reversal_ridge,-0.04508150250053445,1332,True,7092
2021-03-04,raw_reversal,0.07527374001254802,1321,True,7093
2021-03-04,univariate_reversal_ridge,0.07527374001254802,1321,True,7093
2021-03-05,raw_reversal,0.008166615808264666,1339,True,7094
2021-03-05,univariate_reversal_ridge,0.008166615808264666,1339,True,7094
2021-03-08,raw_reversal,-0.05228732977419448,1356,True,7095
2021-03-08,univariate_reversal_ridge,-0.05228732977419448,1356,True,7095
2021-03-09,raw_reversal,0.15418286204141268,1349,True,7096
2021-03-09,univariate_reversal_ridge,0.15418286204141268,1349,True,7096
2021-03-10,raw_reversal,0.023975538437617936,1371,True,7097
2021-03-10,univariate_reversal_ridge,0.023975538437617936,1371,True,7097
2021-03-11,raw_reversal,0.10429368333139023,1366,True,7098
2021-03-11,univariate_reversal_ridge,0.10429368333139023,1366,True,7098
2021-03-12,raw_reversal,-0.017572944313821934,1354,True,7099
2021-03-12,univariate_reversal_ridge,-0.017572944313821934,1354,True,7099
2021-03-15,raw_reversal,-0.08230788418455241,1382,True,7100
2021-03-15,univariate_reversal_ridge,-0.08230788418455241,1382,True,7100
2021-03-16,raw_reversal,-0.1499810904814427,1379,True,7101
2021-03-16,univariate_reversal_ridge,-0.1499810904814427,1379,True,7101
2021-03-17,raw_reversal,0.07534745726336572,1394,True,7102
2021-03-17,univariate_reversal_ridge,0.07534745726336572,1394,True,7102
2021-03-18,raw_reversal,-0.09880858003154608,1396,True,7103
2021-03-18,univariate_reversal_ridge,-0.09880858003154608,1396,True,7103
2021-03-19,raw_reversal,0.15857719690671473,1443,True,7104
2021-03-19,univariate_reversal_ridge,0.15857719690671473,1443,True,7104
2021-03-22,raw_reversal,0.15390559098342732,1440,True,7105
2021-03-22,univariate_reversal_ridge,0.15390559098342732,1440,True,7105
2021-03-23,raw_reversal,0.031165227112196422,1435,True,7106
2021-03-23,univariate_reversal_ridge,0.031165227112196422,1435,True,7106
2021-03-24,raw_reversal,-0.0220683669518299,1433,True,7107
2021-03-24,univariate_reversal_ridge,-0.0220683669518299,1433,True,7107
2021-03-25,raw_reversal,-0.054641080003715634,1434,True,7108
2021-03-25,univariate_reversal_ridge,-0.054641080003715634,1434,True,7108
2021-03-26,raw_reversal,-0.09047828643150416,1430,True,7109
2021-03-26,univariate_reversal_ridge,-0.09047828643150416,1430,True,7109
2021-03-29,raw_reversal,-0.04209674031237942,1426,True,7110
2021-03-29,univariate_reversal_ridge,-0.04209674031237942,1426,True,7110
2021-03-30,raw_reversal,-0.07091302592595597,1404,True,7111
2021-03-30,univariate_reversal_ridge,-0.07091302592595597,1404,True,7111
2021-03-31,raw_reversal,0.023315819253563783,1416,True,7112
2021-03-31,univariate_reversal_ridge,0.023315819253563783,1416,True,7112
2021-04-01,raw_reversal,0.0340451961632023,1414,True,7113
2021-04-01,univariate_reversal_ridge,0.0340451961632023,1414,True,7113
2021-04-05,raw_reversal,-0.0055853460046227255,1398,True,7114
2021-04-05,univariate_reversal_ridge,-0.0055853460046227255,1398,True,7114
2021-04-06,raw_reversal,-0.056221788601199585,1397,True,7115
2021-04-06,univariate_reversal_ridge,-0.056221788601199585,1397,True,7115
2021-04-07,raw_reversal,0.002924650641426149,1387,True,7116
2021-04-07,univariate_reversal_ridge,0.002924650641426149,1387,True,7116
2021-04-08,raw_reversal,-0.016628041866821916,1381,True,7117
2021-04-08,univariate_reversal_ridge,-0.016628041866821916,1381,True,7117
2021-04-09,raw_reversal,-0.023832069519734544,1378,True,7118
2021-04-09,univariate_reversal_ridge,-0.023832069519734544,1378,True,7118
2021-04-12,raw_reversal,0.006840573309745801,1378,True,7119
2021-04-12,univariate_reversal_ridge,0.006840573309745801,1378,True,7119
2021-04-13,raw_reversal,0.14391097437731296,1377,True,7120
2021-04-13,univariate_reversal_ridge,0.14391097437731296,1377,True,7120
2021-04-14,raw_reversal,0.073892428323063,1358,True,7121
2021-04-14,univariate_reversal_ridge,0.073892428323063,1358,True,7121
2021-04-15,raw_reversal,0.0035535280438085126,1351,True,7122
2021-04-15,univariate_reversal_ridge,0.0035535280438085126,1351,True,7122
2021-04-16,raw_reversal,-0.025138892237026426,1346,True,7123
2021-04-16,univariate_reversal_ridge,-0.025138892237026426,1346,True,7123
2021-04-19,raw_reversal,-0.0003240068815510422,1296,True,7124
2021-04-19,univariate_reversal_ridge,-0.0003240068815510422,1296,True,7124
2021-04-20,raw_reversal,0.025259887399449954,1284,True,7125
2021-04-20,univariate_reversal_ridge,0.025259887399449954,1284,True,7125
2021-04-21,raw_reversal,-0.25972228107737155,1288,True,7126
2021-04-21,univariate_reversal_ridge,-0.25972228107737155,1288,True,7126
2021-04-22,raw_reversal,0.033959037796616964,1278,True,7127
2021-04-22,univariate_reversal_ridge,0.033959037796616964,1278,True,7127
2021-04-23,raw_reversal,0.006084529198529448,1270,True,7128
2021-04-23,univariate_reversal_ridge,0.006084529198529448,1270,True,7128
2021-04-26,raw_reversal,0.0750567209745478,1278,True,7129
2021-04-26,univariate_reversal_ridge,0.0750567209745478,1278,True,7129
2021-04-27,raw_reversal,-0.09520219021798956,1263,True,7130
2021-04-27,univariate_reversal_ridge,-0.09520219021798956,1263,True,7130
2021-04-28,raw_reversal,0.06776098913981654,1265,True,7131
2021-04-28,univariate_reversal_ridge,0.06776098913981654,1265,True,7131
2021-04-29,raw_reversal,-0.060569602646015394,1246,True,7132
2021-04-29,univariate_reversal_ridge,-0.060569602646015394,1246,True,7132
2021-04-30,raw_reversal,0.21311368602589112,1251,True,7133
2021-04-30,univariate_reversal_ridge,0.21311368602589112,1251,True,7133
2021-05-03,raw_reversal,0.008051667064831236,1257,True,7134
2021-05-03,univariate_reversal_ridge,0.008051667064831236,1257,True,7134
2021-05-04,raw_reversal,0.03924673670975948,1263,True,7135
2021-05-04,univariate_reversal_ridge,0.03924673670975948,1263,True,7135
2021-05-05,raw_reversal,0.001324729050871748,1262,True,7136
2021-05-05,univariate_reversal_ridge,0.001324729050871748,1262,True,7136
2021-05-06,raw_reversal,0.09901134208281936,1258,True,7137
2021-05-06,univariate_reversal_ridge,0.09901134208281936,1258,True,7137
2021-05-07,raw_reversal,0.10756336890291088,1269,True,7138
2021-05-07,univariate_reversal_ridge,0.10756336890291088,1269,True,7138
2021-05-10,raw_reversal,0.052865789387831014,1293,True,7139
2021-05-10,univariate_reversal_ridge,0.052865789387831014,1293,True,7139
2021-05-11,raw_reversal,-0.059001140761581555,1299,True,7140
2021-05-11,univariate_reversal_ridge,-0.059001140761581555,1299,True,7140
2021-05-12,raw_reversal,-0.04172855526927856,1298,True,7141
2021-05-12,univariate_reversal_ridge,-0.04172855526927856,1298,True,7141
2021-05-13,raw_reversal,-0.03497313771925192,1282,True,7142
2021-05-13,univariate_reversal_ridge,-0.03497313771925192,1282,True,7142
2021-05-14,raw_reversal,-0.30195207722637263,1295,True,7143
2021-05-14,univariate_reversal_ridge,-0.30195207722637263,1295,True,7143
2021-05-17,raw_reversal,-0.06205018419224126,1306,True,7144
2021-05-17,univariate_reversal_ridge,-0.06205018419224126,1306,True,7144
2021-05-18,raw_reversal,-0.3559460729352174,1306,True,7145
2021-05-18,univariate_reversal_ridge,-0.3559460729352174,1306,True,7145
2021-05-19,raw_reversal,-0.11028213734605372,1299,True,7146
2021-05-19,univariate_reversal_ridge,-0.11028213734605372,1299,True,7146
2021-05-20,raw_reversal,0.009957966976716748,1300,True,7147
2021-05-20,univariate_reversal_ridge,0.009957966976716748,1300,True,7147
2021-05-21,raw_reversal,-0.0036809989344592977,1303,True,7148
2021-05-21,univariate_reversal_ridge,-0.0036809989344592977,1303,True,7148
2021-05-24,raw_reversal,-0.10146744528466846,1303,True,7149
2021-05-24,univariate_reversal_ridge,-0.10146744528466846,1303,True,7149
2021-05-25,raw_reversal,-0.010345746510737497,1303,True,7150
2021-05-25,univariate_reversal_ridge,-0.010345746510737497,1303,True,7150
2021-05-26,raw_reversal,-0.02113364253897039,1309,True,7151
2021-05-26,univariate_reversal_ridge,-0.02113364253897039,1309,True,7151
2021-05-27,raw_reversal,0.013425464141954557,1290,True,7152
2021-05-27,univariate_reversal_ridge,0.013425464141954557,1290,True,7152
2021-05-28,raw_reversal,0.008452433686341534,1275,True,7153
2021-05-28,univariate_reversal_ridge,0.008452433686341534,1275,True,7153
2021-06-01,raw_reversal,-0.011783628621371223,1308,True,7154
2021-06-01,univariate_reversal_ridge,-0.011783628621371223,1308,True,7154
2021-06-02,raw_reversal,-0.057663874680103866,1314,True,7155
2021-06-02,univariate_reversal_ridge,-0.057663874680103866,1314,True,7155
2021-06-03,raw_reversal,-0.05240731208095738,1290,True,7156
2021-06-03,univariate_reversal_ridge,-0.05240731208095738,1290,True,7156
2021-06-04,raw_reversal,-0.1780432208190729,1306,True,7157
2021-06-04,univariate_reversal_ridge,-0.1780432208190729,1306,True,7157
2021-06-07,raw_reversal,-0.12330900860004018,1294,True,7158
2021-06-07,univariate_reversal_ridge,-0.12330900860004018,1294,True,7158
2021-06-08,raw_reversal,0.07878857168385028,1302,True,7159
2021-06-08,univariate_reversal_ridge,0.07878857168385028,1302,True,7159
2021-06-09,raw_reversal,-0.05506605802356006,1288,True,7160
2021-06-09,univariate_reversal_ridge,-0.05506605802356006,1288,True,7160
2021-06-10,raw_reversal,-0.08720200686685842,1282,True,7161
2021-06-10,univariate_reversal_ridge,-0.08720200686685842,1282,True,7161
2021-06-11,raw_reversal,0.045003936501876174,1282,True,7162
2021-06-11,univariate_reversal_ridge,0.045003936501876174,1282,True,7162
2021-06-14,raw_reversal,-0.017541252311928185,1253,True,7163
2021-06-14,univariate_reversal_ridge,-0.017541252311928185,1253,True,7163
2021-06-15,raw_reversal,0.13129399853445742,1286,True,7164
2021-06-15,univariate_reversal_ridge,0.13129399853445742,1286,True,7164
2021-06-16,raw_reversal,-0.07754194564463546,1289,True,7165
2021-06-16,univariate_reversal_ridge,-0.07754194564463546,1289,True,7165
2021-06-17,raw_reversal,0.01340089543884218,1291,True,7166
2021-06-17,univariate_reversal_ridge,0.01340089543884218,1291,True,7166
2021-06-18,raw_reversal,-0.02390033406219559,1311,True,7167
2021-06-18,univariate_reversal_ridge,-0.02390033406219559,1311,True,7167
2021-06-21,raw_reversal,0.015071547425940305,1320,True,7168
2021-06-21,univariate_reversal_ridge,0.015071547425940305,1320,True,7168
2021-06-22,raw_reversal,-0.08629536385741973,1331,True,7169
2021-06-22,univariate_reversal_ridge,-0.08629536385741973,1331,True,7169
2021-06-23,raw_reversal,-0.060257222198260456,1329,True,7170
2021-06-23,univariate_reversal_ridge,-0.060257222198260456,1329,True,7170
2021-06-24,raw_reversal,-0.019741175241985848,1319,True,7171
2021-06-24,univariate_reversal_ridge,-0.019741175241985848,1319,True,7171
2021-06-25,raw_reversal,0.02547506826648452,1380,True,7172
2021-06-25,univariate_reversal_ridge,0.02547506826648452,1380,True,7172
2021-06-28,raw_reversal,-0.020919765807043106,1386,True,7173
2021-06-28,univariate_reversal_ridge,-0.020919765807043106,1386,True,7173
2021-06-29,raw_reversal,-0.05890479542653759,1363,True,7174
2021-06-29,univariate_reversal_ridge,-0.05890479542653759,1363,True,7174
2021-06-30,raw_reversal,0.14061826724000845,1368,True,7175
2021-06-30,univariate_reversal_ridge,0.14061826724000845,1368,True,7175
2021-07-01,raw_reversal,0.061784290379901435,1373,True,7176
2021-07-01,univariate_reversal_ridge,0.061784290379901435,1373,True,7176
2021-07-02,raw_reversal,-0.026963982829617178,1369,True,7177
2021-07-02,univariate_reversal_ridge,-0.026963982829617178,1369,True,7177
2021-07-06,raw_reversal,0.13520169914137772,1366,True,7178
2021-07-06,univariate_reversal_ridge,0.13520169914137772,1366,True,7178
2021-07-07,raw_reversal,-0.025972846367325414,1365,True,7179
2021-07-07,univariate_reversal_ridge,-0.025972846367325414,1365,True,7179
2021-07-08,raw_reversal,0.18382853334449703,1358,True,7180
2021-07-08,univariate_reversal_ridge,0.18382853334449703,1358,True,7180
2021-07-09,raw_reversal,0.28873333822699665,1367,True,7181
2021-07-09,univariate_reversal_ridge,0.28873333822699665,1367,True,7181
2021-07-12,raw_reversal,0.1850304876495103,1375,True,7182
2021-07-12,univariate_reversal_ridge,0.1850304876495103,1375,True,7182
2021-07-13,raw_reversal,-0.0036306860363446297,1363,True,7183
2021-07-13,univariate_reversal_ridge,-0.0036306860363446297,1363,True,7183
2021-07-14,raw_reversal,-0.0018002083641822375,1342,True,7184
2021-07-14,univariate_reversal_ridge,-0.0018002083641822375,1342,True,7184
2021-07-15,raw_reversal,0.015283159194533269,1336,True,7185
2021-07-15,univariate_reversal_ridge,0.015283159194533269,1336,True,7185
2021-07-16,raw_reversal,-0.02380301904482446,1328,True,7186
2021-07-16,univariate_reversal_ridge,-0.02380301904482446,1328,True,7186
2021-07-19,raw_reversal,0.011763391878831742,1305,True,7187
2021-07-19,univariate_reversal_ridge,0.011763391878831742,1305,True,7187
2021-07-20,raw_reversal,-0.008387301059680581,1303,True,7188
2021-07-20,univariate_reversal_ridge,-0.008387301059680581,1303,True,7188
2021-07-21,raw_reversal,0.0190256491815372,1304,True,7189
2021-07-21,univariate_reversal_ridge,0.0190256491815372,1304,True,7189
2021-07-22,raw_reversal,-0.040466377932163414,1294,True,7190
2021-07-22,univariate_reversal_ridge,-0.040466377932163414,1294,True,7190
2021-07-23,raw_reversal,-0.013061351329918388,1285,True,7191
2021-07-23,univariate_reversal_ridge,-0.013061351329918388,1285,True,7191
2021-07-26,raw_reversal,0.058428471796826684,1231,True,7192
2021-07-26,univariate_reversal_ridge,0.058428471796826684,1231,True,7192
2021-07-27,raw_reversal,0.020610613768293255,1229,True,7193
2021-07-27,univariate_reversal_ridge,0.020610613768293255,1229,True,7193
2021-07-28,raw_reversal,0.11785865259095377,1231,True,7194
2021-07-28,univariate_reversal_ridge,0.11785865259095377,1231,True,7194
2021-07-29,raw_reversal,-0.010278307464516065,1210,True,7195
2021-07-29,univariate_reversal_ridge,-0.010278307464516065,1210,True,7195
2021-07-30,raw_reversal,0.023729831999167568,1204,True,7196
2021-07-30,univariate_reversal_ridge,0.023729831999167568,1204,True,7196
2021-08-02,raw_reversal,0.013206929210575327,1225,True,7197
2021-08-02,univariate_reversal_ridge,0.013206929210575327,1225,True,7197
2021-08-03,raw_reversal,-0.0704150799115702,1224,True,7198
2021-08-03,univariate_reversal_ridge,-0.0704150799115702,1224,True,7198
2021-08-04,raw_reversal,-0.018125353102175445,1217,True,7199
2021-08-04,univariate_reversal_ridge,-0.018125353102175445,1217,True,7199
2021-08-05,raw_reversal,-0.07452181541120687,1218,True,7200
2021-08-05,univariate_reversal_ridge,-0.07452181541120687,1218,True,7200
2021-08-06,raw_reversal,-0.0488291262951408,1232,True,7201
2021-08-06,univariate_reversal_ridge,-0.0488291262951408,1232,True,7201
2021-08-09,raw_reversal,0.027499654975642662,1225,True,7202
2021-08-09,univariate_reversal_ridge,0.027499654975642662,1225,True,7202
2021-08-10,raw_reversal,0.054597155657253316,1243,True,7203
2021-08-10,univariate_reversal_ridge,0.054597155657253316,1243,True,7203
2021-08-11,raw_reversal,-0.003681256214391304,1234,True,7204
2021-08-11,univariate_reversal_ridge,-0.003681256214391304,1234,True,7204
2021-08-12,raw_reversal,-0.010017913886957885,1216,True,7205
2021-08-12,univariate_reversal_ridge,-0.010017913886957885,1216,True,7205
2021-08-13,raw_reversal,-0.04688224502595302,1216,True,7206
2021-08-13,univariate_reversal_ridge,-0.04688224502595302,1216,True,7206
2021-08-16,raw_reversal,0.0190551756175365,1225,True,7207
2021-08-16,univariate_reversal_ridge,0.0190551756175365,1225,True,7207
2021-08-17,raw_reversal,0.03117129002464397,1203,True,7208
2021-08-17,univariate_reversal_ridge,0.03117129002464397,1203,True,7208
2021-08-18,raw_reversal,-0.12032218112637127,1207,True,7209
2021-08-18,univariate_reversal_ridge,-0.12032218112637127,1207,True,7209
2021-08-19,raw_reversal,-0.016025232710268345,1199,True,7210
2021-08-19,univariate_reversal_ridge,-0.016025232710268345,1199,True,7210
2021-08-20,raw_reversal,-0.23321292296884855,1214,True,7211
2021-08-20,univariate_reversal_ridge,-0.23321292296884855,1214,True,7211
2021-08-23,raw_reversal,-0.10665195766576008,1221,True,7212
2021-08-23,univariate_reversal_ridge,-0.10665195766576008,1221,True,7212
2021-08-24,raw_reversal,0.06710538357499897,1216,True,7213
2021-08-24,univariate_reversal_ridge,0.06710538357499897,1216,True,7213
2021-08-25,raw_reversal,0.10468725663578082,1210,True,7214
2021-08-25,univariate_reversal_ridge,0.10468725663578082,1210,True,7214
2021-08-26,raw_reversal,0.039150560081264246,1203,True,7215
2021-08-26,univariate_reversal_ridge,0.039150560081264246,1203,True,7215
2021-08-27,raw_reversal,0.0414572575783862,1206,True,7216
2021-08-27,univariate_reversal_ridge,0.0414572575783862,1206,True,7216
2021-08-30,raw_reversal,-0.02743840767092917,1191,True,7217
2021-08-30,univariate_reversal_ridge,-0.02743840767092917,1191,True,7217
2021-08-31,raw_reversal,0.10864052819348816,1173,True,7218
2021-08-31,univariate_reversal_ridge,0.10864052819348816,1173,True,7218
2021-09-01,raw_reversal,0.07465169424361223,1213,True,7219
2021-09-01,univariate_reversal_ridge,0.07465169424361223,1213,True,7219
2021-09-02,raw_reversal,0.04301457192414246,1195,True,7220
2021-09-02,univariate_reversal_ridge,0.04301457192414246,1195,True,7220
2021-09-03,raw_reversal,-0.015659676813790255,1206,True,7221
2021-09-03,univariate_reversal_ridge,-0.015659676813790255,1206,True,7221
2021-09-07,raw_reversal,0.001901291834290074,1203,True,7222
2021-09-07,univariate_reversal_ridge,0.001901291834290074,1203,True,7222
2021-09-08,raw_reversal,-0.017181322202573054,1200,True,7223
2021-09-08,univariate_reversal_ridge,-0.017181322202573054,1200,True,7223
2021-09-09,raw_reversal,0.002520052337661005,1179,True,7224
2021-09-09,univariate_reversal_ridge,0.002520052337661005,1179,True,7224
2021-09-10,raw_reversal,0.005580507426496691,1205,True,7225
2021-09-10,univariate_reversal_ridge,0.005580507426496691,1205,True,7225
2021-09-13,raw_reversal,0.059052590545534724,1210,True,7226
2021-09-13,univariate_reversal_ridge,0.059052590545534724,1210,True,7226
2021-09-14,raw_reversal,-0.032742488660208735,1180,True,7227
2021-09-14,univariate_reversal_ridge,-0.032742488660208735,1180,True,7227
2021-09-15,raw_reversal,0.018718353436670224,1223,True,7228
2021-09-15,univariate_reversal_ridge,0.018718353436670224,1223,True,7228
2021-09-16,raw_reversal,-0.00703711644643415,1234,True,7229
2021-09-16,univariate_reversal_ridge,-0.00703711644643415,1234,True,7229
2021-09-17,raw_reversal,0.08544039123311119,1300,True,7230
2021-09-17,univariate_reversal_ridge,0.08544039123311119,1300,True,7230
2021-09-20,raw_reversal,-0.08778890599806839,1306,True,7231
2021-09-20,univariate_reversal_ridge,-0.08778890599806839,1306,True,7231
2021-09-21,raw_reversal,0.045683065211836765,1305,True,7232
2021-09-21,univariate_reversal_ridge,0.045683065211836765,1305,True,7232
2021-09-22,raw_reversal,-0.09975784808481697,1297,True,7233
2021-09-22,univariate_reversal_ridge,-0.09975784808481697,1297,True,7233
2021-09-23,raw_reversal,-0.0779350568155283,1295,True,7234
2021-09-23,univariate_reversal_ridge,-0.0779350568155283,1295,True,7234
2021-09-24,raw_reversal,-0.0637201381625346,1312,True,7235
2021-09-24,univariate_reversal_ridge,-0.0637201381625346,1312,True,7235
2021-09-27,raw_reversal,0.018730095478481854,1318,True,7236
2021-09-27,univariate_reversal_ridge,0.018730095478481854,1318,True,7236
2021-09-28,raw_reversal,-0.012404994816839515,1324,True,7237
2021-09-28,univariate_reversal_ridge,-0.012404994816839515,1324,True,7237
2021-09-29,raw_reversal,0.06284931891165656,1300,True,7238
2021-09-29,univariate_reversal_ridge,0.06284931891165656,1300,True,7238
2021-09-30,raw_reversal,0.10959704221453466,1318,True,7239
2021-09-30,univariate_reversal_ridge,0.10959704221453466,1318,True,7239
2021-10-01,raw_reversal,0.07766226292097425,1338,True,7240
2021-10-01,univariate_reversal_ridge,0.07766226292097425,1338,True,7240
2021-10-04,raw_reversal,0.01708840617414463,1330,True,7241
2021-10-04,univariate_reversal_ridge,0.01708840617414463,1330,True,7241
2021-10-05,raw_reversal,-0.07171157191043452,1328,True,7242
2021-10-05,univariate_reversal_ridge,-0.07171157191043452,1328,True,7242
2021-10-06,raw_reversal,-0.03029562223009559,1330,True,7243
2021-10-06,univariate_reversal_ridge,-0.03029562223009559,1330,True,7243
2021-10-07,raw_reversal,-0.07878277726966622,1320,True,7244
2021-10-07,univariate_reversal_ridge,-0.07878277726966622,1320,True,7244
2021-10-08,raw_reversal,0.003750878722288617,1325,True,7245
2021-10-08,univariate_reversal_ridge,0.003750878722288617,1325,True,7245
2021-10-11,raw_reversal,-0.030826832636961548,1323,True,7246
2021-10-11,univariate_reversal_ridge,-0.030826832636961548,1323,True,7246
2021-10-12,raw_reversal,-0.07004315684730854,1317,True,7247
2021-10-12,univariate_reversal_ridge,-0.07004315684730854,1317,True,7247
2021-10-13,raw_reversal,-0.06487387896282634,1307,True,7248
2021-10-13,univariate_reversal_ridge,-0.06487387896282634,1307,True,7248
2021-10-14,raw_reversal,-0.043302835407461826,1293,True,7249
2021-10-14,univariate_reversal_ridge,-0.043302835407461826,1293,True,7249
2021-10-15,raw_reversal,-0.003975785494627218,1244,True,7250
2021-10-15,univariate_reversal_ridge,-0.003975785494627218,1244,True,7250
2021-10-18,raw_reversal,0.004522225556462797,1243,True,7251
2021-10-18,univariate_reversal_ridge,0.004522225556462797,1243,True,7251
2021-10-19,raw_reversal,0.056755903733277324,1242,True,7252
2021-10-19,univariate_reversal_ridge,0.056755903733277324,1242,True,7252
2021-10-20,raw_reversal,0.054968054014701645,1241,True,7253
2021-10-20,univariate_reversal_ridge,0.054968054014701645,1241,True,7253
2021-10-21,raw_reversal,-0.004584598794677583,1228,True,7254
2021-10-21,univariate_reversal_ridge,-0.004584598794677583,1228,True,7254
2021-10-22,raw_reversal,0.057950883405521944,1231,True,7255
2021-10-22,univariate_reversal_ridge,0.057950883405521944,1231,True,7255
2021-10-25,raw_reversal,-0.06458166161230498,1237,True,7256
2021-10-25,univariate_reversal_ridge,-0.06458166161230498,1237,True,7256
2021-10-26,raw_reversal,-0.013155482824229354,1237,True,7257
2021-10-26,univariate_reversal_ridge,-0.013155482824229354,1237,True,7257
2021-10-27,raw_reversal,-0.012843757236238207,1239,True,7258
2021-10-27,univariate_reversal_ridge,-0.012843757236238207,1239,True,7258
2021-10-28,raw_reversal,-0.06358444368016739,1218,True,7259
2021-10-28,univariate_reversal_ridge,-0.06358444368016739,1218,True,7259
2021-10-29,raw_reversal,-0.016387782961632895,1216,True,7260
2021-10-29,univariate_reversal_ridge,-0.016387782961632895,1216,True,7260
2021-11-01,raw_reversal,-0.03103236699864786,1239,True,7261
2021-11-01,univariate_reversal_ridge,-0.03103236699864786,1239,True,7261
2021-11-02,raw_reversal,-0.010573870419485182,1245,True,7262
2021-11-02,univariate_reversal_ridge,-0.010573870419485182,1245,True,7262
2021-11-03,raw_reversal,0.011107298433305074,1265,True,7263
2021-11-03,univariate_reversal_ridge,0.011107298433305074,1265,True,7263
2021-11-04,raw_reversal,0.005267444348303722,1259,True,7264
2021-11-04,univariate_reversal_ridge,0.005267444348303722,1259,True,7264
2021-11-05,raw_reversal,0.020632196340437142,1274,True,7265
2021-11-05,univariate_reversal_ridge,0.020632196340437142,1274,True,7265
2021-11-08,raw_reversal,0.032402471533645796,1286,True,7266
2021-11-08,univariate_reversal_ridge,0.032402471533645796,1286,True,7266
2021-11-09,raw_reversal,-0.026968513181426915,1276,True,7267
2021-11-09,univariate_reversal_ridge,-0.026968513181426915,1276,True,7267
2021-11-10,raw_reversal,0.03325011571303779,1283,True,7268
2021-11-10,univariate_reversal_ridge,0.03325011571303779,1283,True,7268
2021-11-11,raw_reversal,0.017498533916034384,1311,True,7269
2021-11-11,univariate_reversal_ridge,0.017498533916034384,1311,True,7269
2021-11-12,raw_reversal,0.06472325888721434,1275,True,7270
2021-11-12,univariate_reversal_ridge,0.06472325888721434,1275,True,7270
2021-11-15,raw_reversal,0.05709177197154025,1305,True,7271
2021-11-15,univariate_reversal_ridge,0.05709177197154025,1305,True,7271
2021-11-16,raw_reversal,0.15489361920622136,1308,True,7272
2021-11-16,univariate_reversal_ridge,0.15489361920622136,1308,True,7272
2021-11-17,raw_reversal,-0.04162453363963023,1319,True,7273
2021-11-17,univariate_reversal_ridge,-0.04162453363963023,1319,True,7273
2021-11-18,raw_reversal,-0.03544458371333255,1303,True,7274
2021-11-18,univariate_reversal_ridge,-0.03544458371333255,1303,True,7274
2021-11-19,raw_reversal,0.03661305625665856,1321,True,7275
2021-11-19,univariate_reversal_ridge,0.03661305625665856,1321,True,7275
2021-11-22,raw_reversal,0.12332994738148584,1324,True,7276
2021-11-22,univariate_reversal_ridge,0.12332994738148584,1324,True,7276
2021-11-23,raw_reversal,0.07012196344235996,1323,True,7277
2021-11-23,univariate_reversal_ridge,0.07012196344235996,1323,True,7277
2021-11-24,raw_reversal,0.10627227105380027,1324,True,7278
2021-11-24,univariate_reversal_ridge,0.10627227105380027,1324,True,7278
2021-11-26,raw_reversal,0.18650010158815444,1314,True,7279
2021-11-26,univariate_reversal_ridge,0.18650010158815444,1314,True,7279
2021-11-29,raw_reversal,0.06445680653048903,1301,True,7280
2021-11-29,univariate_reversal_ridge,0.06445680653048903,1301,True,7280
2021-11-30,raw_reversal,-0.005587965059595315,1289,True,7281
2021-11-30,univariate_reversal_ridge,-0.005587965059595315,1289,True,7281
2021-12-01,raw_reversal,-0.06559562114587192,1322,True,7282
2021-12-01,univariate_reversal_ridge,-0.06559562114587192,1322,True,7282
2021-12-02,raw_reversal,-0.1046396759531619,1302,True,7283
2021-12-02,univariate_reversal_ridge,-0.1046396759531619,1302,True,7283
2021-12-03,raw_reversal,-0.0261893373115821,1315,True,7284
2021-12-03,univariate_reversal_ridge,-0.0261893373115821,1315,True,7284
2021-12-06,raw_reversal,0.1504505186760241,1319,True,7285
2021-12-06,univariate_reversal_ridge,0.1504505186760241,1319,True,7285
2021-12-07,raw_reversal,0.2757883147077224,1320,True,7286
2021-12-07,univariate_reversal_ridge,0.2757883147077224,1320,True,7286
2021-12-08,raw_reversal,0.12482157735921852,1324,True,7287
2021-12-08,univariate_reversal_ridge,0.12482157735921852,1324,True,7287
2021-12-09,raw_reversal,-0.12520331064307139,1300,True,7288
2021-12-09,univariate_reversal_ridge,-0.12520331064307139,1300,True,7288
2021-12-10,raw_reversal,-0.08516801501829918,1304,True,7289
2021-12-10,univariate_reversal_ridge,-0.08516801501829918,1304,True,7289
2021-12-13,raw_reversal,-0.12467461624106285,1309,True,7290
2021-12-13,univariate_reversal_ridge,-0.12467461624106285,1309,True,7290
2021-12-14,raw_reversal,-0.09254617188978319,1273,True,7291
2021-12-14,univariate_reversal_ridge,-0.09254617188978319,1273,True,7291
2021-12-15,raw_reversal,-0.05394049791866212,1316,True,7292
2021-12-15,univariate_reversal_ridge,-0.05394049791866212,1316,True,7292
2021-12-16,raw_reversal,-0.009630934000576907,1306,True,7293
2021-12-16,univariate_reversal_ridge,-0.009630934000576907,1306,True,7293
2021-12-17,raw_reversal,-0.1352612149143348,1364,True,7294
2021-12-17,univariate_reversal_ridge,-0.1352612149143348,1364,True,7294
2021-12-20,raw_reversal,0.00745149651838628,1366,True,7295
2021-12-20,univariate_reversal_ridge,0.00745149651838628,1366,True,7295
2021-12-21,raw_reversal,0.05716125179164977,1372,True,7296
2021-12-21,univariate_reversal_ridge,0.05716125179164977,1372,True,7296
2021-12-22,raw_reversal,-0.010581551164534075,1354,True,7297
2021-12-22,univariate_reversal_ridge,-0.010581551164534075,1354,True,7297
2021-12-23,raw_reversal,-0.0028314021557122593,1359,True,7298
2021-12-23,univariate_reversal_ridge,-0.0028314021557122593,1359,True,7298
2021-12-27,raw_reversal,-0.005200303698746883,1357,True,7299
2021-12-27,univariate_reversal_ridge,-0.005200303698746883,1357,True,7299
2021-12-28,raw_reversal,-0.11248536870247883,1351,True,7300
2021-12-28,univariate_reversal_ridge,-0.11248536870247883,1351,True,7300
2021-12-29,raw_reversal,0.02612998705319554,1326,True,7301
2021-12-29,univariate_reversal_ridge,0.02612998705319554,1326,True,7301
2021-12-30,raw_reversal,0.2689781421119688,1299,True,7302
2021-12-30,univariate_reversal_ridge,0.2689781421119688,1299,True,7302
2021-12-31,raw_reversal,-0.006297098575397536,1314,True,7303
2021-12-31,univariate_reversal_ridge,-0.006297098575397536,1314,True,7303
2022-01-03,raw_reversal,0.13534744781195748,1315,True,7304
2022-01-03,univariate_reversal_ridge,0.13534744781195748,1315,True,7304
2022-01-04,raw_reversal,-0.035957074232083996,1309,True,7305
2022-01-04,univariate_reversal_ridge,-0.035957074232083996,1309,True,7305
2022-01-05,raw_reversal,-0.011129779629551334,1307,True,7306
2022-01-05,univariate_reversal_ridge,-0.011129779629551334,1307,True,7306
2022-01-06,raw_reversal,0.16987402213051855,1304,True,7307
2022-01-06,univariate_reversal_ridge,0.16987402213051855,1304,True,7307
2022-01-07,raw_reversal,0.12253819663624627,1311,True,7308
2022-01-07,univariate_reversal_ridge,0.12253819663624627,1311,True,7308
2022-01-10,raw_reversal,0.27784414269208224,1319,True,7309
2022-01-10,univariate_reversal_ridge,0.27784414269208224,1319,True,7309
2022-01-11,raw_reversal,0.41426704905484585,1319,True,7310
2022-01-11,univariate_reversal_ridge,0.41426704905484585,1319,True,7310
2022-01-12,raw_reversal,0.07279354360289148,1314,True,7311
2022-01-12,univariate_reversal_ridge,0.07279354360289148,1314,True,7311
2022-01-13,raw_reversal,0.051954347172749105,1282,True,7312
2022-01-13,univariate_reversal_ridge,0.051954347172749105,1282,True,7312
2022-01-14,raw_reversal,0.09388885389062718,1282,True,7313
2022-01-14,univariate_reversal_ridge,0.09388885389062718,1282,True,7313
2022-01-18,raw_reversal,-0.03944567862638171,1229,True,7314
2022-01-18,univariate_reversal_ridge,-0.03944567862638171,1229,True,7314
2022-01-19,raw_reversal,0.1614894439730413,1227,True,7315
2022-01-19,univariate_reversal_ridge,0.1614894439730413,1227,True,7315
2022-01-20,raw_reversal,0.1780580326682764,1228,True,7316
2022-01-20,univariate_reversal_ridge,0.1780580326682764,1228,True,7316
2022-01-21,raw_reversal,-0.021774825838688866,1235,True,7317
2022-01-21,univariate_reversal_ridge,-0.021774825838688866,1235,True,7317
2022-01-24,raw_reversal,-0.21021726064136864,1248,True,7318
2022-01-24,univariate_reversal_ridge,-0.21021726064136864,1248,True,7318
2022-01-25,raw_reversal,-0.039933332383239734,1254,True,7319
2022-01-25,univariate_reversal_ridge,-0.039933332383239734,1254,True,7319
2022-01-26,raw_reversal,-0.03710214026129953,1262,True,7320
2022-01-26,univariate_reversal_ridge,-0.03710214026129953,1262,True,7320
2022-01-27,raw_reversal,-0.07787071479308819,1267,True,7321
2022-01-27,univariate_reversal_ridge,-0.07787071479308819,1267,True,7321
2022-01-28,raw_reversal,-0.12899159815585826,1267,True,7322
2022-01-28,univariate_reversal_ridge,-0.12899159815585826,1267,True,7322
2022-01-31,raw_reversal,0.24527167878526085,1297,True,7323
2022-01-31,univariate_reversal_ridge,0.24527167878526085,1297,True,7323
2022-02-01,raw_reversal,0.0198704923204744,1313,True,7324
2022-02-01,univariate_reversal_ridge,0.0198704923204744,1313,True,7324
2022-02-02,raw_reversal,0.08685524814841178,1301,True,7325
2022-02-02,univariate_reversal_ridge,0.08685524814841178,1301,True,7325
2022-02-03,raw_reversal,0.004340114775764653,1293,True,7326
2022-02-03,univariate_reversal_ridge,0.004340114775764653,1293,True,7326
2022-02-04,raw_reversal,-0.016540073689998464,1292,True,7327
2022-02-04,univariate_reversal_ridge,-0.016540073689998464,1292,True,7327
2022-02-07,raw_reversal,-0.15201291196469707,1293,True,7328
2022-02-07,univariate_reversal_ridge,-0.15201291196469707,1293,True,7328
2022-02-08,raw_reversal,-0.048783629155004234,1290,True,7329
2022-02-08,univariate_reversal_ridge,-0.048783629155004234,1290,True,7329
2022-02-09,raw_reversal,0.05971097471832251,1289,True,7330
2022-02-09,univariate_reversal_ridge,0.05971097471832251,1289,True,7330
2022-02-10,raw_reversal,0.027390941152578896,1280,True,7331
2022-02-10,univariate_reversal_ridge,0.027390941152578896,1280,True,7331
2022-02-11,raw_reversal,0.016033597763179055,1280,True,7332
2022-02-11,univariate_reversal_ridge,0.016033597763179055,1280,True,7332
2022-02-14,raw_reversal,0.17363643208917412,1286,True,7333
2022-02-14,univariate_reversal_ridge,0.17363643208917412,1286,True,7333
2022-02-15,raw_reversal,0.26422594161986535,1301,True,7334
2022-02-15,univariate_reversal_ridge,0.26422594161986535,1301,True,7334
2022-02-16,raw_reversal,0.05050623015904141,1296,True,7335
2022-02-16,univariate_reversal_ridge,0.05050623015904141,1296,True,7335
2022-02-17,raw_reversal,-0.05861560588518029,1271,True,7336
2022-02-17,univariate_reversal_ridge,-0.05861560588518029,1271,True,7336
2022-02-18,raw_reversal,-0.024075524259255576,1277,True,7337
2022-02-18,univariate_reversal_ridge,-0.024075524259255576,1277,True,7337
2022-02-22,raw_reversal,-0.1053927374959889,1274,True,7338
2022-02-22,univariate_reversal_ridge,-0.1053927374959889,1274,True,7338
2022-02-23,raw_reversal,-0.1488510363663757,1274,True,7339
2022-02-23,univariate_reversal_ridge,-0.1488510363663757,1274,True,7339
2022-02-24,raw_reversal,0.20068039236939247,1262,True,7340
2022-02-24,univariate_reversal_ridge,0.20068039236939247,1262,True,7340
2022-02-25,raw_reversal,0.13715651744149238,1254,True,7341
2022-02-25,univariate_reversal_ridge,0.13715651744149238,1254,True,7341
2022-02-28,raw_reversal,0.13540660655845632,1256,True,7342
2022-02-28,univariate_reversal_ridge,0.13540660655845632,1256,True,7342
2022-03-01,raw_reversal,0.043257111298897345,1285,True,7343
2022-03-01,univariate_reversal_ridge,0.043257111298897345,1285,True,7343
2022-03-02,raw_reversal,0.1531146246751201,1287,True,7344
2022-03-02,univariate_reversal_ridge,0.1531146246751201,1287,True,7344
2022-03-03,raw_reversal,0.009392491971980332,1271,True,7345
2022-03-03,univariate_reversal_ridge,0.009392491971980332,1271,True,7345
2022-03-04,raw_reversal,0.05914197624831967,1280,True,7346
2022-03-04,univariate_reversal_ridge,0.05914197624831967,1280,True,7346
2022-03-07,raw_reversal,0.11789125716426341,1283,True,7347
2022-03-07,univariate_reversal_ridge,0.11789125716426341,1283,True,7347
2022-03-08,raw_reversal,0.007799392676987663,1303,True,7348
2022-03-08,univariate_reversal_ridge,0.007799392676987663,1303,True,7348
2022-03-09,raw_reversal,-0.07373703806106943,1302,True,7349
2022-03-09,univariate_reversal_ridge,-0.07373703806106943,1302,True,7349
2022-03-10,raw_reversal,-0.1134270859642566,1288,True,7350
2022-03-10,univariate_reversal_ridge,-0.1134270859642566,1288,True,7350
2022-03-11,raw_reversal,-0.02139653238571032,1305,True,7351
2022-03-11,univariate_reversal_ridge,-0.02139653238571032,1305,True,7351
2022-03-14,raw_reversal,0.008188810324055773,1258,True,7352
2022-03-14,univariate_reversal_ridge,0.008188810324055773,1258,True,7352
2022-03-15,raw_reversal,-0.3642980552021673,1298,True,7353
2022-03-15,univariate_reversal_ridge,-0.3642980552021673,1298,True,7353
2022-03-16,raw_reversal,-0.36227226101869126,1307,True,7354
2022-03-16,univariate_reversal_ridge,-0.36227226101869126,1307,True,7354
2022-03-17,raw_reversal,-0.1748048513136519,1306,True,7355
2022-03-17,univariate_reversal_ridge,-0.1748048513136519,1306,True,7355
2022-03-18,raw_reversal,0.02451759722831151,1349,True,7356
2022-03-18,univariate_reversal_ridge,0.02451759722831151,1349,True,7356
2022-03-21,raw_reversal,-0.0039383842465011976,1353,True,7357
2022-03-21,univariate_reversal_ridge,-0.0039383842465011976,1353,True,7357
2022-03-22,raw_reversal,0.008043610337130414,1353,True,7358
2022-03-22,univariate_reversal_ridge,0.008043610337130414,1353,True,7358
2022-03-23,raw_reversal,-0.010587315150745874,1346,True,7359
2022-03-23,univariate_reversal_ridge,-0.010587315150745874,1346,True,7359
2022-03-24,raw_reversal,0.0233632520549917,1325,True,7360
2022-03-24,univariate_reversal_ridge,0.0233632520549917,1325,True,7360
2022-03-25,raw_reversal,0.05610236836011602,1328,True,7361
2022-03-25,univariate_reversal_ridge,0.05610236836011602,1328,True,7361
2022-03-28,raw_reversal,0.058771437544239996,1324,True,7362
2022-03-28,univariate_reversal_ridge,0.058771437544239996,1324,True,7362
2022-03-29,raw_reversal,0.23127263714984972,1321,True,7363
2022-03-29,univariate_reversal_ridge,0.23127263714984972,1321,True,7363
2022-03-30,raw_reversal,-0.06048090305011136,1295,True,7364
2022-03-30,univariate_reversal_ridge,-0.06048090305011136,1295,True,7364
2022-03-31,raw_reversal,0.06967127140232846,1312,True,7365
2022-03-31,univariate_reversal_ridge,0.06967127140232846,1312,True,7365
2022-04-01,raw_reversal,0.07910471591726806,1323,True,7366
2022-04-01,univariate_reversal_ridge,0.07910471591726806,1323,True,7366
2022-04-04,raw_reversal,0.22729397092291564,1315,True,7367
2022-04-04,univariate_reversal_ridge,0.22729397092291564,1315,True,7367
2022-04-05,raw_reversal,0.01850027380919883,1297,True,7368
2022-04-05,univariate_reversal_ridge,0.01850027380919883,1297,True,7368
2022-04-06,raw_reversal,0.04756605036246786,1301,True,7369
2022-04-06,univariate_reversal_ridge,0.04756605036246786,1301,True,7369
2022-04-07,raw_reversal,0.09090541370937635,1298,True,7370
2022-04-07,univariate_reversal_ridge,0.09090541370937635,1298,True,7370
2022-04-08,raw_reversal,-0.07306207567335721,1304,True,7371
2022-04-08,univariate_reversal_ridge,-0.07306207567335721,1304,True,7371
2022-04-11,raw_reversal,-0.04392687856171067,1305,True,7372
2022-04-11,univariate_reversal_ridge,-0.04392687856171067,1305,True,7372
2022-04-12,raw_reversal,-0.06692883685988887,1302,True,7373
2022-04-12,univariate_reversal_ridge,-0.06692883685988887,1302,True,7373
2022-04-13,raw_reversal,0.23424314135879765,1284,True,7374
2022-04-13,univariate_reversal_ridge,0.23424314135879765,1284,True,7374
2022-04-14,raw_reversal,-0.0526861008888915,1291,True,7375
2022-04-14,univariate_reversal_ridge,-0.0526861008888915,1291,True,7375
2022-04-18,raw_reversal,-0.05180900401771214,1250,True,7376
2022-04-18,univariate_reversal_ridge,-0.05180900401771214,1250,True,7376
2022-04-19,raw_reversal,0.17814231976149209,1249,True,7377
2022-04-19,univariate_reversal_ridge,0.17814231976149209,1249,True,7377
2022-04-20,raw_reversal,-0.011608336758293883,1243,True,7378
2022-04-20,univariate_reversal_ridge,-0.011608336758293883,1243,True,7378
2022-04-21,raw_reversal,-0.029317775479584085,1240,True,7379
2022-04-21,univariate_reversal_ridge,-0.029317775479584085,1240,True,7379
2022-04-22,raw_reversal,0.014725628014788453,1246,True,7380
2022-04-22,univariate_reversal_ridge,0.014725628014788453,1246,True,7380
2022-04-25,raw_reversal,0.0008313770981833932,1250,True,7381
2022-04-25,univariate_reversal_ridge,0.0008313770981833932,1250,True,7381
2022-04-26,raw_reversal,-0.05663622784440814,1251,True,7382
2022-04-26,univariate_reversal_ridge,-0.05663622784440814,1251,True,7382
2022-04-27,raw_reversal,-0.10795622009227865,1246,True,7383
2022-04-27,univariate_reversal_ridge,-0.10795622009227865,1246,True,7383
2022-04-28,raw_reversal,0.012676150601724213,1237,True,7384
2022-04-28,univariate_reversal_ridge,0.012676150601724213,1237,True,7384
2022-04-29,raw_reversal,0.010493069975359953,1237,True,7385
2022-04-29,univariate_reversal_ridge,0.010493069975359953,1237,True,7385
2022-05-02,raw_reversal,0.23242863987640539,1254,True,7386
2022-05-02,univariate_reversal_ridge,0.23242863987640539,1254,True,7386
2022-05-03,raw_reversal,0.026631845844902684,1257,True,7387
2022-05-03,univariate_reversal_ridge,0.026631845844902684,1257,True,7387
2022-05-04,raw_reversal,0.10692417044201138,1258,True,7388
2022-05-04,univariate_reversal_ridge,0.10692417044201138,1258,True,7388
2022-05-05,raw_reversal,-0.06324032705553423,1247,True,7389
2022-05-05,univariate_reversal_ridge,-0.06324032705553423,1247,True,7389
2022-05-06,raw_reversal,-0.02421935631026477,1244,True,7390
2022-05-06,univariate_reversal_ridge,-0.02421935631026477,1244,True,7390
2022-05-09,raw_reversal,0.11012357709286816,1237,True,7391
2022-05-09,univariate_reversal_ridge,0.11012357709286816,1237,True,7391
2022-05-10,raw_reversal,-0.03274880016415267,1247,True,7392
2022-05-10,univariate_reversal_ridge,-0.03274880016415267,1247,True,7392
2022-05-11,raw_reversal,-0.07003843101619622,1238,True,7393
2022-05-11,univariate_reversal_ridge,-0.07003843101619622,1238,True,7393
2022-05-12,raw_reversal,-0.22066971231543783,1224,True,7394
2022-05-12,univariate_reversal_ridge,-0.22066971231543783,1224,True,7394
2022-05-13,raw_reversal,-0.00831393196817945,1235,True,7395
2022-05-13,univariate_reversal_ridge,-0.00831393196817945,1235,True,7395
2022-05-16,raw_reversal,-0.011288295872701887,1263,True,7396
2022-05-16,univariate_reversal_ridge,-0.011288295872701887,1263,True,7396
2022-05-17,raw_reversal,0.16368718239453484,1265,True,7397
2022-05-17,univariate_reversal_ridge,0.16368718239453484,1265,True,7397
2022-05-18,raw_reversal,0.03173880786096356,1263,True,7398
2022-05-18,univariate_reversal_ridge,0.03173880786096356,1263,True,7398
2022-05-19,raw_reversal,0.037398060036865854,1256,True,7399
2022-05-19,univariate_reversal_ridge,0.037398060036865854,1256,True,7399
2022-05-20,raw_reversal,-0.01968077080982611,1277,True,7400
2022-05-20,univariate_reversal_ridge,-0.01968077080982611,1277,True,7400
2022-05-23,raw_reversal,-0.13324133876519947,1275,True,7401
2022-05-23,univariate_reversal_ridge,-0.13324133876519947,1275,True,7401
2022-05-24,raw_reversal,0.0070919057886569825,1261,True,7402
2022-05-24,univariate_reversal_ridge,0.0070919057886569825,1261,True,7402
2022-05-25,raw_reversal,-0.357344826480994,1260,True,7403
2022-05-25,univariate_reversal_ridge,-0.357344826480994,1260,True,7403
2022-05-26,raw_reversal,-0.12455343321983448,1246,True,7404
2022-05-26,univariate_reversal_ridge,-0.12455343321983448,1246,True,7404
2022-05-27,raw_reversal,0.14554358012966345,1230,True,7405
2022-05-27,univariate_reversal_ridge,0.14554358012966345,1230,True,7405
2022-05-31,raw_reversal,0.10501594496406821,1223,True,7406
2022-05-31,univariate_reversal_ridge,0.10501594496406821,1223,True,7406
2022-06-01,raw_reversal,-0.05088202765922942,1247,True,7407
2022-06-01,univariate_reversal_ridge,-0.05088202765922942,1247,True,7407
2022-06-02,raw_reversal,0.12702357564521535,1232,True,7408
2022-06-02,univariate_reversal_ridge,0.12702357564521535,1232,True,7408
2022-06-03,raw_reversal,-0.020022451384922937,1241,True,7409
2022-06-03,univariate_reversal_ridge,-0.020022451384922937,1241,True,7409
2022-06-06,raw_reversal,0.14403878302752238,1228,True,7410
2022-06-06,univariate_reversal_ridge,0.14403878302752238,1228,True,7410
2022-06-07,raw_reversal,0.14573311102081438,1213,True,7411
2022-06-07,univariate_reversal_ridge,0.14573311102081438,1213,True,7411
2022-06-08,raw_reversal,-0.001410448082442728,1200,True,7412
2022-06-08,univariate_reversal_ridge,-0.001410448082442728,1200,True,7412
2022-06-09,raw_reversal,-0.017141333695525958,1170,True,7413
2022-06-09,univariate_reversal_ridge,-0.017141333695525958,1170,True,7413
2022-06-10,raw_reversal,-0.07641466639873101,1187,True,7414
2022-06-10,univariate_reversal_ridge,-0.07641466639873101,1187,True,7414
2022-06-13,raw_reversal,-0.14068058282753954,1175,True,7415
2022-06-13,univariate_reversal_ridge,-0.14068058282753954,1175,True,7415
2022-06-14,raw_reversal,-0.06653221643907341,1137,True,7416
2022-06-14,univariate_reversal_ridge,-0.06653221643907341,1137,True,7416
2022-06-15,raw_reversal,-0.3535676554272013,1174,True,7417
2022-06-15,univariate_reversal_ridge,-0.3535676554272013,1174,True,7417
2022-06-16,raw_reversal,-0.15009163545974813,1167,True,7418
2022-06-16,univariate_reversal_ridge,-0.15009163545974813,1167,True,7418
2022-06-17,raw_reversal,-0.10731844411866452,1198,True,7419
2022-06-17,univariate_reversal_ridge,-0.10731844411866452,1198,True,7419
2022-06-21,raw_reversal,-0.06380911049001474,1194,True,7420
2022-06-21,univariate_reversal_ridge,-0.06380911049001474,1194,True,7420
2022-06-22,raw_reversal,0.015414018919804887,1195,True,7421
2022-06-22,univariate_reversal_ridge,0.015414018919804887,1195,True,7421
2022-06-23,raw_reversal,0.1469038534758935,1195,True,7422
2022-06-23,univariate_reversal_ridge,0.1469038534758935,1195,True,7422
2022-06-24,raw_reversal,0.2140360344167562,1245,True,7423
2022-06-24,univariate_reversal_ridge,0.2140360344167562,1245,True,7423
2022-06-27,raw_reversal,0.22830156146176994,1246,True,7424
2022-06-27,univariate_reversal_ridge,0.22830156146176994,1246,True,7424
2022-06-28,raw_reversal,0.226623644798348,1237,True,7425
2022-06-28,univariate_reversal_ridge,0.226623644798348,1237,True,7425
2022-06-29,raw_reversal,-0.09998050642850341,1208,True,7426
2022-06-29,univariate_reversal_ridge,-0.09998050642850341,1208,True,7426
2022-06-30,raw_reversal,-0.1563009335796046,1210,True,7427
2022-06-30,univariate_reversal_ridge,-0.1563009335796046,1210,True,7427
2022-07-01,raw_reversal,-0.1464734872095644,1228,True,7428
2022-07-01,univariate_reversal_ridge,-0.1464734872095644,1228,True,7428
2022-07-05,raw_reversal,0.2046045508220024,1235,True,7429
2022-07-05,univariate_reversal_ridge,0.2046045508220024,1235,True,7429
2022-07-06,raw_reversal,0.033674076231682955,1230,True,7430
2022-07-06,univariate_reversal_ridge,0.033674076231682955,1230,True,7430
2022-07-07,raw_reversal,0.11730247313188841,1234,True,7431
2022-07-07,univariate_reversal_ridge,0.11730247313188841,1234,True,7431
2022-07-08,raw_reversal,-0.04333921377112184,1236,True,7432
2022-07-08,univariate_reversal_ridge,-0.04333921377112184,1236,True,7432
2022-07-11,raw_reversal,-0.05509201328993012,1227,True,7433
2022-07-11,univariate_reversal_ridge,-0.05509201328993012,1227,True,7433
2022-07-12,raw_reversal,-0.23084954451250247,1231,True,7434
2022-07-12,univariate_reversal_ridge,-0.23084954451250247,1231,True,7434
2022-07-13,raw_reversal,-0.19877808237228684,1225,True,7435
2022-07-13,univariate_reversal_ridge,-0.19877808237228684,1225,True,7435
2022-07-14,raw_reversal,-0.17022481881332036,1190,True,7436
2022-07-14,univariate_reversal_ridge,-0.17022481881332036,1190,True,7436
2022-07-15,raw_reversal,-0.19172592398989746,1205,True,7437
2022-07-15,univariate_reversal_ridge,-0.19172592398989746,1205,True,7437
2022-07-18,raw_reversal,-0.04429462006317267,1200,True,7438
2022-07-18,univariate_reversal_ridge,-0.04429462006317267,1200,True,7438
2022-07-19,raw_reversal,0.03771772357250827,1178,True,7439
2022-07-19,univariate_reversal_ridge,0.03771772357250827,1178,True,7439
2022-07-20,raw_reversal,0.07990209096043462,1180,True,7440
2022-07-20,univariate_reversal_ridge,0.07990209096043462,1180,True,7440
2022-07-21,raw_reversal,0.053470149251377,1169,True,7441
2022-07-21,univariate_reversal_ridge,0.053470149251377,1169,True,7441
2022-07-22,raw_reversal,0.0052735720700249206,1165,True,7442
2022-07-22,univariate_reversal_ridge,0.0052735720700249206,1165,True,7442
2022-07-25,raw_reversal,0.02613054928937608,1115,True,7443
2022-07-25,univariate_reversal_ridge,0.02613054928937608,1115,True,7443
2022-07-26,raw_reversal,0.003768576804967755,1102,True,7444
2022-07-26,univariate_reversal_ridge,0.003768576804967755,1102,True,7444
2022-07-27,raw_reversal,-0.3016184627976314,1110,True,7445
2022-07-27,univariate_reversal_ridge,-0.3016184627976314,1110,True,7445
2022-07-28,raw_reversal,-0.2142915134538486,1103,True,7446
2022-07-28,univariate_reversal_ridge,-0.2142915134538486,1103,True,7446
2022-07-29,raw_reversal,-0.12332576666797285,1106,True,7447
2022-07-29,univariate_reversal_ridge,-0.12332576666797285,1106,True,7447
2022-08-01,raw_reversal,-0.1549553759690292,1134,True,7448
2022-08-01,univariate_reversal_ridge,-0.1549553759690292,1134,True,7448
2022-08-02,raw_reversal,-0.0292778869823227,1119,True,7449
2022-08-02,univariate_reversal_ridge,-0.0292778869823227,1119,True,7449
2022-08-03,raw_reversal,-0.0593763665989256,1122,True,7450
2022-08-03,univariate_reversal_ridge,-0.0593763665989256,1122,True,7450
2022-08-04,raw_reversal,-0.03431733750059146,1124,True,7451
2022-08-04,univariate_reversal_ridge,-0.03431733750059146,1124,True,7451
2022-08-05,raw_reversal,-0.10294351278519098,1129,True,7452
2022-08-05,univariate_reversal_ridge,-0.10294351278519098,1129,True,7452
2022-08-08,raw_reversal,-0.0246618646954761,1148,True,7453
2022-08-08,univariate_reversal_ridge,-0.0246618646954761,1148,True,7453
2022-08-09,raw_reversal,-0.046602898462092264,1154,True,7454
2022-08-09,univariate_reversal_ridge,-0.046602898462092264,1154,True,7454
2022-08-10,raw_reversal,0.11607636663078652,1161,True,7455
2022-08-10,univariate_reversal_ridge,0.11607636663078652,1161,True,7455
2022-08-11,raw_reversal,-0.0593659913526832,1153,True,7456
2022-08-11,univariate_reversal_ridge,-0.0593659913526832,1153,True,7456
2022-08-12,raw_reversal,0.1294297131352775,1151,True,7457
2022-08-12,univariate_reversal_ridge,0.1294297131352775,1151,True,7457
2022-08-15,raw_reversal,0.05599174338048363,1178,True,7458
2022-08-15,univariate_reversal_ridge,0.05599174338048363,1178,True,7458
2022-08-16,raw_reversal,-0.039566820398218905,1173,True,7459
2022-08-16,univariate_reversal_ridge,-0.039566820398218905,1173,True,7459
2022-08-17,raw_reversal,-0.11808862584127394,1173,True,7460
2022-08-17,univariate_reversal_ridge,-0.11808862584127394,1173,True,7460
2022-08-18,raw_reversal,-0.07273278417610515,1170,True,7461
2022-08-18,univariate_reversal_ridge,-0.07273278417610515,1170,True,7461
2022-08-19,raw_reversal,-0.004070282000675052,1175,True,7462
2022-08-19,univariate_reversal_ridge,-0.004070282000675052,1175,True,7462
2022-08-22,raw_reversal,-0.01844076609046523,1179,True,7463
2022-08-22,univariate_reversal_ridge,-0.01844076609046523,1179,True,7463
2022-08-23,raw_reversal,0.03789978271060161,1176,True,7464
2022-08-23,univariate_reversal_ridge,0.03789978271060161,1176,True,7464
2022-08-24,raw_reversal,0.1655975276833841,1172,True,7465
2022-08-24,univariate_reversal_ridge,0.1655975276833841,1172,True,7465
2022-08-25,raw_reversal,0.26568518559963406,1171,True,7466
2022-08-25,univariate_reversal_ridge,0.26568518559963406,1171,True,7466
2022-08-26,raw_reversal,-0.03450013667337125,1156,True,7467
2022-08-26,univariate_reversal_ridge,-0.03450013667337125,1156,True,7467
2022-08-29,raw_reversal,0.0372150444216212,1145,True,7468
2022-08-29,univariate_reversal_ridge,0.0372150444216212,1145,True,7468
2022-08-30,raw_reversal,0.08497057577830623,1129,True,7469
2022-08-30,univariate_reversal_ridge,0.08497057577830623,1129,True,7469
2022-08-31,raw_reversal,-0.023368756129375744,1108,True,7470
2022-08-31,univariate_reversal_ridge,-0.023368756129375744,1108,True,7470
2022-09-01,raw_reversal,-0.05980566594270845,1128,True,7471
2022-09-01,univariate_reversal_ridge,-0.05980566594270845,1128,True,7471
2022-09-02,raw_reversal,0.05785876103773614,1135,True,7472
2022-09-02,univariate_reversal_ridge,0.05785876103773614,1135,True,7472
2022-09-06,raw_reversal,-0.012102558207328279,1116,True,7473
2022-09-06,univariate_reversal_ridge,-0.012102558207328279,1116,True,7473
2022-09-07,raw_reversal,-0.0833435082840355,1121,True,7474
2022-09-07,univariate_reversal_ridge,-0.0833435082840355,1121,True,7474
2022-09-08,raw_reversal,0.005444186242683148,1109,True,7475
2022-09-08,univariate_reversal_ridge,0.005444186242683148,1109,True,7475
2022-09-09,raw_reversal,0.1370310075297671,1121,True,7476
2022-09-09,univariate_reversal_ridge,0.1370310075297671,1121,True,7476
2022-09-12,raw_reversal,0.08428242469535802,1134,True,7477
2022-09-12,univariate_reversal_ridge,0.08428242469535802,1134,True,7477
2022-09-13,raw_reversal,0.011444271996366884,1128,True,7478
2022-09-13,univariate_reversal_ridge,0.011444271996366884,1128,True,7478
2022-09-14,raw_reversal,0.05578100023995661,1101,True,7479
2022-09-14,univariate_reversal_ridge,0.05578100023995661,1101,True,7479
2022-09-15,raw_reversal,0.03844665369483663,1120,True,7480
2022-09-15,univariate_reversal_ridge,0.03844665369483663,1120,True,7480
2022-09-16,raw_reversal,-0.10304190539848959,1176,True,7481
2022-09-16,univariate_reversal_ridge,-0.10304190539848959,1176,True,7481
2022-09-19,raw_reversal,0.14363004794686193,1176,True,7482
2022-09-19,univariate_reversal_ridge,0.14363004794686193,1176,True,7482
2022-09-20,raw_reversal,-0.0042623559083310725,1178,True,7483
2022-09-20,univariate_reversal_ridge,-0.0042623559083310725,1178,True,7483
2022-09-21,raw_reversal,-0.01125879657105161,1173,True,7484
2022-09-21,univariate_reversal_ridge,-0.01125879657105161,1173,True,7484
2022-09-22,raw_reversal,0.008904562809067096,1171,True,7485
2022-09-22,univariate_reversal_ridge,0.008904562809067096,1171,True,7485
2022-09-23,raw_reversal,0.05040456407902888,1176,True,7486
2022-09-23,univariate_reversal_ridge,0.05040456407902888,1176,True,7486
2022-09-26,raw_reversal,-0.036702754636308454,1182,True,7487
2022-09-26,univariate_reversal_ridge,-0.036702754636308454,1182,True,7487
2022-09-27,raw_reversal,-0.14900031703558947,1187,True,7488
2022-09-27,univariate_reversal_ridge,-0.14900031703558947,1187,True,7488
2022-09-28,raw_reversal,-0.20093774154526867,1195,True,7489
2022-09-28,univariate_reversal_ridge,-0.20093774154526867,1195,True,7489
2022-09-29,raw_reversal,-0.02288595316259228,1158,True,7490
2022-09-29,univariate_reversal_ridge,-0.02288595316259228,1158,True,7490
2022-09-30,raw_reversal,0.004109714604078385,1179,True,7491
2022-09-30,univariate_reversal_ridge,0.004109714604078385,1179,True,7491
2022-10-03,raw_reversal,0.1296514242274708,1194,True,7492
2022-10-03,univariate_reversal_ridge,0.1296514242274708,1194,True,7492
2022-10-04,raw_reversal,0.10011099194706177,1198,True,7493
2022-10-04,univariate_reversal_ridge,0.10011099194706177,1198,True,7493
2022-10-05,raw_reversal,0.08994856349286956,1198,True,7494
2022-10-05,univariate_reversal_ridge,0.08994856349286956,1198,True,7494
2022-10-06,raw_reversal,0.024064579695592683,1181,True,7495
2022-10-06,univariate_reversal_ridge,0.024064579695592683,1181,True,7495
2022-10-07,raw_reversal,-0.13701461061934728,1194,True,7496
2022-10-07,univariate_reversal_ridge,-0.13701461061934728,1194,True,7496
2022-10-10,raw_reversal,-0.02322483843065099,1188,True,7497
2022-10-10,univariate_reversal_ridge,-0.02322483843065099,1188,True,7497
2022-10-11,raw_reversal,0.017856525678141628,1189,True,7498
2022-10-11,univariate_reversal_ridge,0.017856525678141628,1189,True,7498
2022-10-12,raw_reversal,0.003047536362031658,1179,True,7499
2022-10-12,univariate_reversal_ridge,0.003047536362031658,1179,True,7499
2022-10-13,raw_reversal,0.05073852560202457,1167,True,7500
2022-10-13,univariate_reversal_ridge,0.05073852560202457,1167,True,7500
2022-10-14,raw_reversal,0.05842406976078032,1137,True,7501
2022-10-14,univariate_reversal_ridge,0.05842406976078032,1137,True,7501
2022-10-17,raw_reversal,0.16522536709425634,1146,True,7502
2022-10-17,univariate_reversal_ridge,0.16522536709425634,1146,True,7502
2022-10-18,raw_reversal,-0.013080493219163904,1139,True,7503
2022-10-18,univariate_reversal_ridge,-0.013080493219163904,1139,True,7503
2022-10-19,raw_reversal,-0.015990899131501243,1141,True,7504
2022-10-19,univariate_reversal_ridge,-0.015990899131501243,1141,True,7504
2022-10-20,raw_reversal,-0.0058599855342011675,1130,True,7505
2022-10-20,univariate_reversal_ridge,-0.0058599855342011675,1130,True,7505
2022-10-21,raw_reversal,-0.11260453090941133,1141,True,7506
2022-10-21,univariate_reversal_ridge,-0.11260453090941133,1141,True,7506
2022-10-24,raw_reversal,-0.11987335797916304,1145,True,7507
2022-10-24,univariate_reversal_ridge,-0.11987335797916304,1145,True,7507
2022-10-25,raw_reversal,0.007085770388539539,1140,True,7508
2022-10-25,univariate_reversal_ridge,0.007085770388539539,1140,True,7508
2022-10-26,raw_reversal,0.04204438628169749,1138,True,7509
2022-10-26,univariate_reversal_ridge,0.04204438628169749,1138,True,7509
2022-10-27,raw_reversal,0.05103792158992325,1142,True,7510
2022-10-27,univariate_reversal_ridge,0.05103792158992325,1142,True,7510
2022-10-28,raw_reversal,0.0813436051055411,1136,True,7511
2022-10-28,univariate_reversal_ridge,0.0813436051055411,1136,True,7511
2022-10-31,raw_reversal,0.021507625279088994,1143,True,7512
2022-10-31,univariate_reversal_ridge,0.021507625279088994,1143,True,7512
2022-11-01,raw_reversal,-0.0070801102961727536,1145,True,7513
2022-11-01,univariate_reversal_ridge,-0.0070801102961727536,1145,True,7513
2022-11-02,raw_reversal,-0.006150464913308519,1150,True,7514
2022-11-02,univariate_reversal_ridge,-0.006150464913308519,1150,True,7514
2022-11-03,raw_reversal,-0.0953635919165991,1139,True,7515
2022-11-03,univariate_reversal_ridge,-0.0953635919165991,1139,True,7515
2022-11-04,raw_reversal,-0.2875835282508599,1147,True,7516
2022-11-04,univariate_reversal_ridge,-0.2875835282508599,1147,True,7516
2022-11-07,raw_reversal,-0.24169765036564209,1160,True,7517
2022-11-07,univariate_reversal_ridge,-0.24169765036564209,1160,True,7517
2022-11-08,raw_reversal,-0.25490392194529876,1165,True,7518
2022-11-08,univariate_reversal_ridge,-0.25490392194529876,1165,True,7518
2022-11-09,raw_reversal,-0.08050485810211293,1143,True,7519
2022-11-09,univariate_reversal_ridge,-0.08050485810211293,1143,True,7519
2022-11-10,raw_reversal,-0.042393532965929306,1170,True,7520
2022-11-10,univariate_reversal_ridge,-0.042393532965929306,1170,True,7520
2022-11-11,raw_reversal,0.11177615463717172,1206,True,7521
2022-11-11,univariate_reversal_ridge,0.11177615463717172,1206,True,7521
2022-11-14,raw_reversal,-0.09937699104350178,1175,True,7522
2022-11-14,univariate_reversal_ridge,-0.09937699104350178,1175,True,7522
2022-11-15,raw_reversal,-0.01138872832438459,1204,True,7523
2022-11-15,univariate_reversal_ridge,-0.01138872832438459,1204,True,7523
2022-11-16,raw_reversal,-0.09672635923157111,1190,True,7524
2022-11-16,univariate_reversal_ridge,-0.09672635923157111,1190,True,7524
2022-11-17,raw_reversal,-0.0029518729789945186,1186,True,7525
2022-11-17,univariate_reversal_ridge,-0.0029518729789945186,1186,True,7525
2022-11-18,raw_reversal,-0.014924463835212606,1186,True,7526
2022-11-18,univariate_reversal_ridge,-0.014924463835212606,1186,True,7526
2022-11-21,raw_reversal,0.01257229397608619,1190,True,7527
2022-11-21,univariate_reversal_ridge,0.01257229397608619,1190,True,7527
2022-11-22,raw_reversal,-0.14594578567120642,1182,True,7528
2022-11-22,univariate_reversal_ridge,-0.14594578567120642,1182,True,7528
2022-11-23,raw_reversal,-0.17397764667594187,1170,True,7529
2022-11-23,univariate_reversal_ridge,-0.17397764667594187,1170,True,7529
2022-11-25,raw_reversal,-0.04632511147600811,1159,True,7530
2022-11-25,univariate_reversal_ridge,-0.04632511147600811,1159,True,7530
2022-11-28,raw_reversal,-0.04189518565408565,1163,True,7531
2022-11-28,univariate_reversal_ridge,-0.04189518565408565,1163,True,7531
2022-11-29,raw_reversal,0.10268424126889966,1135,True,7532
2022-11-29,univariate_reversal_ridge,0.10268424126889966,1135,True,7532
2022-11-30,raw_reversal,0.10108266182533461,1118,True,7533
2022-11-30,univariate_reversal_ridge,0.10108266182533461,1118,True,7533
2022-12-01,raw_reversal,0.02763375718645912,1137,True,7534
2022-12-01,univariate_reversal_ridge,0.02763375718645912,1137,True,7534
2022-12-02,raw_reversal,0.06959382227162962,1143,True,7535
2022-12-02,univariate_reversal_ridge,0.06959382227162962,1143,True,7535
2022-12-05,raw_reversal,-0.0397980432732877,1144,True,7536
2022-12-05,univariate_reversal_ridge,-0.0397980432732877,1144,True,7536
2022-12-06,raw_reversal,-0.0031306019417403734,1138,True,7537
2022-12-06,univariate_reversal_ridge,-0.0031306019417403734,1138,True,7537
2022-12-07,raw_reversal,-0.06437046912094493,1137,True,7538
2022-12-07,univariate_reversal_ridge,-0.06437046912094493,1137,True,7538
2022-12-08,raw_reversal,-0.04317999269869288,1124,True,7539
2022-12-08,univariate_reversal_ridge,-0.04317999269869288,1124,True,7539
2022-12-09,raw_reversal,0.05231980598193524,1118,True,7540
2022-12-09,univariate_reversal_ridge,0.05231980598193524,1118,True,7540
2022-12-12,raw_reversal,0.19721608214344977,1116,True,7541
2022-12-12,univariate_reversal_ridge,0.19721608214344977,1116,True,7541
2022-12-13,raw_reversal,-0.01881790313510806,1113,True,7542
2022-12-13,univariate_reversal_ridge,-0.01881790313510806,1113,True,7542
2022-12-14,raw_reversal,-0.006117735309419725,1083,True,7543
2022-12-14,univariate_reversal_ridge,-0.006117735309419725,1083,True,7543
2022-12-15,raw_reversal,-0.07220021075759446,1100,True,7544
2022-12-15,univariate_reversal_ridge,-0.07220021075759446,1100,True,7544
2022-12-16,raw_reversal,0.06750780403440199,1162,True,7545
2022-12-16,univariate_reversal_ridge,0.06750780403440199,1162,True,7545
2022-12-19,raw_reversal,-0.005020174226243512,1161,True,7546
2022-12-19,univariate_reversal_ridge,-0.005020174226243512,1161,True,7546
2022-12-20,raw_reversal,0.169030517195718,1162,True,7547
2022-12-20,univariate_reversal_ridge,0.169030517195718,1162,True,7547
2022-12-21,raw_reversal,0.0399011528135025,1153,True,7548
2022-12-21,univariate_reversal_ridge,0.0399011528135025,1153,True,7548
2022-12-22,raw_reversal,-0.08989188429273579,1167,True,7549
2022-12-22,univariate_reversal_ridge,-0.08989188429273579,1167,True,7549
2022-12-23,raw_reversal,-0.0612333630224761,1168,True,7550
2022-12-23,univariate_reversal_ridge,-0.0612333630224761,1168,True,7550
2022-12-27,raw_reversal,-0.06417118536722519,1154,True,7551
2022-12-27,univariate_reversal_ridge,-0.06417118536722519,1154,True,7551
2022-12-28,raw_reversal,0.07042082811498529,1151,True,7552
2022-12-28,univariate_reversal_ridge,0.07042082811498529,1151,True,7552
2022-12-29,raw_reversal,-0.10370796306817623,1112,True,7553
2022-12-29,univariate_reversal_ridge,-0.10370796306817623,1112,True,7553
2022-12-30,raw_reversal,0.04640862134175823,1130,True,7554
2022-12-30,univariate_reversal_ridge,0.04640862134175823,1130,True,7554
2023-01-03,raw_reversal,-0.05091009337053942,1135,True,7555
2023-01-03,univariate_reversal_ridge,-0.05091009337053942,1135,True,7555
2023-01-04,raw_reversal,-0.11361892648878621,1143,True,7556
2023-01-04,univariate_reversal_ridge,-0.11361892648878621,1143,True,7556
2023-01-05,raw_reversal,-0.013883260066503991,1122,True,7557
2023-01-05,univariate_reversal_ridge,-0.013883260066503991,1122,True,7557
2023-01-06,raw_reversal,-0.13119033020700369,1132,True,7558
2023-01-06,univariate_reversal_ridge,-0.13119033020700369,1132,True,7558
2023-01-09,raw_reversal,-0.23605247413392172,1129,True,7559
2023-01-09,univariate_reversal_ridge,-0.23605247413392172,1129,True,7559
2023-01-10,raw_reversal,-0.1267681523621693,1144,True,7560
2023-01-10,univariate_reversal_ridge,-0.1267681523621693,1144,True,7560
2023-01-11,raw_reversal,-0.047618282435097664,1145,True,7561
2023-01-11,univariate_reversal_ridge,-0.047618282435097664,1145,True,7561
2023-01-12,raw_reversal,-0.03832139117119529,1130,True,7562
2023-01-12,univariate_reversal_ridge,-0.03832139117119529,1130,True,7562
2023-01-13,raw_reversal,-0.04164875114972927,1131,True,7563
2023-01-13,univariate_reversal_ridge,-0.04164875114972927,1131,True,7563
2023-01-17,raw_reversal,-0.0008137051430006717,1131,True,7564
2023-01-17,univariate_reversal_ridge,-0.0008137051430006717,1131,True,7564
2023-01-18,raw_reversal,0.036787700842129206,1080,True,7565
2023-01-18,univariate_reversal_ridge,0.036787700842129206,1080,True,7565
2023-01-19,raw_reversal,0.0033643092403853464,1067,True,7566
2023-01-19,univariate_reversal_ridge,0.0033643092403853464,1067,True,7566
2023-01-20,raw_reversal,-0.13038931750360594,1077,True,7567
2023-01-20,univariate_reversal_ridge,-0.13038931750360594,1077,True,7567
2023-01-23,raw_reversal,-0.0036342994326306194,1094,True,7568
2023-01-23,univariate_reversal_ridge,-0.0036342994326306194,1094,True,7568
2023-01-24,raw_reversal,0.049183709843656054,1084,True,7569
2023-01-24,univariate_reversal_ridge,0.049183709843656054,1084,True,7569
2023-01-25,raw_reversal,-0.03998089674058178,1102,True,7570
2023-01-25,univariate_reversal_ridge,-0.03998089674058178,1102,True,7570
2023-01-26,raw_reversal,0.04743096245229314,1109,True,7571
2023-01-26,univariate_reversal_ridge,0.04743096245229314,1109,True,7571
2023-01-27,raw_reversal,-0.05243998165887567,1115,True,7572
2023-01-27,univariate_reversal_ridge,-0.05243998165887567,1115,True,7572
2023-01-30,raw_reversal,0.07042544901771167,1117,True,7573
2023-01-30,univariate_reversal_ridge,0.07042544901771167,1117,True,7573
2023-01-31,raw_reversal,-0.06043517173516902,1136,True,7574
2023-01-31,univariate_reversal_ridge,-0.06043517173516902,1136,True,7574
2023-02-01,raw_reversal,-0.0001172488363608698,1144,True,7575
2023-02-01,univariate_reversal_ridge,-0.0001172488363608698,1144,True,7575
2023-02-02,raw_reversal,0.025545395560437556,1152,True,7576
2023-02-02,univariate_reversal_ridge,0.025545395560437556,1152,True,7576
2023-02-03,raw_reversal,-0.10395420467819749,1150,True,7577
2023-02-03,univariate_reversal_ridge,-0.10395420467819749,1150,True,7577
2023-02-06,raw_reversal,-0.12101118820803766,1153,True,7578
2023-02-06,univariate_reversal_ridge,-0.12101118820803766,1153,True,7578
2023-02-07,raw_reversal,-0.04989948208035255,1162,True,7579
2023-02-07,univariate_reversal_ridge,-0.04989948208035255,1162,True,7579
2023-02-08,raw_reversal,-0.044375422958609544,1158,True,7580
2023-02-08,univariate_reversal_ridge,-0.044375422958609544,1158,True,7580
2023-02-09,raw_reversal,0.0058944696675955754,1139,True,7581
2023-02-09,univariate_reversal_ridge,0.0058944696675955754,1139,True,7581
2023-02-10,raw_reversal,0.009213600798351401,1150,True,7582
2023-02-10,univariate_reversal_ridge,0.009213600798351401,1150,True,7582
2023-02-13,raw_reversal,0.12836841097740348,1144,True,7583
2023-02-13,univariate_reversal_ridge,0.12836841097740348,1144,True,7583
2023-02-14,raw_reversal,0.09568697689107805,1144,True,7584
2023-02-14,univariate_reversal_ridge,0.09568697689107805,1144,True,7584
2023-02-15,raw_reversal,0.0995395608666883,1162,True,7585
2023-02-15,univariate_reversal_ridge,0.0995395608666883,1162,True,7585
2023-02-16,raw_reversal,-0.03501188733977284,1149,True,7586
2023-02-16,univariate_reversal_ridge,-0.03501188733977284,1149,True,7586
2023-02-17,raw_reversal,0.06569929227146093,1150,True,7587
2023-02-17,univariate_reversal_ridge,0.06569929227146093,1150,True,7587
2023-02-21,raw_reversal,0.06329626008968814,1167,True,7588
2023-02-21,univariate_reversal_ridge,0.06329626008968814,1167,True,7588
2023-02-22,raw_reversal,0.07852387993426829,1175,True,7589
2023-02-22,univariate_reversal_ridge,0.07852387993426829,1175,True,7589
2023-02-23,raw_reversal,-0.0071398068082044325,1168,True,7590
2023-02-23,univariate_reversal_ridge,-0.0071398068082044325,1168,True,7590
2023-02-24,raw_reversal,-0.03801986632775414,1170,True,7591
2023-02-24,univariate_reversal_ridge,-0.03801986632775414,1170,True,7591
2023-02-27,raw_reversal,-0.038828145195643614,1164,True,7592
2023-02-27,univariate_reversal_ridge,-0.038828145195643614,1164,True,7592
2023-02-28,raw_reversal,0.012886888691826762,1166,True,7593
2023-02-28,univariate_reversal_ridge,0.012886888691826762,1166,True,7593
2023-03-01,raw_reversal,0.023528836007160187,1192,True,7594
2023-03-01,univariate_reversal_ridge,0.023528836007160187,1192,True,7594
2023-03-02,raw_reversal,-0.034182351126317186,1187,True,7595
2023-03-02,univariate_reversal_ridge,-0.034182351126317186,1187,True,7595
2023-03-03,raw_reversal,0.0847298863719671,1182,True,7596
2023-03-03,univariate_reversal_ridge,0.0847298863719671,1182,True,7596
2023-03-06,raw_reversal,-0.03918106962445544,1182,True,7597
2023-03-06,univariate_reversal_ridge,-0.03918106962445544,1182,True,7597
2023-03-07,raw_reversal,-0.024075328572456783,1178,True,7598
2023-03-07,univariate_reversal_ridge,-0.024075328572456783,1178,True,7598
2023-03-08,raw_reversal,0.02646400127230089,1176,True,7599
2023-03-08,univariate_reversal_ridge,0.02646400127230089,1176,True,7599
2023-03-09,raw_reversal,-0.021530962761173777,1154,True,7600
2023-03-09,univariate_reversal_ridge,-0.021530962761173777,1154,True,7600
2023-03-10,raw_reversal,0.05286102112185456,1183,True,7601
2023-03-10,univariate_reversal_ridge,0.05286102112185456,1183,True,7601
2023-03-13,raw_reversal,0.08979702844213805,1199,True,7602
2023-03-13,univariate_reversal_ridge,0.08979702844213805,1199,True,7602
2023-03-14,raw_reversal,-0.03509821855604259,1165,True,7603
2023-03-14,univariate_reversal_ridge,-0.03509821855604259,1165,True,7603
2023-03-15,raw_reversal,0.05781101960906396,1220,True,7604
2023-03-15,univariate_reversal_ridge,0.05781101960906396,1220,True,7604
2023-03-16,raw_reversal,0.09866160045774625,1212,True,7605
2023-03-16,univariate_reversal_ridge,0.09866160045774625,1212,True,7605
2023-03-17,raw_reversal,-0.014127862176343667,1249,True,7606
2023-03-17,univariate_reversal_ridge,-0.014127862176343667,1249,True,7606
2023-03-20,raw_reversal,0.021214010340463565,1254,True,7607
2023-03-20,univariate_reversal_ridge,0.021214010340463565,1254,True,7607
2023-03-21,raw_reversal,0.13505182580057423,1255,True,7608
2023-03-21,univariate_reversal_ridge,0.13505182580057423,1255,True,7608
2023-03-22,raw_reversal,-0.03641929453046121,1246,True,7609
2023-03-22,univariate_reversal_ridge,-0.03641929453046121,1246,True,7609
2023-03-23,raw_reversal,0.014345700922338944,1243,True,7610
2023-03-23,univariate_reversal_ridge,0.014345700922338944,1243,True,7610
2023-03-24,raw_reversal,0.053573933080635405,1243,True,7611
2023-03-24,univariate_reversal_ridge,0.053573933080635405,1243,True,7611
2023-03-27,raw_reversal,-0.02659600009486552,1244,True,7612
2023-03-27,univariate_reversal_ridge,-0.02659600009486552,1244,True,7612
2023-03-28,raw_reversal,0.0550408852663218,1229,True,7613
2023-03-28,univariate_reversal_ridge,0.0550408852663218,1229,True,7613
2023-03-29,raw_reversal,0.12373540414466586,1221,True,7614
2023-03-29,univariate_reversal_ridge,0.12373540414466586,1221,True,7614
2023-03-30,raw_reversal,0.003472023592060086,1189,True,7615
2023-03-30,univariate_reversal_ridge,0.003472023592060086,1189,True,7615
2023-03-31,raw_reversal,0.020402885985929153,1213,True,7616
2023-03-31,univariate_reversal_ridge,0.020402885985929153,1213,True,7616
2023-04-03,raw_reversal,-0.05775503163544699,1226,True,7617
2023-04-03,univariate_reversal_ridge,-0.05775503163544699,1226,True,7617
2023-04-04,raw_reversal,-0.048124432854383344,1216,True,7618
2023-04-04,univariate_reversal_ridge,-0.048124432854383344,1216,True,7618
2023-04-05,raw_reversal,-0.022558603057906912,1202,True,7619
2023-04-05,univariate_reversal_ridge,-0.022558603057906912,1202,True,7619
2023-04-06,raw_reversal,0.042556420225624,1203,True,7620
2023-04-06,univariate_reversal_ridge,0.042556420225624,1203,True,7620
2023-04-10,raw_reversal,-0.0001446863328219139,1205,True,7621
2023-04-10,univariate_reversal_ridge,-0.0001446863328219139,1205,True,7621
2023-04-11,raw_reversal,0.009170078660587618,1204,True,7622
2023-04-11,univariate_reversal_ridge,0.009170078660587618,1204,True,7622
2023-04-12,raw_reversal,-0.03220203637398932,1186,True,7623
2023-04-12,univariate_reversal_ridge,-0.03220203637398932,1186,True,7623
2023-04-13,raw_reversal,0.09549976921973055,1162,True,7624
2023-04-13,univariate_reversal_ridge,0.09549976921973055,1162,True,7624
2023-04-14,raw_reversal,-0.014316133455782665,1160,True,7625
2023-04-14,univariate_reversal_ridge,-0.014316133455782665,1160,True,7625
2023-04-17,raw_reversal,0.10362932070931746,1131,True,7626
2023-04-17,univariate_reversal_ridge,0.10362932070931746,1131,True,7626
2023-04-18,raw_reversal,0.022956747227444077,1124,True,7627
2023-04-18,univariate_reversal_ridge,0.022956747227444077,1124,True,7627
2023-04-19,raw_reversal,0.045616762293064356,1120,True,7628
2023-04-19,univariate_reversal_ridge,0.045616762293064356,1120,True,7628
2023-04-20,raw_reversal,0.04468194226190493,1109,True,7629
2023-04-20,univariate_reversal_ridge,0.04468194226190493,1109,True,7629
2023-04-21,raw_reversal,0.06625743801839823,1115,True,7630
2023-04-21,univariate_reversal_ridge,0.06625743801839823,1115,True,7630
2023-04-24,raw_reversal,0.11162938864717187,1111,True,7631
2023-04-24,univariate_reversal_ridge,0.11162938864717187,1111,True,7631
2023-04-25,raw_reversal,0.030332689531131718,1109,True,7632
2023-04-25,univariate_reversal_ridge,0.030332689531131718,1109,True,7632
2023-04-26,raw_reversal,0.13142857033917518,1118,True,7633
2023-04-26,univariate_reversal_ridge,0.13142857033917518,1118,True,7633
2023-04-27,raw_reversal,0.08311875872833606,1110,True,7634
2023-04-27,univariate_reversal_ridge,0.08311875872833606,1110,True,7634
2023-04-28,raw_reversal,0.0698499666229249,1112,True,7635
2023-04-28,univariate_reversal_ridge,0.0698499666229249,1112,True,7635
2023-05-01,raw_reversal,0.038102947995668685,1120,True,7636
2023-05-01,univariate_reversal_ridge,0.038102947995668685,1120,True,7636
2023-05-02,raw_reversal,0.010841348999521772,1117,True,7637
2023-05-02,univariate_reversal_ridge,0.010841348999521772,1117,True,7637
2023-05-03,raw_reversal,-0.006893093174674986,1121,True,7638
2023-05-03,univariate_reversal_ridge,-0.006893093174674986,1121,True,7638
2023-05-04,raw_reversal,-0.004963924919496029,1118,True,7639
2023-05-04,univariate_reversal_ridge,-0.004963924919496029,1118,True,7639
2023-05-05,raw_reversal,0.1415817030786041,1131,True,7640
2023-05-05,univariate_reversal_ridge,0.1415817030786041,1131,True,7640
2023-05-08,raw_reversal,-0.02268001444410997,1142,True,7641
2023-05-08,univariate_reversal_ridge,-0.02268001444410997,1142,True,7641
2023-05-09,raw_reversal,0.04920535688000789,1135,True,7642
2023-05-09,univariate_reversal_ridge,0.04920535688000789,1135,True,7642
2023-05-10,raw_reversal,-0.040920735268415644,1142,True,7643
2023-05-10,univariate_reversal_ridge,-0.040920735268415644,1142,True,7643
2023-05-11,raw_reversal,-0.07186158495883592,1136,True,7644
2023-05-11,univariate_reversal_ridge,-0.07186158495883592,1136,True,7644
2023-05-12,raw_reversal,-0.07071628940487247,1127,True,7645
2023-05-12,univariate_reversal_ridge,-0.07071628940487247,1127,True,7645
2023-05-15,raw_reversal,-0.23446140168520863,1151,True,7646
2023-05-15,univariate_reversal_ridge,-0.23446140168520863,1151,True,7646
2023-05-16,raw_reversal,-0.053462163606255275,1143,True,7647
2023-05-16,univariate_reversal_ridge,-0.053462163606255275,1143,True,7647
2023-05-17,raw_reversal,-0.05362385790264629,1149,True,7648
2023-05-17,univariate_reversal_ridge,-0.05362385790264629,1149,True,7648
2023-05-18,raw_reversal,0.008652902512176291,1148,True,7649
2023-05-18,univariate_reversal_ridge,0.008652902512176291,1148,True,7649
2023-05-19,raw_reversal,0.07386036292851217,1162,True,7650
2023-05-19,univariate_reversal_ridge,0.07386036292851217,1162,True,7650
2023-05-22,raw_reversal,0.08295690267551749,1169,True,7651
2023-05-22,univariate_reversal_ridge,0.08295690267551749,1169,True,7651
2023-05-23,raw_reversal,0.11094917713153596,1172,True,7652
2023-05-23,univariate_reversal_ridge,0.11094917713153596,1172,True,7652
2023-05-24,raw_reversal,-0.021731187936058757,1169,True,7653
2023-05-24,univariate_reversal_ridge,-0.021731187936058757,1169,True,7653
2023-05-25,raw_reversal,-0.035083584947011096,1157,True,7654
2023-05-25,univariate_reversal_ridge,-0.035083584947011096,1157,True,7654
2023-05-26,raw_reversal,-0.0251890583705284,1145,True,7655
2023-05-26,univariate_reversal_ridge,-0.0251890583705284,1145,True,7655
2023-05-30,raw_reversal,-0.09320703376653373,1139,True,7656
2023-05-30,univariate_reversal_ridge,-0.09320703376653373,1139,True,7656
2023-05-31,raw_reversal,-0.0004916776364483066,1118,True,7657
2023-05-31,univariate_reversal_ridge,-0.0004916776364483066,1118,True,7657
2023-06-01,raw_reversal,-0.1397615976843833,1141,True,7658
2023-06-01,univariate_reversal_ridge,-0.1397615976843833,1141,True,7658
2023-06-02,raw_reversal,-0.0584714371921535,1146,True,7659
2023-06-02,univariate_reversal_ridge,-0.0584714371921535,1146,True,7659
2023-06-05,raw_reversal,0.027470828663196063,1145,True,7660
2023-06-05,univariate_reversal_ridge,0.027470828663196063,1145,True,7660
2023-06-06,raw_reversal,-0.04857057252894121,1149,True,7661
2023-06-06,univariate_reversal_ridge,-0.04857057252894121,1149,True,7661
2023-06-07,raw_reversal,0.055084131122434654,1165,True,7662
2023-06-07,univariate_reversal_ridge,0.055084131122434654,1165,True,7662
2023-06-08,raw_reversal,-0.06867743352081075,1147,True,7663
2023-06-08,univariate_reversal_ridge,-0.06867743352081075,1147,True,7663
2023-06-09,raw_reversal,-0.06275643925920057,1165,True,7664
2023-06-09,univariate_reversal_ridge,-0.06275643925920057,1165,True,7664
2023-06-12,raw_reversal,-0.0056255903379314465,1175,True,7665
2023-06-12,univariate_reversal_ridge,-0.0056255903379314465,1175,True,7665
2023-06-13,raw_reversal,0.07116107659203341,1176,True,7666
2023-06-13,univariate_reversal_ridge,0.07116107659203341,1176,True,7666
2023-06-14,raw_reversal,-0.018249583431632924,1141,True,7667
2023-06-14,univariate_reversal_ridge,-0.018249583431632924,1141,True,7667
2023-06-15,raw_reversal,0.06264721336805551,1169,True,7668
2023-06-15,univariate_reversal_ridge,0.06264721336805551,1169,True,7668
2023-06-16,raw_reversal,-0.0003458079974422608,1220,True,7669
2023-06-16,univariate_reversal_ridge,-0.0003458079974422608,1220,True,7669
2023-06-20,raw_reversal,0.030575684268654472,1227,True,7670
2023-06-20,univariate_reversal_ridge,0.030575684268654472,1227,True,7670
2023-06-21,raw_reversal,0.03575395488164192,1229,True,7671
2023-06-21,univariate_reversal_ridge,0.03575395488164192,1229,True,7671
2023-06-22,raw_reversal,0.024009316051202267,1229,True,7672
2023-06-22,univariate_reversal_ridge,0.024009316051202267,1229,True,7672
2023-06-23,raw_reversal,-0.06662767869804605,1250,True,7673
2023-06-23,univariate_reversal_ridge,-0.06662767869804605,1250,True,7673
2023-06-26,raw_reversal,-0.08739766631175679,1251,True,7674
2023-06-26,univariate_reversal_ridge,-0.08739766631175679,1251,True,7674
2023-06-27,raw_reversal,-0.008643623285654864,1258,True,7675
2023-06-27,univariate_reversal_ridge,-0.008643623285654864,1258,True,7675
2023-06-28,raw_reversal,-0.00748799104307149,1260,True,7676
2023-06-28,univariate_reversal_ridge,-0.00748799104307149,1260,True,7676
2023-06-29,raw_reversal,-0.05704338682878299,1226,True,7677
2023-06-29,univariate_reversal_ridge,-0.05704338682878299,1226,True,7677
2023-06-30,raw_reversal,0.03439179058365342,1247,True,7678
2023-06-30,univariate_reversal_ridge,0.03439179058365342,1247,True,7678
2023-07-03,raw_reversal,-0.021908488852902225,1237,True,7679
2023-07-03,univariate_reversal_ridge,-0.021908488852902225,1237,True,7679
2023-07-05,raw_reversal,0.10644561316087083,1235,True,7680
2023-07-05,univariate_reversal_ridge,0.10644561316087083,1235,True,7680
2023-07-06,raw_reversal,0.02455801522977713,1224,True,7681
2023-07-06,univariate_reversal_ridge,0.02455801522977713,1224,True,7681
2023-07-07,raw_reversal,-0.07564391821714665,1228,True,7682
2023-07-07,univariate_reversal_ridge,-0.07564391821714665,1228,True,7682
2023-07-10,raw_reversal,-0.084598020712039,1233,True,7683
2023-07-10,univariate_reversal_ridge,-0.084598020712039,1233,True,7683
2023-07-11,raw_reversal,0.008774686279806172,1234,True,7684
2023-07-11,univariate_reversal_ridge,0.008774686279806172,1234,True,7684
2023-07-12,raw_reversal,0.0324266853965053,1235,True,7685
2023-07-12,univariate_reversal_ridge,0.0324266853965053,1235,True,7685
2023-07-13,raw_reversal,-0.003906946525372268,1220,True,7686
2023-07-13,univariate_reversal_ridge,-0.003906946525372268,1220,True,7686
2023-07-14,raw_reversal,-0.017422294824138068,1219,True,7687
2023-07-14,univariate_reversal_ridge,-0.017422294824138068,1219,True,7687
2023-07-17,raw_reversal,-0.025129840178190643,1223,True,7688
2023-07-17,univariate_reversal_ridge,-0.025129840178190643,1223,True,7688
2023-07-18,raw_reversal,-0.10919252084852632,1201,True,7689
2023-07-18,univariate_reversal_ridge,-0.10919252084852632,1201,True,7689
2023-07-19,raw_reversal,-0.07314117617186704,1194,True,7690
2023-07-19,univariate_reversal_ridge,-0.07314117617186704,1194,True,7690
2023-07-20,raw_reversal,-0.025537166226913308,1185,True,7691
2023-07-20,univariate_reversal_ridge,-0.025537166226913308,1185,True,7691
2023-07-21,raw_reversal,0.026695077239660477,1194,True,7692
2023-07-21,univariate_reversal_ridge,0.026695077239660477,1194,True,7692
2023-07-24,raw_reversal,-0.028537934455857727,1160,True,7693
2023-07-24,univariate_reversal_ridge,-0.028537934455857727,1160,True,7693
2023-07-25,raw_reversal,-0.011506795273251741,1153,True,7694
2023-07-25,univariate_reversal_ridge,-0.011506795273251741,1153,True,7694
2023-07-26,raw_reversal,0.08348297452494334,1152,True,7695
2023-07-26,univariate_reversal_ridge,0.08348297452494334,1152,True,7695
2023-07-27,raw_reversal,0.03372949194698661,1143,True,7696
2023-07-27,univariate_reversal_ridge,0.03372949194698661,1143,True,7696
2023-07-28,raw_reversal,0.08043305594057754,1135,True,7697
2023-07-28,univariate_reversal_ridge,0.08043305594057754,1135,True,7697
2023-07-31,raw_reversal,0.08672562849222143,1148,True,7698
2023-07-31,univariate_reversal_ridge,0.08672562849222143,1148,True,7698
2023-08-01,raw_reversal,0.022535885891213952,1164,True,7699
2023-08-01,univariate_reversal_ridge,0.022535885891213952,1164,True,7699
2023-08-02,raw_reversal,-0.004953985690567389,1172,True,7700
2023-08-02,univariate_reversal_ridge,-0.004953985690567389,1172,True,7700
2023-08-03,raw_reversal,0.0401313456628653,1176,True,7701
2023-08-03,univariate_reversal_ridge,0.0401313456628653,1176,True,7701
2023-08-04,raw_reversal,0.020227777779466605,1170,True,7702
2023-08-04,univariate_reversal_ridge,0.020227777779466605,1170,True,7702
2023-08-07,raw_reversal,0.012361834254506737,1188,True,7703
2023-08-07,univariate_reversal_ridge,0.012361834254506737,1188,True,7703
2023-08-08,raw_reversal,0.03982382728210421,1197,True,7704
2023-08-08,univariate_reversal_ridge,0.03982382728210421,1197,True,7704
2023-08-09,raw_reversal,-0.0741914450969347,1183,True,7705
2023-08-09,univariate_reversal_ridge,-0.0741914450969347,1183,True,7705
2023-08-10,raw_reversal,-0.020094238627700364,1190,True,7706
2023-08-10,univariate_reversal_ridge,-0.020094238627700364,1190,True,7706
2023-08-11,raw_reversal,0.00965456024804693,1198,True,7707
2023-08-11,univariate_reversal_ridge,0.00965456024804693,1198,True,7707
2023-08-14,raw_reversal,0.04553850800847768,1185,True,7708
2023-08-14,univariate_reversal_ridge,0.04553850800847768,1185,True,7708
2023-08-15,raw_reversal,-0.009544103282755415,1193,True,7709
2023-08-15,univariate_reversal_ridge,-0.009544103282755415,1193,True,7709
2023-08-16,raw_reversal,-0.03346269546629353,1180,True,7710
2023-08-16,univariate_reversal_ridge,-0.03346269546629353,1180,True,7710
2023-08-17,raw_reversal,0.06618907073300635,1172,True,7711
2023-08-17,univariate_reversal_ridge,0.06618907073300635,1172,True,7711
2023-08-18,raw_reversal,-0.006841879570605697,1184,True,7712
2023-08-18,univariate_reversal_ridge,-0.006841879570605697,1184,True,7712
2023-08-21,raw_reversal,0.048705622774769204,1190,True,7713
2023-08-21,univariate_reversal_ridge,0.048705622774769204,1190,True,7713
2023-08-22,raw_reversal,0.02311196839201174,1186,True,7714
2023-08-22,univariate_reversal_ridge,0.02311196839201174,1186,True,7714
2023-08-23,raw_reversal,-0.023780393773504396,1184,True,7715
2023-08-23,univariate_reversal_ridge,-0.023780393773504396,1184,True,7715
2023-08-24,raw_reversal,0.17957828794323677,1167,True,7716
2023-08-24,univariate_reversal_ridge,0.17957828794323677,1167,True,7716
2023-08-25,raw_reversal,0.022344982585083228,1166,True,7717
2023-08-25,univariate_reversal_ridge,0.022344982585083228,1166,True,7717
2023-08-28,raw_reversal,-0.043313484751145145,1158,True,7718
2023-08-28,univariate_reversal_ridge,-0.043313484751145145,1158,True,7718
2023-08-29,raw_reversal,0.059862537362796675,1151,True,7719
2023-08-29,univariate_reversal_ridge,0.059862537362796675,1151,True,7719
2023-08-30,raw_reversal,-0.0062445986883186,1118,True,7720
2023-08-30,univariate_reversal_ridge,-0.0062445986883186,1118,True,7720
2023-08-31,raw_reversal,-0.016800887588284533,1087,True,7721
2023-08-31,univariate_reversal_ridge,-0.016800887588284533,1087,True,7721
2023-09-01,raw_reversal,0.01981350633739698,1124,True,7722
2023-09-01,univariate_reversal_ridge,0.01981350633739698,1124,True,7722
2023-09-05,raw_reversal,-0.057189287656571455,1115,True,7723
2023-09-05,univariate_reversal_ridge,-0.057189287656571455,1115,True,7723
2023-09-06,raw_reversal,0.019065591706636145,1110,True,7724
2023-09-06,univariate_reversal_ridge,0.019065591706636145,1110,True,7724
2023-09-07,raw_reversal,-0.011661470512634733,1095,True,7725
2023-09-07,univariate_reversal_ridge,-0.011661470512634733,1095,True,7725
2023-09-08,raw_reversal,-0.056090084762569374,1115,True,7726
2023-09-08,univariate_reversal_ridge,-0.056090084762569374,1115,True,7726
2023-09-11,raw_reversal,0.07114224421109516,1118,True,7727
2023-09-11,univariate_reversal_ridge,0.07114224421109516,1118,True,7727
2023-09-12,raw_reversal,0.03266698175544176,1110,True,7728
2023-09-12,univariate_reversal_ridge,0.03266698175544176,1110,True,7728
2023-09-13,raw_reversal,0.028346919513642516,1121,True,7729
2023-09-13,univariate_reversal_ridge,0.028346919513642516,1121,True,7729
2023-09-14,raw_reversal,0.10669156392102261,1073,True,7730
2023-09-14,univariate_reversal_ridge,0.10669156392102261,1073,True,7730
2023-09-15,raw_reversal,0.06653329245305373,1173,True,7731
2023-09-15,univariate_reversal_ridge,0.06653329245305373,1173,True,7731
2023-09-18,raw_reversal,0.009165720632683227,1168,True,7732
2023-09-18,univariate_reversal_ridge,0.009165720632683227,1168,True,7732
2023-09-19,raw_reversal,0.10737626012513468,1165,True,7733
2023-09-19,univariate_reversal_ridge,0.10737626012513468,1165,True,7733
2023-09-20,raw_reversal,0.069953511053779,1162,True,7734
2023-09-20,univariate_reversal_ridge,0.069953511053779,1162,True,7734
2023-09-21,raw_reversal,0.013070451310902953,1173,True,7735
2023-09-21,univariate_reversal_ridge,0.013070451310902953,1173,True,7735
2023-09-22,raw_reversal,-0.09813835787880908,1161,True,7736
2023-09-22,univariate_reversal_ridge,-0.09813835787880908,1161,True,7736
2023-09-25,raw_reversal,-0.08641472365627291,1165,True,7737
2023-09-25,univariate_reversal_ridge,-0.08641472365627291,1165,True,7737
2023-09-26,raw_reversal,-0.0058281216001522616,1164,True,7738
2023-09-26,univariate_reversal_ridge,-0.0058281216001522616,1164,True,7738
2023-09-27,raw_reversal,0.011874172543710034,1168,True,7739
2023-09-27,univariate_reversal_ridge,0.011874172543710034,1168,True,7739
2023-09-28,raw_reversal,0.13109221328543028,1148,True,7740
2023-09-28,univariate_reversal_ridge,0.13109221328543028,1148,True,7740
2023-09-29,raw_reversal,0.11708445388642177,1169,True,7741
2023-09-29,univariate_reversal_ridge,0.11708445388642177,1169,True,7741
2023-10-02,raw_reversal,0.0631333340628625,1170,True,7742
2023-10-02,univariate_reversal_ridge,0.0631333340628625,1170,True,7742
2023-10-03,raw_reversal,0.03798009507450803,1167,True,7743
2023-10-03,univariate_reversal_ridge,0.03798009507450803,1167,True,7743
2023-10-04,raw_reversal,-0.02587698971749977,1164,True,7744
2023-10-04,univariate_reversal_ridge,-0.02587698971749977,1164,True,7744
2023-10-05,raw_reversal,0.0034091943261572773,1145,True,7745
2023-10-05,univariate_reversal_ridge,0.0034091943261572773,1145,True,7745
2023-10-06,raw_reversal,0.01726120899802987,1154,True,7746
2023-10-06,univariate_reversal_ridge,0.01726120899802987,1154,True,7746
2023-10-09,raw_reversal,0.009869828267136033,1165,True,7747
2023-10-09,univariate_reversal_ridge,0.009869828267136033,1165,True,7747
2023-10-10,raw_reversal,0.16943532928395033,1165,True,7748
2023-10-10,univariate_reversal_ridge,0.16943532928395033,1165,True,7748
2023-10-11,raw_reversal,0.07301104755652367,1159,True,7749
2023-10-11,univariate_reversal_ridge,0.07301104755652367,1159,True,7749
2023-10-12,raw_reversal,-0.042502595034189516,1145,True,7750
2023-10-12,univariate_reversal_ridge,-0.042502595034189516,1145,True,7750
2023-10-13,raw_reversal,-0.12612835430407585,1115,True,7751
2023-10-13,univariate_reversal_ridge,-0.12612835430407585,1115,True,7751
2023-10-16,raw_reversal,0.03094999481866744,1113,True,7752
2023-10-16,univariate_reversal_ridge,0.03094999481866744,1113,True,7752
2023-10-17,raw_reversal,0.057852317025659496,1116,True,7753
2023-10-17,univariate_reversal_ridge,0.057852317025659496,1116,True,7753
2023-10-18,raw_reversal,-0.02269604467104236,1111,True,7754
2023-10-18,univariate_reversal_ridge,-0.02269604467104236,1111,True,7754
2023-10-19,raw_reversal,-0.007281549227801233,1110,True,7755
2023-10-19,univariate_reversal_ridge,-0.007281549227801233,1110,True,7755
2023-10-20,raw_reversal,0.033299276375059424,1119,True,7756
2023-10-20,univariate_reversal_ridge,0.033299276375059424,1119,True,7756
2023-10-23,raw_reversal,0.06880184002587447,1120,True,7757
2023-10-23,univariate_reversal_ridge,0.06880184002587447,1120,True,7757
2023-10-24,raw_reversal,0.09319888482751705,1121,True,7758
2023-10-24,univariate_reversal_ridge,0.09319888482751705,1121,True,7758
2023-10-25,raw_reversal,-0.012693825471558645,1117,True,7759
2023-10-25,univariate_reversal_ridge,-0.012693825471558645,1117,True,7759
2023-10-26,raw_reversal,-0.08833168558039245,1117,True,7760
2023-10-26,univariate_reversal_ridge,-0.08833168558039245,1117,True,7760
2023-10-27,raw_reversal,-0.03738705346268072,1120,True,7761
2023-10-27,univariate_reversal_ridge,-0.03738705346268072,1120,True,7761
2023-10-30,raw_reversal,-0.10729774928359581,1112,True,7762
2023-10-30,univariate_reversal_ridge,-0.10729774928359581,1112,True,7762
2023-10-31,raw_reversal,-0.12685350130788495,1104,True,7763
2023-10-31,univariate_reversal_ridge,-0.12685350130788495,1104,True,7763
2023-11-01,raw_reversal,-0.017507591037773832,1123,True,7764
2023-11-01,univariate_reversal_ridge,-0.017507591037773832,1123,True,7764
2023-11-02,raw_reversal,0.16631129472332695,1132,True,7765
2023-11-02,univariate_reversal_ridge,0.16631129472332695,1132,True,7765
2023-11-03,raw_reversal,0.06257582214926978,1142,True,7766
2023-11-03,univariate_reversal_ridge,0.06257582214926978,1142,True,7766
2023-11-06,raw_reversal,0.0076985731247784656,1145,True,7767
2023-11-06,univariate_reversal_ridge,0.0076985731247784656,1145,True,7767
2023-11-07,raw_reversal,-0.02701929432107228,1139,True,7768
2023-11-07,univariate_reversal_ridge,-0.02701929432107228,1139,True,7768
2023-11-08,raw_reversal,0.02316718693752237,1138,True,7769
2023-11-08,univariate_reversal_ridge,0.02316718693752237,1138,True,7769
2023-11-09,raw_reversal,0.05348774262241241,1126,True,7770
2023-11-09,univariate_reversal_ridge,0.05348774262241241,1126,True,7770
2023-11-10,raw_reversal,-0.24632867637135436,1125,True,7771
2023-11-10,univariate_reversal_ridge,-0.24632867637135436,1125,True,7771
2023-11-13,raw_reversal,-0.0687842752887476,1138,True,7772
2023-11-13,univariate_reversal_ridge,-0.0687842752887476,1138,True,7772
2023-11-14,raw_reversal,-0.044743691056001685,1128,True,7773
2023-11-14,univariate_reversal_ridge,-0.044743691056001685,1128,True,7773
2023-11-15,raw_reversal,0.07759612090749243,1148,True,7774
2023-11-15,univariate_reversal_ridge,0.07759612090749243,1148,True,7774
2023-11-16,raw_reversal,-0.043045722340837124,1133,True,7775
2023-11-16,univariate_reversal_ridge,-0.043045722340837124,1133,True,7775
2023-11-17,raw_reversal,0.10298629660588841,1153,True,7776
2023-11-17,univariate_reversal_ridge,0.10298629660588841,1153,True,7776
2023-11-20,raw_reversal,0.02219291800750023,1155,True,7777
2023-11-20,univariate_reversal_ridge,0.02219291800750023,1155,True,7777
2023-11-21,raw_reversal,0.03718339372349426,1149,True,7778
2023-11-21,univariate_reversal_ridge,0.03718339372349426,1149,True,7778
2023-11-22,raw_reversal,0.051106490076576555,1143,True,7779
2023-11-22,univariate_reversal_ridge,0.051106490076576555,1143,True,7779
2023-11-24,raw_reversal,-0.1212909529898511,1134,True,7780
2023-11-24,univariate_reversal_ridge,-0.1212909529898511,1134,True,7780
2023-11-27,raw_reversal,-0.09294938869419013,1131,True,7781
2023-11-27,univariate_reversal_ridge,-0.09294938869419013,1131,True,7781
2023-11-28,raw_reversal,-0.03901543127406075,1142,True,7782
2023-11-28,univariate_reversal_ridge,-0.03901543127406075,1142,True,7782
2023-11-29,raw_reversal,-0.0013640241519775609,1126,True,7783
2023-11-29,univariate_reversal_ridge,-0.0013640241519775609,1126,True,7783
2023-11-30,raw_reversal,0.02366429724948485,1086,True,7784
2023-11-30,univariate_reversal_ridge,0.02366429724948485,1086,True,7784
2023-12-01,raw_reversal,0.003160141950248385,1138,True,7785
2023-12-01,univariate_reversal_ridge,0.003160141950248385,1138,True,7785
2023-12-04,raw_reversal,0.03340077141996614,1137,True,7786
2023-12-04,univariate_reversal_ridge,0.03340077141996614,1137,True,7786
2023-12-05,raw_reversal,-0.014189766085882016,1130,True,7787
2023-12-05,univariate_reversal_ridge,-0.014189766085882016,1130,True,7787
2023-12-06,raw_reversal,-0.0639487534908148,1144,True,7788
2023-12-06,univariate_reversal_ridge,-0.0639487534908148,1144,True,7788
2023-12-07,raw_reversal,-0.1343333403973458,1126,True,7789
2023-12-07,univariate_reversal_ridge,-0.1343333403973458,1126,True,7789
2023-12-08,raw_reversal,-0.14639238028471874,1149,True,7790
2023-12-08,univariate_reversal_ridge,-0.14639238028471874,1149,True,7790
2023-12-11,raw_reversal,-0.0219302506755023,1155,True,7791
2023-12-11,univariate_reversal_ridge,-0.0219302506755023,1155,True,7791
2023-12-12,raw_reversal,0.051213912715721635,1158,True,7792
2023-12-12,univariate_reversal_ridge,0.051213912715721635,1158,True,7792
2023-12-13,raw_reversal,-0.03339145982311381,1163,True,7793
2023-12-13,univariate_reversal_ridge,-0.03339145982311381,1163,True,7793
2023-12-14,raw_reversal,-0.010145193864984792,1134,True,7794
2023-12-14,univariate_reversal_ridge,-0.010145193864984792,1134,True,7794
2023-12-15,raw_reversal,0.0027081309814818155,1223,True,7795
2023-12-15,univariate_reversal_ridge,0.0027081309814818155,1223,True,7795
2023-12-18,raw_reversal,0.07810663231314088,1227,True,7796
2023-12-18,univariate_reversal_ridge,0.07810663231314088,1227,True,7796
2023-12-19,raw_reversal,0.020597892818250307,1239,True,7797
2023-12-19,univariate_reversal_ridge,0.020597892818250307,1239,True,7797
2023-12-20,raw_reversal,0.05496004374405328,1234,True,7798
2023-12-20,univariate_reversal_ridge,0.05496004374405328,1234,True,7798
2023-12-21,raw_reversal,0.0145026805721961,1247,True,7799
2023-12-21,univariate_reversal_ridge,0.0145026805721961,1247,True,7799
2023-12-22,raw_reversal,-0.052769784943168814,1259,True,7800
2023-12-22,univariate_reversal_ridge,-0.052769784943168814,1259,True,7800
2023-12-26,raw_reversal,0.013081926668339017,1256,True,7801
2023-12-26,univariate_reversal_ridge,0.013081926668339017,1256,True,7801
2023-12-27,raw_reversal,-0.07985091193452062,1260,True,7802
2023-12-27,univariate_reversal_ridge,-0.07985091193452062,1260,True,7802
2023-12-28,raw_reversal,-0.18698087349231665,1226,True,7803
2023-12-28,univariate_reversal_ridge,-0.18698087349231665,1226,True,7803
2023-12-29,raw_reversal,-0.1212165646081266,1247,True,7804
2023-12-29,univariate_reversal_ridge,-0.1212165646081266,1247,True,7804
2024-01-02,raw_reversal,0.03269110251682142,1261,True,7805
2024-01-02,univariate_reversal_ridge,0.03269110251682142,1261,True,7805
2024-01-03,raw_reversal,0.0003469701170914219,1248,True,7806
2024-01-03,univariate_reversal_ridge,0.0003469701170914219,1248,True,7806
2024-01-04,raw_reversal,-0.08359684586267932,1248,True,7807
2024-01-04,univariate_reversal_ridge,-0.08359684586267932,1248,True,7807
2024-01-05,raw_reversal,0.08525666895550651,1262,True,7808
2024-01-05,univariate_reversal_ridge,0.08525666895550651,1262,True,7808
2024-01-08,raw_reversal,0.048889108873322554,1264,True,7809
2024-01-08,univariate_reversal_ridge,0.048889108873322554,1264,True,7809
2024-01-09,raw_reversal,-0.026407593992252676,1263,True,7810
2024-01-09,univariate_reversal_ridge,-0.026407593992252676,1263,True,7810
2024-01-10,raw_reversal,-0.012715948247059863,1267,True,7811
2024-01-10,univariate_reversal_ridge,-0.012715948247059863,1267,True,7811
2024-01-11,raw_reversal,-0.019364199731623843,1260,True,7812
2024-01-11,univariate_reversal_ridge,-0.019364199731623843,1260,True,7812
2024-01-12,raw_reversal,0.13225831296804053,1251,True,7813
2024-01-12,univariate_reversal_ridge,0.13225831296804053,1251,True,7813
2024-01-16,raw_reversal,-0.03845626711067952,1240,True,7814
2024-01-16,univariate_reversal_ridge,-0.03845626711067952,1240,True,7814
2024-01-17,raw_reversal,-0.021203220396529606,1182,True,7815
2024-01-17,univariate_reversal_ridge,-0.021203220396529606,1182,True,7815
2024-01-18,raw_reversal,-0.02487522832271674,1167,True,7816
2024-01-18,univariate_reversal_ridge,-0.02487522832271674,1167,True,7816
2024-01-19,raw_reversal,-0.06757109189363844,1173,True,7817
2024-01-19,univariate_reversal_ridge,-0.06757109189363844,1173,True,7817
2024-01-22,raw_reversal,0.0015564905061523637,1176,True,7818
2024-01-22,univariate_reversal_ridge,0.0015564905061523637,1176,True,7818
2024-01-23,raw_reversal,-0.056981413619222834,1174,True,7819
2024-01-23,univariate_reversal_ridge,-0.056981413619222834,1174,True,7819
2024-01-24,raw_reversal,-0.026396231423293642,1183,True,7820
2024-01-24,univariate_reversal_ridge,-0.026396231423293642,1183,True,7820
2024-01-25,raw_reversal,-0.055574021092281926,1184,True,7821
2024-01-25,univariate_reversal_ridge,-0.055574021092281926,1184,True,7821
2024-01-26,raw_reversal,-0.004817226579133416,1190,True,7822
2024-01-26,univariate_reversal_ridge,-0.004817226579133416,1190,True,7822
2024-01-29,raw_reversal,0.07111917825085297,1191,True,7823
2024-01-29,univariate_reversal_ridge,0.07111917825085297,1191,True,7823
2024-01-30,raw_reversal,0.04319961896058606,1185,True,7824
2024-01-30,univariate_reversal_ridge,0.04319961896058606,1185,True,7824
2024-01-31,raw_reversal,0.013400802001140175,1187,True,7825
2024-01-31,univariate_reversal_ridge,0.013400802001140175,1187,True,7825
2024-02-01,raw_reversal,-0.013864651787834076,1190,True,7826
2024-02-01,univariate_reversal_ridge,-0.013864651787834076,1190,True,7826
2024-02-02,raw_reversal,-0.06478624910328262,1191,True,7827
2024-02-02,univariate_reversal_ridge,-0.06478624910328262,1191,True,7827
2024-02-05,raw_reversal,-0.014238054369057826,1194,True,7828
2024-02-05,univariate_reversal_ridge,-0.014238054369057826,1194,True,7828
2024-02-06,raw_reversal,0.04587442745619596,1195,True,7829
2024-02-06,univariate_reversal_ridge,0.04587442745619596,1195,True,7829
2024-02-07,raw_reversal,0.028416524111983796,1193,True,7830
2024-02-07,univariate_reversal_ridge,0.028416524111983796,1193,True,7830
2024-02-08,raw_reversal,-0.02533916611792393,1180,True,7831
2024-02-08,univariate_reversal_ridge,-0.02533916611792393,1180,True,7831
2024-02-09,raw_reversal,0.030193046511805544,1193,True,7832
2024-02-09,univariate_reversal_ridge,0.030193046511805544,1193,True,7832
2024-02-12,raw_reversal,-0.03756365525621801,1207,True,7833
2024-02-12,univariate_reversal_ridge,-0.03756365525621801,1207,True,7833
2024-02-13,raw_reversal,0.02968212990450042,1208,True,7834
2024-02-13,univariate_reversal_ridge,0.02968212990450042,1208,True,7834
2024-02-14,raw_reversal,0.03843737211865639,1200,True,7835
2024-02-14,univariate_reversal_ridge,0.03843737211865639,1200,True,7835
2024-02-15,raw_reversal,0.013000734679558985,1209,True,7836
2024-02-15,univariate_reversal_ridge,0.013000734679558985,1209,True,7836
2024-02-16,raw_reversal,0.026196760627518665,1206,True,7837
2024-02-16,univariate_reversal_ridge,0.026196760627518665,1206,True,7837
2024-02-20,raw_reversal,0.11465444249019739,1221,True,7838
2024-02-20,univariate_reversal_ridge,0.11465444249019739,1221,True,7838
2024-02-21,raw_reversal,0.05717619848210296,1228,True,7839
2024-02-21,univariate_reversal_ridge,0.05717619848210296,1228,True,7839
2024-02-22,raw_reversal,-0.053548035642543956,1215,True,7840
2024-02-22,univariate_reversal_ridge,-0.053548035642543956,1215,True,7840
2024-02-23,raw_reversal,0.005378423052371309,1226,True,7841
2024-02-23,univariate_reversal_ridge,0.005378423052371309,1226,True,7841
2024-02-26,raw_reversal,0.028278657787996556,1241,True,7842
2024-02-26,univariate_reversal_ridge,0.028278657787996556,1241,True,7842
2024-02-27,raw_reversal,0.03771494633163766,1252,True,7843
2024-02-27,univariate_reversal_ridge,0.03771494633163766,1252,True,7843
2024-02-28,raw_reversal,-0.019753476937912257,1244,True,7844
2024-02-28,univariate_reversal_ridge,-0.019753476937912257,1244,True,7844
2024-02-29,raw_reversal,-0.06891101675308729,1224,True,7845
2024-02-29,univariate_reversal_ridge,-0.06891101675308729,1224,True,7845
2024-03-01,raw_reversal,-0.028856178255342216,1259,True,7846
2024-03-01,univariate_reversal_ridge,-0.028856178255342216,1259,True,7846
2024-03-04,raw_reversal,-0.03393715797317604,1266,True,7847
2024-03-04,univariate_reversal_ridge,-0.03393715797317604,1266,True,7847
2024-03-05,raw_reversal,-0.03666952530946678,1263,True,7848
2024-03-05,univariate_reversal_ridge,-0.03666952530946678,1263,True,7848
2024-03-06,raw_reversal,-0.011620700455105326,1267,True,7849
2024-03-06,univariate_reversal_ridge,-0.011620700455105326,1267,True,7849
2024-03-07,raw_reversal,0.010550155264495348,1236,True,7850
2024-03-07,univariate_reversal_ridge,0.010550155264495348,1236,True,7850
2024-03-08,raw_reversal,0.0037399034075609244,1265,True,7851
2024-03-08,univariate_reversal_ridge,0.0037399034075609244,1265,True,7851
2024-03-11,raw_reversal,0.02654734566104549,1269,True,7852
2024-03-11,univariate_reversal_ridge,0.02654734566104549,1269,True,7852
2024-03-12,raw_reversal,-0.030078396085845303,1267,True,7853
2024-03-12,univariate_reversal_ridge,-0.030078396085845303,1267,True,7853
2024-03-13,raw_reversal,-0.03981657548625346,1252,True,7854
2024-03-13,univariate_reversal_ridge,-0.03981657548625346,1252,True,7854
2024-03-14,raw_reversal,-0.00678122891063114,1202,True,7855
2024-03-14,univariate_reversal_ridge,-0.00678122891063114,1202,True,7855
2024-03-15,raw_reversal,-0.009949856731683818,1293,True,7856
2024-03-15,univariate_reversal_ridge,-0.009949856731683818,1293,True,7856
2024-03-18,raw_reversal,-0.0024517739430785987,1293,True,7857
2024-03-18,univariate_reversal_ridge,-0.0024517739430785987,1293,True,7857
2024-03-19,raw_reversal,-0.006515533178108809,1292,True,7858
2024-03-19,univariate_reversal_ridge,-0.006515533178108809,1292,True,7858
2024-03-20,raw_reversal,0.040001255847971304,1282,True,7859
2024-03-20,univariate_reversal_ridge,0.040001255847971304,1282,True,7859
2024-03-21,raw_reversal,0.007236589732201183,1283,True,7860
2024-03-21,univariate_reversal_ridge,0.007236589732201183,1283,True,7860
2024-03-22,raw_reversal,-0.02680963045382284,1280,True,7861
2024-03-22,univariate_reversal_ridge,-0.02680963045382284,1280,True,7861
2024-03-25,raw_reversal,-0.016419978705824366,1275,True,7862
2024-03-25,univariate_reversal_ridge,-0.016419978705824366,1275,True,7862
2024-03-26,raw_reversal,0.08195911184358441,1278,True,7863
2024-03-26,univariate_reversal_ridge,0.08195911184358441,1278,True,7863
2024-03-27,raw_reversal,0.1429195922277964,1239,True,7864
2024-03-27,univariate_reversal_ridge,0.1429195922277964,1239,True,7864
2024-03-28,raw_reversal,0.0305828880169036,1263,True,7865
2024-03-28,univariate_reversal_ridge,0.0305828880169036,1263,True,7865
2024-04-01,raw_reversal,-0.006095764482582415,1257,True,7866
2024-04-01,univariate_reversal_ridge,-0.006095764482582415,1257,True,7866
2024-04-02,raw_reversal,-0.05926662832425484,1259,True,7867
2024-04-02,univariate_reversal_ridge,-0.05926662832425484,1259,True,7867
2024-04-03,raw_reversal,0.026924449101164073,1250,True,7868
2024-04-03,univariate_reversal_ridge,0.026924449101164073,1250,True,7868
2024-04-04,raw_reversal,-0.01211209632597926,1240,True,7869
2024-04-04,univariate_reversal_ridge,-0.01211209632597926,1240,True,7869
2024-04-05,raw_reversal,0.03587663049954836,1250,True,7870
2024-04-05,univariate_reversal_ridge,0.03587663049954836,1250,True,7870
2024-04-08,raw_reversal,0.11567596587469603,1244,True,7871
2024-04-08,univariate_reversal_ridge,0.11567596587469603,1244,True,7871
2024-04-09,raw_reversal,0.13220509342607706,1238,True,7872
2024-04-09,univariate_reversal_ridge,0.13220509342607706,1238,True,7872
2024-04-10,raw_reversal,0.0364055200082745,1259,True,7873
2024-04-10,univariate_reversal_ridge,0.0364055200082745,1259,True,7873
2024-04-11,raw_reversal,0.06161839586565945,1252,True,7874
2024-04-11,univariate_reversal_ridge,0.06161839586565945,1252,True,7874
2024-04-12,raw_reversal,-0.12894341265177275,1243,True,7875
2024-04-12,univariate_reversal_ridge,-0.12894341265177275,1243,True,7875
2024-04-15,raw_reversal,-0.10087643544711279,1197,True,7876
2024-04-15,univariate_reversal_ridge,-0.10087643544711279,1197,True,7876
2024-04-16,raw_reversal,0.006648015815163541,1200,True,7877
2024-04-16,univariate_reversal_ridge,0.006648015815163541,1200,True,7877
2024-04-17,raw_reversal,-0.05096712690679003,1196,True,7878
2024-04-17,univariate_reversal_ridge,-0.05096712690679003,1196,True,7878
2024-04-18,raw_reversal,0.013571610348162833,1178,True,7879
2024-04-18,univariate_reversal_ridge,0.013571610348162833,1178,True,7879
2024-04-19,raw_reversal,0.03358525203904009,1188,True,7880
2024-04-19,univariate_reversal_ridge,0.03358525203904009,1188,True,7880
2024-04-22,raw_reversal,-0.0771642109868337,1191,True,7881
2024-04-22,univariate_reversal_ridge,-0.0771642109868337,1191,True,7881
2024-04-23,raw_reversal,0.053919502918569034,1196,True,7882
2024-04-23,univariate_reversal_ridge,0.053919502918569034,1196,True,7882
2024-04-24,raw_reversal,0.02193237746999619,1201,True,7883
2024-04-24,univariate_reversal_ridge,0.02193237746999619,1201,True,7883
2024-04-25,raw_reversal,-0.04102236823985374,1189,True,7884
2024-04-25,univariate_reversal_ridge,-0.04102236823985374,1189,True,7884
2024-04-26,raw_reversal,-0.044332962524270804,1189,True,7885
2024-04-26,univariate_reversal_ridge,-0.044332962524270804,1189,True,7885
2024-04-29,raw_reversal,-0.020270977468827653,1194,True,7886
2024-04-29,univariate_reversal_ridge,-0.020270977468827653,1194,True,7886
2024-04-30,raw_reversal,-0.0022535494570715027,1188,True,7887
2024-04-30,univariate_reversal_ridge,-0.0022535494570715027,1188,True,7887
2024-05-01,raw_reversal,0.04937021342302987,1198,True,7888
2024-05-01,univariate_reversal_ridge,0.04937021342302987,1198,True,7888
2024-05-02,raw_reversal,0.013088169925692929,1202,True,7889
2024-05-02,univariate_reversal_ridge,0.013088169925692929,1202,True,7889
2024-05-03,raw_reversal,0.010947596558494602,1202,True,7890
2024-05-03,univariate_reversal_ridge,0.010947596558494602,1202,True,7890
2024-05-06,raw_reversal,0.03543888044939622,1215,True,7891
2024-05-06,univariate_reversal_ridge,0.03543888044939622,1215,True,7891
2024-05-07,raw_reversal,0.10060658779380587,1215,True,7892
2024-05-07,univariate_reversal_ridge,0.10060658779380587,1215,True,7892
2024-05-08,raw_reversal,-0.026553309326297597,1224,True,7893
2024-05-08,univariate_reversal_ridge,-0.026553309326297597,1224,True,7893
2024-05-09,raw_reversal,0.011294797295126354,1218,True,7894
2024-05-09,univariate_reversal_ridge,0.011294797295126354,1218,True,7894
2024-05-10,raw_reversal,0.004079723863772245,1226,True,7895
2024-05-10,univariate_reversal_ridge,0.004079723863772245,1226,True,7895
2024-05-13,raw_reversal,0.09245970578965138,1242,True,7896
2024-05-13,univariate_reversal_ridge,0.09245970578965138,1242,True,7896
2024-05-14,raw_reversal,-0.017178858561257886,1233,True,7897
2024-05-14,univariate_reversal_ridge,-0.017178858561257886,1233,True,7897
2024-05-15,raw_reversal,-0.07445459413247167,1237,True,7898
2024-05-15,univariate_reversal_ridge,-0.07445459413247167,1237,True,7898
2024-05-16,raw_reversal,0.06194611920332151,1234,True,7899
2024-05-16,univariate_reversal_ridge,0.06194611920332151,1234,True,7899
2024-05-17,raw_reversal,0.032161041731535216,1231,True,7900
2024-05-17,univariate_reversal_ridge,0.032161041731535216,1231,True,7900
2024-05-20,raw_reversal,0.01660996098991316,1234,True,7901
2024-05-20,univariate_reversal_ridge,0.01660996098991316,1234,True,7901
2024-05-21,raw_reversal,0.007717824060019113,1235,True,7902
2024-05-21,univariate_reversal_ridge,0.007717824060019113,1235,True,7902
2024-05-22,raw_reversal,0.11973557604479114,1239,True,7903
2024-05-22,univariate_reversal_ridge,0.11973557604479114,1239,True,7903
2024-05-23,raw_reversal,0.010409032714677136,1220,True,7904
2024-05-23,univariate_reversal_ridge,0.010409032714677136,1220,True,7904
2024-05-24,raw_reversal,0.005414227195701553,1223,True,7905
2024-05-24,univariate_reversal_ridge,0.005414227195701553,1223,True,7905
2024-05-28,raw_reversal,0.00457711619566472,1237,True,7906
2024-05-28,univariate_reversal_ridge,0.00457711619566472,1237,True,7906
2024-05-29,raw_reversal,-0.036565520157217535,1218,True,7907
2024-05-29,univariate_reversal_ridge,-0.036565520157217535,1218,True,7907
2024-05-30,raw_reversal,0.026218592897562315,1214,True,7908
2024-05-30,univariate_reversal_ridge,0.026218592897562315,1214,True,7908
2024-05-31,raw_reversal,-0.05385562630371764,1187,True,7909
2024-05-31,univariate_reversal_ridge,-0.05385562630371764,1187,True,7909
2024-06-03,raw_reversal,-0.06863149243886592,1186,True,7910
2024-06-03,univariate_reversal_ridge,-0.06863149243886592,1186,True,7910
2024-06-04,raw_reversal,-0.0569937644291581,1214,True,7911
2024-06-04,univariate_reversal_ridge,-0.0569937644291581,1214,True,7911
2024-06-05,raw_reversal,-0.14162450195027215,1217,True,7912
2024-06-05,univariate_reversal_ridge,-0.14162450195027215,1217,True,7912
2024-06-06,raw_reversal,0.0481858641262226,1204,True,7913
2024-06-06,univariate_reversal_ridge,0.0481858641262226,1204,True,7913
2024-06-07,raw_reversal,0.040246432209360514,1185,True,7914
2024-06-07,univariate_reversal_ridge,0.040246432209360514,1185,True,7914
2024-06-10,raw_reversal,0.06290623401676228,1178,True,7915
2024-06-10,univariate_reversal_ridge,0.06290623401676228,1178,True,7915
2024-06-11,raw_reversal,0.07469895256004006,1197,True,7916
2024-06-11,univariate_reversal_ridge,0.07469895256004006,1197,True,7916
2024-06-12,raw_reversal,0.021270703277530216,1191,True,7917
2024-06-12,univariate_reversal_ridge,0.021270703277530216,1191,True,7917
2024-06-13,raw_reversal,-0.039878461555949665,1188,True,7918
2024-06-13,univariate_reversal_ridge,-0.039878461555949665,1188,True,7918
2024-06-14,raw_reversal,-0.03894274121750803,1129,True,7919
2024-06-14,univariate_reversal_ridge,-0.03894274121750803,1129,True,7919
2024-06-17,raw_reversal,0.002330719658980615,1182,True,7920
2024-06-17,univariate_reversal_ridge,0.002330719658980615,1182,True,7920
2024-06-18,raw_reversal,0.01784258026406277,1191,True,7921
2024-06-18,univariate_reversal_ridge,0.01784258026406277,1191,True,7921
2024-06-20,raw_reversal,-0.08808891737464918,1197,True,7922
2024-06-20,univariate_reversal_ridge,-0.08808891737464918,1197,True,7922
2024-06-21,raw_reversal,-0.022281392864109597,1232,True,7923
2024-06-21,univariate_reversal_ridge,-0.022281392864109597,1232,True,7923
2024-06-24,raw_reversal,0.017798750522363533,1236,True,7924
2024-06-24,univariate_reversal_ridge,0.017798750522363533,1236,True,7924
2024-06-25,raw_reversal,-0.04147339619058943,1235,True,7925
2024-06-25,univariate_reversal_ridge,-0.04147339619058943,1235,True,7925
2024-06-26,raw_reversal,-0.013681636973060365,1237,True,7926
2024-06-26,univariate_reversal_ridge,-0.013681636973060365,1237,True,7926
2024-06-27,raw_reversal,0.0389912702636395,1244,True,7927
2024-06-27,univariate_reversal_ridge,0.0389912702636395,1244,True,7927
2024-06-28,raw_reversal,0.0784611606325879,1255,True,7928
2024-06-28,univariate_reversal_ridge,0.0784611606325879,1255,True,7928
2024-07-01,raw_reversal,0.04442067605435167,1266,True,7929
2024-07-01,univariate_reversal_ridge,0.04442067605435167,1266,True,7929
2024-07-02,raw_reversal,-0.016411897154987545,1278,True,7930
2024-07-02,univariate_reversal_ridge,-0.016411897154987545,1278,True,7930
2024-07-03,raw_reversal,-0.029616346472634128,1270,True,7931
2024-07-03,univariate_reversal_ridge,-0.029616346472634128,1270,True,7931
2024-07-05,raw_reversal,0.005526153965902128,1255,True,7932
2024-07-05,univariate_reversal_ridge,0.005526153965902128,1255,True,7932
2024-07-08,raw_reversal,-0.13024686241046618,1267,True,7933
2024-07-08,univariate_reversal_ridge,-0.13024686241046618,1267,True,7933
2024-07-09,raw_reversal,-0.09350547250454708,1270,True,7934
2024-07-09,univariate_reversal_ridge,-0.09350547250454708,1270,True,7934
2024-07-10,raw_reversal,-0.14144263787604397,1268,True,7935
2024-07-10,univariate_reversal_ridge,-0.14144263787604397,1268,True,7935
2024-07-11,raw_reversal,-0.08440107381781678,1284,True,7936
2024-07-11,univariate_reversal_ridge,-0.08440107381781678,1284,True,7936
2024-07-12,raw_reversal,0.02765216972823259,1280,True,7937
2024-07-12,univariate_reversal_ridge,0.02765216972823259,1280,True,7937
2024-07-15,raw_reversal,0.04948838425581058,1291,True,7938
2024-07-15,univariate_reversal_ridge,0.04948838425581058,1291,True,7938
2024-07-16,raw_reversal,0.024263602174830118,1315,True,7939
2024-07-16,univariate_reversal_ridge,0.024263602174830118,1315,True,7939
2024-07-17,raw_reversal,-0.026475393333492532,1318,True,7940
2024-07-17,univariate_reversal_ridge,-0.026475393333492532,1318,True,7940
2024-07-18,raw_reversal,0.07315761108717549,1317,True,7941
2024-07-18,univariate_reversal_ridge,0.07315761108717549,1317,True,7941
2024-07-19,raw_reversal,0.05856083226776734,1312,True,7942
2024-07-19,univariate_reversal_ridge,0.05856083226776734,1312,True,7942
2024-07-22,raw_reversal,0.09032687642341292,1282,True,7943
2024-07-22,univariate_reversal_ridge,0.09032687642341292,1282,True,7943
2024-07-23,raw_reversal,0.023665441170784965,1287,True,7944
2024-07-23,univariate_reversal_ridge,0.023665441170784965,1287,True,7944
2024-07-24,raw_reversal,-0.008008236757394475,1288,True,7945
2024-07-24,univariate_reversal_ridge,-0.008008236757394475,1288,True,7945
2024-07-25,raw_reversal,0.08998906582863833,1296,True,7946
2024-07-25,univariate_reversal_ridge,0.08998906582863833,1296,True,7946
2024-07-26,raw_reversal,0.018473653403328898,1295,True,7947
2024-07-26,univariate_reversal_ridge,0.018473653403328898,1295,True,7947
2024-07-29,raw_reversal,-0.0496149372799716,1255,True,7948
2024-07-29,univariate_reversal_ridge,-0.0496149372799716,1255,True,7948
2024-07-30,raw_reversal,0.036065844768060566,1260,True,7949
2024-07-30,univariate_reversal_ridge,0.036065844768060566,1260,True,7949
2024-07-31,raw_reversal,0.07461197029015645,1266,True,7950
2024-07-31,univariate_reversal_ridge,0.07461197029015645,1266,True,7950
2024-08-01,raw_reversal,-0.00035813307665921723,1278,True,7951
2024-08-01,univariate_reversal_ridge,-0.00035813307665921723,1278,True,7951
2024-08-02,raw_reversal,0.005454018314740572,1287,True,7952
2024-08-02,univariate_reversal_ridge,0.005454018314740572,1287,True,7952
2024-08-05,raw_reversal,-0.052920682444915094,1299,True,7953
2024-08-05,univariate_reversal_ridge,-0.052920682444915094,1299,True,7953
2024-08-06,raw_reversal,-0.0695469994655202,1303,True,7954
2024-08-06,univariate_reversal_ridge,-0.0695469994655202,1303,True,7954
2024-08-07,raw_reversal,0.0039044285009577073,1309,True,7955
2024-08-07,univariate_reversal_ridge,0.0039044285009577073,1309,True,7955
2024-08-08,raw_reversal,-0.1701621227841258,1307,True,7956
2024-08-08,univariate_reversal_ridge,-0.1701621227841258,1307,True,7956
2024-08-09,raw_reversal,-0.09939653309052637,1294,True,7957
2024-08-09,univariate_reversal_ridge,-0.09939653309052637,1294,True,7957
2024-08-12,raw_reversal,-0.03933715065009491,1290,True,7958
2024-08-12,univariate_reversal_ridge,-0.03933715065009491,1290,True,7958
2024-08-13,raw_reversal,-0.0403192288990705,1299,True,7959
2024-08-13,univariate_reversal_ridge,-0.0403192288990705,1299,True,7959
2024-08-14,raw_reversal,0.038569056911371094,1278,True,7960
2024-08-14,univariate_reversal_ridge,0.038569056911371094,1278,True,7960
2024-08-15,raw_reversal,0.058585254563306925,1249,True,7961
2024-08-15,univariate_reversal_ridge,0.058585254563306925,1249,True,7961
2024-08-16,raw_reversal,0.03116583451755732,1262,True,7962
2024-08-16,univariate_reversal_ridge,0.03116583451755732,1262,True,7962
2024-08-19,raw_reversal,0.01713803243379436,1268,True,7963
2024-08-19,univariate_reversal_ridge,0.01713803243379436,1268,True,7963
2024-08-20,raw_reversal,0.08443006915289306,1261,True,7964
2024-08-20,univariate_reversal_ridge,0.08443006915289306,1261,True,7964
2024-08-21,raw_reversal,0.04532412706368383,1262,True,7965
2024-08-21,univariate_reversal_ridge,0.04532412706368383,1262,True,7965
2024-08-22,raw_reversal,-0.043442079643716984,1253,True,7966
2024-08-22,univariate_reversal_ridge,-0.043442079643716984,1253,True,7966
2024-08-23,raw_reversal,0.17673247336657313,1253,True,7967
2024-08-23,univariate_reversal_ridge,0.17673247336657313,1253,True,7967
2024-08-26,raw_reversal,0.028248959373333993,1248,True,7968
2024-08-26,univariate_reversal_ridge,0.028248959373333993,1248,True,7968
2024-08-27,raw_reversal,0.037162307896109664,1237,True,7969
2024-08-27,univariate_reversal_ridge,0.037162307896109664,1237,True,7969
2024-08-28,raw_reversal,0.007792487839701753,1230,True,7970
2024-08-28,univariate_reversal_ridge,0.007792487839701753,1230,True,7970
2024-08-29,raw_reversal,0.11124385639616605,1219,True,7971
2024-08-29,univariate_reversal_ridge,0.11124385639616605,1219,True,7971
2024-08-30,raw_reversal,0.07945615655440066,1170,True,7972
2024-08-30,univariate_reversal_ridge,0.07945615655440066,1170,True,7972
2024-09-03,raw_reversal,0.00022919366036780464,1172,True,7973
2024-09-03,univariate_reversal_ridge,0.00022919366036780464,1172,True,7973
2024-09-04,raw_reversal,-0.09198428491024158,1187,True,7974
2024-09-04,univariate_reversal_ridge,-0.09198428491024158,1187,True,7974
2024-09-05,raw_reversal,-0.11915680669734721,1175,True,7975
2024-09-05,univariate_reversal_ridge,-0.11915680669734721,1175,True,7975
2024-09-06,raw_reversal,-0.031139929480415135,1166,True,7976
2024-09-06,univariate_reversal_ridge,-0.031139929480415135,1166,True,7976
2024-09-09,raw_reversal,-0.13384693565917943,1174,True,7977
2024-09-09,univariate_reversal_ridge,-0.13384693565917943,1174,True,7977
2024-09-10,raw_reversal,-0.13502935133360097,1170,True,7978
2024-09-10,univariate_reversal_ridge,-0.13502935133360097,1170,True,7978
2024-09-11,raw_reversal,-0.17313063908527085,1184,True,7979
2024-09-11,univariate_reversal_ridge,-0.17313063908527085,1184,True,7979
2024-09-12,raw_reversal,-0.13826053959981963,1186,True,7980
2024-09-12,univariate_reversal_ridge,-0.13826053959981963,1186,True,7980
2024-09-13,raw_reversal,-0.016754551766637565,1155,True,7981
2024-09-13,univariate_reversal_ridge,-0.016754551766637565,1155,True,7981
2024-09-16,raw_reversal,-0.05827585879747982,1163,True,7982
2024-09-16,univariate_reversal_ridge,-0.05827585879747982,1163,True,7982
2024-09-17,raw_reversal,-0.02109223176254564,1192,True,7983
2024-09-17,univariate_reversal_ridge,-0.02109223176254564,1192,True,7983
2024-09-18,raw_reversal,-0.016111901787271732,1218,True,7984
2024-09-18,univariate_reversal_ridge,-0.016111901787271732,1218,True,7984
2024-09-19,raw_reversal,-0.031236784013260136,1222,True,7985
2024-09-19,univariate_reversal_ridge,-0.031236784013260136,1222,True,7985
2024-09-20,raw_reversal,-0.057500339934736605,1275,True,7986
2024-09-20,univariate_reversal_ridge,-0.057500339934736605,1275,True,7986
2024-09-23,raw_reversal,-0.05272327543457059,1281,True,7987
2024-09-23,univariate_reversal_ridge,-0.05272327543457059,1281,True,7987
2024-09-24,raw_reversal,0.006580619259044476,1288,True,7988
2024-09-24,univariate_reversal_ridge,0.006580619259044476,1288,True,7988
2024-09-25,raw_reversal,0.030190459029154983,1286,True,7989
2024-09-25,univariate_reversal_ridge,0.030190459029154983,1286,True,7989
2024-09-26,raw_reversal,0.09911279458571295,1291,True,7990
2024-09-26,univariate_reversal_ridge,0.09911279458571295,1291,True,7990
2024-09-27,raw_reversal,-0.025554378155877286,1285,True,7991
2024-09-27,univariate_reversal_ridge,-0.025554378155877286,1285,True,7991
2024-09-30,raw_reversal,-0.08181622328131584,1273,True,7992
2024-09-30,univariate_reversal_ridge,-0.08181622328131584,1273,True,7992
2024-10-01,raw_reversal,0.021137349733770017,1281,True,7993
2024-10-01,univariate_reversal_ridge,0.021137349733770017,1281,True,7993
2024-10-02,raw_reversal,-0.13629685866387187,1294,True,7994
2024-10-02,univariate_reversal_ridge,-0.13629685866387187,1294,True,7994
2024-10-03,raw_reversal,-0.06807195717713467,1293,True,7995
2024-10-03,univariate_reversal_ridge,-0.06807195717713467,1293,True,7995
2024-10-04,raw_reversal,-0.02574455681583702,1287,True,7996
2024-10-04,univariate_reversal_ridge,-0.02574455681583702,1287,True,7996
2024-10-07,raw_reversal,-0.012760361611650409,1292,True,7997
2024-10-07,univariate_reversal_ridge,-0.012760361611650409,1292,True,7997
2024-10-08,raw_reversal,-0.03779748644362113,1291,True,7998
2024-10-08,univariate_reversal_ridge,-0.03779748644362113,1291,True,7998
2024-10-09,raw_reversal,0.005215669759410159,1286,True,7999
2024-10-09,univariate_reversal_ridge,0.005215669759410159,1286,True,7999
2024-10-10,raw_reversal,-0.024900643958268628,1281,True,8000
2024-10-10,univariate_reversal_ridge,-0.024900643958268628,1281,True,8000
2024-10-11,raw_reversal,-0.016044044286706097,1276,True,8001
2024-10-11,univariate_reversal_ridge,-0.016044044286706097,1276,True,8001
2024-10-14,raw_reversal,0.058596475164526596,1284,True,8002
2024-10-14,univariate_reversal_ridge,0.058596475164526596,1284,True,8002
2024-10-15,raw_reversal,0.029966657280281195,1273,True,8003
2024-10-15,univariate_reversal_ridge,0.029966657280281195,1273,True,8003
2024-10-16,raw_reversal,0.016771668459027347,1283,True,8004
2024-10-16,univariate_reversal_ridge,0.016771668459027347,1283,True,8004
2024-10-17,raw_reversal,0.015718023020538346,1276,True,8005
2024-10-17,univariate_reversal_ridge,0.015718023020538346,1276,True,8005
2024-10-18,raw_reversal,-0.02670206836655452,1226,True,8006
2024-10-18,univariate_reversal_ridge,-0.02670206836655452,1226,True,8006
2024-10-21,raw_reversal,-0.0335088887781093,1230,True,8007
2024-10-21,univariate_reversal_ridge,-0.0335088887781093,1230,True,8007
2024-10-22,raw_reversal,-0.012924258172610267,1226,True,8008
2024-10-22,univariate_reversal_ridge,-0.012924258172610267,1226,True,8008
2024-10-23,raw_reversal,-0.005314927214954461,1223,True,8009
2024-10-23,univariate_reversal_ridge,-0.005314927214954461,1223,True,8009
2024-10-24,raw_reversal,0.025480360683892027,1221,True,8010
2024-10-24,univariate_reversal_ridge,0.025480360683892027,1221,True,8010
2024-10-25,raw_reversal,0.008154864539223226,1214,True,8011
2024-10-25,univariate_reversal_ridge,0.008154864539223226,1214,True,8011
2024-10-28,raw_reversal,0.07290807838691385,1215,True,8012
2024-10-28,univariate_reversal_ridge,0.07290807838691385,1215,True,8012
2024-10-29,raw_reversal,0.03726900728824754,1215,True,8013
2024-10-29,univariate_reversal_ridge,0.03726900728824754,1215,True,8013
2024-10-30,raw_reversal,0.043864109024757764,1221,True,8014
2024-10-30,univariate_reversal_ridge,0.043864109024757764,1221,True,8014
2024-10-31,raw_reversal,0.15236826214601606,1217,True,8015
2024-10-31,univariate_reversal_ridge,0.15236826214601606,1217,True,8015
2024-11-01,raw_reversal,0.046577167870624936,1217,True,8016
2024-11-01,univariate_reversal_ridge,0.046577167870624936,1217,True,8016
2024-11-04,raw_reversal,0.052105931372485044,1228,True,8017
2024-11-04,univariate_reversal_ridge,0.052105931372485044,1228,True,8017
2024-11-05,raw_reversal,0.014941483069572999,1244,True,8018
2024-11-05,univariate_reversal_ridge,0.014941483069572999,1244,True,8018
2024-11-06,raw_reversal,0.05723948473643775,1273,True,8019
2024-11-06,univariate_reversal_ridge,0.05723948473643775,1273,True,8019
2024-11-07,raw_reversal,0.0942769000099003,1282,True,8020
2024-11-07,univariate_reversal_ridge,0.0942769000099003,1282,True,8020
2024-11-08,raw_reversal,0.02234087939267074,1283,True,8021
2024-11-08,univariate_reversal_ridge,0.02234087939267074,1283,True,8021
2024-11-11,raw_reversal,-0.017630940181807546,1321,True,8022
2024-11-11,univariate_reversal_ridge,-0.017630940181807546,1321,True,8022
2024-11-12,raw_reversal,-0.021173430118123435,1313,True,8023
2024-11-12,univariate_reversal_ridge,-0.021173430118123435,1313,True,8023
2024-11-13,raw_reversal,0.07977009435833693,1318,True,8024
2024-11-13,univariate_reversal_ridge,0.07977009435833693,1318,True,8024
2024-11-14,raw_reversal,0.04662631770091144,1305,True,8025
2024-11-14,univariate_reversal_ridge,0.04662631770091144,1305,True,8025
2024-11-15,raw_reversal,0.03481558012893837,1282,True,8026
2024-11-15,univariate_reversal_ridge,0.03481558012893837,1282,True,8026
2024-11-18,raw_reversal,-0.07713140738012059,1308,True,8027
2024-11-18,univariate_reversal_ridge,-0.07713140738012059,1308,True,8027
2024-11-19,raw_reversal,-0.05854630959040752,1328,True,8028
2024-11-19,univariate_reversal_ridge,-0.05854630959040752,1328,True,8028
2024-11-20,raw_reversal,-0.06748002287475358,1329,True,8029
2024-11-20,univariate_reversal_ridge,-0.06748002287475358,1329,True,8029
2024-11-21,raw_reversal,-0.04014747623293716,1330,True,8030
2024-11-21,univariate_reversal_ridge,-0.04014747623293716,1330,True,8030
2024-11-22,raw_reversal,-0.08517536194661854,1343,True,8031
2024-11-22,univariate_reversal_ridge,-0.08517536194661854,1343,True,8031
2024-11-25,raw_reversal,0.035872774019453185,1355,True,8032
2024-11-25,univariate_reversal_ridge,0.035872774019453185,1355,True,8032
2024-11-26,raw_reversal,0.02969327834882464,1356,True,8033
2024-11-26,univariate_reversal_ridge,0.02969327834882464,1356,True,8033
2024-11-27,raw_reversal,0.054603622682104974,1354,True,8034
2024-11-27,univariate_reversal_ridge,0.054603622682104974,1354,True,8034
2024-11-29,raw_reversal,-0.03675219275000194,1315,True,8035
2024-11-29,univariate_reversal_ridge,-0.03675219275000194,1315,True,8035
2024-12-02,raw_reversal,-0.04370556161385175,1316,True,8036
2024-12-02,univariate_reversal_ridge,-0.04370556161385175,1316,True,8036
2024-12-03,raw_reversal,-0.006436010128550232,1344,True,8037
2024-12-03,univariate_reversal_ridge,-0.006436010128550232,1344,True,8037
2024-12-04,raw_reversal,0.020715845145811998,1348,True,8038
2024-12-04,univariate_reversal_ridge,0.020715845145811998,1348,True,8038
2024-12-05,raw_reversal,0.028868155128329492,1324,True,8039
2024-12-05,univariate_reversal_ridge,0.028868155128329492,1324,True,8039
2024-12-06,raw_reversal,0.06091990294745024,1294,True,8040
2024-12-06,univariate_reversal_ridge,0.06091990294745024,1294,True,8040
2024-12-09,raw_reversal,0.21392522237268308,1299,True,8041
2024-12-09,univariate_reversal_ridge,0.21392522237268308,1299,True,8041
2024-12-10,raw_reversal,0.1062678661218536,1299,True,8042
2024-12-10,univariate_reversal_ridge,0.1062678661218536,1299,True,8042
2024-12-11,raw_reversal,0.0266825992965158,1305,True,8043
2024-12-11,univariate_reversal_ridge,0.0266825992965158,1305,True,8043
2024-12-12,raw_reversal,-0.027045289180249482,1302,True,8044
2024-12-12,univariate_reversal_ridge,-0.027045289180249482,1302,True,8044
2024-12-13,raw_reversal,-0.04231592494025742,1260,True,8045
2024-12-13,univariate_reversal_ridge,-0.04231592494025742,1260,True,8045
2024-12-16,raw_reversal,0.04256043104661569,1282,True,8046
2024-12-16,univariate_reversal_ridge,0.04256043104661569,1282,True,8046
2024-12-17,raw_reversal,-0.037865620677682676,1300,True,8047
2024-12-17,univariate_reversal_ridge,-0.037865620677682676,1300,True,8047
2024-12-18,raw_reversal,0.041662559144181655,1307,True,8048
2024-12-18,univariate_reversal_ridge,0.041662559144181655,1307,True,8048
2024-12-19,raw_reversal,0.05107639904509913,1307,True,8049
2024-12-19,univariate_reversal_ridge,0.05107639904509913,1307,True,8049
2024-12-20,raw_reversal,0.05155488237354127,1346,True,8050
2024-12-20,univariate_reversal_ridge,0.05155488237354127,1346,True,8050
2024-12-23,raw_reversal,-0.04783353474979046,1350,True,8051
2024-12-23,univariate_reversal_ridge,-0.04783353474979046,1350,True,8051
2024-12-24,raw_reversal,0.029736707436438324,1339,True,8052
2024-12-24,univariate_reversal_ridge,0.029736707436438324,1339,True,8052
2024-12-26,raw_reversal,-0.024974415669995628,1331,True,8053
2024-12-26,univariate_reversal_ridge,-0.024974415669995628,1331,True,8053
2024-12-27,raw_reversal,0.11124980587065875,1328,True,8054
2024-12-27,univariate_reversal_ridge,0.11124980587065875,1328,True,8054
2024-12-30,raw_reversal,1.8915142096134763e-05,1334,True,8055
2024-12-30,univariate_reversal_ridge,1.8915142096134763e-05,1334,True,8055
2024-12-31,raw_reversal,0.01766566758154873,1306,True,8056
2024-12-31,univariate_reversal_ridge,0.01766566758154873,1306,True,8056
2025-01-02,raw_reversal,-0.01798863198466026,1321,True,8057
2025-01-02,univariate_reversal_ridge,-0.01798863198466026,1321,True,8057
2025-01-03,raw_reversal,0.06887484808732303,1320,True,8058
2025-01-03,univariate_reversal_ridge,0.06887484808732303,1320,True,8058
2025-01-06,raw_reversal,-0.013383017664755498,1332,True,8059
2025-01-06,univariate_reversal_ridge,-0.013383017664755498,1332,True,8059
2025-01-07,raw_reversal,0.010132530440621991,1341,True,8060
2025-01-07,univariate_reversal_ridge,0.010132530440621991,1341,True,8060
2025-01-08,raw_reversal,-0.04426175015321825,1340,True,8061
2025-01-08,univariate_reversal_ridge,-0.04426175015321825,1340,True,8061
2025-01-10,raw_reversal,0.008154621249858038,1320,True,8062
2025-01-10,univariate_reversal_ridge,0.008154621249858038,1320,True,8062
2025-01-13,raw_reversal,-0.021238361213543444,1334,True,8063
2025-01-13,univariate_reversal_ridge,-0.021238361213543444,1334,True,8063
2025-01-14,raw_reversal,-0.0033704113050483375,1328,True,8064
2025-01-14,univariate_reversal_ridge,-0.0033704113050483375,1328,True,8064
2025-01-15,raw_reversal,-0.0559292686604382,1323,True,8065
2025-01-15,univariate_reversal_ridge,-0.0559292686604382,1323,True,8065
2025-01-16,raw_reversal,-0.05168341139862806,1327,True,8066
2025-01-16,univariate_reversal_ridge,-0.05168341139862806,1327,True,8066
2025-01-17,raw_reversal,-0.039841392128234454,1316,True,8067
2025-01-17,univariate_reversal_ridge,-0.039841392128234454,1316,True,8067
2025-01-21,raw_reversal,-0.036037887632923066,1320,True,8068
2025-01-21,univariate_reversal_ridge,-0.036037887632923066,1320,True,8068
2025-01-22,raw_reversal,-0.03218050302298918,1316,True,8069
2025-01-22,univariate_reversal_ridge,-0.03218050302298918,1316,True,8069
2025-01-23,raw_reversal,-0.03329041521416483,1272,True,8070
2025-01-23,univariate_reversal_ridge,-0.03329041521416483,1272,True,8070
2025-01-24,raw_reversal,-0.04590703820271681,1269,True,8071
2025-01-24,univariate_reversal_ridge,-0.04590703820271681,1269,True,8071
2025-01-27,raw_reversal,0.07590035651691723,1284,True,8072
2025-01-27,univariate_reversal_ridge,0.07590035651691723,1284,True,8072
2025-01-28,raw_reversal,-0.044641313392052046,1291,True,8073
2025-01-28,univariate_reversal_ridge,-0.044641313392052046,1291,True,8073
2025-01-29,raw_reversal,0.04763193117770041,1292,True,8074
2025-01-29,univariate_reversal_ridge,0.04763193117770041,1292,True,8074
2025-01-30,raw_reversal,0.06272661223401291,1302,True,8075
2025-01-30,univariate_reversal_ridge,0.06272661223401291,1302,True,8075
2025-01-31,raw_reversal,0.018861458811644784,1300,True,8076
2025-01-31,univariate_reversal_ridge,0.018861458811644784,1300,True,8076
2025-02-03,raw_reversal,0.01637049568418189,1302,True,8077
2025-02-03,univariate_reversal_ridge,0.01637049568418189,1302,True,8077
2025-02-04,raw_reversal,0.061257479472393975,1311,True,8078
2025-02-04,univariate_reversal_ridge,0.061257479472393975,1311,True,8078
2025-02-05,raw_reversal,0.033805593726926014,1314,True,8079
2025-02-05,univariate_reversal_ridge,0.033805593726926014,1314,True,8079
2025-02-06,raw_reversal,0.04896150262290639,1312,True,8080
2025-02-06,univariate_reversal_ridge,0.04896150262290639,1312,True,8080
2025-02-07,raw_reversal,0.015265105593202807,1296,True,8081
2025-02-07,univariate_reversal_ridge,0.015265105593202807,1296,True,8081
2025-02-10,raw_reversal,0.042639325956114124,1300,True,8082
2025-02-10,univariate_reversal_ridge,0.042639325956114124,1300,True,8082
2025-02-11,raw_reversal,0.025764562367185353,1304,True,8083
2025-02-11,univariate_reversal_ridge,0.025764562367185353,1304,True,8083
2025-02-12,raw_reversal,-0.004529235739097394,1304,True,8084
2025-02-12,univariate_reversal_ridge,-0.004529235739097394,1304,True,8084
2025-02-13,raw_reversal,0.003280930557524181,1308,True,8085
2025-02-13,univariate_reversal_ridge,0.003280930557524181,1308,True,8085
2025-02-14,raw_reversal,0.04347772671772543,1272,True,8086
2025-02-14,univariate_reversal_ridge,0.04347772671772543,1272,True,8086
2025-02-18,raw_reversal,-0.00938578864460908,1287,True,8087
2025-02-18,univariate_reversal_ridge,-0.00938578864460908,1287,True,8087
2025-02-19,raw_reversal,-0.08991613199505663,1316,True,8088
2025-02-19,univariate_reversal_ridge,-0.08991613199505663,1316,True,8088
2025-02-20,raw_reversal,-0.10443477798310065,1313,True,8089
2025-02-20,univariate_reversal_ridge,-0.10443477798310065,1313,True,8089
2025-02-21,raw_reversal,-0.06556987937583139,1305,True,8090
2025-02-21,univariate_reversal_ridge,-0.06556987937583139,1305,True,8090
2025-02-24,raw_reversal,0.03844428007567299,1303,True,8091
2025-02-24,univariate_reversal_ridge,0.03844428007567299,1303,True,8091
2025-02-25,raw_reversal,0.05054354564380137,1318,True,8092
2025-02-25,univariate_reversal_ridge,0.05054354564380137,1318,True,8092
2025-02-26,raw_reversal,0.19402249956516399,1325,True,8093
2025-02-26,univariate_reversal_ridge,0.19402249956516399,1325,True,8093
2025-02-27,raw_reversal,-0.004731304465856123,1325,True,8094
2025-02-27,univariate_reversal_ridge,-0.004731304465856123,1325,True,8094
2025-02-28,raw_reversal,0.17084249512550392,1294,True,8095
2025-02-28,univariate_reversal_ridge,0.17084249512550392,1294,True,8095
2025-03-03,raw_reversal,-0.09146239147257695,1298,True,8096
2025-03-03,univariate_reversal_ridge,-0.09146239147257695,1298,True,8096
2025-03-04,raw_reversal,-0.10331346410287137,1332,True,8097
2025-03-04,univariate_reversal_ridge,-0.10331346410287137,1332,True,8097
2025-03-05,raw_reversal,0.08971294770381917,1330,True,8098
2025-03-05,univariate_reversal_ridge,0.08971294770381917,1330,True,8098
2025-03-06,raw_reversal,0.0182833425082541,1330,True,8099
2025-03-06,univariate_reversal_ridge,0.0182833425082541,1330,True,8099
2025-03-07,raw_reversal,-0.01824963956315523,1321,True,8100
2025-03-07,univariate_reversal_ridge,-0.01824963956315523,1321,True,8100
2025-03-10,raw_reversal,-0.029711492438501352,1314,True,8101
2025-03-10,univariate_reversal_ridge,-0.029711492438501352,1314,True,8101
2025-03-11,raw_reversal,-0.05557161795476002,1335,True,8102
2025-03-11,univariate_reversal_ridge,-0.05557161795476002,1335,True,8102
2025-03-12,raw_reversal,-0.04049568930703087,1338,True,8103
2025-03-12,univariate_reversal_ridge,-0.04049568930703087,1338,True,8103
2025-03-13,raw_reversal,0.038264465780062165,1333,True,8104
2025-03-13,univariate_reversal_ridge,0.038264465780062165,1333,True,8104
2025-03-14,raw_reversal,-0.1502018277331654,1299,True,8105
2025-03-14,univariate_reversal_ridge,-0.1502018277331654,1299,True,8105
2025-03-17,raw_reversal,0.016343195795685883,1337,True,8106
2025-03-17,univariate_reversal_ridge,0.016343195795685883,1337,True,8106
2025-03-18,raw_reversal,0.054265216719313225,1344,True,8107
2025-03-18,univariate_reversal_ridge,0.054265216719313225,1344,True,8107
2025-03-19,raw_reversal,-0.06270832937829751,1358,True,8108
2025-03-19,univariate_reversal_ridge,-0.06270832937829751,1358,True,8108
2025-03-20,raw_reversal,-0.02956253958718516,1350,True,8109
2025-03-20,univariate_reversal_ridge,-0.02956253958718516,1350,True,8109
2025-03-21,raw_reversal,0.1744472502218642,1377,True,8110
2025-03-21,univariate_reversal_ridge,0.1744472502218642,1377,True,8110
2025-03-24,raw_reversal,0.14901230145080002,1382,True,8111
2025-03-24,univariate_reversal_ridge,0.14901230145080002,1382,True,8111
2025-03-25,raw_reversal,-0.03129239623621327,1374,True,8112
2025-03-25,univariate_reversal_ridge,-0.03129239623621327,1374,True,8112
2025-03-26,raw_reversal,-0.13968336927723593,1372,True,8113
2025-03-26,univariate_reversal_ridge,-0.13968336927723593,1372,True,8113
2025-03-27,raw_reversal,0.011799802531391707,1361,True,8114
2025-03-27,univariate_reversal_ridge,0.011799802531391707,1361,True,8114
2025-03-28,raw_reversal,0.015020480949852477,1334,True,8115
2025-03-28,univariate_reversal_ridge,0.015020480949852477,1334,True,8115
2025-03-31,raw_reversal,0.08567532393434853,1315,True,8116
2025-03-31,univariate_reversal_ridge,0.08567532393434853,1315,True,8116
2025-04-01,raw_reversal,0.06425033206301478,1325,True,8117
2025-04-01,univariate_reversal_ridge,0.06425033206301478,1325,True,8117
2025-04-02,raw_reversal,-0.08402033005646364,1334,True,8118
2025-04-02,univariate_reversal_ridge,-0.08402033005646364,1334,True,8118
2025-04-03,raw_reversal,-0.06080032685972894,1316,True,8119
2025-04-03,univariate_reversal_ridge,-0.06080032685972894,1316,True,8119
2025-04-04,raw_reversal,-0.10586141649073488,1312,True,8120
2025-04-04,univariate_reversal_ridge,-0.10586141649073488,1312,True,8120
2025-04-07,raw_reversal,0.08242849834342986,1325,True,8121
2025-04-07,univariate_reversal_ridge,0.08242849834342986,1325,True,8121
2025-04-08,raw_reversal,-0.025977599773761927,1326,True,8122
2025-04-08,univariate_reversal_ridge,-0.025977599773761927,1326,True,8122
2025-04-09,raw_reversal,0.3690878809867485,1344,True,8123
2025-04-09,univariate_reversal_ridge,0.3690878809867485,1344,True,8123
2025-04-10,raw_reversal,-0.03568369670096305,1335,True,8124
2025-04-10,univariate_reversal_ridge,-0.03568369670096305,1335,True,8124
2025-04-11,raw_reversal,-0.0497561678211671,1338,True,8125
2025-04-11,univariate_reversal_ridge,-0.0497561678211671,1338,True,8125
2025-04-14,raw_reversal,-0.1328045437790522,1346,True,8126
2025-04-14,univariate_reversal_ridge,-0.1328045437790522,1346,True,8126
2025-04-15,raw_reversal,-0.1491271606638172,1336,True,8127
2025-04-15,univariate_reversal_ridge,-0.1491271606638172,1336,True,8127
2025-04-16,raw_reversal,-0.23203875160713705,1336,True,8128
2025-04-16,univariate_reversal_ridge,-0.23203875160713705,1336,True,8128
2025-04-17,raw_reversal,-0.2121821235239304,1327,True,8129
2025-04-17,univariate_reversal_ridge,-0.2121821235239304,1327,True,8129
2025-04-21,raw_reversal,-0.13458094934565215,1305,True,8130
2025-04-21,univariate_reversal_ridge,-0.13458094934565215,1305,True,8130
2025-04-22,raw_reversal,-0.015101973313738526,1306,True,8131
2025-04-22,univariate_reversal_ridge,-0.015101973313738526,1306,True,8131
2025-04-23,raw_reversal,-0.1665401560663833,1310,True,8132
2025-04-23,univariate_reversal_ridge,-0.1665401560663833,1310,True,8132
2025-04-24,raw_reversal,-0.06971841582775257,1318,True,8133
2025-04-24,univariate_reversal_ridge,-0.06971841582775257,1318,True,8133
2025-04-25,raw_reversal,0.014092484827193524,1311,True,8134
2025-04-25,univariate_reversal_ridge,0.014092484827193524,1311,True,8134
2025-04-28,raw_reversal,0.0051254177373687565,1315,True,8135
2025-04-28,univariate_reversal_ridge,0.0051254177373687565,1315,True,8135
2025-04-29,raw_reversal,0.025474607759888857,1316,True,8136
2025-04-29,univariate_reversal_ridge,0.025474607759888857,1316,True,8136
2025-04-30,raw_reversal,-0.03688303475432135,1305,True,8137
2025-04-30,univariate_reversal_ridge,-0.03688303475432135,1305,True,8137
2025-05-01,raw_reversal,-0.12280661860539803,1314,True,8138
2025-05-01,univariate_reversal_ridge,-0.12280661860539803,1314,True,8138
2025-05-02,raw_reversal,-0.2033424175183996,1308,True,8139
2025-05-02,univariate_reversal_ridge,-0.2033424175183996,1308,True,8139
2025-05-05,raw_reversal,-0.11296357769119235,1297,True,8140
2025-05-05,univariate_reversal_ridge,-0.11296357769119235,1297,True,8140
2025-05-06,raw_reversal,-0.20815254029352812,1294,True,8141
2025-05-06,univariate_reversal_ridge,-0.20815254029352812,1294,True,8141
2025-05-07,raw_reversal,-0.12338871026273351,1298,True,8142
2025-05-07,univariate_reversal_ridge,-0.12338871026273351,1298,True,8142
2025-05-08,raw_reversal,-0.07263353407508072,1287,True,8143
2025-05-08,univariate_reversal_ridge,-0.07263353407508072,1287,True,8143
2025-05-09,raw_reversal,0.06031835682186159,1268,True,8144
2025-05-09,univariate_reversal_ridge,0.06031835682186159,1268,True,8144
2025-05-12,raw_reversal,0.08536493175515333,1287,True,8145
2025-05-12,univariate_reversal_ridge,0.08536493175515333,1287,True,8145
2025-05-13,raw_reversal,0.022576716172999833,1303,True,8146
2025-05-13,univariate_reversal_ridge,0.022576716172999833,1303,True,8146
2025-05-14,raw_reversal,-0.056482463588462706,1303,True,8147
2025-05-14,univariate_reversal_ridge,-0.056482463588462706,1303,True,8147
2025-05-15,raw_reversal,-0.1680812209752374,1279,True,8148
2025-05-15,univariate_reversal_ridge,-0.1680812209752374,1279,True,8148
2025-05-16,raw_reversal,0.007936528539572121,1293,True,8149
2025-05-16,univariate_reversal_ridge,0.007936528539572121,1293,True,8149
2025-05-19,raw_reversal,0.04870848241394796,1289,True,8150
2025-05-19,univariate_reversal_ridge,0.04870848241394796,1289,True,8150
2025-05-20,raw_reversal,0.006179888502904934,1310,True,8151
2025-05-20,univariate_reversal_ridge,0.006179888502904934,1310,True,8151
2025-05-21,raw_reversal,0.057207292906670745,1297,True,8152
2025-05-21,univariate_reversal_ridge,0.057207292906670745,1297,True,8152
2025-05-22,raw_reversal,-0.06503484866644849,1292,True,8153
2025-05-22,univariate_reversal_ridge,-0.06503484866644849,1292,True,8153
2025-05-23,raw_reversal,0.0549943608246192,1283,True,8154
2025-05-23,univariate_reversal_ridge,0.0549943608246192,1283,True,8154
2025-05-27,raw_reversal,0.06947111849858713,1294,True,8155
2025-05-27,univariate_reversal_ridge,0.06947111849858713,1294,True,8155
2025-05-28,raw_reversal,-0.03075908944538474,1309,True,8156
2025-05-28,univariate_reversal_ridge,-0.03075908944538474,1309,True,8156
2025-05-29,raw_reversal,0.034888183154846,1300,True,8157
2025-05-29,univariate_reversal_ridge,0.034888183154846,1300,True,8157
2025-05-30,raw_reversal,-0.004278095493820695,1266,True,8158
2025-05-30,univariate_reversal_ridge,-0.004278095493820695,1266,True,8158
2025-06-02,raw_reversal,-0.07155093435934234,1260,True,8159
2025-06-02,univariate_reversal_ridge,-0.07155093435934234,1260,True,8159
2025-06-03,raw_reversal,-0.3418660421904066,1305,True,8160
2025-06-03,univariate_reversal_ridge,-0.3418660421904066,1305,True,8160
2025-06-04,raw_reversal,-0.02072848150018366,1297,True,8161
2025-06-04,univariate_reversal_ridge,-0.02072848150018366,1297,True,8161
2025-06-05,raw_reversal,-0.019958096602642778,1291,True,8162
2025-06-05,univariate_reversal_ridge,-0.019958096602642778,1291,True,8162
2025-06-06,raw_reversal,0.02677818260584266,1281,True,8163
2025-06-06,univariate_reversal_ridge,0.02677818260584266,1281,True,8163
2025-06-09,raw_reversal,-0.012544638464362587,1295,True,8164
2025-06-09,univariate_reversal_ridge,-0.012544638464362587,1295,True,8164
2025-06-10,raw_reversal,0.0651461530584016,1286,True,8165
2025-06-10,univariate_reversal_ridge,0.0651461530584016,1286,True,8165
2025-06-11,raw_reversal,-0.046045508699060704,1294,True,8166
2025-06-11,univariate_reversal_ridge,-0.046045508699060704,1294,True,8166
2025-06-12,raw_reversal,0.03681439050404812,1286,True,8167
2025-06-12,univariate_reversal_ridge,0.03681439050404812,1286,True,8167
2025-06-13,raw_reversal,0.05617048123641105,1241,True,8168
2025-06-13,univariate_reversal_ridge,0.05617048123641105,1241,True,8168
2025-06-16,raw_reversal,-0.08696485547550303,1261,True,8169
2025-06-16,univariate_reversal_ridge,-0.08696485547550303,1261,True,8169
2025-06-17,raw_reversal,0.03761562770521884,1286,True,8170
2025-06-17,univariate_reversal_ridge,0.03761562770521884,1286,True,8170
2025-06-18,raw_reversal,-0.15767684734045356,1285,True,8171
2025-06-18,univariate_reversal_ridge,-0.15767684734045356,1285,True,8171
2025-06-20,raw_reversal,0.017810979461074045,1313,True,8172
2025-06-20,univariate_reversal_ridge,0.017810979461074045,1313,True,8172
2025-06-23,raw_reversal,0.04501990453779121,1314,True,8173
2025-06-23,univariate_reversal_ridge,0.04501990453779121,1314,True,8173
2025-06-24,raw_reversal,-0.09153110391981018,1324,True,8174
2025-06-24,univariate_reversal_ridge,-0.09153110391981018,1324,True,8174
2025-06-25,raw_reversal,-0.03920299279264494,1326,True,8175
2025-06-25,univariate_reversal_ridge,-0.03920299279264494,1326,True,8175
2025-06-26,raw_reversal,0.017373363089862454,1333,True,8176
2025-06-26,univariate_reversal_ridge,0.017373363089862454,1333,True,8176
2025-06-27,raw_reversal,0.029620358584414072,1360,True,8177
2025-06-27,univariate_reversal_ridge,0.029620358584414072,1360,True,8177
2025-06-30,raw_reversal,0.12112438029932565,1345,True,8178
2025-06-30,univariate_reversal_ridge,0.12112438029932565,1345,True,8178
2025-07-01,raw_reversal,0.049399907289349204,1359,True,8179
2025-07-01,univariate_reversal_ridge,0.049399907289349204,1359,True,8179
2025-07-02,raw_reversal,-0.04981969286734303,1383,True,8180
2025-07-02,univariate_reversal_ridge,-0.04981969286734303,1383,True,8180
2025-07-03,raw_reversal,0.11754838853837127,1368,True,8181
2025-07-03,univariate_reversal_ridge,0.11754838853837127,1368,True,8181
2025-07-07,raw_reversal,0.08879198598038418,1379,True,8182
2025-07-07,univariate_reversal_ridge,0.08879198598038418,1379,True,8182
2025-07-08,raw_reversal,0.05399176552415429,1388,True,8183
2025-07-08,univariate_reversal_ridge,0.05399176552415429,1388,True,8183
2025-07-09,raw_reversal,-0.030049641834027255,1386,True,8184
2025-07-09,univariate_reversal_ridge,-0.030049641834027255,1386,True,8184
2025-07-10,raw_reversal,0.061655667082981674,1384,True,8185
2025-07-10,univariate_reversal_ridge,0.061655667082981674,1384,True,8185
2025-07-11,raw_reversal,0.020953560813949196,1380,True,8186
2025-07-11,univariate_reversal_ridge,0.020953560813949196,1380,True,8186
2025-07-14,raw_reversal,-0.08711942573872354,1399,True,8187
2025-07-14,univariate_reversal_ridge,-0.08711942573872354,1399,True,8187
2025-07-15,raw_reversal,0.07130620558416828,1385,True,8188
2025-07-15,univariate_reversal_ridge,0.07130620558416828,1385,True,8188
2025-07-16,raw_reversal,-0.019939315253969775,1396,True,8189
2025-07-16,univariate_reversal_ridge,-0.019939315253969775,1396,True,8189
2025-07-17,raw_reversal,-0.06727518775945512,1396,True,8190
2025-07-17,univariate_reversal_ridge,-0.06727518775945512,1396,True,8190
2025-07-18,raw_reversal,-0.029315801734116104,1393,True,8191
2025-07-18,univariate_reversal_ridge,-0.029315801734116104,1393,True,8191
2025-07-21,raw_reversal,0.06565073240889978,1377,True,8192
2025-07-21,univariate_reversal_ridge,0.06565073240889978,1377,True,8192
2025-07-22,raw_reversal,0.05348322792500987,1388,True,8193
2025-07-22,univariate_reversal_ridge,0.05348322792500987,1388,True,8193
2025-07-23,raw_reversal,-0.028243919690217056,1389,True,8194
2025-07-23,univariate_reversal_ridge,-0.028243919690217056,1389,True,8194
2025-07-24,raw_reversal,-0.08010785784190552,1391,True,8195
2025-07-24,univariate_reversal_ridge,-0.08010785784190552,1391,True,8195
2025-07-25,raw_reversal,0.01141502230534397,1386,True,8196
2025-07-25,univariate_reversal_ridge,0.01141502230534397,1386,True,8196
2025-07-28,raw_reversal,0.01184524757838916,1366,True,8197
2025-07-28,univariate_reversal_ridge,0.01184524757838916,1366,True,8197
2025-07-29,raw_reversal,-0.03171568413809594,1356,True,8198
2025-07-29,univariate_reversal_ridge,-0.03171568413809594,1356,True,8198
2025-07-30,raw_reversal,0.004600946325331479,1349,True,8199
2025-07-30,univariate_reversal_ridge,0.004600946325331479,1349,True,8199
2025-07-31,raw_reversal,-0.0496893970694589,1342,True,8200
2025-07-31,univariate_reversal_ridge,-0.0496893970694589,1342,True,8200
2025-08-01,raw_reversal,-0.024703501454343316,1360,True,8201
2025-08-01,univariate_reversal_ridge,-0.024703501454343316,1360,True,8201
2025-08-04,raw_reversal,0.030195770928273365,1360,True,8202
2025-08-04,univariate_reversal_ridge,0.030195770928273365,1360,True,8202
2025-08-05,raw_reversal,-0.008682025626479573,1371,True,8203
2025-08-05,univariate_reversal_ridge,-0.008682025626479573,1371,True,8203
2025-08-06,raw_reversal,0.06689364825367194,1377,True,8204
2025-08-06,univariate_reversal_ridge,0.06689364825367194,1377,True,8204
2025-08-07,raw_reversal,-0.0017616294654139164,1369,True,8205
2025-08-07,univariate_reversal_ridge,-0.0017616294654139164,1369,True,8205
2025-08-08,raw_reversal,-0.02945581889905715,1365,True,8206
2025-08-08,univariate_reversal_ridge,-0.02945581889905715,1365,True,8206
2025-08-11,raw_reversal,-0.034341945940690274,1375,True,8207
2025-08-11,univariate_reversal_ridge,-0.034341945940690274,1375,True,8207
2025-08-12,raw_reversal,-0.04786712884935962,1384,True,8208
2025-08-12,univariate_reversal_ridge,-0.04786712884935962,1384,True,8208
2025-08-13,raw_reversal,-0.068601126129342,1394,True,8209
2025-08-13,univariate_reversal_ridge,-0.068601126129342,1394,True,8209
2025-08-14,raw_reversal,-0.05917473162617079,1385,True,8210
2025-08-14,univariate_reversal_ridge,-0.05917473162617079,1385,True,8210
2025-08-15,raw_reversal,0.08784595236422454,1362,True,8211
2025-08-15,univariate_reversal_ridge,0.08784595236422454,1362,True,8211
2025-08-18,raw_reversal,0.05448451256474286,1389,True,8212
2025-08-18,univariate_reversal_ridge,0.05448451256474286,1389,True,8212
2025-08-19,raw_reversal,0.1368569081197255,1402,True,8213
2025-08-19,univariate_reversal_ridge,0.1368569081197255,1402,True,8213
2025-08-20,raw_reversal,0.036136164117851366,1393,True,8214
2025-08-20,univariate_reversal_ridge,0.036136164117851366,1393,True,8214
2025-08-21,raw_reversal,-0.09301497243873175,1394,True,8215
2025-08-21,univariate_reversal_ridge,-0.09301497243873175,1394,True,8215
2025-08-22,raw_reversal,0.08629073471158781,1400,True,8216
2025-08-22,univariate_reversal_ridge,0.08629073471158781,1400,True,8216
2025-08-25,raw_reversal,-0.04201622741733099,1396,True,8217
2025-08-25,univariate_reversal_ridge,-0.04201622741733099,1396,True,8217
2025-08-26,raw_reversal,0.021558495632141357,1404,True,8218
2025-08-26,univariate_reversal_ridge,0.021558495632141357,1404,True,8218
2025-08-27,raw_reversal,0.050065597069918276,1405,True,8219
2025-08-27,univariate_reversal_ridge,0.050065597069918276,1405,True,8219
2025-08-28,raw_reversal,0.01674051678864873,1397,True,8220
2025-08-28,univariate_reversal_ridge,0.01674051678864873,1397,True,8220
2025-08-29,raw_reversal,0.12510932828333302,1347,True,8221
2025-08-29,univariate_reversal_ridge,0.12510932828333302,1347,True,8221
2025-09-02,raw_reversal,-0.0012245035378922603,1349,True,8222
2025-09-02,univariate_reversal_ridge,-0.0012245035378922603,1349,True,8222
2025-09-03,raw_reversal,-0.0024529661391214444,1372,True,8223
2025-09-03,univariate_reversal_ridge,-0.0024529661391214444,1372,True,8223
2025-09-04,raw_reversal,0.009368028287900676,1373,True,8224
2025-09-04,univariate_reversal_ridge,0.009368028287900676,1373,True,8224
2025-09-05,raw_reversal,0.04091285461552441,1347,True,8225
2025-09-05,univariate_reversal_ridge,0.04091285461552441,1347,True,8225
2025-09-08,raw_reversal,0.000644464833482742,1373,True,8226
2025-09-08,univariate_reversal_ridge,0.000644464833482742,1373,True,8226
2025-09-09,raw_reversal,-0.002392526785494384,1370,True,8227
2025-09-09,univariate_reversal_ridge,-0.002392526785494384,1370,True,8227
2025-09-10,raw_reversal,0.07442601542429969,1358,True,8228
2025-09-10,univariate_reversal_ridge,0.07442601542429969,1358,True,8228
2025-09-11,raw_reversal,0.09922435480718476,1363,True,8229
2025-09-11,univariate_reversal_ridge,0.09922435480718476,1363,True,8229
2025-09-12,raw_reversal,0.037789384931235154,1350,True,8230
2025-09-12,univariate_reversal_ridge,0.037789384931235154,1350,True,8230
2025-09-15,raw_reversal,-0.011495250632793858,1320,True,8231
2025-09-15,univariate_reversal_ridge,-0.011495250632793858,1320,True,8231
2025-09-16,raw_reversal,0.11767799725136854,1351,True,8232
2025-09-16,univariate_reversal_ridge,0.11767799725136854,1351,True,8232
2025-09-17,raw_reversal,-0.027941845659968954,1375,True,8233
2025-09-17,univariate_reversal_ridge,-0.027941845659968954,1375,True,8233
2025-09-18,raw_reversal,0.062170219873683236,1383,True,8234
2025-09-18,univariate_reversal_ridge,0.062170219873683236,1383,True,8234
2025-09-19,raw_reversal,-0.01976443236151633,1413,True,8235
2025-09-19,univariate_reversal_ridge,-0.01976443236151633,1413,True,8235
2025-09-22,raw_reversal,-0.007994642890924285,1410,True,8236
2025-09-22,univariate_reversal_ridge,-0.007994642890924285,1410,True,8236
2025-09-23,raw_reversal,-0.037182539179470855,1414,True,8237
2025-09-23,univariate_reversal_ridge,-0.037182539179470855,1414,True,8237
2025-09-24,raw_reversal,0.12344653597870496,1415,True,8238
2025-09-24,univariate_reversal_ridge,0.12344653597870496,1415,True,8238
2025-09-25,raw_reversal,0.039443941309684066,1414,True,8239
2025-09-25,univariate_reversal_ridge,0.039443941309684066,1414,True,8239
2025-09-26,raw_reversal,-0.029307462976153227,1406,True,8240
2025-09-26,univariate_reversal_ridge,-0.029307462976153227,1406,True,8240
2025-09-29,raw_reversal,-0.03378479260935212,1419,True,8241
2025-09-29,univariate_reversal_ridge,-0.03378479260935212,1419,True,8241
2025-09-30,raw_reversal,-0.023554173279420276,1389,True,8242
2025-09-30,univariate_reversal_ridge,-0.023554173279420276,1389,True,8242
2025-10-01,raw_reversal,0.015104046874232516,1404,True,8243
2025-10-01,univariate_reversal_ridge,0.015104046874232516,1404,True,8243
2025-10-02,raw_reversal,-0.02849594357035007,1419,True,8244
2025-10-02,univariate_reversal_ridge,-0.02849594357035007,1419,True,8244
2025-10-03,raw_reversal,0.04678564375799059,1415,True,8245
2025-10-03,univariate_reversal_ridge,0.04678564375799059,1415,True,8245
2025-10-06,raw_reversal,-0.01302008961549575,1428,True,8246
2025-10-06,univariate_reversal_ridge,-0.01302008961549575,1428,True,8246
2025-10-07,raw_reversal,0.02575309264530824,1427,True,8247
2025-10-07,univariate_reversal_ridge,0.02575309264530824,1427,True,8247
2025-10-08,raw_reversal,-0.009104944398629536,1425,True,8248
2025-10-08,univariate_reversal_ridge,-0.009104944398629536,1425,True,8248
2025-10-09,raw_reversal,0.0004196566525000722,1420,True,8249
2025-10-09,univariate_reversal_ridge,0.0004196566525000722,1420,True,8249
2025-10-10,raw_reversal,0.005912811853145808,1412,True,8250
2025-10-10,univariate_reversal_ridge,0.005912811853145808,1412,True,8250
2025-10-13,raw_reversal,-0.026454578171868665,1432,True,8251
2025-10-13,univariate_reversal_ridge,-0.026454578171868665,1432,True,8251
2025-10-14,raw_reversal,0.01587800259970966,1429,True,8252
2025-10-14,univariate_reversal_ridge,0.01587800259970966,1429,True,8252
2025-10-15,raw_reversal,-0.010247733148114363,1421,True,8253
2025-10-15,univariate_reversal_ridge,-0.010247733148114363,1421,True,8253
2025-10-16,raw_reversal,-0.04423764376744965,1419,True,8254
2025-10-16,univariate_reversal_ridge,-0.04423764376744965,1419,True,8254
2025-10-17,raw_reversal,-0.04401370388027537,1388,True,8255
2025-10-17,univariate_reversal_ridge,-0.04401370388027537,1388,True,8255
2025-10-20,raw_reversal,-0.06502109923987939,1387,True,8256
2025-10-20,univariate_reversal_ridge,-0.06502109923987939,1387,True,8256
2025-10-21,raw_reversal,0.07297967360252543,1391,True,8257
2025-10-21,univariate_reversal_ridge,0.07297967360252543,1391,True,8257
2025-10-22,raw_reversal,0.08316073275367078,1386,True,8258
2025-10-22,univariate_reversal_ridge,0.08316073275367078,1386,True,8258
2025-10-23,raw_reversal,-0.04719179835015343,1389,True,8259
2025-10-23,univariate_reversal_ridge,-0.04719179835015343,1389,True,8259
2025-10-24,raw_reversal,-0.02574147235580837,1385,True,8260
2025-10-24,univariate_reversal_ridge,-0.02574147235580837,1385,True,8260
2025-10-27,raw_reversal,0.036351031444624086,1387,True,8261
2025-10-27,univariate_reversal_ridge,0.036351031444624086,1387,True,8261
2025-10-28,raw_reversal,0.016050336356344064,1379,True,8262
2025-10-28,univariate_reversal_ridge,0.016050336356344064,1379,True,8262
2025-10-29,raw_reversal,-0.021254446584205847,1385,True,8263
2025-10-29,univariate_reversal_ridge,-0.021254446584205847,1385,True,8263
2025-10-30,raw_reversal,-0.06651298206572002,1382,True,8264
2025-10-30,univariate_reversal_ridge,-0.06651298206572002,1382,True,8264
2025-10-31,raw_reversal,0.03072319892388643,1379,True,8265
2025-10-31,univariate_reversal_ridge,0.03072319892388643,1379,True,8265
2025-11-03,raw_reversal,0.0003610874120116292,1380,True,8266
2025-11-03,univariate_reversal_ridge,0.0003610874120116292,1380,True,8266
2025-11-04,raw_reversal,0.028883149569337865,1386,True,8267
2025-11-04,univariate_reversal_ridge,0.028883149569337865,1386,True,8267
2025-11-05,raw_reversal,0.06913567343881709,1393,True,8268
2025-11-05,univariate_reversal_ridge,0.06913567343881709,1393,True,8268
2025-11-06,raw_reversal,-0.07500756600530249,1393,True,8269
2025-11-06,univariate_reversal_ridge,-0.07500756600530249,1393,True,8269
2025-11-07,raw_reversal,0.08731027174924118,1388,True,8270
2025-11-07,univariate_reversal_ridge,0.08731027174924118,1388,True,8270
2025-11-10,raw_reversal,0.03538412809026095,1381,True,8271
2025-11-10,univariate_reversal_ridge,0.03538412809026095,1381,True,8271
2025-11-11,raw_reversal,-0.11825956336546684,1414,True,8272
2025-11-11,univariate_reversal_ridge,-0.11825956336546684,1414,True,8272
2025-11-12,raw_reversal,0.11369751178171503,1399,True,8273
2025-11-12,univariate_reversal_ridge,0.11369751178171503,1399,True,8273
2025-11-13,raw_reversal,-0.001404711177164647,1388,True,8274
2025-11-13,univariate_reversal_ridge,-0.001404711177164647,1388,True,8274
2025-11-14,raw_reversal,0.11701658075607592,1373,True,8275
2025-11-14,univariate_reversal_ridge,0.11701658075607592,1373,True,8275
2025-11-17,raw_reversal,0.01410097274631289,1382,True,8276
2025-11-17,univariate_reversal_ridge,0.01410097274631289,1382,True,8276
2025-11-18,raw_reversal,-0.0560400156747528,1411,True,8277
2025-11-18,univariate_reversal_ridge,-0.0560400156747528,1411,True,8277
2025-11-19,raw_reversal,-0.043701452085967846,1405,True,8278
2025-11-19,univariate_reversal_ridge,-0.043701452085967846,1405,True,8278
2025-11-20,raw_reversal,0.0394277559638897,1397,True,8279
2025-11-20,univariate_reversal_ridge,0.0394277559638897,1397,True,8279
2025-11-21,raw_reversal,-0.16711790919266697,1405,True,8280
2025-11-21,univariate_reversal_ridge,-0.16711790919266697,1405,True,8280
2025-11-24,raw_reversal,-0.07238153013872854,1414,True,8281
2025-11-24,univariate_reversal_ridge,-0.07238153013872854,1414,True,8281
2025-11-25,raw_reversal,-0.08310387639282577,1425,True,8282
2025-11-25,univariate_reversal_ridge,-0.08310387639282577,1425,True,8282
2025-11-26,raw_reversal,-0.07560628799347642,1435,True,8283
2025-11-26,univariate_reversal_ridge,-0.07560628799347642,1435,True,8283
2025-11-28,raw_reversal,-0.04052022193783389,1401,True,8284
2025-11-28,univariate_reversal_ridge,-0.04052022193783389,1401,True,8284
2025-12-01,raw_reversal,0.05902395992570608,1381,True,8285
2025-12-01,univariate_reversal_ridge,0.05902395992570608,1381,True,8285
2025-12-02,raw_reversal,-0.043813578100466405,1414,True,8286
2025-12-02,univariate_reversal_ridge,-0.043813578100466405,1414,True,8286
2025-12-03,raw_reversal,-0.009681564793848463,1414,True,8287
2025-12-03,univariate_reversal_ridge,-0.009681564793848463,1414,True,8287
2025-12-04,raw_reversal,0.023738163515312605,1411,True,8288
2025-12-04,univariate_reversal_ridge,0.023738163515312605,1411,True,8288
2025-12-05,raw_reversal,-0.05677340130450678,1376,True,8289
2025-12-05,univariate_reversal_ridge,-0.05677340130450678,1376,True,8289
2025-12-08,raw_reversal,-0.014645866160810789,1401,True,8290
2025-12-08,univariate_reversal_ridge,-0.014645866160810789,1401,True,8290
2025-12-09,raw_reversal,-0.035522167050996784,1404,True,8291
2025-12-09,univariate_reversal_ridge,-0.035522167050996784,1404,True,8291
2025-12-10,raw_reversal,-0.07827357538921689,1408,True,8292
2025-12-10,univariate_reversal_ridge,-0.07827357538921689,1408,True,8292
2025-12-11,raw_reversal,-0.009071181798030209,1416,True,8293
2025-12-11,univariate_reversal_ridge,-0.009071181798030209,1416,True,8293
2025-12-12,raw_reversal,0.00929942090676082,1403,True,8294
2025-12-12,univariate_reversal_ridge,0.00929942090676082,1403,True,8294
2025-12-15,raw_reversal,0.028155820980731786,1376,True,8295
2025-12-15,univariate_reversal_ridge,0.028155820980731786,1376,True,8295
2025-12-16,raw_reversal,-0.018212754476633335,1423,True,8296
2025-12-16,univariate_reversal_ridge,-0.018212754476633335,1423,True,8296
2025-12-17,raw_reversal,0.06464935848348394,1421,True,8297
2025-12-17,univariate_reversal_ridge,0.06464935848348394,1421,True,8297
2025-12-18,raw_reversal,-0.028319022904572028,1427,True,8298
2025-12-18,univariate_reversal_ridge,-0.028319022904572028,1427,True,8298
2025-12-19,raw_reversal,0.10850859354436779,1457,True,8299
2025-12-19,univariate_reversal_ridge,0.10850859354436779,1457,True,8299
2025-12-22,raw_reversal,-0.030773910422644796,1454,True,8300
2025-12-22,univariate_reversal_ridge,-0.030773910422644796,1454,True,8300
2025-12-23,raw_reversal,,0,True,8301
2025-12-23,univariate_reversal_ridge,,0,True,8301
2025-12-24,raw_reversal,,0,True,8302
2025-12-24,univariate_reversal_ridge,,0,True,8302
2025-12-26,raw_reversal,,0,True,8303
2025-12-26,univariate_reversal_ridge,,0,True,8303
2025-12-29,raw_reversal,,0,True,8304
2025-12-29,univariate_reversal_ridge,,0,True,8304
2025-12-30,raw_reversal,,0,True,8305
2025-12-30,univariate_reversal_ridge,,0,True,8305
2025-12-31,raw_reversal,,0,True,8306
2025-12-31,univariate_reversal_ridge,,0,True,8306
